{"rodada_id": 2, "page": {"atual": "9", "total": "40"}, "atleta": [{"status": "Contundido", "foto": "http://s.glbimg.com/es/sde/f/2014/08/14/0130b9f2aaa9805f39353233c0a9bf46_FORMATO.jpeg", "clube": {"nome": "palmeiras", "escudo_pequeno": "http://s.glbimg.com/es/sde/f/equipes/2013/12/16/palmeiras_30x30.png", "id": 275, "mercado": 1, "abreviacao": "pal", "slug": "palmeiras"}, "status_id": 5, "media": "0.00", "pontos": "0.00", "apelido": "Cristaldo", "scout": [], "preco": "10.00", "posicao": {"abreviacao": "ATA", "id": 5, "nome": "Atacante"}, "partida_clube_visitante": {"nome": "palmeiras", "escudo_pequeno": "http://s.glbimg.com/es/sde/f/equipes/2013/12/16/palmeiras_30x30.png", "id": 275, "mercado": 1, "abreviacao": "pal", "slug": "palmeiras"}, "partida_data": "17/05/2015", "partida_clube_casa": {"nome": "joinville", "escudo_pequeno": "http://s.glbimg.com/es/sde/f/organizacoes/2015/01/08/Joinville30.png", "id": 317, "mercado": 1, "abreviacao": "jec", "slug": "joinville"}, "jogos": 0, "variacao": "0.00", "id": 87420}, {"status": "Contundido", "foto": "http://s.glbimg.com/es/sde/f/2011/08/10/e321416d30cd2e9e13698424269a48e6_FORMATO.jpeg", "clube": {"nome": "figueirense", "escudo_pequeno": "http://s.glbimg.com/es/sde/f/equipes/2013/12/16/figueirense_30x30.png", "id": 316, "mercado": 1, "abreviacao": "fig", "slug": "figueirense"}, "status_id": 5, "media": "0.00", "pontos": "0.00", "apelido": "Juninho", "scout": [], "preco": "10.00", "posicao": {"abreviacao": "MEI", "id": 4, "nome": "Meia"}, "partida_clube_visitante": {"nome": "vasco", "escudo_pequeno": "http://s.glbimg.com/es/sde/f/equipes/2013/12/16/vasco_30x30.png", "id": 267, "mercado": 1, "abreviacao": "vas", "slug": "vasco"}, "partida_data": "17/05/2015", "partida_clube_casa": {"nome": "figueirense", "escudo_pequeno": "http://s.glbimg.com/es/sde/f/equipes/2013/12/16/figueirense_30x30.png", "id": 316, "mercado": 1, "abreviacao": "fig", "slug": "figueirense"}, "jogos": 0, "variacao": "0.00", "id": 63119}, {"status": "Contundido", "foto": "http://s.glbimg.com/es/sde/f/2015/01/15/6a454db32cbe7cad7185c8d765df91e3_FORMATO.png", "clube": {"nome": "cruzeiro", "escudo_pequeno": "http://s.glbimg.com/es/sde/f/equipes/2015/04/29/cruzeiro_30.png", "id": 283, "mercado": 1, "abreviacao": "cru", "slug": "cruzeiro"}, "status_id": 5, "media": "0.00", "pontos": "0.00", "apelido": "J\u00falio Baptista", "scout": [], "preco": "10.00", "posicao": {"abreviacao": "MEI", "id": 4, "nome": "Meia"}, "partida_clube_visitante": {"nome": "cruzeiro", "escudo_pequeno": "http://s.glbimg.com/es/sde/f/equipes/2015/04/29/cruzeiro_30.png", "id": 283, "mercado": 1, "abreviacao": "cru", "slug": "cruzeiro"}, "partida_data": "17/05/2015", "partida_clube_casa": {"nome": "santos", "escudo_pequeno": "http://s.glbimg.com/es/sde/f/equipes/2013/12/16/santos_30x30.png", "id": 277, "mercado": 1, "abreviacao": "san", "slug": "santos"}, "jogos": 0, "variacao": "0.00", "id": 38921}, {"status": "Contundido", "foto": "http://s.glbimg.com/es/sde/f/2012/09/13/e7b1a1af8091fc2cb9fd3f310e377ec3_FORMATO.jpeg", "clube": {"nome": "goi\u00e1s", "escudo_pequeno": "http://s.glbimg.com/es/sde/f/equipes/2013/12/16/goias_30x30.png", "id": 290, "mercado": 1, "abreviacao": "goi", "slug": "goias"}, "status_id": 5, "media": "0.00", "pontos": "0.00", "apelido": "David", "scout": [], "preco": "10.00", "posicao": {"abreviacao": "MEI", "id": 4, "nome": "Meia"}, "partida_clube_visitante": {"nome": "atl\u00e9tico-pr", "escudo_pequeno": "http://s.glbimg.com/es/sde/f/equipes/2013/12/16/atletico_pr_30x30.png", "id": 293, "mercado": 1, "abreviacao": "atl", "slug": "atletico-pr"}, "partida_data": "16/05/2015", "partida_clube_casa": {"nome": "goi\u00e1s", "escudo_pequeno": "http://s.glbimg.com/es/sde/f/equipes/2013/12/16/goias_30x30.png", "id": 290, "mercado": 1, "abreviacao": "goi", "slug": "goias"}, "jogos": 0, "variacao": "0.00", "id": 38695}, {"status": "Nulo", "foto": "http://s.glbimg.com/es/sde/f/2014/01/15/c1a7fe6f157969d818c83894c1167303_FORMATO.jpeg", "clube": {"nome": "santos", "escudo_pequeno": "http://s.glbimg.com/es/sde/f/equipes/2013/12/16/santos_30x30.png", "id": 277, "mercado": 1, "abreviacao": "san", "slug": "santos"}, "status_id": 6, "media": "0.00", "pontos": "0.00", "apelido": "Marquinhos Gabriel", "scout": [], "preco": "10.00", "posicao": {"abreviacao": "MEI", "id": 4, "nome": "Meia"}, "partida_clube_visitante": {"nome": "cruzeiro", "escudo_pequeno": "http://s.glbimg.com/es/sde/f/equipes/2015/04/29/cruzeiro_30.png", "id": 283, "mercado": 1, "abreviacao": "cru", "slug": "cruzeiro"}, "partida_data": "17/05/2015", "partida_clube_casa": {"nome": "santos", "escudo_pequeno": "http://s.glbimg.com/es/sde/f/equipes/2013/12/16/santos_30x30.png", "id": 277, "mercado": 1, "abreviacao": "san", "slug": "santos"}, "jogos": 0, "variacao": "0.00", "id": 68954}, {"status": "Prov\u00e1vel", "foto": "http://s.glbimg.com/es/sde/f/2015/01/15/ae61771ff3ffef83fa081542425d414a_FORMATO.jpeg", "clube": {"nome": "s\u00e3o paulo", "escudo_pequeno": "http://s.glbimg.com/es/sde/f/equipes/2013/12/16/sao_paulo_30x30.png", "id": 276, "mercado": 1, "abreviacao": "sao", "slug": "sao-paulo"}, "status_id": 7, "media": "0.00", "pontos": "0.00", "apelido": "Carlinhos", "scout": [], "preco": "10.00", "posicao": {"abreviacao": "LAT", "id": 2, "nome": "Lateral"}, "partida_clube_visitante": {"nome": "s\u00e3o paulo", "escudo_pequeno": "http://s.glbimg.com/es/sde/f/equipes/2013/12/16/sao_paulo_30x30.png", "id": 276, "mercado": 1, "abreviacao": "sao", "slug": "sao-paulo"}, "partida_data": "17/05/2015", "partida_clube_casa": {"nome": "ponte preta", "escudo_pequeno": "http://s.glbimg.com/es/sde/f/equipes/2013/12/16/ponte_preta_30x30.png", "id": 303, "mercado": 1, "abreviacao": "pon", "slug": "ponte-preta"}, "jogos": 0, "variacao": "0.00", "id": 38451}, {"status": "Contundido", "foto": "http://s.glbimg.com/es/sde/f/2010/11/16/9243d24ad7803da2b6fb00e11a6c8fa7_FORMATO.jpeg", "clube": {"nome": "chapecoense", "escudo_pequeno": "http://s.glbimg.com/es/sde/f/equipes/2015/05/06/chapecoense_30x30.png", "id": 315, "mercado": 1, "abreviacao": "cha", "slug": "chapecoense"}, "status_id": 5, "media": "0.00", "pontos": "0.00", "apelido": "Richarlyson", "scout": [], "preco": "10.00", "posicao": {"abreviacao": "MEI", "id": 4, "nome": "Meia"}, "partida_clube_visitante": {"nome": "chapecoense", "escudo_pequeno": "http://s.glbimg.com/es/sde/f/equipes/2015/05/06/chapecoense_30x30.png", "id": 315, "mercado": 1, "abreviacao": "cha", "slug": "chapecoense"}, "partida_data": "16/05/2015", "partida_clube_casa": {"nome": "corinthians", "escudo_pequeno": "http://s.glbimg.com/es/sde/f/equipes/2013/12/16/corinthians_30x30.png", "id": 264, "mercado": 1, "abreviacao": "cor", "slug": "corinthians"}, "jogos": 0, "variacao": "0.00", "id": 38069}, {"status": "Nulo", "foto": "http://s.glbimg.com/es/sde/f/2011/10/04/d67b1cb1586ffb163ea354afbf42eeb4_FORMATO.jpeg", "clube": {"nome": "joinville", "escudo_pequeno": "http://s.glbimg.com/es/sde/f/organizacoes/2015/01/08/Joinville30.png", "id": 317, "mercado": 1, "abreviacao": "jec", "slug": "joinville"}, "status_id": 6, "media": "0.00", "pontos": "0.00", "apelido": "Marcelinho Para\u00edba", "scout": [], "preco": "10.00", "posicao": {"abreviacao": "MEI", "id": 4, "nome": "Meia"}, "partida_clube_visitante": {"nome": "palmeiras", "escudo_pequeno": "http://s.glbimg.com/es/sde/f/equipes/2013/12/16/palmeiras_30x30.png", "id": 275, "mercado": 1, "abreviacao": "pal", "slug": "palmeiras"}, "partida_data": "17/05/2015", "partida_clube_casa": {"nome": "joinville", "escudo_pequeno": "http://s.glbimg.com/es/sde/f/organizacoes/2015/01/08/Joinville30.png", "id": 317, "mercado": 1, "abreviacao": "jec", "slug": "joinville"}, "jogos": 0, "variacao": "0.00", "id": 41859}, {"status": "Nulo", "foto": "http://s.glbimg.com/es/sde/f/2015/01/15/3dd3dd6f2d02bdb2872a79ce6b72325e_FORMATO.jpeg", "clube": {"nome": "figueirense", "escudo_pequeno": "http://s.glbimg.com/es/sde/f/equipes/2013/12/16/figueirense_30x30.png", "id": 316, "mercado": 1, "abreviacao": "fig", "slug": "figueirense"}, "status_id": 6, "media": "0.00", "pontos": "0.00", "apelido": "Felipe", "scout": [], "preco": "10.00", "posicao": {"abreviacao": "GOL", "id": 1, "nome": "Goleiro"}, "partida_clube_visitante": {"nome": "vasco", "escudo_pequeno": "http://s.glbimg.com/es/sde/f/equipes/2013/12/16/vasco_30x30.png", "id": 267, "mercado": 1, "abreviacao": "vas", "slug": "vasco"}, "partida_data": "17/05/2015", "partida_clube_casa": {"nome": "figueirense", "escudo_pequeno": "http://s.glbimg.com/es/sde/f/equipes/2013/12/16/figueirense_30x30.png", "id": 316, "mercado": 1, "abreviacao": "fig", "slug": "figueirense"}, "jogos": 0, "variacao": "0.00", "id": 37958}, {"status": "Nulo", "foto": "http://s.glbimg.com/es/sde/f/2015/01/19/b1d587126e6951033b1c2d89a9e2c90e_FORMATO.jpeg", "clube": {"nome": "atl\u00e9tico-mg", "escudo_pequeno": "http://s.glbimg.com/es/sde/f/equipes/2013/12/16/atletico_mg_30x30.png", "id": 282, "mercado": 1, "abreviacao": "atl", "slug": "atletico-mg"}, "status_id": 6, "media": "1.60", "pontos": "1.60", "apelido": "Carlos", "scout": [{"quantidade": 1, "nome": "FS"}, {"quantidade": 2, "nome": "PE"}, {"quantidade": 1, "nome": "RB"}, {"quantidade": 2, "nome": "FC"}, {"quantidade": 1, "nome": "FD"}], "preco": "9.97", "posicao": {"abreviacao": "ATA", "id": 5, "nome": "Atacante"}, "partida_clube_visitante": {"nome": "fluminense", "escudo_pequeno": "http://s.glbimg.com/es/sde/f/equipes/2015/05/05/fluminense-escudo-30x30.png", "id": 266, "mercado": 1, "abreviacao": "flu", "slug": "fluminense"}, "partida_data": "17/05/2015", "partida_clube_casa": {"nome": "atl\u00e9tico-mg", "escudo_pequeno": "http://s.glbimg.com/es/sde/f/equipes/2013/12/16/atletico_mg_30x30.png", "id": 282, "mercado": 1, "abreviacao": "atl", "slug": "atletico-mg"}, "jogos": 1, "variacao": "-1.03", "id": 85027}, {"status": "Prov\u00e1vel", "foto": "http://s.glbimg.com/es/sde/f/2010/11/19/fb04069f578db154f9cbea6066140e3d_FORMATO.jpeg", "clube": {"nome": "ponte preta", "escudo_pequeno": "http://s.glbimg.com/es/sde/f/equipes/2013/12/16/ponte_preta_30x30.png", "id": 303, "mercado": 1, "abreviacao": "pon", "slug": "ponte-preta"}, "status_id": 7, "media": "8.60", "pontos": "8.60", "apelido": "Gilson", "scout": [{"quantidade": 1, "nome": "FS"}, {"quantidade": 3, "nome": "PE"}, {"quantidade": 5, "nome": "RB"}, {"quantidade": 1, "nome": "FC"}, {"quantidade": 1, "nome": "FD"}], "preco": "9.97", "posicao": {"abreviacao": "LAT", "id": 2, "nome": "Lateral"}, "partida_clube_visitante": {"nome": "s\u00e3o paulo", "escudo_pequeno": "http://s.glbimg.com/es/sde/f/equipes/2013/12/16/sao_paulo_30x30.png", "id": 276, "mercado": 1, "abreviacao": "sao", "slug": "sao-paulo"}, "partida_data": "17/05/2015", "partida_clube_casa": {"nome": "ponte preta", "escudo_pequeno": "http://s.glbimg.com/es/sde/f/equipes/2013/12/16/ponte_preta_30x30.png", "id": 303, "mercado": 1, "abreviacao": "pon", "slug": "ponte-preta"}, "jogos": 1, "variacao": "5.97", "id": 52674}, {"status": "Nulo", "foto": "http://s.glbimg.com/es/sde/f/2015/01/15/d313865896b0e6bff59cea5b31feee15_FORMATO.jpeg", "clube": {"nome": "internacional", "escudo_pequeno": "http://s.glbimg.com/es/sde/f/equipes/2014/04/14/internacional_30x30.png", "id": 285, "mercado": 1, "abreviacao": "int", "slug": "internacional"}, "status_id": 6, "media": "2.50", "pontos": "2.50", "apelido": "Valdivia", "scout": [{"quantidade": 1, "nome": "FS"}, {"quantidade": 2, "nome": "FD"}], "preco": "9.89", "posicao": {"abreviacao": "MEI", "id": 4, "nome": "Meia"}, "partida_clube_visitante": {"nome": "ava\u00ed", "escudo_pequeno": "http://s.glbimg.com/es/sde/f/equipes/2013/12/16/avai_30x30.png", "id": 314, "mercado": 1, "abreviacao": "ava", "slug": "avai"}, "partida_data": "17/05/2015", "partida_clube_casa": {"nome": "internacional", "escudo_pequeno": "http://s.glbimg.com/es/sde/f/equipes/2014/04/14/internacional_30x30.png", "id": 285, "mercado": 1, "abreviacao": "int", "slug": "internacional"}, "jogos": 1, "variacao": "-0.11", "id": 85423}, {"status": "Nulo", "foto": "http://s.glbimg.com/es/sde/f/2015/01/19/cd038e8d015c5118f8356c1c61835271_FORMATO.jpeg", "clube": {"nome": "santos", "escudo_pequeno": "http://s.glbimg.com/es/sde/f/equipes/2013/12/16/santos_30x30.png", "id": 277, "mercado": 1, "abreviacao": "san", "slug": "santos"}, "status_id": 6, "media": "0.50", "pontos": "0.50", "apelido": "Gabriel", "scout": [{"quantidade": 1, "nome": "FS"}], "preco": "9.89", "posicao": {"abreviacao": "ATA", "id": 5, "nome": "Atacante"}, "partida_clube_visitante": {"nome": "cruzeiro", "escudo_pequeno": "http://s.glbimg.com/es/sde/f/equipes/2015/04/29/cruzeiro_30.png", "id": 283, "mercado": 1, "abreviacao": "cru", "slug": "cruzeiro"}, "partida_data": "17/05/2015", "partida_clube_casa": {"nome": "santos", "escudo_pequeno": "http://s.glbimg.com/es/sde/f/equipes/2013/12/16/santos_30x30.png", "id": 277, "mercado": 1, "abreviacao": "san", "slug": "santos"}, "jogos": 1, "variacao": "-2.11", "id": 83257}, {"status": "Prov\u00e1vel", "foto": "http://s.glbimg.com/es/sde/f/2014/12/22/36e2e8a7e1fb585f2cc2996360adbda2_FORMATO.jpeg", "clube": {"nome": "internacional", "escudo_pequeno": "http://s.glbimg.com/es/sde/f/equipes/2014/04/14/internacional_30x30.png", "id": 285, "mercado": 1, "abreviacao": "int", "slug": "internacional"}, "status_id": 7, "media": "0.43", "pontos": "0.43", "apelido": "Diego Aguirre", "scout": [], "preco": "9.83", "posicao": {"abreviacao": "TEC", "id": 6, "nome": "T\u00e9cnico"}, "partida_clube_visitante": {"nome": "ava\u00ed", "escudo_pequeno": "http://s.glbimg.com/es/sde/f/equipes/2013/12/16/avai_30x30.png", "id": 314, "mercado": 1, "abreviacao": "ava", "slug": "avai"}, "partida_data": "17/05/2015", "partida_clube_casa": {"nome": "internacional", "escudo_pequeno": "http://s.glbimg.com/es/sde/f/equipes/2014/04/14/internacional_30x30.png", "id": 285, "mercado": 1, "abreviacao": "int", "slug": "internacional"}, "jogos": 1, "variacao": "-2.17", "id": 73766}, {"status": "Prov\u00e1vel", "foto": "http://s.glbimg.com/es/sde/f/2013/04/24/fc8a9420f64a1921e0a3f66203039af8_FORMATO.jpeg", "clube": {"nome": "joinville", "escudo_pequeno": "http://s.glbimg.com/es/sde/f/organizacoes/2015/01/08/Joinville30.png", "id": 317, "mercado": 1, "abreviacao": "jec", "slug": "joinville"}, "status_id": 7, "media": "1.40", "pontos": "1.40", "apelido": "Sueliton", "scout": [{"quantidade": 1, "nome": "FS"}, {"quantidade": 1, "nome": "PE"}, {"quantidade": 1, "nome": "RB"}, {"quantidade": 1, "nome": "FC"}], "preco": "9.81", "posicao": {"abreviacao": "LAT", "id": 2, "nome": "Lateral"}, "partida_clube_visitante": {"nome": "palmeiras", "escudo_pequeno": "http://s.glbimg.com/es/sde/f/equipes/2013/12/16/palmeiras_30x30.png", "id": 275, "mercado": 1, "abreviacao": "pal", "slug": "palmeiras"}, "partida_data": "17/05/2015", "partida_clube_casa": {"nome": "joinville", "escudo_pequeno": "http://s.glbimg.com/es/sde/f/organizacoes/2015/01/08/Joinville30.png", "id": 317, "mercado": 1, "abreviacao": "jec", "slug": "joinville"}, "jogos": 1, "variacao": "-1.19", "id": 72023}, {"status": "Prov\u00e1vel", "foto": "http://s.glbimg.com/es/sde/f/2012/09/18/802b35f65a24ac0fdd173a59e29a9e80_FORMATO.jpeg", "clube": {"nome": "joinville", "escudo_pequeno": "http://s.glbimg.com/es/sde/f/organizacoes/2015/01/08/Joinville30.png", "id": 317, "mercado": 1, "abreviacao": "jec", "slug": "joinville"}, "status_id": 7, "media": "2.40", "pontos": "2.40", "apelido": "Marcelo Costa", "scout": [{"quantidade": 1, "nome": "FS"}, {"quantidade": 1, "nome": "RB"}, {"quantidade": 1, "nome": "FC"}, {"quantidade": 1, "nome": "FF"}], "preco": "9.81", "posicao": {"abreviacao": "MEI", "id": 4, "nome": "Meia"}, "partida_clube_visitante": {"nome": "palmeiras", "escudo_pequeno": "http://s.glbimg.com/es/sde/f/equipes/2013/12/16/palmeiras_30x30.png", "id": 275, "mercado": 1, "abreviacao": "pal", "slug": "palmeiras"}, "partida_data": "17/05/2015", "partida_clube_casa": {"nome": "joinville", "escudo_pequeno": "http://s.glbimg.com/es/sde/f/organizacoes/2015/01/08/Joinville30.png", "id": 317, "mercado": 1, "abreviacao": "jec", "slug": "joinville"}, "jogos": 1, "variacao": "-0.19", "id": 37781}, {"status": "Prov\u00e1vel", "foto": "http://s.glbimg.com/es/sde/f/2014/03/13/f02068cb29590ab05abbfb7acd2a2fd8_FORMATO.jpeg", "clube": {"nome": "sport", "escudo_pequeno": "http://s.glbimg.com/es/sde/f/equipes/2014/09/15/sport_30x30.png", "id": 292, "mercado": 1, "abreviacao": "spo", "slug": "sport"}, "status_id": 7, "media": "4.40", "pontos": "4.40", "apelido": "Joelinton", "scout": [{"quantidade": 1, "nome": "FS"}, {"quantidade": 1, "nome": "PE"}, {"quantidade": 1, "nome": "RB"}, {"quantidade": 1, "nome": "FC"}, {"quantidade": 3, "nome": "FD"}], "preco": "9.81", "posicao": {"abreviacao": "ATA", "id": 5, "nome": "Atacante"}, "partida_clube_visitante": {"nome": "sport", "escudo_pequeno": "http://s.glbimg.com/es/sde/f/equipes/2014/09/15/sport_30x30.png", "id": 292, "mercado": 1, "abreviacao": "spo", "slug": "sport"}, "partida_data": "17/05/2015", "partida_clube_casa": {"nome": "flamengo", "escudo_pequeno": "http://s.glbimg.com/es/sde/f/equipes/2013/12/16/flamengo_30x30.png", "id": 262, "mercado": 1, "abreviacao": "fla", "slug": "flamengo"}, "jogos": 1, "variacao": "1.81", "id": 87741}, {"status": "Prov\u00e1vel", "foto": "http://s.glbimg.com/es/sde/f/2010/11/16/b6a79bca9f76b494eb3e2ab131cdd7ed_FORMATO.jpeg", "clube": {"nome": "internacional", "escudo_pequeno": "http://s.glbimg.com/es/sde/f/equipes/2014/04/14/internacional_30x30.png", "id": 285, "mercado": 1, "abreviacao": "int", "slug": "internacional"}, "status_id": 7, "media": "-0.60", "pontos": "-0.60", "apelido": "R\u00e9ver", "scout": [{"quantidade": 2, "nome": "PE"}], "preco": "9.81", "posicao": {"abreviacao": "ZAG", "id": 3, "nome": "Zagueiro"}, "partida_clube_visitante": {"nome": "ava\u00ed", "escudo_pequeno": "http://s.glbimg.com/es/sde/f/equipes/2013/12/16/avai_30x30.png", "id": 314, "mercado": 1, "abreviacao": "ava", "slug": "avai"}, "partida_data": "17/05/2015", "partida_clube_casa": {"nome": "internacional", "escudo_pequeno": "http://s.glbimg.com/es/sde/f/equipes/2014/04/14/internacional_30x30.png", "id": 285, "mercado": 1, "abreviacao": "int", "slug": "internacional"}, "jogos": 1, "variacao": "-3.19", "id": 52253}, {"status": "Prov\u00e1vel", "foto": "http://s.glbimg.com/es/sde/f/2015/01/30/854f523778fdef6b6e39758a3c691083_FORMATO.png", "clube": {"nome": "ponte preta", "escudo_pequeno": "http://s.glbimg.com/es/sde/f/equipes/2013/12/16/ponte_preta_30x30.png", "id": 303, "mercado": 1, "abreviacao": "pon", "slug": "ponte-preta"}, "status_id": 7, "media": "9.20", "pontos": "9.20", "apelido": "Diego Oliveira", "scout": [{"quantidade": 1, "nome": "FS"}, {"quantidade": 1, "nome": "G"}, {"quantidade": 1, "nome": "RB"}, {"quantidade": 2, "nome": "FC"}], "preco": "9.65", "posicao": {"abreviacao": "ATA", "id": 5, "nome": "Atacante"}, "partida_clube_visitante": {"nome": "s\u00e3o paulo", "escudo_pequeno": "http://s.glbimg.com/es/sde/f/equipes/2013/12/16/sao_paulo_30x30.png", "id": 276, "mercado": 1, "abreviacao": "sao", "slug": "sao-paulo"}, "partida_data": "17/05/2015", "partida_clube_casa": {"nome": "ponte preta", "escudo_pequeno": "http://s.glbimg.com/es/sde/f/equipes/2013/12/16/ponte_preta_30x30.png", "id": 303, "mercado": 1, "abreviacao": "pon", "slug": "ponte-preta"}, "jogos": 1, "variacao": "6.65", "id": 72204}, {"status": "Prov\u00e1vel", "foto": "http://s.glbimg.com/es/sde/f/2011/12/05/e6bc3aecb57a4d685e9fcc0d5bed4ee9_FORMATO.jpeg", "clube": {"nome": "palmeiras", "escudo_pequeno": "http://s.glbimg.com/es/sde/f/equipes/2013/12/16/palmeiras_30x30.png", "id": 275, "mercado": 1, "abreviacao": "pal", "slug": "palmeiras"}, "status_id": 7, "media": "3.17", "pontos": "3.17", "apelido": "Oswaldo De Oliveira", "scout": [], "preco": "9.63", "posicao": {"abreviacao": "TEC", "id": 6, "nome": "T\u00e9cnico"}, "partida_clube_visitante": {"nome": "palmeiras", "escudo_pequeno": "http://s.glbimg.com/es/sde/f/equipes/2013/12/16/palmeiras_30x30.png", "id": 275, "mercado": 1, "abreviacao": "pal", "slug": "palmeiras"}, "partida_data": "17/05/2015", "partida_clube_casa": {"nome": "joinville", "escudo_pequeno": "http://s.glbimg.com/es/sde/f/organizacoes/2015/01/08/Joinville30.png", "id": 317, "mercado": 1, "abreviacao": "jec", "slug": "joinville"}, "jogos": 1, "variacao": "0.63", "id": 36940}]}