{"rodada_id": 17, "page": {"atual": "12", "total": "42"}, "atleta": [{"status": "Prov\u00e1vel", "foto": "http://s.glbimg.com/es/sde/f/2015/01/15/6933c33dcc7a49494150522628b10abc_FORMATO.jpeg", "clube": {"mercado": 1, "slug": "cruzeiro", "abreviacao": "cru", "id": 283, "nome": "cruzeiro"}, "status_id": 7, "jogos": 8, "scout": [{"quantidade": 2, "nome": "SG"}, {"quantidade": 15, "nome": "FS"}, {"quantidade": 30, "nome": "PE"}, {"quantidade": 2, "nome": "I"}, {"quantidade": 9, "nome": "RB"}, {"quantidade": 14, "nome": "FC"}, {"quantidade": 3, "nome": "CA"}, {"quantidade": 3, "nome": "FD"}], "preco": "8.09", "partida_data": "09/08/2015", "variacao": "0.00", "id": 49674, "media": "1.60", "pontos": "0.00", "apelido": "Fabr\u00edcio", "posicao": {"abreviacao": "LAT", "id": 2, "nome": "Lateral"}, "partida_clube_visitante": {"mercado": 1, "slug": "palmeiras", "abreviacao": "pal", "id": 275, "nome": "palmeiras"}, "partida_clube_casa": {"mercado": 1, "slug": "cruzeiro", "abreviacao": "cru", "id": 283, "nome": "cruzeiro"}}, {"status": "Prov\u00e1vel", "foto": "http://s.glbimg.com/es/sde/f/2012/01/11/2f1ae4c9c01cf84db670261cfa957a55_FORMATO.jpeg", "clube": {"mercado": 1, "slug": "sport", "abreviacao": "spo", "id": 292, "nome": "sport"}, "status_id": 7, "jogos": 15, "scout": [{"quantidade": 6, "nome": "SG"}, {"quantidade": 14, "nome": "FS"}, {"quantidade": 65, "nome": "PE"}, {"quantidade": 3, "nome": "A"}, {"quantidade": 33, "nome": "RB"}, {"quantidade": 20, "nome": "FC"}, {"quantidade": 1, "nome": "GC"}, {"quantidade": 4, "nome": "CA"}, {"quantidade": 1, "nome": "FF"}, {"quantidade": 2, "nome": "FD"}], "preco": "8.05", "partida_data": "09/08/2015", "variacao": "-0.10", "id": 78445, "media": "4.49", "pontos": "5.40", "apelido": "Ren\u00ea", "posicao": {"abreviacao": "LAT", "id": 2, "nome": "Lateral"}, "partida_clube_visitante": {"mercado": 1, "slug": "sport", "abreviacao": "spo", "id": 292, "nome": "sport"}, "partida_clube_casa": {"mercado": 1, "slug": "atletico-pr", "abreviacao": "atl", "id": 293, "nome": "atl\u00e9tico-pr"}}, {"status": "Prov\u00e1vel", "foto": "http://s.glbimg.com/es/sde/f/2012/05/22/ee71acb811899b46733e2e2c8055cb90_FORMATO.jpeg", "clube": {"mercado": 1, "slug": "figueirense", "abreviacao": "fig", "id": 316, "nome": "figueirense"}, "status_id": 7, "jogos": 15, "scout": [], "preco": "8.04", "partida_data": "09/08/2015", "variacao": "0.54", "id": 73317, "media": "3.08", "pontos": "4.88", "apelido": "Argel Fucks", "posicao": {"abreviacao": "TEC", "id": 6, "nome": "T\u00e9cnico"}, "partida_clube_visitante": {"mercado": 1, "slug": "figueirense", "abreviacao": "fig", "id": 316, "nome": "figueirense"}, "partida_clube_casa": {"mercado": 1, "slug": "chapecoense", "abreviacao": "cha", "id": 315, "nome": "chapecoense"}}, {"status": "Contundido", "foto": "http://s.glbimg.com/es/sde/f/2015/07/22/9d234797b895cc1b361b3ea6c0ca915f_FORMATO.jpeg", "clube": {"mercado": 1, "slug": "gremio", "abreviacao": "gre", "id": 284, "nome": "gr\u00eamio"}, "status_id": 5, "jogos": 0, "scout": [], "preco": "8.00", "partida_data": "09/08/2015", "variacao": "0.00", "id": 78715, "media": "0.00", "pontos": "0.00", "apelido": "Ramiro", "posicao": {"abreviacao": "MEI", "id": 4, "nome": "Meia"}, "partida_clube_visitante": {"mercado": 1, "slug": "internacional", "abreviacao": "int", "id": 285, "nome": "internacional"}, "partida_clube_casa": {"mercado": 1, "slug": "gremio", "abreviacao": "gre", "id": 284, "nome": "gr\u00eamio"}}, {"status": "Nulo", "foto": "http://s.glbimg.com/es/sde/f/2011/08/14/72f0cad7fcc31c2caccd21ee1d42fb38_FORMATO.jpeg", "clube": {"mercado": 1, "slug": "internacional", "abreviacao": "int", "id": 285, "nome": "internacional"}, "status_id": 6, "jogos": 0, "scout": [], "preco": "8.00", "partida_data": "09/08/2015", "variacao": "0.00", "id": 63354, "media": "0.00", "pontos": "0.00", "apelido": "Rodrigo Moledo", "posicao": {"abreviacao": "ZAG", "id": 3, "nome": "Zagueiro"}, "partida_clube_visitante": {"mercado": 1, "slug": "internacional", "abreviacao": "int", "id": 285, "nome": "internacional"}, "partida_clube_casa": {"mercado": 1, "slug": "gremio", "abreviacao": "gre", "id": 284, "nome": "gr\u00eamio"}}, {"status": "Nulo", "foto": "http://s.glbimg.com/es/sde/f/2014/12/26/d26f4485dd1e7093ab68423e5cfeeecd_FORMATO.jpeg", "clube": {"mercado": 1, "slug": "cruzeiro", "abreviacao": "cru", "id": 283, "nome": "cruzeiro"}, "status_id": 6, "jogos": 0, "scout": [], "preco": "8.00", "partida_data": "09/08/2015", "variacao": "0.00", "id": 69099, "media": "0.00", "pontos": "0.00", "apelido": "Seymour", "posicao": {"abreviacao": "MEI", "id": 4, "nome": "Meia"}, "partida_clube_visitante": {"mercado": 1, "slug": "palmeiras", "abreviacao": "pal", "id": 275, "nome": "palmeiras"}, "partida_clube_casa": {"mercado": 1, "slug": "cruzeiro", "abreviacao": "cru", "id": 283, "nome": "cruzeiro"}}, {"status": "Contundido", "foto": "http://s.glbimg.com/es/sde/f/2012/06/06/03231c81da317e9bd240573bd74af03d_FORMATO.png", "clube": {"mercado": 1, "slug": "atletico-pr", "abreviacao": "atl", "id": 293, "nome": "atl\u00e9tico-pr"}, "status_id": 5, "jogos": 0, "scout": [], "preco": "8.00", "partida_data": "09/08/2015", "variacao": "0.00", "id": 80281, "media": "0.00", "pontos": "0.00", "apelido": "Cleberson", "posicao": {"abreviacao": "ZAG", "id": 3, "nome": "Zagueiro"}, "partida_clube_visitante": {"mercado": 1, "slug": "sport", "abreviacao": "spo", "id": 292, "nome": "sport"}, "partida_clube_casa": {"mercado": 1, "slug": "atletico-pr", "abreviacao": "atl", "id": 293, "nome": "atl\u00e9tico-pr"}}, {"status": "Contundido", "foto": "http://s.glbimg.com/es/sde/f/2015/01/19/aaa223a132b6a8fbaec91560dd956d84_FORMATO.jpeg", "clube": {"mercado": 1, "slug": "palmeiras", "abreviacao": "pal", "id": 275, "nome": "palmeiras"}, "status_id": 5, "jogos": 0, "scout": [], "preco": "8.00", "partida_data": "09/08/2015", "variacao": "0.00", "id": 84585, "media": "0.00", "pontos": "0.00", "apelido": "Allione", "posicao": {"abreviacao": "MEI", "id": 4, "nome": "Meia"}, "partida_clube_visitante": {"mercado": 1, "slug": "palmeiras", "abreviacao": "pal", "id": 275, "nome": "palmeiras"}, "partida_clube_casa": {"mercado": 1, "slug": "cruzeiro", "abreviacao": "cru", "id": 283, "nome": "cruzeiro"}}, {"status": "Nulo", "foto": "http://s.glbimg.com/es/sde/f/2013/09/26/259f53cb1fdeaef6b025c78449e2969a_FORMATO.jpeg", "clube": {"mercado": 1, "slug": "figueirense", "abreviacao": "fig", "id": 316, "nome": "figueirense"}, "status_id": 6, "jogos": 11, "scout": [{"quantidade": 14, "nome": "FS"}, {"quantidade": 22, "nome": "PE"}, {"quantidade": 2, "nome": "A"}, {"quantidade": 1, "nome": "G"}, {"quantidade": 1, "nome": "I"}, {"quantidade": 13, "nome": "RB"}, {"quantidade": 10, "nome": "FC"}, {"quantidade": 1, "nome": "CA"}, {"quantidade": 2, "nome": "FF"}], "preco": "7.99", "partida_data": "09/08/2015", "variacao": "0.00", "id": 68830, "media": "3.12", "pontos": "0.00", "apelido": "Ricardinho", "posicao": {"abreviacao": "MEI", "id": 4, "nome": "Meia"}, "partida_clube_visitante": {"mercado": 1, "slug": "figueirense", "abreviacao": "fig", "id": 316, "nome": "figueirense"}, "partida_clube_casa": {"mercado": 1, "slug": "chapecoense", "abreviacao": "cha", "id": 315, "nome": "chapecoense"}}, {"status": "Prov\u00e1vel", "foto": "http://s.glbimg.com/es/sde/f/2011/10/06/942984fb95297a6ad232e7be8fbb9a25_FORMATO.jpeg", "clube": {"mercado": 1, "slug": "coritiba", "abreviacao": "cor", "id": 294, "nome": "coritiba"}, "status_id": 7, "jogos": 10, "scout": [], "preco": "7.99", "partida_data": "08/08/2015", "variacao": "0.24", "id": 37246, "media": "3.30", "pontos": "3.55", "apelido": "Ney Franco", "posicao": {"abreviacao": "TEC", "id": 6, "nome": "T\u00e9cnico"}, "partida_clube_visitante": {"mercado": 1, "slug": "coritiba", "abreviacao": "cor", "id": 294, "nome": "coritiba"}, "partida_clube_casa": {"mercado": 1, "slug": "santos", "abreviacao": "san", "id": 277, "nome": "santos"}}, {"status": "Nulo", "foto": "http://s.glbimg.com/es/sde/f/2015/01/15/2ae380be92a2e6ef76c7d9be4572410e_FORMATO.jpeg", "clube": {"mercado": 1, "slug": "internacional", "abreviacao": "int", "id": 285, "nome": "internacional"}, "status_id": 6, "jogos": 3, "scout": [{"quantidade": 1, "nome": "SG"}, {"quantidade": 7, "nome": "FS"}, {"quantidade": 4, "nome": "PE"}, {"quantidade": 5, "nome": "RB"}, {"quantidade": 3, "nome": "FC"}, {"quantidade": 1, "nome": "CV"}], "preco": "7.99", "partida_data": "09/08/2015", "variacao": "0.00", "id": 69177, "media": "3.10", "pontos": "0.00", "apelido": "L\u00e9o", "posicao": {"abreviacao": "LAT", "id": 2, "nome": "Lateral"}, "partida_clube_visitante": {"mercado": 1, "slug": "internacional", "abreviacao": "int", "id": 285, "nome": "internacional"}, "partida_clube_casa": {"mercado": 1, "slug": "gremio", "abreviacao": "gre", "id": 284, "nome": "gr\u00eamio"}}, {"status": "Nulo", "foto": "http://s.glbimg.com/es/sde/f/2015/07/22/cee60da676394b762ec68527b7824a55_FORMATO.png", "clube": {"mercado": 1, "slug": "sport", "abreviacao": "spo", "id": 292, "nome": "sport"}, "status_id": 6, "jogos": 6, "scout": [{"quantidade": 1, "nome": "FS"}, {"quantidade": 2, "nome": "PE"}, {"quantidade": 1, "nome": "A"}, {"quantidade": 1, "nome": "RB"}, {"quantidade": 1, "nome": "FC"}], "preco": "7.98", "partida_data": "09/08/2015", "variacao": "0.00", "id": 84382, "media": "1.02", "pontos": "0.00", "apelido": "Danilo", "posicao": {"abreviacao": "MEI", "id": 4, "nome": "Meia"}, "partida_clube_visitante": {"mercado": 1, "slug": "sport", "abreviacao": "spo", "id": 292, "nome": "sport"}, "partida_clube_casa": {"mercado": 1, "slug": "atletico-pr", "abreviacao": "atl", "id": 293, "nome": "atl\u00e9tico-pr"}}, {"status": "D\u00favida", "foto": "http://s.glbimg.com/es/sde/f/2010/11/12/c7a05763474b38e3d4aa547ec48eba96_FORMATO.jpeg", "clube": {"mercado": 1, "slug": "internacional", "abreviacao": "int", "id": 285, "nome": "internacional"}, "status_id": 2, "jogos": 8, "scout": [{"quantidade": 8, "nome": "FS"}, {"quantidade": 20, "nome": "PE"}, {"quantidade": 1, "nome": "A"}, {"quantidade": 1, "nome": "I"}, {"quantidade": 2, "nome": "RB"}, {"quantidade": 7, "nome": "FC"}, {"quantidade": 5, "nome": "FF"}], "preco": "7.97", "partida_data": "09/08/2015", "variacao": "0.00", "id": 38573, "media": "0.74", "pontos": "0.00", "apelido": "Nilton", "posicao": {"abreviacao": "MEI", "id": 4, "nome": "Meia"}, "partida_clube_visitante": {"mercado": 1, "slug": "internacional", "abreviacao": "int", "id": 285, "nome": "internacional"}, "partida_clube_casa": {"mercado": 1, "slug": "gremio", "abreviacao": "gre", "id": 284, "nome": "gr\u00eamio"}}, {"status": "Prov\u00e1vel", "foto": "http://s.glbimg.com/es/sde/f/2011/08/22/028aad05616c0ba6efb9c47be1678ca2_FORMATO.jpeg", "clube": {"mercado": 1, "slug": "figueirense", "abreviacao": "fig", "id": 316, "nome": "figueirense"}, "status_id": 7, "jogos": 3, "scout": [{"quantidade": 4, "nome": "FS"}, {"quantidade": 5, "nome": "PE"}, {"quantidade": 1, "nome": "G"}, {"quantidade": 3, "nome": "RB"}, {"quantidade": 6, "nome": "FC"}, {"quantidade": 1, "nome": "FD"}], "preco": "7.93", "partida_data": "09/08/2015", "variacao": "2.74", "id": 68987, "media": "3.87", "pontos": "9.70", "apelido": "Jo\u00e3o Vitor", "posicao": {"abreviacao": "MEI", "id": 4, "nome": "Meia"}, "partida_clube_visitante": {"mercado": 1, "slug": "figueirense", "abreviacao": "fig", "id": 316, "nome": "figueirense"}, "partida_clube_casa": {"mercado": 1, "slug": "chapecoense", "abreviacao": "cha", "id": 315, "nome": "chapecoense"}}, {"status": "Nulo", "foto": "http://s.glbimg.com/es/sde/f/2015/07/21/c750358e74595bab29c0f4a5a3e52da7_FORMATO.jpeg", "clube": {"mercado": 1, "slug": "joinville", "abreviacao": "jec", "id": 317, "nome": "joinville"}, "status_id": 6, "jogos": 11, "scout": [{"quantidade": 5, "nome": "FS"}, {"quantidade": 34, "nome": "PE"}, {"quantidade": 1, "nome": "A"}, {"quantidade": 1, "nome": "G"}, {"quantidade": 4, "nome": "I"}, {"quantidade": 10, "nome": "RB"}, {"quantidade": 7, "nome": "FC"}, {"quantidade": 3, "nome": "FF"}, {"quantidade": 4, "nome": "FD"}], "preco": "7.92", "partida_data": "09/08/2015", "variacao": "0.02", "id": 41859, "media": "2.07", "pontos": "1.60", "apelido": "Marcelinho Para\u00edba", "posicao": {"abreviacao": "MEI", "id": 4, "nome": "Meia"}, "partida_clube_visitante": {"mercado": 1, "slug": "joinville", "abreviacao": "jec", "id": 317, "nome": "joinville"}, "partida_clube_casa": {"mercado": 1, "slug": "vasco", "abreviacao": "vas", "id": 267, "nome": "vasco"}}, {"status": "Contundido", "foto": "http://s.glbimg.com/es/sde/f/2011/08/10/00cbfa16608e2b1ef5316c04a6416adf_FORMATO.jpeg", "clube": {"mercado": 1, "slug": "sport", "abreviacao": "spo", "id": 292, "nome": "sport"}, "status_id": 5, "jogos": 9, "scout": [{"quantidade": 7, "nome": "FS"}, {"quantidade": 27, "nome": "PE"}, {"quantidade": 2, "nome": "A"}, {"quantidade": 1, "nome": "FT"}, {"quantidade": 3, "nome": "G"}, {"quantidade": 2, "nome": "I"}, {"quantidade": 5, "nome": "RB"}, {"quantidade": 7, "nome": "FC"}, {"quantidade": 11, "nome": "FF"}, {"quantidade": 6, "nome": "FD"}], "preco": "7.89", "partida_data": "09/08/2015", "variacao": "0.00", "id": 62069, "media": "5.62", "pontos": "0.00", "apelido": "Maikon Leite", "posicao": {"abreviacao": "ATA", "id": 5, "nome": "Atacante"}, "partida_clube_visitante": {"mercado": 1, "slug": "sport", "abreviacao": "spo", "id": 292, "nome": "sport"}, "partida_clube_casa": {"mercado": 1, "slug": "atletico-pr", "abreviacao": "atl", "id": 293, "nome": "atl\u00e9tico-pr"}}, {"status": "Prov\u00e1vel", "foto": "http://s.glbimg.com/es/sde/f/2015/05/07/bef3ce9ba60129dd808c883957fdcbaa_FORMATO.jpeg", "clube": {"mercado": 1, "slug": "ponte-preta", "abreviacao": "pon", "id": 303, "nome": "ponte preta"}, "status_id": 7, "jogos": 9, "scout": [{"quantidade": 2, "nome": "SG"}, {"quantidade": 5, "nome": "FS"}, {"quantidade": 15, "nome": "PE"}, {"quantidade": 1, "nome": "G"}, {"quantidade": 1, "nome": "I"}, {"quantidade": 12, "nome": "RB"}, {"quantidade": 10, "nome": "FC"}, {"quantidade": 3, "nome": "CA"}, {"quantidade": 1, "nome": "FF"}], "preco": "7.84", "partida_data": "09/08/2015", "variacao": "2.25", "id": 68827, "media": "2.84", "pontos": "9.60", "apelido": "Renato Chaves", "posicao": {"abreviacao": "ZAG", "id": 3, "nome": "Zagueiro"}, "partida_clube_visitante": {"mercado": 1, "slug": "flamengo", "abreviacao": "fla", "id": 262, "nome": "flamengo"}, "partida_clube_casa": {"mercado": 1, "slug": "ponte-preta", "abreviacao": "pon", "id": 303, "nome": "ponte preta"}}, {"status": "Contundido", "foto": "http://s.glbimg.com/es/sde/f/2013/05/07/4e2b8998e791409aa7c75b5e430c7a37_FORMATO.jpeg", "clube": {"mercado": 1, "slug": "flamengo", "abreviacao": "fla", "id": 262, "nome": "flamengo"}, "status_id": 5, "jogos": 11, "scout": [{"quantidade": 4, "nome": "FS"}, {"quantidade": 24, "nome": "PE"}, {"quantidade": 1, "nome": "RB"}, {"quantidade": 4, "nome": "FC"}, {"quantidade": 1, "nome": "CA"}, {"quantidade": 4, "nome": "FF"}, {"quantidade": 4, "nome": "FD"}], "preco": "7.83", "partida_data": "09/08/2015", "variacao": "0.00", "id": 78578, "media": "-0.06", "pontos": "0.00", "apelido": "Paulinho", "posicao": {"abreviacao": "ATA", "id": 5, "nome": "Atacante"}, "partida_clube_visitante": {"mercado": 1, "slug": "flamengo", "abreviacao": "fla", "id": 262, "nome": "flamengo"}, "partida_clube_casa": {"mercado": 1, "slug": "ponte-preta", "abreviacao": "pon", "id": 303, "nome": "ponte preta"}}, {"status": "Prov\u00e1vel", "foto": "http://s.glbimg.com/es/sde/f/2015/01/19/754f0b5bed4016ae6e0ca128047d7aaf_FORMATO.jpeg", "clube": {"mercado": 1, "slug": "atletico-mg", "abreviacao": "atl", "id": 282, "nome": "atl\u00e9tico-mg"}, "status_id": 7, "jogos": 14, "scout": [{"quantidade": 17, "nome": "FS"}, {"quantidade": 47, "nome": "PE"}, {"quantidade": 3, "nome": "A"}, {"quantidade": 1, "nome": "FT"}, {"quantidade": 2, "nome": "G"}, {"quantidade": 14, "nome": "RB"}, {"quantidade": 13, "nome": "FC"}, {"quantidade": 1, "nome": "CA"}, {"quantidade": 6, "nome": "FF"}, {"quantidade": 5, "nome": "FD"}], "preco": "7.81", "partida_data": "09/08/2015", "variacao": "0.00", "id": 68938, "media": "3.81", "pontos": "0.00", "apelido": "Giovanni Augusto", "posicao": {"abreviacao": "MEI", "id": 4, "nome": "Meia"}, "partida_clube_visitante": {"mercado": 1, "slug": "atletico-mg", "abreviacao": "atl", "id": 282, "nome": "atl\u00e9tico-mg"}, "partida_clube_casa": {"mercado": 1, "slug": "goias", "abreviacao": "goi", "id": 290, "nome": "goi\u00e1s"}}, {"status": "Contundido", "foto": "http://s.glbimg.com/es/sde/f/2013/01/11/d042bff2a558f5166781029154c2d878_FORMATO.jpeg", "clube": {"mercado": 1, "slug": "atletico-pr", "abreviacao": "atl", "id": 293, "nome": "atl\u00e9tico-pr"}, "status_id": 5, "jogos": 9, "scout": [{"quantidade": 2, "nome": "FS"}, {"quantidade": 16, "nome": "PE"}, {"quantidade": 2, "nome": "G"}, {"quantidade": 7, "nome": "I"}, {"quantidade": 4, "nome": "RB"}, {"quantidade": 7, "nome": "FC"}, {"quantidade": 1, "nome": "CA"}, {"quantidade": 3, "nome": "FF"}, {"quantidade": 5, "nome": "FD"}], "preco": "7.79", "partida_data": "09/08/2015", "variacao": "0.00", "id": 82469, "media": "1.90", "pontos": "0.00", "apelido": "Douglas Coutinho ", "posicao": {"abreviacao": "ATA", "id": 5, "nome": "Atacante"}, "partida_clube_visitante": {"mercado": 1, "slug": "sport", "abreviacao": "spo", "id": 292, "nome": "sport"}, "partida_clube_casa": {"mercado": 1, "slug": "atletico-pr", "abreviacao": "atl", "id": 293, "nome": "atl\u00e9tico-pr"}}]}