{"rodada_id": 17, "page": {"atual": "17", "total": "42"}, "atleta": [{"status": "Prov\u00e1vel", "foto": "http://s.glbimg.com/es/sde/f/2015/07/21/f79518b2117e8ad0854f4304199ab5f7_FORMATO.jpeg", "clube": {"mercado": 1, "slug": "avai", "abreviacao": "ava", "id": 314, "nome": "ava\u00ed"}, "status_id": 7, "jogos": 11, "scout": [{"quantidade": 16, "nome": "FS"}, {"quantidade": 24, "nome": "PE"}, {"quantidade": 2, "nome": "A"}, {"quantidade": 1, "nome": "FT"}, {"quantidade": 3, "nome": "G"}, {"quantidade": 8, "nome": "I"}, {"quantidade": 2, "nome": "RB"}, {"quantidade": 16, "nome": "FC"}, {"quantidade": 4, "nome": "CA"}, {"quantidade": 9, "nome": "FF"}, {"quantidade": 3, "nome": "FD"}], "preco": "6.12", "partida_data": "08/08/2015", "variacao": "0.00", "id": 83335, "media": "2.82", "pontos": "0.00", "apelido": "Anderson Lopes", "posicao": {"abreviacao": "ATA", "id": 5, "nome": "Atacante"}, "partida_clube_visitante": {"mercado": 1, "slug": "fluminense", "abreviacao": "flu", "id": 266, "nome": "fluminense"}, "partida_clube_casa": {"mercado": 1, "slug": "avai", "abreviacao": "ava", "id": 314, "nome": "ava\u00ed"}}, {"status": "Prov\u00e1vel", "foto": "http://s.glbimg.com/es/sde/f/2015/07/22/6692fe57f7633f0ad6e77863ab8c5ca4_FORMATO.jpeg", "clube": {"mercado": 1, "slug": "flamengo", "abreviacao": "fla", "id": 262, "nome": "flamengo"}, "status_id": 7, "jogos": 2, "scout": [{"quantidade": 1, "nome": "SG"}, {"quantidade": 2, "nome": "PE"}, {"quantidade": 2, "nome": "RB"}], "preco": "6.11", "partida_data": "09/08/2015", "variacao": "0.55", "id": 82403, "media": "3.90", "pontos": "3.10", "apelido": "C\u00e9sar Martins", "posicao": {"abreviacao": "ZAG", "id": 3, "nome": "Zagueiro"}, "partida_clube_visitante": {"mercado": 1, "slug": "flamengo", "abreviacao": "fla", "id": 262, "nome": "flamengo"}, "partida_clube_casa": {"mercado": 1, "slug": "ponte-preta", "abreviacao": "pon", "id": 303, "nome": "ponte preta"}}, {"status": "Prov\u00e1vel", "foto": "http://s.glbimg.com/es/sde/f/2015/07/22/3002cff5104e35d53494f04e384d4589_FORMATO.jpeg", "clube": {"mercado": 1, "slug": "ponte-preta", "abreviacao": "pon", "id": 303, "nome": "ponte preta"}, "status_id": 7, "jogos": 16, "scout": [{"quantidade": 26, "nome": "FS"}, {"quantidade": 56, "nome": "PE"}, {"quantidade": 1, "nome": "FT"}, {"quantidade": 2, "nome": "G"}, {"quantidade": 1, "nome": "I"}, {"quantidade": 10, "nome": "RB"}, {"quantidade": 20, "nome": "FC"}, {"quantidade": 2, "nome": "CA"}, {"quantidade": 11, "nome": "FF"}, {"quantidade": 5, "nome": "FD"}], "preco": "6.09", "partida_data": "09/08/2015", "variacao": "-0.24", "id": 60825, "media": "1.94", "pontos": "1.00", "apelido": "Felipe Azevedo", "posicao": {"abreviacao": "ATA", "id": 5, "nome": "Atacante"}, "partida_clube_visitante": {"mercado": 1, "slug": "flamengo", "abreviacao": "fla", "id": 262, "nome": "flamengo"}, "partida_clube_casa": {"mercado": 1, "slug": "ponte-preta", "abreviacao": "pon", "id": 303, "nome": "ponte preta"}}, {"status": "Nulo", "foto": "http://s.glbimg.com/es/sde/f/2015/01/15/62b71b7989fcac2e60e68df58b9f3d78_FORMATO.jpeg", "clube": {"mercado": 1, "slug": "corinthians", "abreviacao": "cor", "id": 264, "nome": "corinthians"}, "status_id": 6, "jogos": 2, "scout": [{"quantidade": 5, "nome": "FS"}, {"quantidade": 3, "nome": "PE"}, {"quantidade": 1, "nome": "FT"}, {"quantidade": 2, "nome": "RB"}, {"quantidade": 4, "nome": "FC"}, {"quantidade": 1, "nome": "CA"}, {"quantidade": 1, "nome": "FD"}], "preco": "6.02", "partida_data": "09/08/2015", "variacao": "0.00", "id": 80287, "media": "2.75", "pontos": "0.00", "apelido": "Luciano", "posicao": {"abreviacao": "ATA", "id": 5, "nome": "Atacante"}, "partida_clube_visitante": {"mercado": 1, "slug": "corinthians", "abreviacao": "cor", "id": 264, "nome": "corinthians"}, "partida_clube_casa": {"mercado": 1, "slug": "sao-paulo", "abreviacao": "sao", "id": 276, "nome": "s\u00e3o paulo"}}, {"status": "Nulo", "foto": "http://s.glbimg.com/es/sde/f/2014/07/28/a801d0ad1070a197a3e39f947df0a9da_FORMATO.jpeg", "clube": {"mercado": 1, "slug": "vasco", "abreviacao": "vas", "id": 267, "nome": "vasco"}, "status_id": 6, "jogos": 0, "scout": [], "preco": "6.00", "partida_data": "09/08/2015", "variacao": "0.00", "id": 88379, "media": "0.00", "pontos": "0.00", "apelido": "Jean Patrick", "posicao": {"abreviacao": "MEI", "id": 4, "nome": "Meia"}, "partida_clube_visitante": {"mercado": 1, "slug": "joinville", "abreviacao": "jec", "id": 317, "nome": "joinville"}, "partida_clube_casa": {"mercado": 1, "slug": "vasco", "abreviacao": "vas", "id": 267, "nome": "vasco"}}, {"status": "Nulo", "foto": "http://s.glbimg.com/es/sde/f/2010/11/12/7e37b92d664f9ad1ab6950da11a39dcb_FORMATO.jpeg", "clube": {"mercado": 1, "slug": "avai", "abreviacao": "ava", "id": 314, "nome": "ava\u00ed"}, "status_id": 6, "jogos": 0, "scout": [], "preco": "6.00", "partida_data": "08/08/2015", "variacao": "0.00", "id": 42489, "media": "0.00", "pontos": "0.00", "apelido": "C\u00e1ssio", "posicao": {"abreviacao": "ZAG", "id": 3, "nome": "Zagueiro"}, "partida_clube_visitante": {"mercado": 1, "slug": "fluminense", "abreviacao": "flu", "id": 266, "nome": "fluminense"}, "partida_clube_casa": {"mercado": 1, "slug": "avai", "abreviacao": "ava", "id": 314, "nome": "ava\u00ed"}}, {"status": "Nulo", "foto": "http://s.glbimg.com/es/sde/f/2015/01/08/9e6abca2e6a30df89df9bfb204b90929_FORMATO.jpeg", "clube": {"mercado": 1, "slug": "fluminense", "abreviacao": "flu", "id": 266, "nome": "fluminense"}, "status_id": 6, "jogos": 0, "scout": [], "preco": "6.00", "partida_data": "08/08/2015", "variacao": "0.00", "id": 71090, "media": "0.00", "pontos": "0.00", "apelido": "Jo\u00e3o Filipe", "posicao": {"abreviacao": "ZAG", "id": 3, "nome": "Zagueiro"}, "partida_clube_visitante": {"mercado": 1, "slug": "fluminense", "abreviacao": "flu", "id": 266, "nome": "fluminense"}, "partida_clube_casa": {"mercado": 1, "slug": "avai", "abreviacao": "ava", "id": 314, "nome": "ava\u00ed"}}, {"status": "Nulo", "foto": "http://s.glbimg.com/es/sde/f/2010/11/16/29edd57d71463b95027cabace9775785_FORMATO.jpeg", "clube": {"mercado": 1, "slug": "palmeiras", "abreviacao": "pal", "id": 275, "nome": "palmeiras"}, "status_id": 6, "jogos": 0, "scout": [], "preco": "6.00", "partida_data": "09/08/2015", "variacao": "0.00", "id": 37984, "media": "0.00", "pontos": "0.00", "apelido": "Aranha", "posicao": {"abreviacao": "GOL", "id": 1, "nome": "Goleiro"}, "partida_clube_visitante": {"mercado": 1, "slug": "palmeiras", "abreviacao": "pal", "id": 275, "nome": "palmeiras"}, "partida_clube_casa": {"mercado": 1, "slug": "cruzeiro", "abreviacao": "cru", "id": 283, "nome": "cruzeiro"}}, {"status": "Contundido", "foto": "http://s.glbimg.com/es/sde/f/2015/01/15/2ef0f49bbdf5ebc114eb671aa81bdacf_FORMATO.jpeg", "clube": {"mercado": 1, "slug": "sao-paulo", "abreviacao": "sao", "id": 276, "nome": "s\u00e3o paulo"}, "status_id": 5, "jogos": 0, "scout": [], "preco": "6.00", "partida_data": "09/08/2015", "variacao": "0.00", "id": 85629, "media": "0.00", "pontos": "0.00", "apelido": "Daniel", "posicao": {"abreviacao": "MEI", "id": 4, "nome": "Meia"}, "partida_clube_visitante": {"mercado": 1, "slug": "corinthians", "abreviacao": "cor", "id": 264, "nome": "corinthians"}, "partida_clube_casa": {"mercado": 1, "slug": "sao-paulo", "abreviacao": "sao", "id": 276, "nome": "s\u00e3o paulo"}}, {"status": "Contundido", "foto": "http://s.glbimg.com/es/sde/f/2015/01/08/953b9f99dd8eef4354a90179735acbfb_FORMATO.jpeg", "clube": {"mercado": 1, "slug": "joinville", "abreviacao": "jec", "id": 317, "nome": "joinville"}, "status_id": 5, "jogos": 0, "scout": [], "preco": "6.00", "partida_data": "09/08/2015", "variacao": "0.00", "id": 82337, "media": "0.00", "pontos": "0.00", "apelido": "Geandro", "posicao": {"abreviacao": "MEI", "id": 4, "nome": "Meia"}, "partida_clube_visitante": {"mercado": 1, "slug": "joinville", "abreviacao": "jec", "id": 317, "nome": "joinville"}, "partida_clube_casa": {"mercado": 1, "slug": "vasco", "abreviacao": "vas", "id": 267, "nome": "vasco"}}, {"status": "Nulo", "foto": "http://s.glbimg.com/es/sde/f/2015/07/28/caccee9606462945cf6268c72cab6785_FORMATO.jpeg", "clube": {"mercado": 1, "slug": "atletico-pr", "abreviacao": "atl", "id": 293, "nome": "atl\u00e9tico-pr"}, "status_id": 6, "jogos": 0, "scout": [], "preco": "6.00", "partida_data": "09/08/2015", "variacao": "0.00", "id": 85984, "media": "0.00", "pontos": "0.00", "apelido": "Barrientos", "posicao": {"abreviacao": "MEI", "id": 4, "nome": "Meia"}, "partida_clube_visitante": {"mercado": 1, "slug": "sport", "abreviacao": "spo", "id": 292, "nome": "sport"}, "partida_clube_casa": {"mercado": 1, "slug": "atletico-pr", "abreviacao": "atl", "id": 293, "nome": "atl\u00e9tico-pr"}}, {"status": "Nulo", "foto": "http://s.glbimg.com/es/sde/f/2011/09/14/f8384a5567ea4f1f815a9207c3f01171_FORMATO.jpeg", "clube": {"mercado": 1, "slug": "gremio", "abreviacao": "gre", "id": 284, "nome": "gr\u00eamio"}, "status_id": 6, "jogos": 0, "scout": [], "preco": "6.00", "partida_data": "09/08/2015", "variacao": "0.00", "id": 38139, "media": "0.00", "pontos": "0.00", "apelido": "Bob\u00f4", "posicao": {"abreviacao": "ATA", "id": 5, "nome": "Atacante"}, "partida_clube_visitante": {"mercado": 1, "slug": "internacional", "abreviacao": "int", "id": 285, "nome": "internacional"}, "partida_clube_casa": {"mercado": 1, "slug": "gremio", "abreviacao": "gre", "id": 284, "nome": "gr\u00eamio"}}, {"status": "Nulo", "foto": null, "clube": {"mercado": 1, "slug": "cruzeiro", "abreviacao": "cru", "id": 283, "nome": "cruzeiro"}, "status_id": 6, "jogos": 0, "scout": [], "preco": "6.00", "partida_data": "09/08/2015", "variacao": "0.00", "id": 80363, "media": "0.00", "pontos": "0.00", "apelido": "Ariel Cabral", "posicao": {"abreviacao": "MEI", "id": 4, "nome": "Meia"}, "partida_clube_visitante": {"mercado": 1, "slug": "palmeiras", "abreviacao": "pal", "id": 275, "nome": "palmeiras"}, "partida_clube_casa": {"mercado": 1, "slug": "cruzeiro", "abreviacao": "cru", "id": 283, "nome": "cruzeiro"}}, {"status": "Contundido", "foto": "http://s.glbimg.com/es/sde/f/2011/09/14/ce1c40e833e06791f2aca0315e29b0d5_FORMATO.jpeg", "clube": {"mercado": 1, "slug": "santos", "abreviacao": "san", "id": 277, "nome": "santos"}, "status_id": 5, "jogos": 0, "scout": [], "preco": "6.00", "partida_data": "08/08/2015", "variacao": "0.00", "id": 73974, "media": "0.00", "pontos": "0.00", "apelido": "Alison", "posicao": {"abreviacao": "MEI", "id": 4, "nome": "Meia"}, "partida_clube_visitante": {"mercado": 1, "slug": "coritiba", "abreviacao": "cor", "id": 294, "nome": "coritiba"}, "partida_clube_casa": {"mercado": 1, "slug": "santos", "abreviacao": "san", "id": 277, "nome": "santos"}}, {"status": "Contundido", "foto": "http://s.glbimg.com/es/sde/f/2015/07/21/c8c58f276cf6ac676f7da00d4948705c_FORMATO.jpeg", "clube": {"mercado": 1, "slug": "flamengo", "abreviacao": "fla", "id": 262, "nome": "flamengo"}, "status_id": 5, "jogos": 0, "scout": [], "preco": "6.00", "partida_data": "09/08/2015", "variacao": "0.00", "id": 80913, "media": "0.00", "pontos": "0.00", "apelido": "Nixon", "posicao": {"abreviacao": "ATA", "id": 5, "nome": "Atacante"}, "partida_clube_visitante": {"mercado": 1, "slug": "flamengo", "abreviacao": "fla", "id": 262, "nome": "flamengo"}, "partida_clube_casa": {"mercado": 1, "slug": "ponte-preta", "abreviacao": "pon", "id": 303, "nome": "ponte preta"}}, {"status": "Contundido", "foto": "http://s.glbimg.com/es/sde/f/2015/05/07/7934532b57904d0577a6f389027bd6c0_FORMATO.jpeg", "clube": {"mercado": 1, "slug": "ponte-preta", "abreviacao": "pon", "id": 303, "nome": "ponte preta"}, "status_id": 5, "jogos": 0, "scout": [], "preco": "6.00", "partida_data": "09/08/2015", "variacao": "0.00", "id": 38186, "media": "0.00", "pontos": "0.00", "apelido": "Adrianinho", "posicao": {"abreviacao": "MEI", "id": 4, "nome": "Meia"}, "partida_clube_visitante": {"mercado": 1, "slug": "flamengo", "abreviacao": "fla", "id": 262, "nome": "flamengo"}, "partida_clube_casa": {"mercado": 1, "slug": "ponte-preta", "abreviacao": "pon", "id": 303, "nome": "ponte preta"}}, {"status": "Contundido", "foto": "http://s.glbimg.com/es/sde/f/2015/05/07/002b9fbc25e47b341dbae191340eb310_FORMATO.jpeg", "clube": {"mercado": 1, "slug": "ponte-preta", "abreviacao": "pon", "id": 303, "nome": "ponte preta"}, "status_id": 5, "jogos": 0, "scout": [], "preco": "6.00", "partida_data": "09/08/2015", "variacao": "0.00", "id": 62997, "media": "0.00", "pontos": "0.00", "apelido": "Jo\u00e3o Paulo", "posicao": {"abreviacao": "LAT", "id": 2, "nome": "Lateral"}, "partida_clube_visitante": {"mercado": 1, "slug": "flamengo", "abreviacao": "fla", "id": 262, "nome": "flamengo"}, "partida_clube_casa": {"mercado": 1, "slug": "ponte-preta", "abreviacao": "pon", "id": 303, "nome": "ponte preta"}}, {"status": "Nulo", "foto": "http://s.glbimg.com/es/sde/f/2012/12/20/88d11c1128a2c109c363fcbbc37c9ece_FORMATO.jpeg", "clube": {"mercado": 1, "slug": "fluminense", "abreviacao": "flu", "id": 266, "nome": "fluminense"}, "status_id": 6, "jogos": 0, "scout": [], "preco": "6.00", "partida_data": "08/08/2015", "variacao": "0.00", "id": 81952, "media": "0.00", "pontos": "0.00", "apelido": "Willian", "posicao": {"abreviacao": "MEI", "id": 4, "nome": "Meia"}, "partida_clube_visitante": {"mercado": 1, "slug": "fluminense", "abreviacao": "flu", "id": 266, "nome": "fluminense"}, "partida_clube_casa": {"mercado": 1, "slug": "avai", "abreviacao": "ava", "id": 314, "nome": "ava\u00ed"}}, {"status": "Nulo", "foto": "http://s.glbimg.com/es/sde/f/2010/11/17/fb30943f3b166d9e96583c98ff7021a8_FORMATO.jpeg", "clube": {"mercado": 1, "slug": "santos", "abreviacao": "san", "id": 277, "nome": "santos"}, "status_id": 6, "jogos": 9, "scout": [{"quantidade": 2, "nome": "SG"}, {"quantidade": 1, "nome": "FS"}, {"quantidade": 5, "nome": "PE"}, {"quantidade": 1, "nome": "CA"}, {"quantidade": 8, "nome": "DD"}, {"quantidade": 10, "nome": "GS"}], "preco": "5.95", "partida_data": "08/08/2015", "variacao": "0.00", "id": 69040, "media": "1.22", "pontos": "0.00", "apelido": "Vladimir", "posicao": {"abreviacao": "GOL", "id": 1, "nome": "Goleiro"}, "partida_clube_visitante": {"mercado": 1, "slug": "coritiba", "abreviacao": "cor", "id": 294, "nome": "coritiba"}, "partida_clube_casa": {"mercado": 1, "slug": "santos", "abreviacao": "san", "id": 277, "nome": "santos"}}, {"status": "Prov\u00e1vel", "foto": "http://s.glbimg.com/es/sde/f/2015/01/15/5e526cc763aac6c7bee7b30a6d400e95_FORMATO.jpeg", "clube": {"mercado": 1, "slug": "corinthians", "abreviacao": "cor", "id": 264, "nome": "corinthians"}, "status_id": 7, "jogos": 13, "scout": [{"quantidade": 11, "nome": "FS"}, {"quantidade": 41, "nome": "PE"}, {"quantidade": 1, "nome": "FT"}, {"quantidade": 2, "nome": "I"}, {"quantidade": 23, "nome": "RB"}, {"quantidade": 26, "nome": "FC"}, {"quantidade": 2, "nome": "CA"}, {"quantidade": 7, "nome": "FF"}, {"quantidade": 5, "nome": "FD"}], "preco": "5.82", "partida_data": "09/08/2015", "variacao": "0.00", "id": 70944, "media": "2.14", "pontos": "0.00", "apelido": "Bruno Henrique", "posicao": {"abreviacao": "MEI", "id": 4, "nome": "Meia"}, "partida_clube_visitante": {"mercado": 1, "slug": "corinthians", "abreviacao": "cor", "id": 264, "nome": "corinthians"}, "partida_clube_casa": {"mercado": 1, "slug": "sao-paulo", "abreviacao": "sao", "id": 276, "nome": "s\u00e3o paulo"}}]}