{"rodada_id": 17, "page": {"atual": "33", "total": "42"}, "atleta": [{"status": "Nulo", "foto": "http://s.glbimg.com/es/sde/f/2012/04/05/83d79ba352708bd1f7bd7a36cf459925_FORMATO.jpeg", "clube": {"mercado": 1, "slug": "figueirense", "abreviacao": "fig", "id": 316, "nome": "figueirense"}, "status_id": 6, "jogos": 0, "scout": [], "preco": "2.00", "partida_data": "09/08/2015", "variacao": "0.00", "id": 73618, "media": "0.00", "pontos": "0.00", "apelido": "L\u00e9o Rodrigues", "posicao": {"abreviacao": "LAT", "id": 2, "nome": "Lateral"}, "partida_clube_visitante": {"mercado": 1, "slug": "figueirense", "abreviacao": "fig", "id": 316, "nome": "figueirense"}, "partida_clube_casa": {"mercado": 1, "slug": "chapecoense", "abreviacao": "cha", "id": 315, "nome": "chapecoense"}}, {"status": "Nulo", "foto": "http://s.glbimg.com/es/sde/f/2015/05/29/5e6791e87bdd3d77ac02e6c9a2114272_FORMATO.jpeg", "clube": {"mercado": 1, "slug": "internacional", "abreviacao": "int", "id": 285, "nome": "internacional"}, "status_id": 6, "jogos": 0, "scout": [], "preco": "2.00", "partida_data": "09/08/2015", "variacao": "0.00", "id": 91946, "media": "0.00", "pontos": "0.00", "apelido": "Eriks", "posicao": {"abreviacao": "ZAG", "id": 3, "nome": "Zagueiro"}, "partida_clube_visitante": {"mercado": 1, "slug": "internacional", "abreviacao": "int", "id": 285, "nome": "internacional"}, "partida_clube_casa": {"mercado": 1, "slug": "gremio", "abreviacao": "gre", "id": 284, "nome": "gr\u00eamio"}}, {"status": "Nulo", "foto": null, "clube": {"mercado": 1, "slug": "ponte-preta", "abreviacao": "pon", "id": 303, "nome": "ponte preta"}, "status_id": 6, "jogos": 0, "scout": [], "preco": "2.00", "partida_data": "09/08/2015", "variacao": "0.00", "id": 92193, "media": "0.00", "pontos": "0.00", "apelido": "Ravanelli", "posicao": {"abreviacao": "ATA", "id": 5, "nome": "Atacante"}, "partida_clube_visitante": {"mercado": 1, "slug": "flamengo", "abreviacao": "fla", "id": 262, "nome": "flamengo"}, "partida_clube_casa": {"mercado": 1, "slug": "ponte-preta", "abreviacao": "pon", "id": 303, "nome": "ponte preta"}}, {"status": "Nulo", "foto": "http://s.glbimg.com/es/sde/f/2015/04/30/431edf72ef15bc4a9445aa0c0cabcd1d_FORMATO.jpeg", "clube": {"mercado": 1, "slug": "corinthians", "abreviacao": "cor", "id": 264, "nome": "corinthians"}, "status_id": 6, "jogos": 0, "scout": [], "preco": "2.00", "partida_data": "09/08/2015", "variacao": "0.00", "id": 91715, "media": "0.00", "pontos": "0.00", "apelido": "Matheus Cassini", "posicao": {"abreviacao": "MEI", "id": 4, "nome": "Meia"}, "partida_clube_visitante": {"mercado": 1, "slug": "corinthians", "abreviacao": "cor", "id": 264, "nome": "corinthians"}, "partida_clube_casa": {"mercado": 1, "slug": "sao-paulo", "abreviacao": "sao", "id": 276, "nome": "s\u00e3o paulo"}}, {"status": "Nulo", "foto": "http://s.glbimg.com/es/sde/f/2015/05/19/0775aebbdf15f85a7bb7c139b5a2db7a_FORMATO.jpeg", "clube": {"mercado": 1, "slug": "goias", "abreviacao": "goi", "id": 290, "nome": "goi\u00e1s"}, "status_id": 6, "jogos": 0, "scout": [], "preco": "2.00", "partida_data": "09/08/2015", "variacao": "0.00", "id": 91947, "media": "0.00", "pontos": "0.00", "apelido": "Gelson", "posicao": {"abreviacao": "MEI", "id": 4, "nome": "Meia"}, "partida_clube_visitante": {"mercado": 1, "slug": "atletico-mg", "abreviacao": "atl", "id": 282, "nome": "atl\u00e9tico-mg"}, "partida_clube_casa": {"mercado": 1, "slug": "goias", "abreviacao": "goi", "id": 290, "nome": "goi\u00e1s"}}, {"status": "Nulo", "foto": "http://s.glbimg.com/es/sde/f/2014/11/05/db5bc322a1aff4361e238348b7f06881_FORMATO.jpeg", "clube": {"mercado": 1, "slug": "sport", "abreviacao": "spo", "id": 292, "nome": "sport"}, "status_id": 6, "jogos": 0, "scout": [], "preco": "2.00", "partida_data": "09/08/2015", "variacao": "0.00", "id": 89466, "media": "0.00", "pontos": "0.00", "apelido": "Hor\u00e1cio", "posicao": {"abreviacao": "MEI", "id": 4, "nome": "Meia"}, "partida_clube_visitante": {"mercado": 1, "slug": "sport", "abreviacao": "spo", "id": 292, "nome": "sport"}, "partida_clube_casa": {"mercado": 1, "slug": "atletico-pr", "abreviacao": "atl", "id": 293, "nome": "atl\u00e9tico-pr"}}, {"status": "Nulo", "foto": "http://s.glbimg.com/es/sde/f/2015/04/10/ffb5fa732d14fdab52f85c82f67c8f19_FORMATO.png", "clube": {"mercado": 1, "slug": "ponte-preta", "abreviacao": "pon", "id": 303, "nome": "ponte preta"}, "status_id": 6, "jogos": 0, "scout": [], "preco": "2.00", "partida_data": "09/08/2015", "variacao": "0.00", "id": 91261, "media": "0.00", "pontos": "0.00", "apelido": "Bernardo", "posicao": {"abreviacao": "ZAG", "id": 3, "nome": "Zagueiro"}, "partida_clube_visitante": {"mercado": 1, "slug": "flamengo", "abreviacao": "fla", "id": 262, "nome": "flamengo"}, "partida_clube_casa": {"mercado": 1, "slug": "ponte-preta", "abreviacao": "pon", "id": 303, "nome": "ponte preta"}}, {"status": "Nulo", "foto": "http://s.glbimg.com/es/sde/f/2015/07/17/86fc80e0c807ecb90f1bc30532cfa5d8_FORMATO.jpeg", "clube": {"mercado": 1, "slug": "vasco", "abreviacao": "vas", "id": 267, "nome": "vasco"}, "status_id": 6, "jogos": 0, "scout": [], "preco": "2.00", "partida_data": "09/08/2015", "variacao": "0.00", "id": 60802, "media": "0.00", "pontos": "0.00", "apelido": "Bruno Gallo", "posicao": {"abreviacao": "MEI", "id": 4, "nome": "Meia"}, "partida_clube_visitante": {"mercado": 1, "slug": "joinville", "abreviacao": "jec", "id": 317, "nome": "joinville"}, "partida_clube_casa": {"mercado": 1, "slug": "vasco", "abreviacao": "vas", "id": 267, "nome": "vasco"}}, {"status": "Nulo", "foto": "http://s.glbimg.com/es/sde/f/2013/01/22/1dc5465cd0b578ddf6907ba646e75ff1_FORMATO.jpeg", "clube": {"mercado": 1, "slug": "ponte-preta", "abreviacao": "pon", "id": 303, "nome": "ponte preta"}, "status_id": 6, "jogos": 0, "scout": [], "preco": "2.00", "partida_data": "09/08/2015", "variacao": "0.00", "id": 82680, "media": "0.00", "pontos": "0.00", "apelido": "Nathan \u00cdndio", "posicao": {"abreviacao": "MEI", "id": 4, "nome": "Meia"}, "partida_clube_visitante": {"mercado": 1, "slug": "flamengo", "abreviacao": "fla", "id": 262, "nome": "flamengo"}, "partida_clube_casa": {"mercado": 1, "slug": "ponte-preta", "abreviacao": "pon", "id": 303, "nome": "ponte preta"}}, {"status": "Nulo", "foto": "http://s.glbimg.com/es/sde/f/2012/02/02/37895f5889c77bb4a351fad1a0e9ab11_FORMATO.jpeg", "clube": {"mercado": 1, "slug": "santos", "abreviacao": "san", "id": 277, "nome": "santos"}, "status_id": 6, "jogos": 0, "scout": [], "preco": "2.00", "partida_data": "08/08/2015", "variacao": "0.00", "id": 78839, "media": "0.00", "pontos": "0.00", "apelido": "Gabriel Gasparotto", "posicao": {"abreviacao": "GOL", "id": 1, "nome": "Goleiro"}, "partida_clube_visitante": {"mercado": 1, "slug": "coritiba", "abreviacao": "cor", "id": 294, "nome": "coritiba"}, "partida_clube_casa": {"mercado": 1, "slug": "santos", "abreviacao": "san", "id": 277, "nome": "santos"}}, {"status": "Nulo", "foto": "http://s.glbimg.com/es/sde/f/2015/07/21/4bc7ed692b8e28c28b6f55197e791b37_FORMATO.jpeg", "clube": {"mercado": 1, "slug": "fluminense", "abreviacao": "flu", "id": 266, "nome": "fluminense"}, "status_id": 6, "jogos": 0, "scout": [], "preco": "2.00", "partida_data": "08/08/2015", "variacao": "0.00", "id": 82740, "media": "0.00", "pontos": "0.00", "apelido": "Artur", "posicao": {"abreviacao": "ZAG", "id": 3, "nome": "Zagueiro"}, "partida_clube_visitante": {"mercado": 1, "slug": "fluminense", "abreviacao": "flu", "id": 266, "nome": "fluminense"}, "partida_clube_casa": {"mercado": 1, "slug": "avai", "abreviacao": "ava", "id": 314, "nome": "ava\u00ed"}}, {"status": "Nulo", "foto": "http://s.glbimg.com/es/sde/f/2015/07/22/c8790d830e1372a702587a4b2a9edb5e_FORMATO.jpeg", "clube": {"mercado": 1, "slug": "sport", "abreviacao": "spo", "id": 292, "nome": "sport"}, "status_id": 6, "jogos": 0, "scout": [], "preco": "2.00", "partida_data": "09/08/2015", "variacao": "0.00", "id": 91387, "media": "0.00", "pontos": "0.00", "apelido": "Sinho", "posicao": {"abreviacao": "LAT", "id": 2, "nome": "Lateral"}, "partida_clube_visitante": {"mercado": 1, "slug": "sport", "abreviacao": "spo", "id": 292, "nome": "sport"}, "partida_clube_casa": {"mercado": 1, "slug": "atletico-pr", "abreviacao": "atl", "id": 293, "nome": "atl\u00e9tico-pr"}}, {"status": "Nulo", "foto": "http://s.glbimg.com/es/sde/f/2015/07/22/6d8f4cbcef4390c993590da718f99f66_FORMATO.jpeg", "clube": {"mercado": 1, "slug": "avai", "abreviacao": "ava", "id": 314, "nome": "ava\u00ed"}, "status_id": 6, "jogos": 0, "scout": [], "preco": "2.00", "partida_data": "08/08/2015", "variacao": "0.00", "id": 88309, "media": "0.00", "pontos": "0.00", "apelido": "Renato", "posicao": {"abreviacao": "MEI", "id": 4, "nome": "Meia"}, "partida_clube_visitante": {"mercado": 1, "slug": "fluminense", "abreviacao": "flu", "id": 266, "nome": "fluminense"}, "partida_clube_casa": {"mercado": 1, "slug": "avai", "abreviacao": "ava", "id": 314, "nome": "ava\u00ed"}}, {"status": "Nulo", "foto": "http://s.glbimg.com/es/sde/f/2013/06/06/a4670d431a30743f527290c13c99940c_FORMATO.jpeg", "clube": {"mercado": 1, "slug": "santos", "abreviacao": "san", "id": 277, "nome": "santos"}, "status_id": 6, "jogos": 0, "scout": [], "preco": "2.00", "partida_data": "08/08/2015", "variacao": "0.00", "id": 70986, "media": "0.00", "pontos": "0.00", "apelido": "L\u00e9o Cittadini", "posicao": {"abreviacao": "MEI", "id": 4, "nome": "Meia"}, "partida_clube_visitante": {"mercado": 1, "slug": "coritiba", "abreviacao": "cor", "id": 294, "nome": "coritiba"}, "partida_clube_casa": {"mercado": 1, "slug": "santos", "abreviacao": "san", "id": 277, "nome": "santos"}}, {"status": "Nulo", "foto": null, "clube": {"mercado": 1, "slug": "figueirense", "abreviacao": "fig", "id": 316, "nome": "figueirense"}, "status_id": 6, "jogos": 0, "scout": [], "preco": "2.00", "partida_data": "09/08/2015", "variacao": "0.00", "id": 92145, "media": "0.00", "pontos": "0.00", "apelido": "Hyago", "posicao": {"abreviacao": "MEI", "id": 4, "nome": "Meia"}, "partida_clube_visitante": {"mercado": 1, "slug": "figueirense", "abreviacao": "fig", "id": 316, "nome": "figueirense"}, "partida_clube_casa": {"mercado": 1, "slug": "chapecoense", "abreviacao": "cha", "id": 315, "nome": "chapecoense"}}, {"status": "Nulo", "foto": "http://s.glbimg.com/es/sde/f/2015/04/10/f56b689b9901d9b7ec71694e554248c4_FORMATO.png", "clube": {"mercado": 1, "slug": "ponte-preta", "abreviacao": "pon", "id": 303, "nome": "ponte preta"}, "status_id": 6, "jogos": 0, "scout": [], "preco": "2.00", "partida_data": "09/08/2015", "variacao": "0.00", "id": 88136, "media": "0.00", "pontos": "0.00", "apelido": "Ivan", "posicao": {"abreviacao": "GOL", "id": 1, "nome": "Goleiro"}, "partida_clube_visitante": {"mercado": 1, "slug": "flamengo", "abreviacao": "fla", "id": 262, "nome": "flamengo"}, "partida_clube_casa": {"mercado": 1, "slug": "ponte-preta", "abreviacao": "pon", "id": 303, "nome": "ponte preta"}}, {"status": "Nulo", "foto": "http://s.glbimg.com/es/sde/f/2014/09/17/fdacc41067c6941a2cc2695796e9f4cf_FORMATO.jpeg", "clube": {"mercado": 1, "slug": "gremio", "abreviacao": "gre", "id": 284, "nome": "gr\u00eamio"}, "status_id": 6, "jogos": 0, "scout": [], "preco": "2.00", "partida_data": "09/08/2015", "variacao": "0.00", "id": 89227, "media": "0.00", "pontos": "0.00", "apelido": "Balbino", "posicao": {"abreviacao": "MEI", "id": 4, "nome": "Meia"}, "partida_clube_visitante": {"mercado": 1, "slug": "internacional", "abreviacao": "int", "id": 285, "nome": "internacional"}, "partida_clube_casa": {"mercado": 1, "slug": "gremio", "abreviacao": "gre", "id": 284, "nome": "gr\u00eamio"}}, {"status": "Nulo", "foto": "http://s.glbimg.com/es/sde/f/2015/01/15/30c3c9f5d31a3ec84c15e00280d3f820_FORMATO.png", "clube": {"mercado": 1, "slug": "cruzeiro", "abreviacao": "cru", "id": 283, "nome": "cruzeiro"}, "status_id": 6, "jogos": 0, "scout": [], "preco": "2.00", "partida_data": "09/08/2015", "variacao": "0.00", "id": 87400, "media": "0.00", "pontos": "0.00", "apelido": "Alex", "posicao": {"abreviacao": "ZAG", "id": 3, "nome": "Zagueiro"}, "partida_clube_visitante": {"mercado": 1, "slug": "palmeiras", "abreviacao": "pal", "id": 275, "nome": "palmeiras"}, "partida_clube_casa": {"mercado": 1, "slug": "cruzeiro", "abreviacao": "cru", "id": 283, "nome": "cruzeiro"}}, {"status": "Nulo", "foto": "http://s.glbimg.com/es/sde/f/2015/07/22/57161282ce3824e35dee8eb6357a1b1a_FORMATO.jpeg", "clube": {"mercado": 1, "slug": "gremio", "abreviacao": "gre", "id": 284, "nome": "gr\u00eamio"}, "status_id": 6, "jogos": 0, "scout": [], "preco": "2.00", "partida_data": "09/08/2015", "variacao": "0.00", "id": 90532, "media": "0.00", "pontos": "0.00", "apelido": "Arthur", "posicao": {"abreviacao": "MEI", "id": 4, "nome": "Meia"}, "partida_clube_visitante": {"mercado": 1, "slug": "internacional", "abreviacao": "int", "id": 285, "nome": "internacional"}, "partida_clube_casa": {"mercado": 1, "slug": "gremio", "abreviacao": "gre", "id": 284, "nome": "gr\u00eamio"}}, {"status": "Nulo", "foto": "http://s.glbimg.com/es/sde/f/2015/03/04/3243e2db4860fc67eddb216b72689d79_FORMATO.png", "clube": {"mercado": 1, "slug": "atletico-pr", "abreviacao": "atl", "id": 293, "nome": "atl\u00e9tico-pr"}, "status_id": 6, "jogos": 0, "scout": [], "preco": "2.00", "partida_data": "09/08/2015", "variacao": "0.00", "id": 80192, "media": "0.00", "pontos": "0.00", "apelido": "Hugo Gumiero", "posicao": {"abreviacao": "GOL", "id": 1, "nome": "Goleiro"}, "partida_clube_visitante": {"mercado": 1, "slug": "sport", "abreviacao": "spo", "id": 292, "nome": "sport"}, "partida_clube_casa": {"mercado": 1, "slug": "atletico-pr", "abreviacao": "atl", "id": 293, "nome": "atl\u00e9tico-pr"}}]}