{"rodada_id": 29, "page": {"atual": "25", "total": "42"}, "atleta": [{"status": "Nulo", "foto": "http://s.glbimg.com/es/sde/f/2013/04/21/f488fa771ce9599d8bb8ff911172f44a_FORMATO.jpeg", "clube": {"mercado": 1, "slug": "internacional", "abreviacao": "int", "id": 285, "nome": "internacional"}, "status_id": 6, "jogos": 2, "scout": [{"quantidade": 1, "nome": "PE"}, {"quantidade": 1, "nome": "FC"}], "preco": "3.94", "partida_data": "03/10/2015", "variacao": "0.00", "id": 78530, "media": "-0.40", "pontos": "0.00", "apelido": "Matheus Bertotto", "posicao": {"abreviacao": "MEI", "id": 4, "nome": "Meia"}, "partida_clube_visitante": {"mercado": 1, "slug": "sport", "abreviacao": "spo", "id": 292, "nome": "sport"}, "partida_clube_casa": {"mercado": 1, "slug": "internacional", "abreviacao": "int", "id": 285, "nome": "internacional"}}, {"status": "Suspenso", "foto": "http://s.glbimg.com/es/sde/f/2015/07/21/c4b283afdc12ed46116c9fa18ff7ecf3_FORMATO.jpeg", "clube": {"mercado": 1, "slug": "coritiba", "abreviacao": "cor", "id": 294, "nome": "coritiba"}, "status_id": 3, "jogos": 10, "scout": [{"quantidade": 5, "nome": "SG"}, {"quantidade": 6, "nome": "FS"}, {"quantidade": 21, "nome": "PE"}, {"quantidade": 15, "nome": "RB"}, {"quantidade": 10, "nome": "FC"}, {"quantidade": 1, "nome": "CA"}, {"quantidade": 1, "nome": "CV"}, {"quantidade": 2, "nome": "FF"}, {"quantidade": 3, "nome": "FD"}], "preco": "3.94", "partida_data": "03/10/2015", "variacao": "-1.87", "id": 92182, "media": "3.95", "pontos": "-3.30", "apelido": "Juninho", "posicao": {"abreviacao": "ZAG", "id": 3, "nome": "Zagueiro"}, "partida_clube_visitante": {"mercado": 1, "slug": "atletico-mg", "abreviacao": "atl", "id": 282, "nome": "atl\u00e9tico-mg"}, "partida_clube_casa": {"mercado": 1, "slug": "coritiba", "abreviacao": "cor", "id": 294, "nome": "coritiba"}}, {"status": "Nulo", "foto": "http://s.glbimg.com/es/sde/f/2015/09/15/6a9a8ee088f528abf0e786d9fcd4c792_FORMATO.jpeg", "clube": {"mercado": 1, "slug": "corinthians", "abreviacao": "cor", "id": 264, "nome": "corinthians"}, "status_id": 6, "jogos": 2, "scout": [{"quantidade": 1, "nome": "FS"}, {"quantidade": 1, "nome": "PE"}, {"quantidade": 1, "nome": "FC"}, {"quantidade": 1, "nome": "CA"}], "preco": "3.94", "partida_data": "04/10/2015", "variacao": "-0.92", "id": 61149, "media": "-1.15", "pontos": "-2.00", "apelido": "Lucca", "posicao": {"abreviacao": "ATA", "id": 5, "nome": "Atacante"}, "partida_clube_visitante": {"mercado": 1, "slug": "corinthians", "abreviacao": "cor", "id": 264, "nome": "corinthians"}, "partida_clube_casa": {"mercado": 1, "slug": "ponte-preta", "abreviacao": "pon", "id": 303, "nome": "ponte preta"}}, {"status": "Nulo", "foto": "http://s.glbimg.com/es/sde/f/2014/03/06/ca52494a5f5689a55488e0aeaffef94f_FORMATO.jpeg", "clube": {"mercado": 1, "slug": "gremio", "abreviacao": "gre", "id": 284, "nome": "gr\u00eamio"}, "status_id": 6, "jogos": 12, "scout": [{"quantidade": 2, "nome": "SG"}, {"quantidade": 3, "nome": "FS"}, {"quantidade": 9, "nome": "PE"}, {"quantidade": 3, "nome": "CA"}, {"quantidade": 17, "nome": "DD"}, {"quantidade": 13, "nome": "GS"}], "preco": "3.93", "partida_data": "04/10/2015", "variacao": "0.00", "id": 87611, "media": "2.31", "pontos": "0.00", "apelido": "Tiago", "posicao": {"abreviacao": "GOL", "id": 1, "nome": "Goleiro"}, "partida_clube_visitante": {"mercado": 1, "slug": "gremio", "abreviacao": "gre", "id": 284, "nome": "gr\u00eamio"}, "partida_clube_casa": {"mercado": 1, "slug": "cruzeiro", "abreviacao": "cru", "id": 283, "nome": "cruzeiro"}}, {"status": "Nulo", "foto": "http://s.glbimg.com/es/sde/f/2014/12/05/a9a1ad2db0fadd4421e93f57f3e4924e_FORMATO.jpeg", "clube": {"mercado": 1, "slug": "joinville", "abreviacao": "jec", "id": 317, "nome": "joinville"}, "status_id": 6, "jogos": 1, "scout": [{"quantidade": 1, "nome": "PE"}, {"quantidade": 1, "nome": "G"}, {"quantidade": 1, "nome": "FC"}], "preco": "3.93", "partida_data": "04/10/2015", "variacao": "0.00", "id": 62120, "media": "7.20", "pontos": "0.00", "apelido": "Tr\u00edpodi", "posicao": {"abreviacao": "ATA", "id": 5, "nome": "Atacante"}, "partida_clube_visitante": {"mercado": 1, "slug": "joinville", "abreviacao": "jec", "id": 317, "nome": "joinville"}, "partida_clube_casa": {"mercado": 1, "slug": "flamengo", "abreviacao": "fla", "id": 262, "nome": "flamengo"}}, {"status": "Contundido", "foto": "http://s.glbimg.com/es/sde/f/2011/09/14/6b20bbef20e6d52efc983ff43266f907_FORMATO.jpeg", "clube": {"mercado": 1, "slug": "joinville", "abreviacao": "jec", "id": 317, "nome": "joinville"}, "status_id": 5, "jogos": 3, "scout": [{"quantidade": 3, "nome": "FS"}, {"quantidade": 10, "nome": "PE"}, {"quantidade": 6, "nome": "RB"}, {"quantidade": 4, "nome": "FC"}, {"quantidade": 1, "nome": "CA"}, {"quantidade": 1, "nome": "FF"}], "preco": "3.92", "partida_data": "04/10/2015", "variacao": "0.00", "id": 69015, "media": "1.80", "pontos": "0.00", "apelido": "Heracles", "posicao": {"abreviacao": "LAT", "id": 2, "nome": "Lateral"}, "partida_clube_visitante": {"mercado": 1, "slug": "joinville", "abreviacao": "jec", "id": 317, "nome": "joinville"}, "partida_clube_casa": {"mercado": 1, "slug": "flamengo", "abreviacao": "fla", "id": 262, "nome": "flamengo"}}, {"status": "Nulo", "foto": "http://s.glbimg.com/es/sde/f/2015/07/22/f847780632850998f28ca49666d13b4a_FORMATO.jpeg", "clube": {"mercado": 1, "slug": "gremio", "abreviacao": "gre", "id": 284, "nome": "gr\u00eamio"}, "status_id": 6, "jogos": 2, "scout": [{"quantidade": 2, "nome": "PE"}, {"quantidade": 1, "nome": "I"}, {"quantidade": 1, "nome": "RB"}, {"quantidade": 1, "nome": "FC"}, {"quantidade": 1, "nome": "FF"}], "preco": "3.91", "partida_data": "04/10/2015", "variacao": "0.00", "id": 90303, "media": "0.40", "pontos": "0.00", "apelido": "Lincoln", "posicao": {"abreviacao": "MEI", "id": 4, "nome": "Meia"}, "partida_clube_visitante": {"mercado": 1, "slug": "gremio", "abreviacao": "gre", "id": 284, "nome": "gr\u00eamio"}, "partida_clube_casa": {"mercado": 1, "slug": "cruzeiro", "abreviacao": "cru", "id": 283, "nome": "cruzeiro"}}, {"status": "Nulo", "foto": "http://s.glbimg.com/es/sde/f/2013/01/29/98ff495208ab255bc956f27d98884a1b_FORMATO.jpeg", "clube": {"mercado": 1, "slug": "figueirense", "abreviacao": "fig", "id": 316, "nome": "figueirense"}, "status_id": 6, "jogos": 4, "scout": [{"quantidade": 4, "nome": "PE"}, {"quantidade": 1, "nome": "RB"}, {"quantidade": 2, "nome": "FC"}, {"quantidade": 3, "nome": "FF"}, {"quantidade": 1, "nome": "FD"}], "preco": "3.89", "partida_data": "04/10/2015", "variacao": "0.00", "id": 78756, "media": "0.65", "pontos": "0.00", "apelido": "Alem\u00e3o", "posicao": {"abreviacao": "ATA", "id": 5, "nome": "Atacante"}, "partida_clube_visitante": {"mercado": 1, "slug": "figueirense", "abreviacao": "fig", "id": 316, "nome": "figueirense"}, "partida_clube_casa": {"mercado": 1, "slug": "goias", "abreviacao": "goi", "id": 290, "nome": "goi\u00e1s"}}, {"status": "Nulo", "foto": "http://s.glbimg.com/es/sde/f/2012/01/04/0dd2534c0532029a00f6c9a8774691fd_FORMATO.jpeg", "clube": {"mercado": 1, "slug": "figueirense", "abreviacao": "fig", "id": 316, "nome": "figueirense"}, "status_id": 6, "jogos": 1, "scout": [{"quantidade": 2, "nome": "PE"}, {"quantidade": 1, "nome": "I"}], "preco": "3.88", "partida_data": "04/10/2015", "variacao": "0.00", "id": 77911, "media": "-1.10", "pontos": "0.00", "apelido": "Jean Deretti", "posicao": {"abreviacao": "MEI", "id": 4, "nome": "Meia"}, "partida_clube_visitante": {"mercado": 1, "slug": "figueirense", "abreviacao": "fig", "id": 316, "nome": "figueirense"}, "partida_clube_casa": {"mercado": 1, "slug": "goias", "abreviacao": "goi", "id": 290, "nome": "goi\u00e1s"}}, {"status": "Nulo", "foto": null, "clube": {"mercado": 1, "slug": "atletico-pr", "abreviacao": "atl", "id": 293, "nome": "atl\u00e9tico-pr"}, "status_id": 6, "jogos": 15, "scout": [{"quantidade": 10, "nome": "FS"}, {"quantidade": 17, "nome": "PE"}, {"quantidade": 1, "nome": "A"}, {"quantidade": 1, "nome": "G"}, {"quantidade": 1, "nome": "I"}, {"quantidade": 6, "nome": "RB"}, {"quantidade": 5, "nome": "FC"}, {"quantidade": 3, "nome": "CA"}, {"quantidade": 9, "nome": "FF"}, {"quantidade": 3, "nome": "FD"}], "preco": "3.84", "partida_data": "03/10/2015", "variacao": "0.04", "id": 53148, "media": "1.56", "pontos": "0.50", "apelido": "Ytalo", "posicao": {"abreviacao": "ATA", "id": 5, "nome": "Atacante"}, "partida_clube_visitante": {"mercado": 1, "slug": "atletico-pr", "abreviacao": "atl", "id": 293, "nome": "atl\u00e9tico-pr"}, "partida_clube_casa": {"mercado": 1, "slug": "sao-paulo", "abreviacao": "sao", "id": 276, "nome": "s\u00e3o paulo"}}, {"status": "Prov\u00e1vel", "foto": "http://s.glbimg.com/es/sde/f/2015/07/23/29939e9fb2782a200f6b316be622b2c7_FORMATO.jpeg", "clube": {"mercado": 1, "slug": "fluminense", "abreviacao": "flu", "id": 266, "nome": "fluminense"}, "status_id": 7, "jogos": 21, "scout": [{"quantidade": 41, "nome": "FS"}, {"quantidade": 36, "nome": "PE"}, {"quantidade": 4, "nome": "G"}, {"quantidade": 6, "nome": "I"}, {"quantidade": 6, "nome": "RB"}, {"quantidade": 27, "nome": "FC"}, {"quantidade": 8, "nome": "CA"}, {"quantidade": 1, "nome": "CV"}, {"quantidade": 7, "nome": "FF"}, {"quantidade": 7, "nome": "FD"}], "preco": "3.83", "partida_data": "04/10/2015", "variacao": "-0.22", "id": 80188, "media": "1.25", "pontos": "-1.10", "apelido": "Marcos Junior", "posicao": {"abreviacao": "ATA", "id": 5, "nome": "Atacante"}, "partida_clube_visitante": {"mercado": 1, "slug": "fluminense", "abreviacao": "flu", "id": 266, "nome": "fluminense"}, "partida_clube_casa": {"mercado": 1, "slug": "santos", "abreviacao": "san", "id": 277, "nome": "santos"}}, {"status": "Nulo", "foto": "http://s.glbimg.com/es/sde/f/2015/05/07/961689a2f6194313e7c6a09ad75a0012_FORMATO.jpeg", "clube": {"mercado": 1, "slug": "ponte-preta", "abreviacao": "pon", "id": 303, "nome": "ponte preta"}, "status_id": 6, "jogos": 10, "scout": [{"quantidade": 3, "nome": "SG"}, {"quantidade": 5, "nome": "FS"}, {"quantidade": 19, "nome": "PE"}, {"quantidade": 2, "nome": "G"}, {"quantidade": 1, "nome": "I"}, {"quantidade": 5, "nome": "RB"}, {"quantidade": 10, "nome": "FC"}, {"quantidade": 2, "nome": "CA"}, {"quantidade": 1, "nome": "CV"}, {"quantidade": 2, "nome": "FF"}], "preco": "3.83", "partida_data": "04/10/2015", "variacao": "0.00", "id": 51495, "media": "2.33", "pontos": "0.00", "apelido": "Tiago Alves", "posicao": {"abreviacao": "ZAG", "id": 3, "nome": "Zagueiro"}, "partida_clube_visitante": {"mercado": 1, "slug": "corinthians", "abreviacao": "cor", "id": 264, "nome": "corinthians"}, "partida_clube_casa": {"mercado": 1, "slug": "ponte-preta", "abreviacao": "pon", "id": 303, "nome": "ponte preta"}}, {"status": "Nulo", "foto": "http://s.glbimg.com/es/sde/f/2014/08/29/761228613d42f2d82cf223c82ad47e04_FORMATO.jpeg", "clube": {"mercado": 1, "slug": "palmeiras", "abreviacao": "pal", "id": 275, "nome": "palmeiras"}, "status_id": 6, "jogos": 1, "scout": [{"quantidade": 2, "nome": "PE"}, {"quantidade": 2, "nome": "FC"}], "preco": "3.80", "partida_data": "04/10/2015", "variacao": "0.00", "id": 89156, "media": "-1.60", "pontos": "0.00", "apelido": "Nathan", "posicao": {"abreviacao": "ZAG", "id": 3, "nome": "Zagueiro"}, "partida_clube_visitante": {"mercado": 1, "slug": "palmeiras", "abreviacao": "pal", "id": 275, "nome": "palmeiras"}, "partida_clube_casa": {"mercado": 1, "slug": "chapecoense", "abreviacao": "cha", "id": 315, "nome": "chapecoense"}}, {"status": "Prov\u00e1vel", "foto": "http://s.glbimg.com/es/sde/f/2015/07/22/74b1250ab922ab3facddad4390e9b97a_FORMATO.jpeg", "clube": {"mercado": 1, "slug": "gremio", "abreviacao": "gre", "id": 284, "nome": "gr\u00eamio"}, "status_id": 7, "jogos": 15, "scout": [{"quantidade": 6, "nome": "FS"}, {"quantidade": 38, "nome": "PE"}, {"quantidade": 2, "nome": "A"}, {"quantidade": 1, "nome": "I"}, {"quantidade": 21, "nome": "RB"}, {"quantidade": 17, "nome": "FC"}, {"quantidade": 7, "nome": "CA"}, {"quantidade": 2, "nome": "FF"}], "preco": "3.78", "partida_data": "04/10/2015", "variacao": "-0.11", "id": 37792, "media": "1.05", "pontos": "1.50", "apelido": "Edinho", "posicao": {"abreviacao": "MEI", "id": 4, "nome": "Meia"}, "partida_clube_visitante": {"mercado": 1, "slug": "gremio", "abreviacao": "gre", "id": 284, "nome": "gr\u00eamio"}, "partida_clube_casa": {"mercado": 1, "slug": "cruzeiro", "abreviacao": "cru", "id": 283, "nome": "cruzeiro"}}, {"status": "Nulo", "foto": "http://s.glbimg.com/es/sde/f/2015/08/28/bc79824ed71a2490fd6a79a36eb04793_FORMATO.jpeg", "clube": {"mercado": 1, "slug": "ponte-preta", "abreviacao": "pon", "id": 303, "nome": "ponte preta"}, "status_id": 6, "jogos": 4, "scout": [{"quantidade": 4, "nome": "FS"}, {"quantidade": 7, "nome": "PE"}, {"quantidade": 2, "nome": "RB"}, {"quantidade": 3, "nome": "FC"}, {"quantidade": 1, "nome": "FF"}], "preco": "3.76", "partida_data": "04/10/2015", "variacao": "0.12", "id": 83817, "media": "0.62", "pontos": "1.90", "apelido": "Clayson", "posicao": {"abreviacao": "MEI", "id": 4, "nome": "Meia"}, "partida_clube_visitante": {"mercado": 1, "slug": "corinthians", "abreviacao": "cor", "id": 264, "nome": "corinthians"}, "partida_clube_casa": {"mercado": 1, "slug": "ponte-preta", "abreviacao": "pon", "id": 303, "nome": "ponte preta"}}, {"status": "Nulo", "foto": "http://s.glbimg.com/es/sde/f/2015/01/19/2e98a6453f641b1bccbeef2776467ae3_FORMATO.jpeg", "clube": {"mercado": 1, "slug": "atletico-mg", "abreviacao": "atl", "id": 282, "nome": "atl\u00e9tico-mg"}, "status_id": 6, "jogos": 10, "scout": [{"quantidade": 8, "nome": "FS"}, {"quantidade": 10, "nome": "PE"}, {"quantidade": 1, "nome": "I"}, {"quantidade": 4, "nome": "RB"}, {"quantidade": 3, "nome": "FC"}, {"quantidade": 1, "nome": "CA"}, {"quantidade": 4, "nome": "FF"}, {"quantidade": 2, "nome": "FD"}], "preco": "3.75", "partida_data": "03/10/2015", "variacao": "0.00", "id": 84927, "media": "0.86", "pontos": "0.00", "apelido": "Dod\u00f4", "posicao": {"abreviacao": "MEI", "id": 4, "nome": "Meia"}, "partida_clube_visitante": {"mercado": 1, "slug": "atletico-mg", "abreviacao": "atl", "id": 282, "nome": "atl\u00e9tico-mg"}, "partida_clube_casa": {"mercado": 1, "slug": "coritiba", "abreviacao": "cor", "id": 294, "nome": "coritiba"}}, {"status": "Nulo", "foto": "http://s.glbimg.com/es/sde/f/2013/01/21/6c5f18c5527506e32203e0abafcd7951_FORMATO.jpeg", "clube": {"mercado": 1, "slug": "goias", "abreviacao": "goi", "id": 290, "nome": "goi\u00e1s"}, "status_id": 6, "jogos": 7, "scout": [{"quantidade": 2, "nome": "FS"}, {"quantidade": 5, "nome": "PE"}, {"quantidade": 1, "nome": "I"}, {"quantidade": 3, "nome": "FC"}, {"quantidade": 1, "nome": "FF"}, {"quantidade": 1, "nome": "FD"}], "preco": "3.74", "partida_data": "04/10/2015", "variacao": "0.00", "id": 82632, "media": "-0.11", "pontos": "0.00", "apelido": "Lucas Coelho", "posicao": {"abreviacao": "ATA", "id": 5, "nome": "Atacante"}, "partida_clube_visitante": {"mercado": 1, "slug": "figueirense", "abreviacao": "fig", "id": 316, "nome": "figueirense"}, "partida_clube_casa": {"mercado": 1, "slug": "goias", "abreviacao": "goi", "id": 290, "nome": "goi\u00e1s"}}, {"status": "Nulo", "foto": "http://s.glbimg.com/es/sde/f/2012/05/31/e2cfd6fd0da93cbae5a0bb293257facb_FORMATO.jpeg", "clube": {"mercado": 1, "slug": "figueirense", "abreviacao": "fig", "id": 316, "nome": "figueirense"}, "status_id": 6, "jogos": 8, "scout": [{"quantidade": 11, "nome": "FS"}, {"quantidade": 4, "nome": "PE"}, {"quantidade": 3, "nome": "I"}, {"quantidade": 2, "nome": "RB"}, {"quantidade": 5, "nome": "FC"}, {"quantidade": 1, "nome": "FF"}, {"quantidade": 2, "nome": "FD"}], "preco": "3.74", "partida_data": "04/10/2015", "variacao": "0.00", "id": 63133, "media": "0.80", "pontos": "0.00", "apelido": "Elias", "posicao": {"abreviacao": "ATA", "id": 5, "nome": "Atacante"}, "partida_clube_visitante": {"mercado": 1, "slug": "figueirense", "abreviacao": "fig", "id": 316, "nome": "figueirense"}, "partida_clube_casa": {"mercado": 1, "slug": "goias", "abreviacao": "goi", "id": 290, "nome": "goi\u00e1s"}}, {"status": "Nulo", "foto": "http://s.glbimg.com/es/sde/f/2014/12/19/d933c300d9f6110a030ea1326aace20f_FORMATO.jpeg", "clube": {"mercado": 1, "slug": "palmeiras", "abreviacao": "pal", "id": 275, "nome": "palmeiras"}, "status_id": 6, "jogos": 8, "scout": [{"quantidade": 7, "nome": "FS"}, {"quantidade": 8, "nome": "PE"}, {"quantidade": 1, "nome": "G"}, {"quantidade": 7, "nome": "RB"}, {"quantidade": 7, "nome": "FC"}, {"quantidade": 1, "nome": "CA"}, {"quantidade": 1, "nome": "FF"}, {"quantidade": 2, "nome": "FD"}], "preco": "3.73", "partida_data": "04/10/2015", "variacao": "0.28", "id": 83683, "media": "2.27", "pontos": "0.00", "apelido": "Andrei Girotto", "posicao": {"abreviacao": "MEI", "id": 4, "nome": "Meia"}, "partida_clube_visitante": {"mercado": 1, "slug": "palmeiras", "abreviacao": "pal", "id": 275, "nome": "palmeiras"}, "partida_clube_casa": {"mercado": 1, "slug": "chapecoense", "abreviacao": "cha", "id": 315, "nome": "chapecoense"}}, {"status": "Nulo", "foto": "http://s.glbimg.com/es/sde/f/2015/05/07/f60aa2a2bd3bf19d349795166287f1b1_FORMATO.jpeg", "clube": {"mercado": 1, "slug": "ponte-preta", "abreviacao": "pon", "id": 303, "nome": "ponte preta"}, "status_id": 6, "jogos": 2, "scout": [{"quantidade": 1, "nome": "SG"}, {"quantidade": 3, "nome": "FS"}, {"quantidade": 3, "nome": "PE"}, {"quantidade": 1, "nome": "RB"}, {"quantidade": 4, "nome": "FC"}], "preco": "3.72", "partida_data": "04/10/2015", "variacao": "0.00", "id": 69143, "media": "2.65", "pontos": "0.00", "apelido": "Diego Ivo", "posicao": {"abreviacao": "ZAG", "id": 3, "nome": "Zagueiro"}, "partida_clube_visitante": {"mercado": 1, "slug": "corinthians", "abreviacao": "cor", "id": 264, "nome": "corinthians"}, "partida_clube_casa": {"mercado": 1, "slug": "ponte-preta", "abreviacao": "pon", "id": 303, "nome": "ponte preta"}}]}