{"rodada_id": 34, "page": {"atual": "9", "total": "42"}, "atleta": [{"status": "Suspenso", "foto": "http://s.glbimg.com/es/sde/f/2015/10/28/d5ea8040a8e9c246aec71af70934bdc8_FORMATO.jpeg", "clube": {"mercado": 1, "slug": "internacional", "abreviacao": "int", "id": 285, "nome": "internacional"}, "status_id": 3, "jogos": 17, "scout": [{"quantidade": 8, "nome": "SG"}, {"quantidade": 17, "nome": "FS"}, {"quantidade": 31, "nome": "PE"}, {"quantidade": 2, "nome": "G"}, {"quantidade": 2, "nome": "I"}, {"quantidade": 12, "nome": "RB"}, {"quantidade": 7, "nome": "FC"}, {"quantidade": 1, "nome": "GC"}, {"quantidade": 3, "nome": "CA"}, {"quantidade": 1, "nome": "FF"}, {"quantidade": 1, "nome": "FD"}], "preco": "9.74", "partida_data": "07/11/2015", "variacao": "-1.85", "id": 52253, "media": "3.58", "pontos": "-3.10", "apelido": "R\u00e9ver", "posicao": {"abreviacao": "ZAG", "id": 3, "nome": "Zagueiro"}, "partida_clube_visitante": {"mercado": 1, "slug": "ponte-preta", "abreviacao": "pon", "id": 303, "nome": "ponte preta"}, "partida_clube_casa": {"mercado": 1, "slug": "internacional", "abreviacao": "int", "id": 285, "nome": "internacional"}}, {"status": "Prov\u00e1vel", "foto": null, "clube": {"mercado": 1, "slug": "goias", "abreviacao": "goi", "id": 290, "nome": "goi\u00e1s"}, "status_id": 7, "jogos": 2, "scout": [], "preco": "9.74", "partida_data": "08/11/2015", "variacao": "0.23", "id": 93028, "media": "2.06", "pontos": "2.56", "apelido": "Danny Sergio", "posicao": {"abreviacao": "TEC", "id": 6, "nome": "T\u00e9cnico"}, "partida_clube_visitante": {"mercado": 1, "slug": "goias", "abreviacao": "goi", "id": 290, "nome": "goi\u00e1s"}, "partida_clube_casa": {"mercado": 1, "slug": "flamengo", "abreviacao": "fla", "id": 262, "nome": "flamengo"}}, {"status": "Prov\u00e1vel", "foto": "http://s.glbimg.com/es/sde/f/2015/10/29/1e2c8679c3fbb49fbf1ca9ab7a8993da_FORMATO.png", "clube": {"mercado": 1, "slug": "flamengo", "abreviacao": "fla", "id": 262, "nome": "flamengo"}, "status_id": 7, "jogos": 30, "scout": [{"quantidade": 16, "nome": "FS"}, {"quantidade": 112, "nome": "PE"}, {"quantidade": 4, "nome": "A"}, {"quantidade": 2, "nome": "G"}, {"quantidade": 5, "nome": "I"}, {"quantidade": 53, "nome": "RB"}, {"quantidade": 38, "nome": "FC"}, {"quantidade": 7, "nome": "CA"}, {"quantidade": 1, "nome": "CV"}, {"quantidade": 13, "nome": "FF"}, {"quantidade": 8, "nome": "FD"}], "preco": "9.71", "partida_data": "08/11/2015", "variacao": "0.21", "id": 73918, "media": "2.58", "pontos": "0.70", "apelido": "Canteros", "posicao": {"abreviacao": "MEI", "id": 4, "nome": "Meia"}, "partida_clube_visitante": {"mercado": 1, "slug": "goias", "abreviacao": "goi", "id": 290, "nome": "goi\u00e1s"}, "partida_clube_casa": {"mercado": 1, "slug": "flamengo", "abreviacao": "fla", "id": 262, "nome": "flamengo"}}, {"status": "Prov\u00e1vel", "foto": "http://s.glbimg.com/es/sde/f/2015/10/27/9626972fceb79f04979af232e6202d00_FORMATO.png", "clube": {"mercado": 1, "slug": "sport", "abreviacao": "spo", "id": 292, "nome": "sport"}, "status_id": 7, "jogos": 25, "scout": [{"quantidade": 40, "nome": "FS"}, {"quantidade": 68, "nome": "PE"}, {"quantidade": 6, "nome": "A"}, {"quantidade": 2, "nome": "FT"}, {"quantidade": 11, "nome": "G"}, {"quantidade": 22, "nome": "I"}, {"quantidade": 14, "nome": "RB"}, {"quantidade": 23, "nome": "FC"}, {"quantidade": 1, "nome": "CA"}, {"quantidade": 14, "nome": "FF"}, {"quantidade": 7, "nome": "FD"}], "preco": "9.69", "partida_data": "08/11/2015", "variacao": "-1.80", "id": 68690, "media": "5.64", "pontos": "1.10", "apelido": "Andr\u00e9", "posicao": {"abreviacao": "ATA", "id": 5, "nome": "Atacante"}, "partida_clube_visitante": {"mercado": 1, "slug": "gremio", "abreviacao": "gre", "id": 284, "nome": "gr\u00eamio"}, "partida_clube_casa": {"mercado": 1, "slug": "sport", "abreviacao": "spo", "id": 292, "nome": "sport"}}, {"status": "Prov\u00e1vel", "foto": "http://s.glbimg.com/es/sde/f/2015/07/22/036da9cfbda2ab5c7529f7af029fcc3c_FORMATO.jpeg", "clube": {"mercado": 1, "slug": "sao-paulo", "abreviacao": "sao", "id": 276, "nome": "s\u00e3o paulo"}, "status_id": 7, "jogos": 22, "scout": [{"quantidade": 21, "nome": "FS"}, {"quantidade": 53, "nome": "PE"}, {"quantidade": 2, "nome": "A"}, {"quantidade": 1, "nome": "G"}, {"quantidade": 2, "nome": "I"}, {"quantidade": 21, "nome": "RB"}, {"quantidade": 21, "nome": "FC"}, {"quantidade": 4, "nome": "CA"}, {"quantidade": 7, "nome": "FF"}, {"quantidade": 5, "nome": "FD"}], "preco": "9.68", "partida_data": "08/11/2015", "variacao": "0.56", "id": 50421, "media": "1.75", "pontos": "2.80", "apelido": "Wesley", "posicao": {"abreviacao": "MEI", "id": 4, "nome": "Meia"}, "partida_clube_visitante": {"mercado": 1, "slug": "sao-paulo", "abreviacao": "sao", "id": 276, "nome": "s\u00e3o paulo"}, "partida_clube_casa": {"mercado": 1, "slug": "cruzeiro", "abreviacao": "cru", "id": 283, "nome": "cruzeiro"}}, {"status": "Prov\u00e1vel", "foto": "http://s.glbimg.com/es/sde/f/2015/10/28/56302012ccb990856e892351b1112633_FORMATO.jpeg", "clube": {"mercado": 1, "slug": "internacional", "abreviacao": "int", "id": 285, "nome": "internacional"}, "status_id": 7, "jogos": 24, "scout": [{"quantidade": 11, "nome": "SG"}, {"quantidade": 8, "nome": "FS"}, {"quantidade": 25, "nome": "PE"}, {"quantidade": 1, "nome": "FT"}, {"quantidade": 3, "nome": "G"}, {"quantidade": 1, "nome": "I"}, {"quantidade": 12, "nome": "RB"}, {"quantidade": 13, "nome": "FC"}, {"quantidade": 1, "nome": "CA"}, {"quantidade": 3, "nome": "FF"}, {"quantidade": 3, "nome": "FD"}], "preco": "9.60", "partida_data": "07/11/2015", "variacao": "-0.87", "id": 49651, "media": "3.98", "pontos": "-0.30", "apelido": "Ernando", "posicao": {"abreviacao": "ZAG", "id": 3, "nome": "Zagueiro"}, "partida_clube_visitante": {"mercado": 1, "slug": "ponte-preta", "abreviacao": "pon", "id": 303, "nome": "ponte preta"}, "partida_clube_casa": {"mercado": 1, "slug": "internacional", "abreviacao": "int", "id": 285, "nome": "internacional"}}, {"status": "Nulo", "foto": "http://s.glbimg.com/es/sde/f/2015/01/21/819ced569ef15579e7a1b09f2439fbd7_FORMATO.jpeg", "clube": {"mercado": 1, "slug": "sao-paulo", "abreviacao": "sao", "id": 276, "nome": "s\u00e3o paulo"}, "status_id": 6, "jogos": 22, "scout": [{"quantidade": 33, "nome": "FS"}, {"quantidade": 39, "nome": "PE"}, {"quantidade": 2, "nome": "A"}, {"quantidade": 2, "nome": "G"}, {"quantidade": 10, "nome": "I"}, {"quantidade": 7, "nome": "RB"}, {"quantidade": 11, "nome": "FC"}, {"quantidade": 10, "nome": "FF"}, {"quantidade": 9, "nome": "FD"}], "preco": "9.58", "partida_data": "08/11/2015", "variacao": "0.00", "id": 88269, "media": "2.20", "pontos": "0.00", "apelido": "Centuri\u00f3n", "posicao": {"abreviacao": "ATA", "id": 5, "nome": "Atacante"}, "partida_clube_visitante": {"mercado": 1, "slug": "sao-paulo", "abreviacao": "sao", "id": 276, "nome": "s\u00e3o paulo"}, "partida_clube_casa": {"mercado": 1, "slug": "cruzeiro", "abreviacao": "cru", "id": 283, "nome": "cruzeiro"}}, {"status": "Nulo", "foto": "http://s.glbimg.com/es/sde/f/2015/01/15/0833fffcd3802a00119263041a1c16ef_FORMATO.png", "clube": {"mercado": 1, "slug": "cruzeiro", "abreviacao": "cru", "id": 283, "nome": "cruzeiro"}, "status_id": 6, "jogos": 15, "scout": [{"quantidade": 5, "nome": "SG"}, {"quantidade": 3, "nome": "FS"}, {"quantidade": 38, "nome": "PE"}, {"quantidade": 1, "nome": "I"}, {"quantidade": 17, "nome": "RB"}, {"quantidade": 17, "nome": "FC"}, {"quantidade": 4, "nome": "CA"}, {"quantidade": 1, "nome": "FD"}], "preco": "9.48", "partida_data": "08/11/2015", "variacao": "0.00", "id": 81150, "media": "1.87", "pontos": "0.00", "apelido": "Mayke", "posicao": {"abreviacao": "LAT", "id": 2, "nome": "Lateral"}, "partida_clube_visitante": {"mercado": 1, "slug": "sao-paulo", "abreviacao": "sao", "id": 276, "nome": "s\u00e3o paulo"}, "partida_clube_casa": {"mercado": 1, "slug": "cruzeiro", "abreviacao": "cru", "id": 283, "nome": "cruzeiro"}}, {"status": "Nulo", "foto": "http://s.glbimg.com/es/sde/f/2015/10/29/d6d6ce65e04169eeff26f3d67bcbea1b_FORMATO.png", "clube": {"mercado": 1, "slug": "flamengo", "abreviacao": "fla", "id": 262, "nome": "flamengo"}, "status_id": 6, "jogos": 20, "scout": [{"quantidade": 7, "nome": "SG"}, {"quantidade": 24, "nome": "FS"}, {"quantidade": 20, "nome": "PE"}, {"quantidade": 22, "nome": "RB"}, {"quantidade": 14, "nome": "FC"}, {"quantidade": 2, "nome": "GC"}, {"quantidade": 2, "nome": "CA"}, {"quantidade": 9, "nome": "FF"}], "preco": "9.43", "partida_data": "08/11/2015", "variacao": "0.00", "id": 84318, "media": "3.09", "pontos": "0.00", "apelido": "Samir ", "posicao": {"abreviacao": "ZAG", "id": 3, "nome": "Zagueiro"}, "partida_clube_visitante": {"mercado": 1, "slug": "goias", "abreviacao": "goi", "id": 290, "nome": "goi\u00e1s"}, "partida_clube_casa": {"mercado": 1, "slug": "flamengo", "abreviacao": "fla", "id": 262, "nome": "flamengo"}}, {"status": "Prov\u00e1vel", "foto": "http://s.glbimg.com/es/sde/f/2015/10/28/e606247d05f69b7c759ae06ab02249ae_FORMATO.jpeg", "clube": {"mercado": 1, "slug": "goias", "abreviacao": "goi", "id": 290, "nome": "goi\u00e1s"}, "status_id": 7, "jogos": 29, "scout": [{"quantidade": 18, "nome": "FS"}, {"quantidade": 54, "nome": "PE"}, {"quantidade": 1, "nome": "A"}, {"quantidade": 1, "nome": "G"}, {"quantidade": 63, "nome": "RB"}, {"quantidade": 43, "nome": "FC"}, {"quantidade": 1, "nome": "CA"}, {"quantidade": 6, "nome": "FF"}, {"quantidade": 5, "nome": "FD"}], "preco": "9.38", "partida_data": "08/11/2015", "variacao": "-0.47", "id": 86935, "media": "3.40", "pontos": "-0.30", "apelido": "Rodrigo", "posicao": {"abreviacao": "MEI", "id": 4, "nome": "Meia"}, "partida_clube_visitante": {"mercado": 1, "slug": "goias", "abreviacao": "goi", "id": 290, "nome": "goi\u00e1s"}, "partida_clube_casa": {"mercado": 1, "slug": "flamengo", "abreviacao": "fla", "id": 262, "nome": "flamengo"}}, {"status": "Prov\u00e1vel", "foto": "http://s.glbimg.com/es/sde/f/2015/01/15/038f0bb872b7b2a508b6f0808d6a1fdd_FORMATO.png", "clube": {"mercado": 1, "slug": "cruzeiro", "abreviacao": "cru", "id": 283, "nome": "cruzeiro"}, "status_id": 7, "jogos": 31, "scout": [{"quantidade": 9, "nome": "SG"}, {"quantidade": 22, "nome": "FS"}, {"quantidade": 70, "nome": "PE"}, {"quantidade": 2, "nome": "A"}, {"quantidade": 1, "nome": "G"}, {"quantidade": 1, "nome": "I"}, {"quantidade": 39, "nome": "RB"}, {"quantidade": 30, "nome": "FC"}, {"quantidade": 4, "nome": "CA"}, {"quantidade": 11, "nome": "FF"}, {"quantidade": 3, "nome": "FD"}], "preco": "9.33", "partida_data": "08/11/2015", "variacao": "-1.59", "id": 69014, "media": "3.43", "pontos": "-0.70", "apelido": "Manoel", "posicao": {"abreviacao": "ZAG", "id": 3, "nome": "Zagueiro"}, "partida_clube_visitante": {"mercado": 1, "slug": "sao-paulo", "abreviacao": "sao", "id": 276, "nome": "s\u00e3o paulo"}, "partida_clube_casa": {"mercado": 1, "slug": "cruzeiro", "abreviacao": "cru", "id": 283, "nome": "cruzeiro"}}, {"status": "Prov\u00e1vel", "foto": "http://s.glbimg.com/es/sde/f/2015/10/28/43d5b26022fe198eef91efdb1924646d_FORMATO.png", "clube": {"mercado": 1, "slug": "atletico-mg", "abreviacao": "atl", "id": 282, "nome": "atl\u00e9tico-mg"}, "status_id": 7, "jogos": 26, "scout": [{"quantidade": 35, "nome": "FS"}, {"quantidade": 71, "nome": "PE"}, {"quantidade": 1, "nome": "A"}, {"quantidade": 42, "nome": "RB"}, {"quantidade": 30, "nome": "FC"}, {"quantidade": 5, "nome": "CA"}, {"quantidade": 4, "nome": "FF"}, {"quantidade": 4, "nome": "FD"}], "preco": "9.32", "partida_data": "08/11/2015", "variacao": "-0.91", "id": 51318, "media": "2.09", "pontos": "1.80", "apelido": "Leandro Donizete", "posicao": {"abreviacao": "MEI", "id": 4, "nome": "Meia"}, "partida_clube_visitante": {"mercado": 1, "slug": "atletico-mg", "abreviacao": "atl", "id": 282, "nome": "atl\u00e9tico-mg"}, "partida_clube_casa": {"mercado": 1, "slug": "figueirense", "abreviacao": "fig", "id": 316, "nome": "figueirense"}}, {"status": "Nulo", "foto": "http://s.glbimg.com/es/sde/f/2015/10/29/fce36d761c8f36b205546d3df7a19cdb_FORMATO.png", "clube": {"mercado": 1, "slug": "flamengo", "abreviacao": "fla", "id": 262, "nome": "flamengo"}, "status_id": 6, "jogos": 16, "scout": [{"quantidade": 21, "nome": "FS"}, {"quantidade": 33, "nome": "PE"}, {"quantidade": 1, "nome": "I"}, {"quantidade": 36, "nome": "RB"}, {"quantidade": 28, "nome": "FC"}, {"quantidade": 3, "nome": "CA"}, {"quantidade": 2, "nome": "CV"}, {"quantidade": 5, "nome": "FF"}, {"quantidade": 1, "nome": "FD"}], "preco": "9.24", "partida_data": "08/11/2015", "variacao": "0.00", "id": 85586, "media": "2.23", "pontos": "0.00", "apelido": "Jonas", "posicao": {"abreviacao": "MEI", "id": 4, "nome": "Meia"}, "partida_clube_visitante": {"mercado": 1, "slug": "goias", "abreviacao": "goi", "id": 290, "nome": "goi\u00e1s"}, "partida_clube_casa": {"mercado": 1, "slug": "flamengo", "abreviacao": "fla", "id": 262, "nome": "flamengo"}}, {"status": "Nulo", "foto": "http://s.glbimg.com/es/sde/f/2015/03/04/09c3c84e0722b116ac3bc05aab5550a9_FORMATO.png", "clube": {"mercado": 1, "slug": "ponte-preta", "abreviacao": "pon", "id": 303, "nome": "ponte preta"}, "status_id": 6, "jogos": 10, "scout": [{"quantidade": 4, "nome": "FS"}, {"quantidade": 30, "nome": "PE"}, {"quantidade": 1, "nome": "A"}, {"quantidade": 1, "nome": "FT"}, {"quantidade": 1, "nome": "G"}, {"quantidade": 1, "nome": "I"}, {"quantidade": 8, "nome": "RB"}, {"quantidade": 8, "nome": "FC"}, {"quantidade": 1, "nome": "CA"}, {"quantidade": 4, "nome": "FF"}, {"quantidade": 1, "nome": "FD"}], "preco": "9.23", "partida_data": "07/11/2015", "variacao": "0.00", "id": 71113, "media": "2.05", "pontos": "0.00", "apelido": "Felipe ", "posicao": {"abreviacao": "MEI", "id": 4, "nome": "Meia"}, "partida_clube_visitante": {"mercado": 1, "slug": "ponte-preta", "abreviacao": "pon", "id": 303, "nome": "ponte preta"}, "partida_clube_casa": {"mercado": 1, "slug": "internacional", "abreviacao": "int", "id": 285, "nome": "internacional"}}, {"status": "Prov\u00e1vel", "foto": "http://s.glbimg.com/es/sde/f/2015/10/30/e88af767345518061755e5624c3f3fe8_FORMATO.png", "clube": {"mercado": 1, "slug": "coritiba", "abreviacao": "cor", "id": 294, "nome": "coritiba"}, "status_id": 7, "jogos": 15, "scout": [{"quantidade": 26, "nome": "FS"}, {"quantidade": 29, "nome": "PE"}, {"quantidade": 1, "nome": "FT"}, {"quantidade": 9, "nome": "G"}, {"quantidade": 9, "nome": "I"}, {"quantidade": 11, "nome": "RB"}, {"quantidade": 25, "nome": "FC"}, {"quantidade": 4, "nome": "CA"}, {"quantidade": 1, "nome": "CV"}, {"quantidade": 15, "nome": "FF"}, {"quantidade": 11, "nome": "FD"}], "preco": "9.19", "partida_data": "07/11/2015", "variacao": "0.00", "id": 68773, "media": "6.00", "pontos": "0.00", "apelido": "Henrique Almeida", "posicao": {"abreviacao": "ATA", "id": 5, "nome": "Atacante"}, "partida_clube_visitante": {"mercado": 1, "slug": "coritiba", "abreviacao": "cor", "id": 294, "nome": "coritiba"}, "partida_clube_casa": {"mercado": 1, "slug": "corinthians", "abreviacao": "cor", "id": 264, "nome": "corinthians"}}, {"status": "Nulo", "foto": "http://s.glbimg.com/es/sde/f/2015/10/28/5daa84a82159ed70dd9f74d72b1b2e61_FORMATO.jpeg", "clube": {"mercado": 1, "slug": "internacional", "abreviacao": "int", "id": 285, "nome": "internacional"}, "status_id": 6, "jogos": 24, "scout": [{"quantidade": 22, "nome": "FS"}, {"quantidade": 79, "nome": "PE"}, {"quantidade": 2, "nome": "A"}, {"quantidade": 2, "nome": "I"}, {"quantidade": 30, "nome": "RB"}, {"quantidade": 28, "nome": "FC"}, {"quantidade": 3, "nome": "CA"}, {"quantidade": 1, "nome": "CV"}, {"quantidade": 3, "nome": "FF"}, {"quantidade": 8, "nome": "FD"}], "preco": "9.17", "partida_data": "07/11/2015", "variacao": "0.91", "id": 38852, "media": "1.34", "pontos": "2.00", "apelido": "Anderson", "posicao": {"abreviacao": "MEI", "id": 4, "nome": "Meia"}, "partida_clube_visitante": {"mercado": 1, "slug": "ponte-preta", "abreviacao": "pon", "id": 303, "nome": "ponte preta"}, "partida_clube_casa": {"mercado": 1, "slug": "internacional", "abreviacao": "int", "id": 285, "nome": "internacional"}}, {"status": "Prov\u00e1vel", "foto": "http://s.glbimg.com/es/sde/f/2015/05/07/bef3ce9ba60129dd808c883957fdcbaa_FORMATO.jpeg", "clube": {"mercado": 1, "slug": "ponte-preta", "abreviacao": "pon", "id": 303, "nome": "ponte preta"}, "status_id": 7, "jogos": 25, "scout": [{"quantidade": 9, "nome": "SG"}, {"quantidade": 13, "nome": "FS"}, {"quantidade": 56, "nome": "PE"}, {"quantidade": 1, "nome": "A"}, {"quantidade": 2, "nome": "G"}, {"quantidade": 2, "nome": "I"}, {"quantidade": 38, "nome": "RB"}, {"quantidade": 24, "nome": "FC"}, {"quantidade": 6, "nome": "CA"}, {"quantidade": 8, "nome": "FF"}, {"quantidade": 5, "nome": "FD"}], "preco": "9.13", "partida_data": "07/11/2015", "variacao": "-0.95", "id": 68827, "media": "4.22", "pontos": "5.50", "apelido": "Renato Chaves", "posicao": {"abreviacao": "ZAG", "id": 3, "nome": "Zagueiro"}, "partida_clube_visitante": {"mercado": 1, "slug": "ponte-preta", "abreviacao": "pon", "id": 303, "nome": "ponte preta"}, "partida_clube_casa": {"mercado": 1, "slug": "internacional", "abreviacao": "int", "id": 285, "nome": "internacional"}}, {"status": "D\u00favida", "foto": "http://s.glbimg.com/es/sde/f/2014/12/17/b0e34c8b3b3b1730dfe88cfef867572c_FORMATO.jpeg", "clube": {"mercado": 1, "slug": "palmeiras", "abreviacao": "pal", "id": 275, "nome": "palmeiras"}, "status_id": 2, "jogos": 11, "scout": [{"quantidade": 6, "nome": "FS"}, {"quantidade": 14, "nome": "PE"}, {"quantidade": 1, "nome": "A"}, {"quantidade": 1, "nome": "FT"}, {"quantidade": 4, "nome": "G"}, {"quantidade": 8, "nome": "I"}, {"quantidade": 1, "nome": "RB"}, {"quantidade": 10, "nome": "FC"}, {"quantidade": 3, "nome": "FF"}, {"quantidade": 4, "nome": "FD"}], "preco": "9.13", "partida_data": "08/11/2015", "variacao": "0.32", "id": 69282, "media": "3.46", "pontos": "2.90", "apelido": "Lucas Barrios", "posicao": {"abreviacao": "ATA", "id": 5, "nome": "Atacante"}, "partida_clube_visitante": {"mercado": 1, "slug": "vasco", "abreviacao": "vas", "id": 267, "nome": "vasco"}, "partida_clube_casa": {"mercado": 1, "slug": "palmeiras", "abreviacao": "pal", "id": 275, "nome": "palmeiras"}}, {"status": "Prov\u00e1vel", "foto": "http://s.glbimg.com/es/sde/f/2015/10/30/8d1c27841b6a54e5f2e7890506053821_FORMATO.jpeg", "clube": {"mercado": 1, "slug": "coritiba", "abreviacao": "cor", "id": 294, "nome": "coritiba"}, "status_id": 7, "jogos": 27, "scout": [], "preco": "9.11", "partida_data": "07/11/2015", "variacao": "0.34", "id": 37246, "media": "3.23", "pontos": "2.81", "apelido": "Ney Franco", "posicao": {"abreviacao": "TEC", "id": 6, "nome": "T\u00e9cnico"}, "partida_clube_visitante": {"mercado": 1, "slug": "coritiba", "abreviacao": "cor", "id": 294, "nome": "coritiba"}, "partida_clube_casa": {"mercado": 1, "slug": "corinthians", "abreviacao": "cor", "id": 264, "nome": "corinthians"}}, {"status": "Prov\u00e1vel", "foto": "http://s.glbimg.com/es/sde/f/2011/08/10/e4edd132843071ef543818a82136e24d_FORMATO.jpeg", "clube": {"mercado": 1, "slug": "vasco", "abreviacao": "vas", "id": 267, "nome": "vasco"}, "status_id": 7, "jogos": 14, "scout": [], "preco": "9.11", "partida_data": "08/11/2015", "variacao": "-0.95", "id": 70323, "media": "2.78", "pontos": "0.76", "apelido": "Jorginho", "posicao": {"abreviacao": "TEC", "id": 6, "nome": "T\u00e9cnico"}, "partida_clube_visitante": {"mercado": 1, "slug": "vasco", "abreviacao": "vas", "id": 267, "nome": "vasco"}, "partida_clube_casa": {"mercado": 1, "slug": "palmeiras", "abreviacao": "pal", "id": 275, "nome": "palmeiras"}}]}