"","Atleta","gamesPlayed","points_pg","price_pg","points_per_price"
"36443","36443",35,0,5,0
"36540","36540",35,0.425714285714286,10.9165714285714,0.0356590971597675
"36591","36591",35,0.142857142857143,3.31028571428571,0.0408163265306122
"36612","36612",35,3.72285714285714,26.162,0.137034554461375
"36650","36650",35,0.262857142857143,4.05342857142857,0.0609557417746883
"36790","36790",35,0.257142857142857,9.34428571428571,0.0234437137727428
"36802","36802",11,-0.436363636363636,12.4518181818182,-0.0380889510724724
"36856","36856",11,2.50545454545455,9.86545454545455,0.247510763101191
"36940","36940",21,3.42952380952381,10.9428571428571,0.30704574989357
"37085","37085",6,2.01,7.17,0.271464211393154
"37086","37086",4,0.5775,11.5675,0.0484057575477203
"37187","37187",21,2.78190476190476,10.2957142857143,0.268341642012721
"37245","37245",27,3.58259259259259,12.3951851851852,0.295570406580144
"37246","37246",25,3.0908,7.8596,0.386597580769496
"37281","37281",15,3.82866666666667,12.6673333333333,0.297051828346624
"37306","37306",31,2.20193548387097,5.75354838709677,0.368583498470937
"37604","37604",35,0.414285714285714,6.83742857142857,0.0497273928798836
"37607","37607",35,1.95142857142857,13.6837142857143,0.134205855967919
"37608","37608",35,0.58,9.50685714285714,0.0588473177401615
"37613","37613",34,0.0558823529411765,7.16529411764706,0.0089214536865761
"37623","37623",21,0.604761904761905,4.61142857142857,0.108938234404398
"37627","37627",35,0.697142857142857,5.58228571428571,0.112152518314574
"37633","37633",29,0.803448275862069,3.77827586206897,0.168931146797835
"37644","37644",35,4.76857142857143,19.8982857142857,0.229248382053756
"37652","37652",35,1.21142857142857,8.94485714285714,0.132039465051259
"37653","37653",15,2.54,16.434,0.150099973018579
"37654","37654",23,0.0869565217391304,5.07391304347826,0.0109448330162329
"37655","37655",35,0.688571428571429,8.52057142857143,0.0645563016602008
"37656","37656",35,3.13142857142857,12.6597142857143,0.222551337121437
"37657","37657",35,1.75714285714286,11.3402857142857,0.149478807341545
"37662","37662",12,0.791666666666667,7.8275,0.105083964761082
"37663","37663",35,1.94857142857143,4.35142857142857,0.37621913434696
"37673","37673",35,0.842857142857143,12.9037142857143,0.0598018786023979
"37674","37674",12,0.333333333333333,5.5275,0.0310627195456556
"37688","37688",21,1.35714285714286,10.6214285714286,0.114008287987022
"37694","37694",35,2.90285714285714,12.4445714285714,0.224221066769051
"37695","37695",35,0.171428571428571,2.70828571428571,0.00189238344539882
"37705","37705",21,2.3,5.12761904761905,0.346394963110375
"37718","37718",35,0.92,4.57942857142857,0.190001046548359
"37770","37770",35,2.51142857142857,17.7354285714286,0.141675047944443
"37781","37781",35,0.0857142857142857,6.59828571428571,0.00712098137271694
"37783","37783",7,0,6,0
"37784","37784",26,0.2,8.73846153846154,0.0188950278084199
"37790","37790",35,1.00285714285714,4.35371428571429,0.150738461651866
"37792","37792",32,0.46875,3.6390625,0.0888421294541814
"37837","37837",12,0.9,5.85916666666667,0.131866777135797
"37840","37840",21,1.80952380952381,9.28428571428571,0.178889191299471
"37851","37851",14,2.22857142857143,7.61214285714286,0.248946703326733
"37899","37899",35,2.52571428571429,19.6571428571429,0.116344939860318
"37917","37917",19,0.363157894736842,10.3789473684211,0.0350571037013179
"37919","37919",35,2.26,15.58,0.134746476802191
"37941","37941",35,1.03142857142857,12.3288571428571,0.080609859751025
"37958","37958",35,-0.177142857142857,8.02657142857143,-0.0261054508564679
"37984","37984",35,0,6,0
"37993","37993",35,0.151428571428571,5.06657142857143,0.0298460862321217
"38021","38021",35,1.82,9.79857142857143,0.177375001571275
"38032","38032",29,1.72758620689655,6.08724137931034,0.258937731368641
"38043","38043",35,0,4.02485714285714,0
"38055","38055",35,2.92571428571429,26.0394285714286,0.108318493050926
"38061","38061",35,0.128571428571429,3.64542857142857,0.0330832516667964
"38064","38064",8,0.8625,10.65375,0.0789522275325191
"38067","38067",35,0.314285714285714,6.96342857142857,0.0406856141081447
"38069","38069",35,0,10,0
"38074","38074",36,-0.430555555555556,0.893888888888889,-0.484754870563688
"38100","38100",35,3.10285714285714,12.6165714285714,0.235633375518533
"38108","38108",35,0.0314285714285714,6.84971428571429,-0.0168044127545179
"38138","38138",11,0.509090909090909,11.5490909090909,0.040226967580948
"38139","38139",21,2.88095238095238,6.42428571428571,0.368824051670159
"38140","38140",35,3.15142857142857,13.7434285714286,0.218614193324886
"38150","38150",35,0.442857142857143,14.1625714285714,0.0182251099806516
"38162","38162",35,2.69142857142857,24.5502857142857,0.103258643376903
"38178","38178",35,0.574285714285714,5.304,0.0804023938910536
"38186","38186",35,0.188571428571429,5.71457142857143,0.0354460061377463
"38187","38187",33,0.0363636363636364,9.81454545454545,0.0042932274337233
"38194","38194",35,0.86,7.89028571428571,0.0872133699677807
"38196","38196",35,1.11714285714286,5.398,0.184625965849197
"38219","38219",35,1.61428571428571,12.3094285714286,0.123229205766546
"38229","38229",6,5.2,16.235,0.295792023049213
"38246","38246",12,2.03333333333333,28.7908333333333,0.0693136856733904
"38247","38247",29,0.448275862068966,6.79586206896552,0.0620820900730522
"38278","38278",36,-0.0305555555555556,0.996111111111111,-0.0619892275381594
"38279","38279",35,0.342857142857143,8.45857142857143,0.0281328440491868
"38287","38287",23,0.547826086956522,12.2939130434783,0.039710479306371
"38311","38311",35,1.86,7.21628571428571,0.244091849203518
"38315","38315",35,5.04571428571429,18.4805714285714,0.259806800422434
"38365","38365",35,0.454285714285714,5.728,0.0723248508744314
"38394","38394",35,1.67714285714286,11.6085714285714,0.137838234095679
"38398","38398",35,2.92,12.518,0.219812584840702
"38425","38425",15,0.713333333333333,5.542,0.120056547356947
"38431","38431",35,3.93714285714286,15.1631428571429,0.241335293355449
"38435","38435",19,0.431578947368421,14.2942105263158,0.0283646552158076
"38440","38440",35,0.677142857142857,5.54857142857143,0.1093499917569
"38446","38446",35,0,4,0
"38451","38451",35,2.54285714285714,11.1237142857143,0.214270955632775
"38482","38482",29,0.513793103448276,7.71206896551724,0.0549278538107403
"38508","38508",24,0.00416666666666667,3.9025,-0.00189667895739004
"38515","38515",35,1.94285714285714,10.3631428571429,0.172687367333712
"38523","38523",35,1.23142857142857,13.332,0.0921712909531893
"38525","38525",35,0.262857142857143,7.302,0.0306539018876316
"38530","38530",35,0.102857142857143,13.6948571428571,0.00706120648039045
"38573","38573",35,0.64,8.37857142857143,0.0723936012549308
"38579","38579",35,0.354285714285714,3.64,0.0761545907034533
"38632","38632",35,3.40571428571429,13.656,0.239058572705691
"38695","38695",35,0.505714285714286,8.44114285714286,0.0482053837221286
"38738","38738",35,0.742857142857143,8.53828571428571,0.0732888688461699
"38745","38745",35,-0.16,2.112,-0.203737167923525
"38763","38763",6,0.1,6.07666666666667,0.00893117392915128
"38768","38768",26,1.98846153846154,6.90115384615385,0.259323071784213
"38852","38852",35,1.32285714285714,9.75457142857143,0.125938024202681
"38908","38908",35,1.21428571428571,10.7917142857143,0.10983850096851
"38910","38910",35,3.97428571428571,18.1091428571429,0.204032762843194
"38913","38913",20,6.1,11.2385,0.4947491980646
"38921","38921",35,0.00571428571428571,9.48571428571429,0.000691766134605876
"38957","38957",35,3.75142857142857,17.9702857142857,0.200507886520478
"38959","38959",35,4.77142857142857,10.6454285714286,0.406560812522855
"38960","38960",17,2.77058823529412,9.27294117647059,0.280861708139568
"39042","39042",7,3.23,6.31285714285714,0.514085754452116
"39572","39572",35,0.842857142857143,5.07657142857143,0.141107626096681
"40025","40025",33,3.5630303030303,14.97,0.235980496321206
"40130","40130",36,-0.111111111111111,0.96,-0.13550135501355
"40179","40179",29,0.558620689655172,5.67379310344828,0.0922702820383718
"40758","40758",15,1.32666666666667,5.83266666666667,0.202556900951127
"40990","40990",24,4.04916666666667,13.2370833333333,0.305649569842427
"41159","41159",17,0,5,0
"41218","41218",35,-0.0371428571428571,9.16914285714286,-0.00261789609459621
"41258","41258",10,2.138,5.858,0.340269171680162
"41327","41327",18,3.025,11.1255555555556,0.268675095999589
"41387","41387",7,0.242857142857143,7.86,0.0345950345950346
"41859","41859",35,1.58285714285714,8.46485714285714,0.149816619661015
"42116","42116",35,4.08857142857143,16.7705714285714,0.22135894216143
"42145","42145",35,4.56857142857143,14.3085714285714,0.308186612555068
"42213","42213",35,3.01714285714286,15.1742857142857,0.190583025190385
"42222","42222",24,0.395833333333333,8.12625,0.045639737398687
"42225","42225",14,0,3,0
"42232","42232",35,0.268571428571429,4.07742857142857,0.0336325294810297
"42234","42234",35,4.54285714285714,20.9357142857143,0.208037931366149
"42236","42236",12,0,4,0
"42474","42474",35,-0.0771428571428572,0.85,-0.124457308853822
"42489","42489",23,0,6,0
"42499","42499",35,1.63428571428571,8.12685714285714,0.175538003367609
"42500","42500",35,2.94571428571429,11.8822857142857,0.235466489090533
"42501","42501",13,2.04615384615385,6.60615384615385,0.286630706240001
"43618","43618",1,4.19,11.22,0.373440285204991
"44857","44857",35,0,3,0
"45125","45125",35,4.67628571428571,16.9262857142857,0.273589295579265
"49641","49641",35,1.16857142857143,6.062,0.182964864668561
"49651","49651",35,3.43428571428571,9.45314285714286,0.334060607673209
"49673","49673",35,-0.0171428571428571,1.734,-0.0120342513307105
"49674","49674",35,1.37714285714286,8.028,0.148847363043886
"49675","49675",35,4.55142857142857,14.5811428571429,0.290848298596243
"50284","50284",29,3.66896551724138,9.17586206896552,0.362180764707948
"50292","50292",24,-0.0666666666666667,4.38666666666667,-0.0170871505755227
"50294","50294",18,-0.588888888888889,13.5016666666667,-0.050559938970859
"50295","50295",35,2.1,12.05,0.162222318712454
"50301","50301",35,2.65142857142857,21.4251428571429,0.115361051188425
"50313","50313",35,1.48857142857143,12.0682857142857,0.117894978004826
"50317","50317",35,2.24857142857143,10.6448571428571,0.192859035809137
"50324","50324",35,0.788571428571429,3.02257142857143,0.0495272837174836
"50328","50328",35,4.11142857142857,9.86314285714286,0.380410839897936
"50346","50346",6,0,5,0
"50347","50347",35,0.571428571428571,8.80828571428571,0.0530216958263555
"50361","50361",35,1.52857142857143,10.0428571428571,0.142923489047732
"50362","50362",35,2.34,10.9945714285714,0.195250351398993
"50382","50382",35,1.40857142857143,7.98771428571429,0.160283620478463
"50393","50393",35,1.18,4.15285714285714,0.252623426830991
"50402","50402",19,2.78947368421053,6.73052631578947,0.270235347502684
"50408","50408",35,0.411428571428571,3.29714285714286,0.113022011668533
"50417","50417",35,0.0942857142857143,6.54914285714286,0.0122969421882465
"50421","50421",35,1.10857142857143,10.0382857142857,0.101528075617798
"50427","50427",35,2.02285714285714,11.756,0.156254883410241
"50439","50439",35,0.557142857142857,3.11428571428571,0.0910792611301069
"50453","50453",35,0.122857142857143,6.74371428571429,0.0137334440906952
"50454","50454",35,0.728571428571429,5.84942857142857,0.101771245130971
"50459","50459",35,0.325714285714286,12.164,0.0282510484575074
"50462","50462",35,-0.14,6.30885714285714,-0.0551532958210053
"50533","50533",35,1.62571428571429,15.0385714285714,0.0996707817700862
"50645","50645",35,2.65714285714286,9.194,0.266265777124188
"50877","50877",2,2.5,11.86,0.21079258010118
"50880","50880",34,-0.0117647058823529,7.94382352941176,-0.00161381424997983
"51042","51042",35,3.40857142857143,10.95,0.286794421429099
"51168","51168",34,0,4,0
"51175","51175",35,0.545714285714286,5.00914285714286,0.0837370368168491
"51293","51293",35,-0.0371428571428571,4.39657142857143,-0.011860540239776
"51299","51299",35,1.28857142857143,3.152,0.191156721884768
"51318","51318",35,1.85428571428571,9.568,0.18798776223564
"51319","51319",12,5.8,27.7591666666667,0.203716726351728
"51365","51365",12,2.80666666666667,6.5875,0.412889053076254
"51413","51413",35,0.774285714285714,7.85085714285714,0.0949849800649388
"51476","51476",35,1.54571428571429,5.52057142857143,0.2481843069072
"51495","51495",35,0.854285714285714,4.07285714285714,0.123860788173975
"51548","51548",35,3.54857142857143,14.564,0.228641073907936
"51681","51681",23,0.756521739130435,6.97913043478261,0.0818971884995949
"51683","51683",35,2.58285714285714,6.90257142857143,0.334094130474769
"51705","51705",35,1.15142857142857,4.92571428571429,0.205670013110908
"51779","51779",35,0.237142857142857,1.15514285714286,0.102287540833311
"51820","51820",21,-0.0857142857142857,1.48,-0.0702576112412178
"51869","51869",17,1.08235294117647,5.77647058823529,0.152677252881044
"52190","52190",35,2.16,11.9648571428571,0.172340690362449
"52253","52253",35,1.50571428571429,10.6802857142857,0.130375257221939
"52674","52674",35,2.29142857142857,13.3965714285714,0.163657934706835
"52897","52897",35,0.76,3.10142857142857,0.151109664210797
"52950","52950",35,2.75142857142857,15.2437142857143,0.162934180486904
"53148","53148",33,0.503030303030303,3.7769696969697,0.0863617202458154
"53189","53189",13,1.36923076923077,5.83307692307692,0.138404357439594
"53865","53865",17,3.24705882352941,16.4094117647059,0.193808222141987
"53896","53896",6,0,5,0
"54250","54250",35,0.08,4.54428571428571,0.0195163747143945
"54395","54395",35,2.6,12.0754285714286,0.208087865216393
"54422","54422",11,0,4,0
"54424","54424",35,2.51428571428571,14.4782857142857,0.166663186993328
"54797","54797",14,2.46428571428571,5.775,0.32746690762196
"55519","55519",12,1,7.81583333333333,0.118571475315262
"56102","56102",35,0.977142857142857,3.33571428571429,0.202997720534664
"60752","60752",25,3.1316,9.7244,0.315218749702105
"60780","60780",23,3.0104347826087,8.30913043478261,0.368901527345709
"60784","60784",35,2.20857142857143,6.632,0.316317365998214
"60788","60788",35,1.26285714285714,11.5057142857143,0.102509767017992
"60794","60794",35,1.23714285714286,7.10542857142857,0.165348023764975
"60797","60797",35,0.734285714285714,3.546,0.148312072486944
"60802","60802",22,0.363636363636364,1.93272727272727,-0.0243493629680428
"60803","60803",12,2.49166666666667,18.1025,0.137477745589164
"60819","60819",35,0,12,0
"60822","60822",35,0.897142857142857,9.23314285714286,0.0908204199543526
"60825","60825",35,2.09714285714286,6.36057142857143,0.28047852785625
"60852","60852",35,3.15428571428571,12.4705714285714,0.23863700686725
"60853","60853",35,0.74,9.05228571428571,0.0738510637054939
"60859","60859",13,0.0153846153846154,5.46384615384615,0.00130989756495829
"60969","60969",29,2.86206896551724,13.708275862069,0.206227539351886
"61033","61033",29,1.12068965517241,3.33241379310345,0.266685236667602
"61106","61106",10,-0.2,2.37,-0.0843881856540084
"61135","61135",35,2.39714285714286,12.342,0.18816619923128
"61149","61149",12,2.825,5.30083333333333,0.412017115417115
"61188","61188",14,0.835714285714286,5.15785714285714,0.10346928755649
"61211","61211",35,0.802857142857143,4.55171428571429,0.110747465090198
"61241","61241",6,1.01666666666667,8.225,0.12431626466324
"61986","61986",35,-0.0228571428571429,2.43428571428571,-0.0105594446211592
"62004","62004",35,1.42857142857143,7.40342857142857,0.17522666784405
"62009","62009",35,1.86857142857143,12.744,0.138577217347348
"62011","62011",1,0,1,0
"62023","62023",35,0.431428571428571,21.3154285714286,0.0209961750195976
"62047","62047",35,2.05142857142857,14.2854285714286,0.136298542995344
"62056","62056",35,1.04285714285714,4.338,0.0777451793345933
"62069","62069",35,1.71142857142857,7.302,0.203131030390283
"62086","62086",35,0.997142857142857,5.788,0.126368680313329
"62104","62104",35,2.03428571428571,10.7397142857143,0.186942904676844
"62107","62107",35,0.0742857142857143,2.88285714285714,0.0253505693314572
"62119","62119",35,0.542857142857143,5.90171428571429,0.0866850785734243
"62120","62120",35,0.251428571428571,3.37771428571429,0.0664976315958284
"62121","62121",35,2.36,11.2851428571429,0.185043931109171
"62127","62127",6,0.316666666666667,7.36,0.0476907630522088
"62128","62128",35,2.03142857142857,17.5305714285714,0.104590856524173
"62129","62129",35,4.74960207218466e-18,5.54228571428571,-0.0130153787572988
"62131","62131",15,-0.0333333333333333,1.664,-0.0218259023354565
"62136","62136",32,3.4728125,11.846875,0.29204235692325
"62137","62137",23,2.78652173913043,12.79,0.215223296304493
"62139","62139",1,6.67,11.61,0.574504737295435
"62971","62971",35,-0.06,2.29,-0.0262008733624454
"62974","62974",35,1.36571428571429,9.11514285714286,0.137445164130086
"62976","62976",35,0.471428571428571,2.49114285714286,0.0847578025946918
"62977","62977",35,3.30857142857143,14.608,0.21763057929925
"62997","62997",23,-0.00434782608695652,5.85130434782609,-0.00089461442118447
"63000","63000",35,1.57428571428571,3.61657142857143,0.0837641740664897
"63003","63003",29,0.0206896551724138,5.22,0.00396353547364249
"63005","63005",10,2.16,9.844,0.237555228190461
"63008","63008",35,0.754285714285714,11.6402857142857,0.0634079444304828
"63013","63013",35,2.44285714285714,15.0837142857143,0.157445226563726
"63014","63014",35,1.74857142857143,10.5785714285714,0.154352304523
"63018","63018",16,0,3,0
"63020","63020",35,0.794285714285714,6.40828571428571,0.122298362231639
"63031","63031",35,0.337142857142857,5.80771428571429,0.0565649246937925
"63058","63058",35,0.08,3.59485714285714,0.0233735711579532
"63082","63082",27,-0.259259259259259,1.95666666666667,-0.312360553324409
"63096","63096",35,0,3,0
"63110","63110",35,0.48,4.48257142857143,0.0439716744281186
"63119","63119",35,0.342857142857143,9.25542857142857,0.0364689540832885
"63133","63133",35,0.148571428571429,4.11428571428571,0.0324931585826969
"63172","63172",35,1.69142857142857,5.12857142857143,0.257201561016328
"63194","63194",35,2.38857142857143,7.552,0.286266525101377
"63219","63219",35,3.26,25.2142857142857,0.125429414387788
"63283","63283",35,1.08571428571429,6.53942857142857,0.158447868314819
"63354","63354",24,0,8,0
"63418","63418",35,1.62,3.28371428571429,0.36192026837752
"68685","68685",35,2.85142857142857,6.82685714285714,0.345196337102791
"68690","68690",35,3.50857142857143,8.24057142857143,0.357324654829487
"68693","68693",35,0.322857142857143,9.44257142857143,0.0317796526261276
"68697","68697",13,-0.0461538461538461,4.92461538461538,-0.00354172251093169
"68698","68698",35,1.08285714285714,9.06685714285714,0.105580942806617
"68711","68711",35,0.448571428571429,7.52628571428571,0.0525308381135283
"68744","68744",35,1.97714285714286,10.734,0.173148919569348
"68758","68758",28,0.4,4.18178571428571,0.077479818453652
"68773","68773",21,5.0047619047619,9.24,0.477125098644681
"68787","68787",12,-0.0833333333333333,4.27333333333333,-0.0217580504786771
"68807","68807",35,0.425714285714286,3.56657142857143,0.0868756547029095
"68808","68808",35,2.02571428571429,5.22942857142857,0.314132322952544
"68817","68817",6,4.33333333333333,7.85666666666667,0.469448782096712
"68821","68821",35,3.13142857142857,10.0631428571429,0.29974296302045
"68827","68827",35,3.08285714285714,7.456,0.362119787833247
"68830","68830",35,1.09142857142857,7.876,0.124421467233657
"68834","68834",35,2.34571428571429,13.7245714285714,0.159478418249741
"68872","68872",35,5.94571428571429,19.9142857142857,0.293358876523407
"68873","68873",35,0.985714285714286,3.48342857142857,-0.178957501553301
"68884","68884",35,0,2.55314285714286,0
"68887","68887",35,1.8,14.0208571428571,0.11611733906188
"68893","68893",35,2.51714285714286,10.4714285714286,0.228482333727546
"68904","68904",8,0.0875,6.02,0.0148809523809524
"68907","68907",35,0.737142857142857,1.67314285714286,0.326610776700841
"68910","68910",35,2.20857142857143,8.10571428571428,0.256628414995409
"68911","68911",35,3.5,27.7714285714286,0.121715857677335
"68920","68920",35,4.27714285714286,15.9505714285714,0.261362003262498
"68922","68922",27,-0.437037037037037,1.6462962962963,-0.358815858338483
"68923","68923",35,3.18,19.2182857142857,0.160318259737261
"68925","68925",35,3.53714285714286,13.8431428571429,0.238704930757729
"68928","68928",35,-0.00857142857142857,5.36828571428571,-0.0105634773594477
"68929","68929",35,2.55714285714286,12.3271428571429,0.185941930648611
"68932","68932",35,0.985714285714286,2.852,0.201413367514823
"68938","68938",35,3.72285714285714,7.582,0.450930631802104
"68945","68945",33,0.487878787878788,2.99272727272727,0.134579839286399
"68951","68951",35,0.74,6.98742857142857,0.0871581707777471
"68952","68952",26,0.811538461538461,8.52115384615385,0.082439015267478
"68953","68953",35,1.94,20.5308571428571,0.0921274618752059
"68954","68954",35,1.64571428571429,8.15457142857143,0.168776992456221
"68958","68958",35,3.56571428571429,14.9174285714286,0.232758258769854
"68962","68962",15,0.0333333333333333,5.162,-0.00267307706880634
"68974","68974",35,0.877142857142857,7.12857142857143,0.114589459932962
"68979","68979",35,0,3,0
"68987","68987",23,1.14782608695652,6.01260869565217,0.143018211541009
"69008","69008",35,2.27142857142857,5.98228571428571,0.335377919092808
"69010","69010",35,-0.0657142857142857,0.995142857142857,-0.0791738382099828
"69012","69012",35,-0.228571428571429,1.832,-0.148423005565863
"69014","69014",35,2.93714285714286,8.80828571428571,0.299086772926448
"69015","69015",35,0.154285714285714,3.92942857142857,0.0366592302366612
"69016","69016",13,0.284615384615385,4.65846153846154,0.0575366892428862
"69018","69018",35,0.82,11.4965714285714,0.0723606770917308
"69019","69019",7,0,7,0
"69022","69022",35,0.88,8.60657142857143,0.0965870042936326
"69040","69040",35,0.02,6.19114285714286,-0.00975102601032313
"69041","69041",35,1.07428571428571,5.70885714285714,0.147941972002552
"69047","69047",35,2.01714285714286,8.63714285714286,0.234901127490046
"69048","69048",15,0.153333333333333,5.198,0.021512387658294
"69051","69051",35,5.67142857142857,10.3388571428571,0.518631931532158
"69070","69070",12,0,4,0
"69090","69090",1,8.7,11.63,0.748065348237317
"69099","69099",35,-0.04,7.308,-0.00637958532695375
"69141","69141",20,0.18,4.119,0.0456786098481053
"69143","69143",35,0.151428571428571,3.86628571428571,0.0391239584787972
"69165","69165",19,3.84736842105263,8.12736842105263,0.459223324756234
"69177","69177",35,0.585714285714286,8.19142857142857,0.0643879522658314
"69240","69240",35,2.54857142857143,17.2865714285714,0.138406065821789
"69249","69249",35,2.28571428571429,17.1262857142857,0.122064332589922
"69268","69268",28,0.482142857142857,5.84142857142857,0.0810483844915015
"69282","69282",23,0.895652173913043,8.85434782608696,0.0915258083915331
"69325","69325",18,0,19,0
"69329","69329",35,0.502857142857143,6.39228571428571,0.0592067284919951
"69705","69705",35,2.75142857142857,10.6377142857143,0.243507706384067
"69782","69782",35,3.11142857142857,10.1511428571429,0.303583751515128
"70018","70018",30,0.703333333333333,2.41433333333333,0.257231200970404
"70046","70046",35,3.18571428571429,13.952,0.219489248011834
"70106","70106",35,-0.1,3.69457142857143,-0.0424637600160466
"70116","70116",24,0.0666666666666667,7.17291666666667,0.00702089655860277
"70121","70121",7,2.9,8.05285714285714,0.323171928213507
"70132","70132",35,0.437142857142857,6.42942857142857,0.0575639634990171
"70162","70162",17,0.747058823529412,4.33411764705882,0.16885704633707
"70163","70163",8,3.73375,12.94375,0.286260895895823
"70173","70173",21,0.628571428571429,12.3566666666667,0.0478581535689057
"70323","70323",17,2.84647058823529,8.89176470588235,0.305885617107516
"70360","70360",35,1.27714285714286,13.636,0.0920383069990205
"70515","70515",15,-0.166666666666667,7.15066666666667,-0.0286494364196506
"70759","70759",10,0,5,0
"70916","70916",35,2.20571428571429,6.06171428571429,0.329299504616022
"70928","70928",35,0.0257142857142857,5.26914285714286,0.00378837092646839
"70929","70929",35,1.21428571428571,4.83371428571429,0.201461138538918
"70933","70933",35,0.9,6.04057142857143,0.122844286230749
"70934","70934",35,0.64,4.69542857142857,0.0955338673396193
"70944","70944",35,1.43142857142857,4.83114285714286,0.245151046843869
"70951","70951",35,-0.0571428571428571,2.97371428571429,-0.0274725274725275
"70986","70986",35,0.0314285714285714,1.79085714285714,0.0168772613949423
"70992","70992",35,0.0542857142857143,3.21428571428571,0.0187906232790462
"71037","71037",35,0.342857142857143,3.378,0.0720331939697917
"71042","71042",12,0.541666666666667,4.92166666666667,0.093170375409016
"71043","71043",35,0,1,0
"71090","71090",35,0,6,0
"71113","71113",35,0.534285714285714,9.816,0.0471901885610803
"71116","71116",17,1.84705882352941,3.44764705882353,0.392144412166737
"71121","71121",35,0.08,1.40085714285714,-0.0288836203343241
"71123","71123",35,3.05142857142857,7.04828571428571,0.388287907122217
"71162","71162",35,1.26571428571429,12.1737142857143,0.0996015279475862
"71381","71381",35,0.128571428571429,5.92514285714286,0.0227372102794757
"71495","71495",35,1.47714285714286,11.3531428571429,0.12166430340083
"71507","71507",35,0.968571428571429,5.18028571428571,0.1764049253168
"71549","71549",35,0.762857142857143,6.78914285714286,0.102521866222733
"71572","71572",35,0,4,0
"71581","71581",29,0.0206896551724138,0.877241379310345,0.0224950655985139
"71593","71593",35,0,5,0
"71601","71601",35,0,1,0
"71602","71602",35,0.417142857142857,6.17285714285714,0.0520993183273114
"71603","71603",20,0.865,5.361,0.136498014190762
"71631","71631",35,4.11142857142857,21.9068571428571,0.173152215838324
"71719","71719",23,2.09565217391304,5.49565217391304,0.315237302018896
"71724","71724",35,3.3,4.73828571428571,0.35812337216549
"71778","71778",35,0.422857142857143,4.17371428571429,0.0848483248960014
"71784","71784",15,0,3,0
"71799","71799",24,0.333333333333333,5.98833333333333,0.0263354151873633
"71818","71818",36,0.213888888888889,1.0125,-0.0813064829299184
"71844","71844",35,1.29142857142857,5.226,0.212033103131152
"71885","71885",34,0.0411764705882353,2.73647058823529,0.0163398692810457
"71892","71892",35,2.19714285714286,15.0245714285714,0.138934293392658
"71971","71971",19,0,1,0
"71995","71995",20,1.15,8.4445,0.118910399285773
"72007","72007",16,-0.01875,3.4775,-0.00578703703703704
"72023","72023",35,0.854285714285714,9.15514285714286,0.0870580635684498
"72039","72039",35,0.645714285714286,6.66885714285714,0.0855309700958133
"72084","72084",35,0,8.30228571428571,0
"72097","72097",35,0.911428571428571,14.3437142857143,0.0578005566537383
"72099","72099",35,0.345714285714286,6.05342857142857,0.0451114854006619
"72117","72117",15,0,2,0
"72133","72133",12,0,4,0
"72204","72204",35,1.53714285714286,11.1094285714286,0.127702807062106
"72290","72290",35,0,1,0
"72334","72334",35,1.40857142857143,5.64085714285714,0.226166949147611
"72382","72382",31,0.174193548387097,3.21451612903226,0.0491953481767769
"72386","72386",35,1.08285714285714,12.0485714285714,0.0842319651095044
"72389","72389",35,0.00571428571428573,6.00857142857143,-0.00666921359054936
"72490","72490",35,3.3,5.70857142857143,0.491110904712868
"72491","72491",35,0.717142857142857,5.00428571428571,0.118734636239897
"72529","72529",18,0,2,0
"72603","72603",35,0,1,0
"72605","72605",35,3.18571428571429,17.9897142857143,0.180159436626637
"72724","72724",12,-0.05,2.98,-0.0167785234899329
"72731","72731",35,0.608571428571429,16.018,0.0388059966632992
"72767","72767",13,3.31,9.72384615384615,0.331675065595587
"72871","72871",35,0.22,3.52885714285714,0.0299899660768174
"72893","72893",12,1.5,7.70583333333333,0.17441381681176
"72943","72943",35,0.517142857142857,6.66914285714286,0.0711186351253791
"73085","73085",35,0.722857142857143,3.53285714285714,0.169367744612684
"73317","73317",35,3.26457142857143,7.75057142857143,0.41501495623452
"73318","73318",6,0,4,0
"73336","73336",35,0,1,0
"73375","73375",35,2.50857142857143,8.61857142857143,0.266939337881161
"73384","73384",35,1.9,7.31285714285714,0.214306290141691
"73421","73421",35,0.708571428571429,2.20714285714286,0.222085208047567
"73445","73445",35,0.0771428571428571,2.88914285714286,0.0251825029044524
"73446","73446",2,0,12,0
"73465","73465",35,1.56,7.11542857142857,0.202927107488371
"73502","73502",18,0,3,0
"73513","73513",35,0.571428571428572,2.58114285714286,0.121093976504439
"73515","73515",35,1.92,7.33428571428571,0.219732454712545
"73527","73527",13,0,4,0
"73528","73528",35,1.95714285714286,9.18457142857143,0.187917591480287
"73529","73529",14,0,3,0
"73540","73540",17,3.39411764705882,7.29294117647059,0.384977476261106
"73580","73580",11,3.87454545454545,12.6427272727273,0.301495395075333
"73618","73618",35,0,2,0
"73620","73620",35,1.02571428571429,1.56342857142857,0.175026045350632
"73635","73635",35,0.44,14.9628571428571,0.0267887856319762
"73641","73641",19,0.0631578947368421,1.33736842105263,0.0549199084668192
"73644","73644",35,0.174285714285714,4.94142857142857,-0.0109907701642395
"73649","73649",35,4.31714285714286,22.6462857142857,0.185039143249424
"73717","73717",22,3.65090909090909,12.9027272727273,0.276410185412928
"73721","73721",35,0.814285714285714,2.82628571428571,0.217788745973152
"73750","73750",35,0.562857142857143,5.21142857142857,0.080914233110808
"73766","73766",15,3.382,11.3966666666667,0.29009639960004
"73769","73769",34,0,3,0
"73800","73800",33,2.06969696969697,5.89545454545455,0.311965298597636
"73806","73806",35,0.282857142857143,7.73857142857143,0.0301748264616265
"73855","73855",35,0.217142857142857,3.72342857142857,0.0539174919002899
"73860","73860",18,0,4,0
"73863","73863",35,0.502857142857143,4.09457142857143,0.0829445625477491
"73876","73876",35,0.577142857142857,4.44628571428571,0.108785027347902
"73879","73879",35,0.0542857142857143,4.15914285714286,-0.000368115844141862
"73889","73889",33,0,1,0
"73890","73890",33,0,3,0
"73896","73896",35,2.82857142857143,17.0462857142857,0.156243319078666
"73910","73910",24,-0.0541666666666667,6.55125,-0.00877903835764452
"73918","73918",35,2.14,9.62371428571429,0.197904383248183
"73957","73957",35,0.354285714285714,6.56285714285714,0.0523884833531146
"73974","73974",35,0.0171428571428571,5.84314285714286,0.00333149954621019
"73991","73991",35,1.86,3.42228571428571,0.405428195173744
"73992","73992",35,4.02571428571429,22.1654285714286,0.185126112304679
"74060","74060",35,0.24,4.10028571428571,0.0391972778773846
"74067","74067",36,0.116666666666667,0.944444444444444,-0.199976981492907
"74074","74074",12,0.0666666666666667,6.17,0.0108049702863317
"74076","74076",26,0.273076923076923,2.79538461538462,0.09975217244264
"74078","74078",35,1.54,4.65314285714286,0.278893723371846
"74081","74081",11,0,2,0
"74086","74086",1,0,2,0
"74103","74103",22,0.2,2.64136363636364,0.0706713780918728
"74140","74140",35,1.96,17.4482857142857,0.109010998095157
"74271","74271",35,1.09428571428571,6.44257142857143,0.151497288341724
"75295","75295",35,1.66571428571429,22.5551428571429,0.0709242480241993
"77500","77500",35,0.534285714285714,5.65942857142857,0.0832978513569063
"77529","77529",35,2.80857142857143,6.59114285714286,0.356614346164786
"77556","77556",35,0.388571428571429,3.036,-0.10293716592607
"77567","77567",23,-0.117391304347826,1.96826086956522,-0.129225470270544
"77579","77579",35,-0.134285714285714,5.09257142857143,-0.0310664151027477
"77773","77773",33,1.15151515151515,7.51575757575758,0.144013555408573
"77777","77777",27,-0.0518518518518519,1.46481481481481,-0.0608521043018904
"77809","77809",3,0,2,0
"77895","77895",35,0,2,0
"77911","77911",35,-0.0314285714285714,3.88,-0.00810014727540501
"77967","77967",35,0.325714285714286,5.31228571428571,0.0415789885036343
"78012","78012",35,0.674285714285714,15.5097142857143,0.0388000999906006
"78077","78077",35,1.74571428571429,12.098,0.130159159994303
"78086","78086",35,0.602857142857143,3.85314285714286,0.0733165624930016
"78117","78117",15,0.526666666666667,3.79066666666667,0.133142597503117
"78151","78151",35,0.422857142857143,3.83371428571429,-0.0385756809580388
"78176","78176",6,0,4,0
"78235","78235",35,0.0857142857142857,4.922,0.0128312993644102
"78236","78236",19,0,4,0
"78248","78248",35,1.05714285714286,1.58714285714286,0.313724229131246
"78407","78407",35,0.2,5.012,0.0404616500146419
"78414","78414",35,1.35428571428571,3.628,0.289063868498212
"78422","78422",35,0.125714285714286,2.74028571428571,0.0392684503519806
"78435","78435",35,3.06285714285714,14.8277142857143,0.188897228958109
"78445","78445",35,3.38,6.97428571428571,0.432377135725682
"78458","78458",35,0.237142857142857,3.98771428571429,0.0566003557077926
"78497","78497",21,0.671428571428571,6.33380952380952,0.113847434040243
"78530","78530",35,0.0114285714285714,4.286,0.00290386811149585
"78556","78556",35,0.0828571428571428,6.41742857142857,-0.00111194833301443
"78578","78578",35,0.997142857142857,8.38142857142857,0.112493688600909
"78580","78580",16,-0.06875,3.0575,-0.0305183168086394
"78605","78605",35,1.95714285714286,13.344,0.146962295423012
"78648","78648",35,0,5,0
"78652","78652",35,0.28,4.43314285714286,0.00259826433087916
"78715","78715",35,0.151428571428571,7.866,0.0207574586225499
"78718","78718",20,0,4,0
"78756","78756",20,0.145,4.0765,0.0369461531280285
"78839","78839",35,0,2,0
"78850","78850",35,1.84,4.43228571428571,0.345121535409384
"78855","78855",17,2.1,5.96294117647059,0.304243572208614
"78865","78865",35,2.73142857142857,6.252,0.395448530034664
"78891","78891",7,3.14285714285714,11.3242857142857,0.271082673531776
"78895","78895",35,0.211428571428571,2.322,-0.0212257863783382
"78897","78897",35,1.27142857142857,1.84428571428571,0.375327158246136
"78946","78946",13,2.87692307692308,14.3938461538462,0.190543859211932
"78965","78965",13,0.184615384615385,6.18384615384615,0.0319550986934387
"78967","78967",35,1.01428571428571,3.03885714285714,0.150011422724168
"78968","78968",19,3.27894736842105,6.78947368421053,0.39689566460848
"78977","78977",23,0,5,0
"78994","78994",35,0.151428571428571,4.65142857142857,0.0328215149398313
"79019","79019",2,1.59,9.51,0.178451178451178
"79042","79042",35,0.465714285714286,1.76285714285714,0.156594962309248
"79048","79048",35,0,1,0
"79066","79066",35,3.16857142857143,11.9774285714286,0.239756395482597
"79193","79193",7,1.02857142857143,1.89,0.291649304988607
"79228","79228",35,0,5,0
"79334","79334",35,0.277142857142857,3.59914285714286,0.0612722122006769
"79339","79339",35,0.231428571428571,2.35542857142857,0.0810886265447156
"79343","79343",23,3.04304347826087,9.57260869565217,0.314528751604449
"79400","79400",21,1.26190476190476,4.18,0.21008214044748
"79401","79401",5,0,1,0
"79432","79432",35,0.1,3.00142857142857,0.0331553966520785
"79437","79437",33,3.35939393939394,11.4824242424242,0.287297153196644
"79535","79535",35,0,4.80571428571429,0
"79553","79553",17,-0.0176470588235294,3.25,-0.00560224089635854
"79584","79584",9,0.133333333333333,5.01,0.00812467145671433
"79585","79585",6,0,1,0
"79646","79646",23,1.12608695652174,4.70652173913043,0.217143790830385
"79702","79702",35,1.39142857142857,2.34885714285714,0.050031343548961
"79710","79710",23,-0.0130434782608696,4.57826086956522,-0.00323659510195275
"79826","79826",35,1.74285714285714,6.72542857142857,0.235289560712661
"79866","79866",4,2.1025,4.835,0.434469167961231
"79887","79887",35,0.925714285714286,4.63257142857143,0.150995905221142
"79892","79892",35,0.04,3.07771428571429,0.00675830387562281
"79947","79947",29,0.796551724137931,5.13689655172414,0.13166144094253
"80036","80036",35,0.937142857142857,8.82742857142857,0.09847460853797
"80129","80129",35,-0.0114285714285714,2.74057142857143,-0.0177107505190395
"80188","80188",35,1.14285714285714,4.17228571428571,0.171139249370157
"80192","80192",34,0,2,0
"80276","80276",23,0,1,0
"80280","80280",35,0.331428571428571,5.75514285714286,0.052890051436173
"80281","80281",35,0.397142857142857,7.96257142857143,0.0446300603377046
"80286","80286",35,0,1,0
"80287","80287",35,1.02857142857143,8.19371428571429,0.133165232043258
"80288","80288",12,-0.0583333333333333,2.43666666666667,-0.0295338441890166
"80323","80323",35,-0.00571428571428572,3.20371428571429,-0.00177471552354108
"80328","80328",35,0,1,0
"80335","80335",34,0,1,0
"80338","80338",11,0,3,0
"80363","80363",20,1.82,6.0045,0.284338532075658
"80370","80370",35,2.73142857142857,22.1271428571429,0.115015147120475
"80374","80374",22,1.90909090909091,7.49136363636364,0.233201297523234
"80381","80381",35,0.328571428571429,2.946,0.0631489419834273
"80393","80393",35,2.33714285714286,5.35057142857143,0.388631236904465
"80394","80394",35,0,5,0
"80399","80399",25,0.284,1.3948,-0.00654843527084011
"80400","80400",35,0.288571428571429,4.23114285714286,0.0656836608862195
"80441","80441",24,0,5,0
"80537","80537",30,0.15,1.92033333333333,0.0736807996723078
"80538","80538",35,1.28857142857143,17.4608571428571,0.0690731472453169
"80552","80552",35,2.48571428571429,8.01771428571429,0.299067860449734
"80553","80553",35,0,4,0
"80576","80576",35,0.0657142857142857,4.41085714285714,0.0151469325781252
"80583","80583",35,2.44285714285714,10.4957142857143,0.217652303788218
"80692","80692",35,1.42857142857143,14.3397142857143,0.0956319243825786
"80721","80721",10,0,3,0
"80853","80853",35,2.74857142857143,6.95285714285714,0.36119341344837
"80913","80913",35,0,6,0
"80944","80944",35,2.55142857142857,6.43485714285714,0.341440866872964
"80949","80949",35,4.01142857142857,13.2868571428571,0.282802255742883
"80975","80975",35,0.982857142857143,2.98542857142857,0.124663112240902
"81031","81031",5,1.89,6.204,0.299362720335574
"81091","81091",35,0,4,0
"81094","81094",35,0,1,0
"81121","81121",11,-0.209090909090909,0.79,-0.264672036823936
"81150","81150",35,0.914285714285714,10.0111428571429,0.0855827668553345
"81219","81219",8,0,1,0
"81223","81223",35,1.79714285714286,4.41942857142857,0.194949034250828
"81369","81369",23,0,1,0
"81612","81612",15,0.626666666666667,3.412,0.141215051768972
"81770","81770",35,2,7.85514285714286,0.221031641653642
"81772","81772",29,0.0448275862068966,2.51448275862069,-0.0146990209387144
"81845","81845",35,1.49428571428571,7.73542857142857,0.175333852183152
"81847","81847",28,-0.0214285714285714,0.936785714285714,-0.0259749800596113
"81905","81905",23,0.182608695652174,4.41130434782609,0.0396592979892883
"81914","81914",9,-0.0333333333333333,3.72,-0.00896057347670251
"81950","81950",35,0.251428571428571,5.84914285714286,0.0397057635119037
"81952","81952",35,0,6,0
"82128","82128",23,1.53913043478261,11.0982608695652,0.130202614162979
"82306","82306",35,0.92,6.74314285714286,0.137960543765239
"82337","82337",35,0,6,0
"82341","82341",17,0.823529411764706,5.42764705882353,0.137868966453861
"82381","82381",35,0.874285714285714,3.28771428571429,0.197977115352925
"82397","82397",33,0,3,0
"82403","82403",21,2.47142857142857,5.75857142857143,0.37859976638595
"82455","82455",2,0,3,0
"82456","82456",35,1.17714285714286,17.5094285714286,0.0577931680757841
"82457","82457",23,0,1,0
"82459","82459",23,0,2,0
"82461","82461",35,0.577142857142857,2.20771428571429,0.206479960253665
"82463","82463",35,3.24285714285714,10.266,0.319846810165605
"82466","82466",23,0,3,0
"82469","82469",35,0.734285714285714,7.39457142857143,0.0905628088480768
"82499","82499",35,1.63714285714286,10.9445714285714,0.146772137880553
"82503","82503",35,0.151428571428571,3.958,0.0384117760582751
"82510","82510",36,-0.00277777777777778,0.968611111111111,-0.0117613310384395
"82525","82525",18,0,5,0
"82566","82566",34,0,2,0
"82567","82567",32,0.165625,2.45125,0.0204490482715919
"82613","82613",35,1.03714285714286,7.73457142857143,0.127724700501984
"82616","82616",20,0.035,2.934,0.0136581764488741
"82632","82632",35,0.0685714285714286,4.39457142857143,0.0163402311005109
"82634","82634",36,-0.0138888888888889,0.96,-0.0169376693766938
"82636","82636",29,0.0827586206896552,3,0.0275862068965517
"82639","82639",35,0.468571428571429,2.94542857142857,0.13959389340391
"82640","82640",34,0.711764705882353,6.10970588235294,0.114474976863751
"82641","82641",24,0,1,0
"82647","82647",35,0.76,7.82257142857143,0.0828308269766363
"82653","82653",34,0.0470588235294118,3.53735294117647,0.0150827672874551
"82680","82680",35,0,2,0
"82703","82703",35,0,5,0
"82737","82737",7,0.557142857142857,3.57714285714286,0.155303601358602
"82740","82740",35,0.0285714285714286,1.99542857142857,0.015527950310559
"82749","82749",35,0,3,0
"82750","82750",21,0.152380952380952,3.01380952380952,0.0454475887521293
"82764","82764",35,1.17714285714286,6.62,0.161581088972184
"82767","82767",28,0.814285714285714,3.45678571428571,0.18382583529548
"82768","82768",35,2.85714285714286,12.8454285714286,0.199908153885786
"82769","82769",35,0,1,0
"82775","82775",30,0.26,2.09533333333333,0.0957881099321535
"82787","82787",35,0.102857142857143,4.54485714285714,0.00616594540543431
"82791","82791",35,0,1,0
"82896","82896",35,2.80571428571429,6.49114285714286,0.320913250384458
"82939","82939",35,0.251428571428571,5.04657142857143,0.0280153227690414
"82943","82943",35,0.417142857142857,1.39657142857143,0.194484491704131
"83028","83028",35,0.322857142857143,6.54371428571429,0.0339465020222783
"83048","83048",35,0.162857142857143,1.08742857142857,0.11615910222182
"83101","83101",35,0.117142857142857,3.74571428571429,0.0318606767796129
"83189","83189",35,1.45714285714286,7.272,0.17635538903107
"83255","83255",18,-0.0166666666666667,4.13333333333333,-0.00420875420875421
"83257","83257",35,3.48,9.136,0.327530464484446
"83266","83266",35,2.18,13.9617142857143,0.143834015824688
"83335","83335",35,1.9,5.536,0.316923851259913
"83433","83433",35,2.89428571428571,10.3388571428571,0.279538570602086
"83438","83438",17,0.00588235294117647,1.37294117647059,-0.00223797175153588
"83511","83511",35,0,3,0
"83528","83528",19,0,5,0
"83683","83683",35,0.368571428571429,3.844,0.0710359781823196
"83688","83688",35,0,4,0
"83760","83760",35,0.365714285714286,3.10085714285714,0.10001022296715
"83772","83772",14,0.107142857142857,2.99142857142857,0.0358337314859054
"83811","83811",18,0.0777777777777778,1.9,0.0409356725146199
"83817","83817",17,1.35882352941176,4.18294117647059,0.280666128178983
"83867","83867",24,0,2,0
"84098","84098",23,0,1,0
"84263","84263",35,3.26857142857143,17.8068571428571,0.169804997448211
"84314","84314",35,0.202857142857143,1.80257142857143,0.0866245398191778
"84318","84318",35,1.93714285714286,8.81685714285714,0.21178786731059
"84381","84381",13,0,4,0
"84382","84382",35,0.114285714285714,7.338,0.0019957483367946
"84530","84530",29,0.558620689655172,4.54655172413793,0.101863887669044
"84554","84554",35,1.48285714285714,2.85714285714286,0.421996348070278
"84557","84557",6,0,4,0
"84585","84585",35,0.357142857142857,7.44085714285714,0.0525670960745735
"84679","84679",35,0.305714285714286,7.35971428571429,0.0379295962430461
"84684","84684",35,0.522857142857143,4.57628571428571,0.0745570345841591
"84703","84703",12,0.391666666666667,2.59583333333333,0.150229958697701
"84707","84707",23,0,3,0
"84791","84791",7,0.414285714285714,12.58,0.0329320917556212
"84794","84794",23,0,2,0
"84848","84848",35,2.67428571428571,12.0571428571429,0.194163849120652
"84851","84851",35,0.182857142857143,3.01857142857143,0.0500978473581213
"84861","84861",35,0,5,0
"84887","84887",35,0.634285714285714,2.85257142857143,0.13039902534953
"84889","84889",35,0.105714285714286,2.40028571428571,0.0337339447804564
"84893","84893",35,0,5,0
"84896","84896",35,0.565714285714286,4.53857142857143,0.0987971233603099
"84917","84917",35,0.154285714285714,1.11028571428571,0.0700843736942955
"84927","84927",35,0.177142857142857,3.93828571428571,0.0401785691531799
"84993","84993",35,-0.128571428571429,0.988285714285714,-0.160929662671823
"84997","84997",35,0,2.37,0
"85004","85004",13,0,1,0
"85027","85027",35,0.631428571428571,10.3257142857143,0.0418633966827124
"85040","85040",35,0.38,5.584,0.0531812762575515
"85083","85083",35,0,1,0
"85121","85121",35,0.408571428571429,5.09342857142857,0.0719662877411826
"85149","85149",35,0.137142857142857,2.93114285714286,0.0430338084075076
"85210","85210",35,0,2,0
"85211","85211",35,0.125714285714286,7.79514285714286,0.0126254320596912
"85297","85297",21,1.08571428571429,4.77238095238095,0.189929788720626
"85399","85399",35,1.79428571428571,10.2545714285714,0.160623917740057
"85418","85418",35,0,1,0
"85423","85423",35,2.82571428571429,9.61971428571429,0.274733087786632
"85425","85425",35,0,1,0
"85465","85465",10,0.01,1.71,0.00584795321637427
"85586","85586",35,1.05714285714286,11.4717142857143,0.0793755576372073
"85591","85591",35,1,2.876,0.250436471812302
"85626","85626",35,0.294285714285714,2.33371428571429,0.0989681268774409
"85629","85629",35,0.0114285714285714,5.502,0.00230880230880231
"85931","85931",35,0.391428571428571,3.88371428571429,0.0879144608629654
"85984","85984",21,0.414285714285714,4.94952380952381,0.053389773472617
"86148","86148",35,0,2,0
"86189","86189",23,0,3,0
"86264","86264",15,2.22,15.74,0.138525462459276
"86391","86391",35,0,4,0
"86409","86409",6,0,4,0
"86410","86410",6,0,5,0
"86411","86411",35,0.737142857142857,3.72885714285714,0.170993660030644
"86444","86444",13,0,1,0
"86449","86449",34,0,1,0
"86485","86485",28,0.375,1.21464285714286,0.269164961851671
"86486","86486",25,3.1988,11.5968,0.276272023142636
"86509","86509",22,0,1,0
"86512","86512",35,0,1,0
"86588","86588",35,0,2.39171428571429,0.000784349216404966
"86615","86615",35,0,1,0
"86618","86618",35,0.00857142857142857,1.09971428571429,-0.00827942311116387
"86713","86713",19,0,2,0
"86725","86725",35,0.411428571428571,4.642,0.00119982921118783
"86757","86757",35,1.53428571428571,5.336,0.240886774920749
"86759","86759",35,4.85428571428571,28.4471428571429,0.164590918392019
"86760","86760",23,0,1,0
"86763","86763",2,0,1,0
"86764","86764",26,3.57307692307692,6.10076923076923,0.4894049620816
"86765","86765",35,0.737142857142857,4.65171428571429,0.137245494760394
"86771","86771",34,0,2,0
"86776","86776",35,-0.0971428571428572,1.40085714285714,-0.447634068791054
"86783","86783",33,0.739393939393939,2.14969696969697,0.167049108586907
"86837","86837",19,0,5,0
"86841","86841",18,0.661111111111111,6.43,0.0957582029945322
"86842","86842",35,1.23428571428571,3.25485714285714,0.228767229289368
"86890","86890",35,1.26857142857143,5.01885714285714,0.226076625145304
"86934","86934",35,0,1,0
"86935","86935",35,2.39142857142857,8.94457142857143,0.266738826511045
"86943","86943",35,1.73714285714286,3.59771428571429,0.430791480770396
"86970","86970",34,0.597058823529412,4.59676470588235,0.129983959796779
"87008","87008",35,0,1,0
"87158","87158",15,0,2,0
"87192","87192",35,2.72571428571429,4.72828571428571,0.483539555576339
"87197","87197",32,0,2,0
"87201","87201",35,0,2,0
"87211","87211",35,3.16514285714286,11.348,0.284721032752769
"87213","87213",35,0.38,2.54,0.0639001292855404
"87214","87214",35,0,2,0
"87225","87225",9,0,3,0
"87227","87227",12,0,4,0
"87228","87228",35,1.78857142857143,5.49028571428571,0.297192577588217
"87229","87229",34,0,1,0
"87265","87265",15,0,1,0
"87266","87266",20,0,1,0
"87268","87268",35,0,1,0
"87291","87291",36,-0.0361111111111111,0.811666666666667,-0.0450670645946966
"87391","87391",32,1.240625,4.239375,0.291877391053923
"87393","87393",35,0,1,0
"87399","87399",35,1.88857142857143,6.61114285714286,0.257701105894465
"87400","87400",35,0,2,0
"87401","87401",35,-0.00285714285714286,2.19971428571429,-0.00320193678127257
"87420","87420",35,2.08857142857143,10.0174285714286,0.184352240603251
"87482","87482",28,2.00714285714286,2.87678571428571,0.576920586240663
"87483","87483",35,0,1,0
"87486","87486",34,0.726470588235294,1.91558823529412,0.204785768280781
"87552","87552",17,0.747058823529412,2.45058823529412,0.152594478564996
"87586","87586",35,1.59714285714286,5.318,0.24011212564636
"87601","87601",19,0,1,0
"87611","87611",35,0.42,3.78628571428571,0.0557896458549526
"87613","87613",4,1.7575,7.03,0.242440230971838
"87732","87732",18,0,4,0
"87741","87741",5,5.54,13.048,0.415000484662927
"87742","87742",35,0.602857142857143,3.22228571428571,0.130020547665634
"87747","87747",35,1.33428571428571,3.17342857142857,0.283020940001878
"87750","87750",35,0,4,0
"87754","87754",34,2.27647058823529,3.14411764705882,0.53099848587506
"87810","87810",19,0,1,0
"87863","87863",35,1.81714285714286,16.32,0.104830251412103
"87929","87929",27,0,1,0
"87999","87999",35,2.41714285714286,4.19914285714286,0.454212819475944
"88002","88002",35,-0.02,1.856,-0.0399812581242664
"88054","88054",35,0,4,0
"88056","88056",35,2.72857142857143,8.12628571428571,0.31062732788608
"88065","88065",35,2.66285714285714,4.23285714285714,0.514553790779841
"88072","88072",35,0,1,0
"88136","88136",35,0,2,0
"88140","88140",17,0,3,0
"88147","88147",35,0.162857142857143,1.13257142857143,0.109668597168597
"88165","88165",12,0,3,0
"88224","88224",35,0.78,2.23542857142857,0.289990048097604
"88225","88225",35,0.788571428571429,3.42571428571429,0.180060333284287
"88233","88233",15,0,1,0
"88269","88269",35,1.28571428571429,10.3137142857143,0.11623234567254
"88307","88307",29,-0.0862068965517241,1.97206896551724,-0.0724427702115329
"88309","88309",35,0,2,0
"88323","88323",35,0.877142857142857,8.15714285714286,0.0887661914194028
"88366","88366",24,0.0291666666666667,5.12791666666667,0.00573018991486575
"88379","88379",35,-0.0314285714285714,5.392,-0.00672988681553992
"88393","88393",8,0.4,2.63125,0.147440608612744
"88430","88430",35,0,3,0
"88479","88479",35,1.73714285714286,9.19742857142857,0.169578868180772
"88540","88540",35,1.02285714285714,4.98857142857143,0.194704532066583
"88597","88597",35,0.728571428571429,3.33514285714286,0.169254100907531
"88780","88780",24,0,1,0
"88848","88848",35,0,1,0
"88850","88850",35,0.02,4.488,0.00443458980044346
"88866","88866",35,-0.0571428571428571,1.97885714285714,-0.0453514739229025
"88870","88870",7,0,6,0
"88916","88916",35,0.0285714285714286,1.58,0.0180831826401447
"88917","88917",35,0.58,6.20542857142857,0.0895788890304532
"89154","89154",35,1.22,4.18314285714286,0.196023280372642
"89156","89156",35,-0.111428571428571,4.33885714285714,-0.0326949449094434
"89190","89190",35,-0.0142857142857143,2.77,-0.00515729757607014
"89191","89191",35,0,2,0
"89226","89226",11,0,3,0
"89227","89227",35,0,2,0
"89256","89256",35,0.997142857142857,12.0642857142857,0.0680180435732549
"89258","89258",35,0,1,0
"89273","89273",35,0.322857142857143,3.56485714285714,0.0834826870787928
"89275","89275",35,3.18,6.20885714285714,0.477453178371181
"89285","89285",9,0.755555555555556,1.47888888888889,0.330606395059551
"89306","89306",23,0,1,0
"89342","89342",35,0.125714285714286,4.45057142857143,0.0285803649869767
"89343","89343",35,-0.02,1.74571428571429,-0.0102259486874871
"89444","89444",1,0,2,0
"89445","89445",3,0,1,0
"89466","89466",35,0,2,0
"89467","89467",35,0,2,0
"89479","89479",29,0,3,0
"89606","89606",35,0,4,0
"89637","89637",35,2.14285714285714,2.38685714285714,0.61910236706821
"89641","89641",16,0.0875,1.634375,0.0300598291887977
"89694","89694",35,0,1,0
"89695","89695",35,0.0142857142857143,0.964,0.0153609831029186
"89696","89696",35,1.88857142857143,2.87114285714286,0.512635665607662
"89815","89815",35,0,2,0
"89816","89816",35,0,2,0
"89904","89904",2,0,3,0
"89924","89924",36,-0.0222222222222222,0.836944444444444,-0.0273093780320519
"89930","89930",35,-0.0514285714285714,2.97571428571429,-0.0239202657807309
"89975","89975",8,0,2,0
"89976","89976",35,0.694285714285714,2.67057142857143,0.232313412054907
"89977","89977",34,0,2,0
"90031","90031",19,1.38421052631579,6.94947368421053,0.194823542692245
"90259","90259",4,0,2,0
"90285","90285",35,3.93428571428571,13.766,0.265672804700479
"90290","90290",34,0,1,0
"90291","90291",35,0,1,0
"90297","90297",35,0,2,0
"90300","90300",35,0,1,0
"90302","90302",35,2.07714285714286,4.24228571428571,0.440740114543354
"90303","90303",35,0.0228571428571429,3.97857142857143,0.00613745932191444
"90304","90304",35,0,2,0
"90311","90311",15,0,1,0
"90317","90317",34,0,1,0
"90318","90318",34,0,2,0
"90319","90319",35,0,1,0
"90320","90320",13,0,1,0
"90321","90321",33,0.321212121212121,2.83121212121212,0.00374508034654061
"90331","90331",35,0,1,0
"90332","90332",35,0,1,0
"90334","90334",35,0.08,3.18,0.0249221183800623
"90366","90366",34,0,4,0
"90370","90370",36,0,0.91,0
"90406","90406",35,0.448571428571429,2.83571428571429,0.138165308283226
"90420","90420",24,0.125,3.32958333333333,0.0382570537415173
"90481","90481",35,0.114285714285714,2.73571428571429,0.0173211875329506
"90531","90531",35,0,1,0
"90532","90532",35,0,2,0
"90566","90566",35,0.851428571428571,4.94771428571429,0.156821823240786
"90703","90703",35,0,1,0
"90777","90777",35,0,2,0
"90872","90872",35,0.882857142857143,3.64114285714286,0.182958385450869
"90890","90890",34,0,2,0
"90916","90916",35,0.414285714285714,6.34542857142857,0.0656607973900296
"90917","90917",35,1.13142857142857,3.00714285714286,0.272150910289588
"90939","90939",34,0,1,0
"91001","91001",35,0,3,0
"91002","91002",35,0,2,0
"91003","91003",35,0,1,0
"91004","91004",35,0,1,0
"91099","91099",35,0,1,0
"91128","91128",35,0,1,0
"91156","91156",35,0,1,0
"91186","91186",2,0,4,0
"91194","91194",33,0,1,0
"91228","91228",35,-0.142857142857143,2.122,-0.134389171341904
"91234","91234",35,1.42571428571429,6.72,0.207799830178585
"91260","91260",35,0,1,0
"91261","91261",19,0,2,0
"91263","91263",36,0.102777777777778,0.981111111111111,0.0227827185658511
"91264","91264",35,0.00571428571428571,2.89257142857143,0.00225861095426313
"91267","91267",19,-0.1,0.888421052631579,-0.126130698271487
"91273","91273",15,0,1,0
"91274","91274",11,1.98636363636364,8.35272727272727,0.240091017098582
"91323","91323",35,0,3,0
"91387","91387",35,0,2,0
"91388","91388",35,1.35714285714286,3.74628571428571,0.334206739366033
"91391","91391",36,-0.108333333333333,1.55416666666667,-0.123106060606061
"91468","91468",35,-0.0171428571428571,1.672,-0.0107816711590296
"91495","91495",35,0,2,0
"91509","91509",35,0,1,0
"91575","91575",35,0,2.37,0
"91654","91654",34,0,2,0
"91664","91664",35,0,1,0
"91687","91687",23,0,1,0
"91702","91702",35,0.0885714285714286,4.01914285714286,0.0196948666860422
"91710","91710",33,0,1,0
"91711","91711",35,0.06,1.81057142857143,-0.00106443811530466
"91712","91712",33,0,1,0
"91714","91714",35,0.748571428571429,3.386,0.155218506675737
"91715","91715",35,0,2,0
"91740","91740",21,0,1,0
"91741","91741",25,0.084,0.9572,0.0712309699869508
"91761","91761",35,0.0228571428571429,1.64257142857143,0.0110576625726379
"91772","91772",35,0,1.83142857142857,0
"91808","91808",35,0,1,0
"91815","91815",35,0.0142857142857143,0.997714285714286,0.015527950310559
"91842","91842",34,0,1,0
"91866","91866",34,0,1,0
"91888","91888",35,0,1,0
"91901","91901",35,0,1,0
"91916","91916",35,0,1,0
"91917","91917",36,-0.133333333333333,0.803055555555556,-0.162676020537848
"91920","91920",35,0.0428571428571429,1.98,0.0216450216450216
"91921","91921",34,0,1,0
"91946","91946",34,0,2,0
"91947","91947",34,0,1.98676470588235,0
"91970","91970",1,0,10.41,0
"91972","91972",35,-0.0257142857142857,1.19914285714286,-0.0429483175444839
"91973","91973",34,0.00294117647058824,1.67,0.00177179305457123
"92057","92057",30,0,1,0
"92078","92078",29,0,1.67034482758621,0
"92083","92083",4,2.335,7.385,0.307327092343725
"92085","92085",27,0,1,0
"92087","92087",26,0.807692307692308,3.29384615384615,0.197303324871504
"92094","92094",26,0,2,0
"92145","92145",23,0,2,0
"92146","92146",11,0,1,0
"92150","92150",21,0.480952380952381,3.69857142857143,0.0801486597864593
"92170","92170",23,0,4,0
"92182","92182",21,3.08571428571429,4.22047619047619,0.548429979871047
"92189","92189",9,0,1,0
"92190","92190",15,0,2,0
"92192","92192",21,0.947619047619048,7.39523809523809,0.140726725714966
"92193","92193",21,0,2,0
"92225","92225",20,0.1,0.9205,-0.0487241080031983
"92273","92273",2,0.45,10.89,0.0447761194029851
"92290","92290",19,0,2,0
"92291","92291",19,0,1,0
"92293","92293",20,0.205,0.9555,0.125892857142857
"92434","92434",17,0,1,0
"92438","92438",17,0,1,0
"92497","92497",17,0.429411764705882,3.58,0.0898390101449969
"92500","92500",17,0,1,0
"92501","92501",17,0.2,3.21411764705882,0.060790273556231
"92504","92504",17,0,2,0
"92522","92522",1,0,10.89,0
"92574","92574",15,0,1,0
"92584","92584",15,0,1,0
"92604","92604",14,0,2,0
"92617","92617",14,0,2,0
"92618","92618",14,0,2,0
"92623","92623",14,0,2,0
"92630","92630",13,0,2,0
"92631","92631",13,0,2,0
"92661","92661",12,0,1,0
"92662","92662",12,0,2,0
"92663","92663",12,0,2,0
"92696","92696",12,0.0416666666666667,1.61416666666667,0.0274122807017544
"92764","92764",11,0,1.04,0
"92811","92811",10,0,2,0
"92837","92837",1,0,12.22,0
"92841","92841",10,0.07,0.998,0.0714285714285714
"92848","92848",9,0,1,0
"92901","92901",9,2.61666666666667,11.6366666666667,0.219778255761456
"92981","92981",10,0.02,0.934,0.0224719101123596
"93028","93028",7,1.94857142857143,9.92142857142857,0.197637486545111
"93108","93108",6,0.516666666666667,1.105,0.316973415132924
"93151","93151",6,-0.0833333333333333,0.83,-0.100401606425703
"93152","93152",5,0,1,0
"93153","93153",5,3.112,9.988,0.305913371095262
"93281","93281",2,0,1,0
"93282","93282",2,0,1,0
"93283","93283",2,0,1,0
"93317","93317",2,4.07,15.41,0.260897435897436
"93368","93368",2,0,1,0
"93376","93376",1,0,1,0
"93377","93377",1,0,1.76,0
"93378","93378",1,0,1,0
