{"rodada_id": 21, "page": {"atual": "30", "total": "42"}, "atleta": [{"status": "Nulo", "foto": "http://s.glbimg.com/es/sde/f/2013/01/14/2f030414b6f520abcb2b006c9efb5071_FORMATO.jpeg", "clube": {"mercado": 1, "slug": "atletico-pr", "abreviacao": "atl", "id": 293, "nome": "atl\u00e9tico-pr"}, "status_id": 6, "jogos": 0, "scout": [], "preco": "3.00", "partida_data": "30/08/2015", "variacao": "0.00", "id": 82466, "media": "0.00", "pontos": "0.00", "apelido": "Bruno Pelissari", "posicao": {"abreviacao": "MEI", "id": 4, "nome": "Meia"}, "partida_clube_visitante": {"mercado": 1, "slug": "goias", "abreviacao": "goi", "id": 290, "nome": "goi\u00e1s"}, "partida_clube_casa": {"mercado": 1, "slug": "atletico-pr", "abreviacao": "atl", "id": 293, "nome": "atl\u00e9tico-pr"}}, {"status": "Nulo", "foto": "http://s.glbimg.com/es/sde/f/2015/07/21/821408451ae72cb2a52a19e9d7977f1e_FORMATO.jpeg", "clube": {"mercado": 1, "slug": "santos", "abreviacao": "san", "id": 277, "nome": "santos"}, "status_id": 6, "jogos": 5, "scout": [{"quantidade": 1, "nome": "FS"}, {"quantidade": 1, "nome": "PE"}, {"quantidade": 1, "nome": "RB"}, {"quantidade": 1, "nome": "FC"}, {"quantidade": 1, "nome": "CA"}, {"quantidade": 1, "nome": "FD"}], "preco": "2.99", "partida_data": "30/08/2015", "variacao": "0.08", "id": 73085, "media": "0.08", "pontos": "1.00", "apelido": "Leandro", "posicao": {"abreviacao": "ATA", "id": 5, "nome": "Atacante"}, "partida_clube_visitante": {"mercado": 1, "slug": "santos", "abreviacao": "san", "id": 277, "nome": "santos"}, "partida_clube_casa": {"mercado": 1, "slug": "cruzeiro", "abreviacao": "cru", "id": 283, "nome": "cruzeiro"}}, {"status": "Nulo", "foto": "http://s.glbimg.com/es/sde/f/2015/07/22/ee418d340be82b69102e8e15eb781bee_FORMATO.png", "clube": {"mercado": 1, "slug": "atletico-pr", "abreviacao": "atl", "id": 293, "nome": "atl\u00e9tico-pr"}, "status_id": 6, "jogos": 7, "scout": [{"quantidade": 5, "nome": "FS"}, {"quantidade": 16, "nome": "PE"}, {"quantidade": 5, "nome": "RB"}, {"quantidade": 4, "nome": "FC"}, {"quantidade": 1, "nome": "CA"}, {"quantidade": 5, "nome": "FF"}, {"quantidade": 3, "nome": "FD"}], "preco": "2.97", "partida_data": "30/08/2015", "variacao": "0.00", "id": 79432, "media": "1.24", "pontos": "0.00", "apelido": "Giovanni", "posicao": {"abreviacao": "MEI", "id": 4, "nome": "Meia"}, "partida_clube_visitante": {"mercado": 1, "slug": "goias", "abreviacao": "goi", "id": 290, "nome": "goi\u00e1s"}, "partida_clube_casa": {"mercado": 1, "slug": "atletico-pr", "abreviacao": "atl", "id": 293, "nome": "atl\u00e9tico-pr"}}, {"status": "Suspenso", "foto": "http://s.glbimg.com/es/sde/f/2015/06/17/9005a73a17c8652023ff010e621872fc_FORMATO.jpeg", "clube": {"mercado": 1, "slug": "goias", "abreviacao": "goi", "id": 290, "nome": "goi\u00e1s"}, "status_id": 3, "jogos": 7, "scout": [{"quantidade": 4, "nome": "SG"}, {"quantidade": 3, "nome": "FS"}, {"quantidade": 16, "nome": "PE"}, {"quantidade": 10, "nome": "RB"}, {"quantidade": 12, "nome": "FC"}, {"quantidade": 3, "nome": "CA"}, {"quantidade": 1, "nome": "FF"}], "preco": "2.96", "partida_data": "30/08/2015", "variacao": "0.00", "id": 87482, "media": "3.20", "pontos": "3.90", "apelido": "Gimenez", "posicao": {"abreviacao": "LAT", "id": 2, "nome": "Lateral"}, "partida_clube_visitante": {"mercado": 1, "slug": "goias", "abreviacao": "goi", "id": 290, "nome": "goi\u00e1s"}, "partida_clube_casa": {"mercado": 1, "slug": "atletico-pr", "abreviacao": "atl", "id": 293, "nome": "atl\u00e9tico-pr"}}, {"status": "Nulo", "foto": null, "clube": {"mercado": 1, "slug": "figueirense", "abreviacao": "fig", "id": 316, "nome": "figueirense"}, "status_id": 6, "jogos": 6, "scout": [{"quantidade": 1, "nome": "SG"}, {"quantidade": 14, "nome": "PE"}, {"quantidade": 9, "nome": "RB"}, {"quantidade": 7, "nome": "FC"}, {"quantidade": 1, "nome": "CA"}, {"quantidade": 1, "nome": "FF"}, {"quantidade": 1, "nome": "FD"}], "preco": "2.95", "partida_data": "29/08/2015", "variacao": "0.00", "id": 68945, "media": "2.05", "pontos": "0.00", "apelido": "Saimon", "posicao": {"abreviacao": "ZAG", "id": 3, "nome": "Zagueiro"}, "partida_clube_visitante": {"mercado": 1, "slug": "figueirense", "abreviacao": "fig", "id": 316, "nome": "figueirense"}, "partida_clube_casa": {"mercado": 1, "slug": "vasco", "abreviacao": "vas", "id": 267, "nome": "vasco"}}, {"status": "Nulo", "foto": "http://s.glbimg.com/es/sde/f/2015/04/10/e3e1ec7e2dbeaef55e92de4bd14f7146_FORMATO.jpeg", "clube": {"mercado": 1, "slug": "goias", "abreviacao": "goi", "id": 290, "nome": "goi\u00e1s"}, "status_id": 6, "jogos": 11, "scout": [{"quantidade": 10, "nome": "FS"}, {"quantidade": 11, "nome": "PE"}, {"quantidade": 1, "nome": "A"}, {"quantidade": 1, "nome": "G"}, {"quantidade": 4, "nome": "I"}, {"quantidade": 8, "nome": "RB"}, {"quantidade": 9, "nome": "FC"}, {"quantidade": 1, "nome": "CA"}, {"quantidade": 3, "nome": "FF"}, {"quantidade": 1, "nome": "FD"}], "preco": "2.91", "partida_data": "30/08/2015", "variacao": "0.00", "id": 90917, "media": "2.07", "pontos": "0.00", "apelido": "Carlos ", "posicao": {"abreviacao": "ATA", "id": 5, "nome": "Atacante"}, "partida_clube_visitante": {"mercado": 1, "slug": "goias", "abreviacao": "goi", "id": 290, "nome": "goi\u00e1s"}, "partida_clube_casa": {"mercado": 1, "slug": "atletico-pr", "abreviacao": "atl", "id": 293, "nome": "atl\u00e9tico-pr"}}, {"status": "Nulo", "foto": "http://s.glbimg.com/es/sde/f/2014/07/31/7cf2929c26ca5cb6de2eb7974874865e_FORMATO.jpeg", "clube": {"mercado": 1, "slug": "figueirense", "abreviacao": "fig", "id": 316, "nome": "figueirense"}, "status_id": 6, "jogos": 2, "scout": [{"quantidade": 3, "nome": "FS"}, {"quantidade": 3, "nome": "PE"}, {"quantidade": 3, "nome": "FC"}], "preco": "2.87", "partida_data": "29/08/2015", "variacao": "-0.58", "id": 82750, "media": "-0.45", "pontos": "-1.40", "apelido": "Celsinho", "posicao": {"abreviacao": "MEI", "id": 4, "nome": "Meia"}, "partida_clube_visitante": {"mercado": 1, "slug": "figueirense", "abreviacao": "fig", "id": 316, "nome": "figueirense"}, "partida_clube_casa": {"mercado": 1, "slug": "vasco", "abreviacao": "vas", "id": 267, "nome": "vasco"}}, {"status": "Nulo", "foto": "http://s.glbimg.com/es/sde/f/2015/07/22/bb333e6761673b3a623a2766ded2ad7e_FORMATO.jpeg", "clube": {"mercado": 1, "slug": "coritiba", "abreviacao": "cor", "id": 294, "nome": "coritiba"}, "status_id": 6, "jogos": 10, "scout": [{"quantidade": 2, "nome": "SG"}, {"quantidade": 1, "nome": "FS"}, {"quantidade": 3, "nome": "PE"}, {"quantidade": 1, "nome": "FC"}, {"quantidade": 8, "nome": "DD"}, {"quantidade": 14, "nome": "GS"}], "preco": "2.86", "partida_data": "30/08/2015", "variacao": "0.00", "id": 77556, "media": "0.52", "pontos": "0.00", "apelido": "Bruno", "posicao": {"abreviacao": "GOL", "id": 1, "nome": "Goleiro"}, "partida_clube_visitante": {"mercado": 1, "slug": "coritiba", "abreviacao": "cor", "id": 294, "nome": "coritiba"}, "partida_clube_casa": {"mercado": 1, "slug": "gremio", "abreviacao": "gre", "id": 284, "nome": "gr\u00eamio"}}, {"status": "Contundido", "foto": "http://s.glbimg.com/es/sde/f/2014/11/18/4ba10de0cbe624d4ab529be77b504fe6_FORMATO.jpeg", "clube": {"mercado": 1, "slug": "flamengo", "abreviacao": "fla", "id": 262, "nome": "flamengo"}, "status_id": 5, "jogos": 8, "scout": [{"quantidade": 2, "nome": "SG"}, {"quantidade": 3, "nome": "FS"}, {"quantidade": 4, "nome": "PE"}, {"quantidade": 2, "nome": "CA"}, {"quantidade": 8, "nome": "DD"}, {"quantidade": 12, "nome": "GS"}], "preco": "2.84", "partida_data": "30/08/2015", "variacao": "0.00", "id": 68873, "media": "0.78", "pontos": "0.00", "apelido": "Paulo Victor", "posicao": {"abreviacao": "GOL", "id": 1, "nome": "Goleiro"}, "partida_clube_visitante": {"mercado": 1, "slug": "flamengo", "abreviacao": "fla", "id": 262, "nome": "flamengo"}, "partida_clube_casa": {"mercado": 1, "slug": "sport", "abreviacao": "spo", "id": 292, "nome": "sport"}}, {"status": "Suspenso", "foto": "http://s.glbimg.com/es/sde/f/2015/01/27/5383011aaaa0200f34efde8344c6c529_FORMATO.jpeg", "clube": {"mercado": 1, "slug": "avai", "abreviacao": "ava", "id": 314, "nome": "ava\u00ed"}, "status_id": 3, "jogos": 17, "scout": [{"quantidade": 2, "nome": "SG"}, {"quantidade": 14, "nome": "FS"}, {"quantidade": 57, "nome": "PE"}, {"quantidade": 25, "nome": "RB"}, {"quantidade": 21, "nome": "FC"}, {"quantidade": 6, "nome": "CA"}, {"quantidade": 2, "nome": "FD"}], "preco": "2.84", "partida_data": "30/08/2015", "variacao": "-0.64", "id": 80975, "media": "1.30", "pontos": "-1.30", "apelido": "Rom\u00e1rio ", "posicao": {"abreviacao": "LAT", "id": 2, "nome": "Lateral"}, "partida_clube_visitante": {"mercado": 1, "slug": "internacional", "abreviacao": "int", "id": 285, "nome": "internacional"}, "partida_clube_casa": {"mercado": 1, "slug": "avai", "abreviacao": "ava", "id": 314, "nome": "ava\u00ed"}}, {"status": "Nulo", "foto": "http://s.glbimg.com/es/sde/f/2015/07/21/61d09e4cc047c8d9bf7c70bf702d7182_FORMATO.jpeg", "clube": {"mercado": 1, "slug": "corinthians", "abreviacao": "cor", "id": 264, "nome": "corinthians"}, "status_id": 6, "jogos": 1, "scout": [{"quantidade": 1, "nome": "PE"}, {"quantidade": 1, "nome": "RB"}], "preco": "2.83", "partida_data": "30/08/2015", "variacao": "0.00", "id": 91714, "media": "1.40", "pontos": "0.00", "apelido": "Marciel", "posicao": {"abreviacao": "MEI", "id": 4, "nome": "Meia"}, "partida_clube_visitante": {"mercado": 1, "slug": "corinthians", "abreviacao": "cor", "id": 264, "nome": "corinthians"}, "partida_clube_casa": {"mercado": 1, "slug": "chapecoense", "abreviacao": "cha", "id": 315, "nome": "chapecoense"}}, {"status": "Nulo", "foto": "http://s.glbimg.com/es/sde/f/2015/01/15/aec86d824782359a768bfd0e33cf7be4_FORMATO.jpeg", "clube": {"mercado": 1, "slug": "flamengo", "abreviacao": "fla", "id": 262, "nome": "flamengo"}, "status_id": 6, "jogos": 1, "scout": [{"quantidade": 1, "nome": "SG"}, {"quantidade": 2, "nome": "PE"}], "preco": "2.83", "partida_data": "30/08/2015", "variacao": "0.00", "id": 74103, "media": "4.40", "pontos": "0.00", "apelido": "Frauches ", "posicao": {"abreviacao": "ZAG", "id": 3, "nome": "Zagueiro"}, "partida_clube_visitante": {"mercado": 1, "slug": "flamengo", "abreviacao": "fla", "id": 262, "nome": "flamengo"}, "partida_clube_casa": {"mercado": 1, "slug": "sport", "abreviacao": "spo", "id": 292, "nome": "sport"}}, {"status": "Nulo", "foto": "http://s.glbimg.com/es/sde/f/2015/07/22/bf31b0fc2a072e0df6d6f9b4bc123d1b_FORMATO.jpeg", "clube": {"mercado": 1, "slug": "avai", "abreviacao": "ava", "id": 314, "nome": "ava\u00ed"}, "status_id": 6, "jogos": 4, "scout": [{"quantidade": 3, "nome": "FS"}, {"quantidade": 5, "nome": "PE"}, {"quantidade": 1, "nome": "I"}, {"quantidade": 3, "nome": "RB"}, {"quantidade": 4, "nome": "FC"}], "preco": "2.83", "partida_data": "30/08/2015", "variacao": "0.00", "id": 73445, "media": "0.65", "pontos": "0.00", "apelido": "Denner", "posicao": {"abreviacao": "MEI", "id": 4, "nome": "Meia"}, "partida_clube_visitante": {"mercado": 1, "slug": "internacional", "abreviacao": "int", "id": 285, "nome": "internacional"}, "partida_clube_casa": {"mercado": 1, "slug": "avai", "abreviacao": "ava", "id": 314, "nome": "ava\u00ed"}}, {"status": "Contundido", "foto": "http://s.glbimg.com/es/sde/f/2014/09/03/4ab9ff47d2f82687de14e69e6ec851ef_FORMATO.jpeg", "clube": {"mercado": 1, "slug": "cruzeiro", "abreviacao": "cru", "id": 283, "nome": "cruzeiro"}, "status_id": 5, "jogos": 1, "scout": [{"quantidade": 1, "nome": "I"}], "preco": "2.77", "partida_data": "30/08/2015", "variacao": "0.00", "id": 89190, "media": "-0.50", "pontos": "0.00", "apelido": "Judivan ", "posicao": {"abreviacao": "ATA", "id": 5, "nome": "Atacante"}, "partida_clube_visitante": {"mercado": 1, "slug": "santos", "abreviacao": "san", "id": 277, "nome": "santos"}, "partida_clube_casa": {"mercado": 1, "slug": "cruzeiro", "abreviacao": "cru", "id": 283, "nome": "cruzeiro"}}, {"status": "Prov\u00e1vel", "foto": "http://s.glbimg.com/es/sde/f/2013/07/12/04f5dd8b2ccc5df6e2bd0f5c19c41d09_FORMATO.jpeg", "clube": {"mercado": 1, "slug": "figueirense", "abreviacao": "fig", "id": 316, "nome": "figueirense"}, "status_id": 7, "jogos": 6, "scout": [{"quantidade": 3, "nome": "FS"}, {"quantidade": 22, "nome": "PE"}, {"quantidade": 13, "nome": "RB"}, {"quantidade": 13, "nome": "FC"}, {"quantidade": 1, "nome": "FF"}], "preco": "2.77", "partida_data": "29/08/2015", "variacao": "-0.05", "id": 84887, "media": "1.87", "pontos": "0.00", "apelido": "Dener", "posicao": {"abreviacao": "MEI", "id": 4, "nome": "Meia"}, "partida_clube_visitante": {"mercado": 1, "slug": "figueirense", "abreviacao": "fig", "id": 316, "nome": "figueirense"}, "partida_clube_casa": {"mercado": 1, "slug": "vasco", "abreviacao": "vas", "id": 267, "nome": "vasco"}}, {"status": "Prov\u00e1vel", "foto": "http://s.glbimg.com/es/sde/f/2015/01/14/188e35002e568bb5c434e3cfd6b3a543_FORMATO.jpeg", "clube": {"mercado": 1, "slug": "joinville", "abreviacao": "jec", "id": 317, "nome": "joinville"}, "status_id": 7, "jogos": 5, "scout": [{"quantidade": 2, "nome": "FS"}, {"quantidade": 16, "nome": "PE"}, {"quantidade": 11, "nome": "RB"}, {"quantidade": 10, "nome": "FC"}, {"quantidade": 1, "nome": "CA"}, {"quantidade": 3, "nome": "FF"}, {"quantidade": 1, "nome": "FD"}], "preco": "2.76", "partida_data": "30/08/2015", "variacao": "-1.24", "id": 90321, "media": "2.20", "pontos": "-0.60", "apelido": "Kadu", "posicao": {"abreviacao": "MEI", "id": 4, "nome": "Meia"}, "partida_clube_visitante": {"mercado": 1, "slug": "joinville", "abreviacao": "jec", "id": 317, "nome": "joinville"}, "partida_clube_casa": {"mercado": 1, "slug": "palmeiras", "abreviacao": "pal", "id": 275, "nome": "palmeiras"}}, {"status": "Nulo", "foto": "http://s.glbimg.com/es/sde/f/2015/07/22/9400bbf3562e12103610536c500d41ac_FORMATO.jpeg", "clube": {"mercado": 1, "slug": "chapecoense", "abreviacao": "cha", "id": 315, "nome": "chapecoense"}, "status_id": 6, "jogos": 6, "scout": [{"quantidade": 4, "nome": "FS"}, {"quantidade": 6, "nome": "PE"}, {"quantidade": 2, "nome": "RB"}, {"quantidade": 5, "nome": "FC"}, {"quantidade": 1, "nome": "CA"}], "preco": "2.75", "partida_data": "30/08/2015", "variacao": "0.00", "id": 79892, "media": "-0.15", "pontos": "0.00", "apelido": "Nen\u00e9n", "posicao": {"abreviacao": "MEI", "id": 4, "nome": "Meia"}, "partida_clube_visitante": {"mercado": 1, "slug": "corinthians", "abreviacao": "cor", "id": 264, "nome": "corinthians"}, "partida_clube_casa": {"mercado": 1, "slug": "chapecoense", "abreviacao": "cha", "id": 315, "nome": "chapecoense"}}, {"status": "Nulo", "foto": "http://s.glbimg.com/es/sde/f/2014/07/23/7b0c4d7e5c6bacc19cda92a86704f756_FORMATO.jpeg", "clube": {"mercado": 1, "slug": "ponte-preta", "abreviacao": "pon", "id": 303, "nome": "ponte preta"}, "status_id": 6, "jogos": 13, "scout": [{"quantidade": 19, "nome": "FS"}, {"quantidade": 26, "nome": "PE"}, {"quantidade": 1, "nome": "A"}, {"quantidade": 4, "nome": "I"}, {"quantidade": 5, "nome": "RB"}, {"quantidade": 12, "nome": "FC"}, {"quantidade": 3, "nome": "CA"}, {"quantidade": 5, "nome": "FF"}, {"quantidade": 4, "nome": "FD"}], "preco": "2.74", "partida_data": "29/08/2015", "variacao": "0.00", "id": 80381, "media": "0.67", "pontos": "0.00", "apelido": "Cesinha", "posicao": {"abreviacao": "ATA", "id": 5, "nome": "Atacante"}, "partida_clube_visitante": {"mercado": 1, "slug": "ponte-preta", "abreviacao": "pon", "id": 303, "nome": "ponte preta"}, "partida_clube_casa": {"mercado": 1, "slug": "sao-paulo", "abreviacao": "sao", "id": 276, "nome": "s\u00e3o paulo"}}, {"status": "Nulo", "foto": "http://s.glbimg.com/es/sde/f/2015/01/08/1e303cfd7a2276c8c90ac129ffa41fe9_FORMATO.jpeg", "clube": {"mercado": 1, "slug": "fluminense", "abreviacao": "flu", "id": 266, "nome": "fluminense"}, "status_id": 6, "jogos": 2, "scout": [{"quantidade": 2, "nome": "SG"}, {"quantidade": 4, "nome": "PE"}, {"quantidade": 1, "nome": "RB"}, {"quantidade": 2, "nome": "FC"}, {"quantidade": 1, "nome": "CA"}], "preco": "2.73", "partida_data": "30/08/2015", "variacao": "0.00", "id": 84889, "media": "3.75", "pontos": "0.00", "apelido": "Victor Oliveira", "posicao": {"abreviacao": "ZAG", "id": 3, "nome": "Zagueiro"}, "partida_clube_visitante": {"mercado": 1, "slug": "atletico-mg", "abreviacao": "atl", "id": 282, "nome": "atl\u00e9tico-mg"}, "partida_clube_casa": {"mercado": 1, "slug": "fluminense", "abreviacao": "flu", "id": 266, "nome": "fluminense"}}, {"status": "Nulo", "foto": "http://s.glbimg.com/es/sde/f/2015/01/23/ccd04505907e3a069c605d88e1facda1_FORMATO.jpeg", "clube": {"mercado": 1, "slug": "internacional", "abreviacao": "int", "id": 285, "nome": "internacional"}, "status_id": 6, "jogos": 6, "scout": [{"quantidade": 7, "nome": "FS"}, {"quantidade": 7, "nome": "PE"}, {"quantidade": 3, "nome": "RB"}, {"quantidade": 3, "nome": "FC"}, {"quantidade": 1, "nome": "CA"}, {"quantidade": 3, "nome": "FF"}, {"quantidade": 1, "nome": "FD"}], "preco": "2.73", "partida_data": "30/08/2015", "variacao": "0.00", "id": 90481, "media": "1.02", "pontos": "0.00", "apelido": "Alisson Farias", "posicao": {"abreviacao": "MEI", "id": 4, "nome": "Meia"}, "partida_clube_visitante": {"mercado": 1, "slug": "internacional", "abreviacao": "int", "id": 285, "nome": "internacional"}, "partida_clube_casa": {"mercado": 1, "slug": "avai", "abreviacao": "ava", "id": 314, "nome": "ava\u00ed"}}]}