{"rodada_id": 22, "page": {"atual": "36", "total": "42"}, "atleta": [{"status": "Nulo", "foto": "http://s.glbimg.com/es/sde/f/2015/05/29/dfa58ed53e0c594fb6570e9054923711_FORMATO.jpeg", "clube": {"mercado": 1, "slug": "internacional", "abreviacao": "int", "id": 285, "nome": "internacional"}, "status_id": 6, "jogos": 1, "scout": [{"quantidade": 1, "nome": "FS"}, {"quantidade": 6, "nome": "PE"}, {"quantidade": 2, "nome": "RB"}, {"quantidade": 4, "nome": "FC"}], "preco": "1.66", "partida_data": "02/09/2015", "variacao": "0.00", "id": 91973, "media": "0.10", "pontos": "0.00", "apelido": "Lucas Marques", "posicao": {"abreviacao": "MEI", "id": 4, "nome": "Meia"}, "partida_clube_visitante": {"mercado": 1, "slug": "vasco", "abreviacao": "vas", "id": 267, "nome": "vasco"}, "partida_clube_casa": {"mercado": 1, "slug": "internacional", "abreviacao": "int", "id": 285, "nome": "internacional"}}, {"status": "Nulo", "foto": "http://s.glbimg.com/es/sde/f/2013/06/06/a4670d431a30743f527290c13c99940c_FORMATO.jpeg", "clube": {"mercado": 1, "slug": "santos", "abreviacao": "san", "id": 277, "nome": "santos"}, "status_id": 6, "jogos": 1, "scout": [], "preco": "1.63", "partida_data": "03/09/2015", "variacao": "-0.37", "id": 70986, "media": "0.00", "pontos": "0.00", "apelido": "L\u00e9o Cittadini", "posicao": {"abreviacao": "MEI", "id": 4, "nome": "Meia"}, "partida_clube_visitante": {"mercado": 1, "slug": "chapecoense", "abreviacao": "cha", "id": 315, "nome": "chapecoense"}, "partida_clube_casa": {"mercado": 1, "slug": "santos", "abreviacao": "san", "id": 277, "nome": "santos"}}, {"status": "Nulo", "foto": "http://s.glbimg.com/es/sde/f/2015/05/29/d1189e946e041cc5874dc6fbcb3e4352_FORMATO.jpeg", "clube": {"mercado": 1, "slug": "goias", "abreviacao": "goi", "id": 290, "nome": "goi\u00e1s"}, "status_id": 6, "jogos": 1, "scout": [], "preco": "1.63", "partida_data": "02/09/2015", "variacao": "-0.37", "id": 91772, "media": "0.00", "pontos": "0.00", "apelido": "Deivid Duarte", "posicao": {"abreviacao": "ZAG", "id": 3, "nome": "Zagueiro"}, "partida_clube_visitante": {"mercado": 1, "slug": "palmeiras", "abreviacao": "pal", "id": 275, "nome": "palmeiras"}, "partida_clube_casa": {"mercado": 1, "slug": "goias", "abreviacao": "goi", "id": 290, "nome": "goi\u00e1s"}}, {"status": "Nulo", "foto": "http://s.glbimg.com/es/sde/f/2015/07/22/0b80bca842df9a6daaa6209cc4c1db4a_FORMATO.jpeg", "clube": {"mercado": 1, "slug": "sport", "abreviacao": "spo", "id": 292, "nome": "sport"}, "status_id": 6, "jogos": 1, "scout": [], "preco": "1.62", "partida_data": "02/09/2015", "variacao": "0.00", "id": 92078, "media": "0.00", "pontos": "0.00", "apelido": "Wallace", "posicao": {"abreviacao": "ATA", "id": 5, "nome": "Atacante"}, "partida_clube_visitante": {"mercado": 1, "slug": "sport", "abreviacao": "spo", "id": 292, "nome": "sport"}, "partida_clube_casa": {"mercado": 1, "slug": "coritiba", "abreviacao": "cor", "id": 294, "nome": "coritiba"}}, {"status": "Nulo", "foto": "http://s.glbimg.com/es/sde/f/2015/04/18/1b308f11ac3e36ba70ac7cd657ce2eb2_FORMATO.jpeg", "clube": {"mercado": 1, "slug": "joinville", "abreviacao": "jec", "id": 317, "nome": "joinville"}, "status_id": 6, "jogos": 1, "scout": [{"quantidade": 1, "nome": "PE"}], "preco": "1.59", "partida_data": "02/09/2015", "variacao": "0.00", "id": 91468, "media": "-0.30", "pontos": "0.00", "apelido": "Mateus Silva", "posicao": {"abreviacao": "ATA", "id": 5, "nome": "Atacante"}, "partida_clube_visitante": {"mercado": 1, "slug": "sao-paulo", "abreviacao": "sao", "id": 276, "nome": "s\u00e3o paulo"}, "partida_clube_casa": {"mercado": 1, "slug": "joinville", "abreviacao": "jec", "id": 317, "nome": "joinville"}}, {"status": "Nulo", "foto": "http://s.glbimg.com/es/sde/f/2015/07/21/df678446479a118fd6fbc94f6c7a863f_FORMATO.jpeg", "clube": {"mercado": 1, "slug": "figueirense", "abreviacao": "fig", "id": 316, "nome": "figueirense"}, "status_id": 6, "jogos": 1, "scout": [{"quantidade": 3, "nome": "DD"}, {"quantidade": 4, "nome": "GS"}], "preco": "1.58", "partida_data": "03/09/2015", "variacao": "0.00", "id": 88916, "media": "1.00", "pontos": "0.00", "apelido": "Luan Polli ", "posicao": {"abreviacao": "GOL", "id": 1, "nome": "Goleiro"}, "partida_clube_visitante": {"mercado": 1, "slug": "gremio", "abreviacao": "gre", "id": 284, "nome": "gr\u00eamio"}, "partida_clube_casa": {"mercado": 1, "slug": "figueirense", "abreviacao": "fig", "id": 316, "nome": "figueirense"}}, {"status": "Nulo", "foto": "http://s.glbimg.com/es/sde/f/2014/08/28/e3cfdbe31b0c005cd9b8445bc5d447a8_FORMATO.jpeg", "clube": {"mercado": 1, "slug": "atletico-mg", "abreviacao": "atl", "id": 282, "nome": "atl\u00e9tico-mg"}, "status_id": 6, "jogos": 1, "scout": [{"quantidade": 4, "nome": "PE"}, {"quantidade": 1, "nome": "RB"}, {"quantidade": 1, "nome": "FC"}], "preco": "1.58", "partida_data": "02/09/2015", "variacao": "0.00", "id": 79042, "media": "0.00", "pontos": "0.00", "apelido": "Tiago ", "posicao": {"abreviacao": "ZAG", "id": 3, "nome": "Zagueiro"}, "partida_clube_visitante": {"mercado": 1, "slug": "atletico-pr", "abreviacao": "atl", "id": 293, "nome": "atl\u00e9tico-pr"}, "partida_clube_casa": {"mercado": 1, "slug": "atletico-mg", "abreviacao": "atl", "id": 282, "nome": "atl\u00e9tico-mg"}}, {"status": "Nulo", "foto": "http://s.glbimg.com/es/sde/f/2011/09/21/9c79cc253522e74922a7aec34b3320de_FORMATO.jpeg", "clube": {"mercado": 1, "slug": "atletico-pr", "abreviacao": "atl", "id": 293, "nome": "atl\u00e9tico-pr"}, "status_id": 6, "jogos": 1, "scout": [{"quantidade": 2, "nome": "GS"}], "preco": "1.54", "partida_data": "02/09/2015", "variacao": "0.00", "id": 69012, "media": "-4.00", "pontos": "0.00", "apelido": "Santos", "posicao": {"abreviacao": "GOL", "id": 1, "nome": "Goleiro"}, "partida_clube_visitante": {"mercado": 1, "slug": "atletico-pr", "abreviacao": "atl", "id": 293, "nome": "atl\u00e9tico-pr"}, "partida_clube_casa": {"mercado": 1, "slug": "atletico-mg", "abreviacao": "atl", "id": 282, "nome": "atl\u00e9tico-mg"}}, {"status": "Nulo", "foto": null, "clube": {"mercado": 1, "slug": "ponte-preta", "abreviacao": "pon", "id": 303, "nome": "ponte preta"}, "status_id": 6, "jogos": 7, "scout": [{"quantidade": 5, "nome": "FS"}, {"quantidade": 6, "nome": "PE"}, {"quantidade": 2, "nome": "I"}, {"quantidade": 2, "nome": "RB"}, {"quantidade": 1, "nome": "FC"}, {"quantidade": 1, "nome": "FF"}, {"quantidade": 3, "nome": "FD"}], "preco": "1.50", "partida_data": "02/09/2015", "variacao": "0.21", "id": 86485, "media": "0.90", "pontos": "2.00", "apelido": "Keno", "posicao": {"abreviacao": "ATA", "id": 5, "nome": "Atacante"}, "partida_clube_visitante": {"mercado": 1, "slug": "cruzeiro", "abreviacao": "cru", "id": 283, "nome": "cruzeiro"}, "partida_clube_casa": {"mercado": 1, "slug": "ponte-preta", "abreviacao": "pon", "id": 303, "nome": "ponte preta"}}, {"status": "Nulo", "foto": "http://s.glbimg.com/es/sde/f/2015/07/22/97e64129a585d653fb358999e184890f_FORMATO.jpeg", "clube": {"mercado": 1, "slug": "avai", "abreviacao": "ava", "id": 314, "nome": "ava\u00ed"}, "status_id": 6, "jogos": 17, "scout": [{"quantidade": 2, "nome": "SG"}, {"quantidade": 16, "nome": "FS"}, {"quantidade": 39, "nome": "PE"}, {"quantidade": 4, "nome": "I"}, {"quantidade": 6, "nome": "RB"}, {"quantidade": 14, "nome": "FC"}, {"quantidade": 1, "nome": "GC"}, {"quantidade": 6, "nome": "CA"}, {"quantidade": 5, "nome": "FF"}, {"quantidade": 5, "nome": "FD"}], "preco": "1.49", "partida_data": "02/09/2015", "variacao": "0.00", "id": 38745, "media": "-0.12", "pontos": "0.00", "apelido": "J\u00e9ci", "posicao": {"abreviacao": "ZAG", "id": 3, "nome": "Zagueiro"}, "partida_clube_visitante": {"mercado": 1, "slug": "avai", "abreviacao": "ava", "id": 314, "nome": "ava\u00ed"}, "partida_clube_casa": {"mercado": 1, "slug": "flamengo", "abreviacao": "fla", "id": 262, "nome": "flamengo"}}, {"status": "Nulo", "foto": "http://s.glbimg.com/es/sde/f/2011/09/21/344a102ad7fb8fe920e21e81925b3f2a_FORMATO.jpeg", "clube": {"mercado": 1, "slug": "goias", "abreviacao": "goi", "id": 290, "nome": "goi\u00e1s"}, "status_id": 6, "jogos": 10, "scout": [{"quantidade": 18, "nome": "FS"}, {"quantidade": 14, "nome": "PE"}, {"quantidade": 1, "nome": "G"}, {"quantidade": 2, "nome": "I"}, {"quantidade": 6, "nome": "RB"}, {"quantidade": 19, "nome": "FC"}, {"quantidade": 3, "nome": "CA"}, {"quantidade": 2, "nome": "FF"}, {"quantidade": 3, "nome": "FD"}], "preco": "1.48", "partida_data": "02/09/2015", "variacao": "0.00", "id": 71121, "media": "1.09", "pontos": "0.00", "apelido": "Wesley", "posicao": {"abreviacao": "ATA", "id": 5, "nome": "Atacante"}, "partida_clube_visitante": {"mercado": 1, "slug": "palmeiras", "abreviacao": "pal", "id": 275, "nome": "palmeiras"}, "partida_clube_casa": {"mercado": 1, "slug": "goias", "abreviacao": "goi", "id": 290, "nome": "goi\u00e1s"}}, {"status": "Nulo", "foto": "http://s.glbimg.com/es/sde/f/2014/09/17/5e2d35d37b5fe52c58a3356ee11dce17_FORMATO.jpeg", "clube": {"mercado": 1, "slug": "fluminense", "abreviacao": "flu", "id": 266, "nome": "fluminense"}, "status_id": 6, "jogos": 1, "scout": [{"quantidade": 1, "nome": "DD"}, {"quantidade": 2, "nome": "GS"}], "preco": "1.45", "partida_data": "02/09/2015", "variacao": "0.00", "id": 49673, "media": "-1.00", "pontos": "0.00", "apelido": "J\u00falio C\u00e9sar", "posicao": {"abreviacao": "GOL", "id": 1, "nome": "Goleiro"}, "partida_clube_visitante": {"mercado": 1, "slug": "fluminense", "abreviacao": "flu", "id": 266, "nome": "fluminense"}, "partida_clube_casa": {"mercado": 1, "slug": "corinthians", "abreviacao": "cor", "id": 264, "nome": "corinthians"}}, {"status": "Nulo", "foto": "http://s.glbimg.com/es/sde/f/2015/07/22/1bd744475097fadfec95184e715b0c87_FORMATO.jpeg", "clube": {"mercado": 1, "slug": "avai", "abreviacao": "ava", "id": 314, "nome": "ava\u00ed"}, "status_id": 6, "jogos": 3, "scout": [{"quantidade": 1, "nome": "FS"}, {"quantidade": 3, "nome": "PE"}, {"quantidade": 1, "nome": "RB"}, {"quantidade": 2, "nome": "FC"}, {"quantidade": 1, "nome": "PP"}, {"quantidade": 2, "nome": "FF"}, {"quantidade": 2, "nome": "FD"}], "preco": "1.44", "partida_data": "02/09/2015", "variacao": "0.00", "id": 91761, "media": "0.07", "pontos": "0.00", "apelido": "Juninho", "posicao": {"abreviacao": "MEI", "id": 4, "nome": "Meia"}, "partida_clube_visitante": {"mercado": 1, "slug": "avai", "abreviacao": "ava", "id": 314, "nome": "ava\u00ed"}, "partida_clube_casa": {"mercado": 1, "slug": "flamengo", "abreviacao": "fla", "id": 262, "nome": "flamengo"}}, {"status": "Nulo", "foto": "http://s.glbimg.com/es/sde/f/2015/05/29/6b9d03fe83ab65840200dcd87bbe5c4d_FORMATO.jpeg", "clube": {"mercado": 1, "slug": "sao-paulo", "abreviacao": "sao", "id": 276, "nome": "s\u00e3o paulo"}, "status_id": 6, "jogos": 3, "scout": [{"quantidade": 1, "nome": "FS"}, {"quantidade": 2, "nome": "PE"}, {"quantidade": 1, "nome": "FD"}], "preco": "1.38", "partida_data": "02/09/2015", "variacao": "0.00", "id": 91972, "media": "0.30", "pontos": "0.00", "apelido": "Jo\u00e3o Paulo", "posicao": {"abreviacao": "ATA", "id": 5, "nome": "Atacante"}, "partida_clube_visitante": {"mercado": 1, "slug": "sao-paulo", "abreviacao": "sao", "id": 276, "nome": "s\u00e3o paulo"}, "partida_clube_casa": {"mercado": 1, "slug": "joinville", "abreviacao": "jec", "id": 317, "nome": "joinville"}}, {"status": "Nulo", "foto": "http://s.glbimg.com/es/sde/f/2012/09/06/acdb28e766f466619e2761be93f3c75b_FORMATO.png", "clube": {"mercado": 1, "slug": "atletico-mg", "abreviacao": "atl", "id": 282, "nome": "atl\u00e9tico-mg"}, "status_id": 6, "jogos": 4, "scout": [{"quantidade": 1, "nome": "SG"}, {"quantidade": 3, "nome": "FS"}, {"quantidade": 10, "nome": "PE"}, {"quantidade": 2, "nome": "RB"}, {"quantidade": 2, "nome": "FC"}, {"quantidade": 1, "nome": "CA"}, {"quantidade": 1, "nome": "FF"}], "preco": "1.32", "partida_data": "02/09/2015", "variacao": "0.00", "id": 51779, "media": "1.15", "pontos": "0.00", "apelido": "Pedro Botelho", "posicao": {"abreviacao": "LAT", "id": 2, "nome": "Lateral"}, "partida_clube_visitante": {"mercado": 1, "slug": "atletico-pr", "abreviacao": "atl", "id": 293, "nome": "atl\u00e9tico-pr"}, "partida_clube_casa": {"mercado": 1, "slug": "atletico-mg", "abreviacao": "atl", "id": 282, "nome": "atl\u00e9tico-mg"}}, {"status": "Nulo", "foto": null, "clube": {"mercado": 1, "slug": "fluminense", "abreviacao": "flu", "id": 266, "nome": "fluminense"}, "status_id": 6, "jogos": 3, "scout": [{"quantidade": 2, "nome": "PE"}, {"quantidade": 1, "nome": "RB"}, {"quantidade": 1, "nome": "FC"}], "preco": "1.23", "partida_data": "02/09/2015", "variacao": "0.00", "id": 80399, "media": "0.20", "pontos": "0.00", "apelido": "Higor Leite", "posicao": {"abreviacao": "MEI", "id": 4, "nome": "Meia"}, "partida_clube_visitante": {"mercado": 1, "slug": "fluminense", "abreviacao": "flu", "id": 266, "nome": "fluminense"}, "partida_clube_casa": {"mercado": 1, "slug": "corinthians", "abreviacao": "cor", "id": 264, "nome": "corinthians"}}, {"status": "Nulo", "foto": "http://s.glbimg.com/es/sde/f/2014/10/29/c895c5fe0b3740ffcacffd34e62df141_FORMATO.jpeg", "clube": {"mercado": 1, "slug": "ponte-preta", "abreviacao": "pon", "id": 303, "nome": "ponte preta"}, "status_id": 6, "jogos": 2, "scout": [{"quantidade": 1, "nome": "FS"}, {"quantidade": 13, "nome": "PE"}, {"quantidade": 5, "nome": "RB"}, {"quantidade": 6, "nome": "FC"}, {"quantidade": 1, "nome": "CA"}, {"quantidade": 1, "nome": "FD"}], "preco": "1.16", "partida_data": "02/09/2015", "variacao": "0.00", "id": 86618, "media": "0.55", "pontos": "0.00", "apelido": "Vitor Xavier", "posicao": {"abreviacao": "ATA", "id": 5, "nome": "Atacante"}, "partida_clube_visitante": {"mercado": 1, "slug": "cruzeiro", "abreviacao": "cru", "id": 283, "nome": "cruzeiro"}, "partida_clube_casa": {"mercado": 1, "slug": "ponte-preta", "abreviacao": "pon", "id": 303, "nome": "ponte preta"}}, {"status": "Nulo", "foto": "http://s.glbimg.com/es/sde/f/2013/02/26/30b4cb9caefacb502fc723d80adaf41a_FORMATO.jpeg", "clube": {"mercado": 1, "slug": "gremio", "abreviacao": "gre", "id": 284, "nome": "gr\u00eamio"}, "status_id": 6, "jogos": 1, "scout": [{"quantidade": 1, "nome": "PE"}, {"quantidade": 1, "nome": "RB"}], "preco": "1.10", "partida_data": "03/09/2015", "variacao": "0.00", "id": 83048, "media": "1.40", "pontos": "0.00", "apelido": "Rafael Thyere", "posicao": {"abreviacao": "ZAG", "id": 3, "nome": "Zagueiro"}, "partida_clube_visitante": {"mercado": 1, "slug": "gremio", "abreviacao": "gre", "id": 284, "nome": "gr\u00eamio"}, "partida_clube_casa": {"mercado": 1, "slug": "figueirense", "abreviacao": "fig", "id": 316, "nome": "figueirense"}}, {"status": "Nulo", "foto": "http://s.glbimg.com/es/sde/f/2015/01/15/4e223b56f8245ce99ed954450ed63e81_FORMATO.jpeg", "clube": {"mercado": 1, "slug": "vasco", "abreviacao": "vas", "id": 267, "nome": "vasco"}, "status_id": 6, "jogos": 1, "scout": [{"quantidade": 1, "nome": "FS"}, {"quantidade": 1, "nome": "FF"}], "preco": "1.05", "partida_data": "02/09/2015", "variacao": "0.05", "id": 82510, "media": "1.20", "pontos": "1.20", "apelido": "Romarinho", "posicao": {"abreviacao": "ATA", "id": 5, "nome": "Atacante"}, "partida_clube_visitante": {"mercado": 1, "slug": "vasco", "abreviacao": "vas", "id": 267, "nome": "vasco"}, "partida_clube_casa": {"mercado": 1, "slug": "internacional", "abreviacao": "int", "id": 285, "nome": "internacional"}}, {"status": "Nulo", "foto": "http://s.glbimg.com/es/sde/f/2015/03/04/a3a3d4b06e6f302d52408665892334f3_FORMATO.png", "clube": {"mercado": 1, "slug": "atletico-pr", "abreviacao": "atl", "id": 293, "nome": "atl\u00e9tico-pr"}, "status_id": 6, "jogos": 0, "scout": [], "preco": "1.00", "partida_data": "02/09/2015", "variacao": "0.00", "id": 81369, "media": "0.00", "pontos": "0.00", "apelido": "J\u00fanior De Barros", "posicao": {"abreviacao": "ATA", "id": 5, "nome": "Atacante"}, "partida_clube_visitante": {"mercado": 1, "slug": "atletico-pr", "abreviacao": "atl", "id": 293, "nome": "atl\u00e9tico-pr"}, "partida_clube_casa": {"mercado": 1, "slug": "atletico-mg", "abreviacao": "atl", "id": 282, "nome": "atl\u00e9tico-mg"}}]}