{"rodada_id": 19, "page": {"atual": "18", "total": "42"}, "atleta": [{"status": "Nulo", "foto": "http://s.glbimg.com/es/sde/f/2015/01/15/92346aa28e09c42d1b605a0ebee548c5_FORMATO.jpeg", "clube": {"mercado": 1, "slug": "flamengo", "abreviacao": "fla", "id": 262, "nome": "flamengo"}, "status_id": 6, "jogos": 5, "scout": [{"quantidade": 4, "nome": "FS"}, {"quantidade": 16, "nome": "PE"}, {"quantidade": 2, "nome": "I"}, {"quantidade": 12, "nome": "RB"}, {"quantidade": 11, "nome": "FC"}, {"quantidade": 1, "nome": "CA"}, {"quantidade": 2, "nome": "FF"}, {"quantidade": 3, "nome": "FD"}], "preco": "5.82", "partida_data": "16/08/2015", "variacao": "0.00", "id": 69268, "media": "2.70", "pontos": "0.00", "apelido": "V\u00edctor C\u00e1ceres", "posicao": {"abreviacao": "MEI", "id": 4, "nome": "Meia"}, "partida_clube_visitante": {"mercado": 1, "slug": "flamengo", "abreviacao": "fla", "id": 262, "nome": "flamengo"}, "partida_clube_casa": {"mercado": 1, "slug": "palmeiras", "abreviacao": "pal", "id": 275, "nome": "palmeiras"}}, {"status": "Nulo", "foto": "http://s.glbimg.com/es/sde/f/2015/07/22/53740a7b3ad4d0002b4edd9293f18acd_FORMATO.jpeg", "clube": {"mercado": 1, "slug": "goias", "abreviacao": "goi", "id": 290, "nome": "goi\u00e1s"}, "status_id": 6, "jogos": 3, "scout": [{"quantidade": 3, "nome": "PE"}, {"quantidade": 1, "nome": "RB"}, {"quantidade": 1, "nome": "FC"}, {"quantidade": 1, "nome": "FF"}, {"quantidade": 2, "nome": "FD"}], "preco": "5.79", "partida_data": "15/08/2015", "variacao": "0.04", "id": 71381, "media": "1.00", "pontos": "1.80", "apelido": "Ruan", "posicao": {"abreviacao": "ATA", "id": 5, "nome": "Atacante"}, "partida_clube_visitante": {"mercado": 1, "slug": "goias", "abreviacao": "goi", "id": 290, "nome": "goi\u00e1s"}, "partida_clube_casa": {"mercado": 1, "slug": "sao-paulo", "abreviacao": "sao", "id": 276, "nome": "s\u00e3o paulo"}}, {"status": "Nulo", "foto": "http://s.glbimg.com/es/sde/f/2015/07/22/a9c3c65752fd7e0b8ed199fe75f1a9c0_FORMATO.jpeg", "clube": {"mercado": 1, "slug": "coritiba", "abreviacao": "cor", "id": 294, "nome": "coritiba"}, "status_id": 6, "jogos": 5, "scout": [{"quantidade": 3, "nome": "FS"}, {"quantidade": 13, "nome": "PE"}, {"quantidade": 5, "nome": "RB"}, {"quantidade": 10, "nome": "FC"}, {"quantidade": 2, "nome": "CA"}, {"quantidade": 2, "nome": "FF"}], "preco": "5.78", "partida_data": "15/08/2015", "variacao": "0.00", "id": 70132, "media": "-0.30", "pontos": "0.00", "apelido": "Alan Santos", "posicao": {"abreviacao": "MEI", "id": 4, "nome": "Meia"}, "partida_clube_visitante": {"mercado": 1, "slug": "coritiba", "abreviacao": "cor", "id": 294, "nome": "coritiba"}, "partida_clube_casa": {"mercado": 1, "slug": "vasco", "abreviacao": "vas", "id": 267, "nome": "vasco"}}, {"status": "Nulo", "foto": "http://s.glbimg.com/es/sde/f/2015/07/21/4b8da4da780675b150da7799b2f33f63_FORMATO.jpeg", "clube": {"mercado": 1, "slug": "chapecoense", "abreviacao": "cha", "id": 315, "nome": "chapecoense"}, "status_id": 6, "jogos": 2, "scout": [{"quantidade": 3, "nome": "FS"}, {"quantidade": 4, "nome": "PE"}, {"quantidade": 1, "nome": "I"}, {"quantidade": 1, "nome": "RB"}, {"quantidade": 1, "nome": "FC"}, {"quantidade": 1, "nome": "CA"}, {"quantidade": 1, "nome": "FD"}], "preco": "5.76", "partida_data": "16/08/2015", "variacao": "0.00", "id": 72099, "media": "0.00", "pontos": "0.00", "apelido": "Wiliam Barbio", "posicao": {"abreviacao": "ATA", "id": 5, "nome": "Atacante"}, "partida_clube_visitante": {"mercado": 1, "slug": "atletico-mg", "abreviacao": "atl", "id": 282, "nome": "atl\u00e9tico-mg"}, "partida_clube_casa": {"mercado": 1, "slug": "chapecoense", "abreviacao": "cha", "id": 315, "nome": "chapecoense"}}, {"status": "Nulo", "foto": "http://s.glbimg.com/es/sde/f/2012/05/24/3bc801f6cc7a45341aa2fbb00b30937d_FORMATO.png", "clube": {"mercado": 1, "slug": "flamengo", "abreviacao": "fla", "id": 262, "nome": "flamengo"}, "status_id": 6, "jogos": 9, "scout": [{"quantidade": 5, "nome": "SG"}, {"quantidade": 10, "nome": "FS"}, {"quantidade": 30, "nome": "PE"}, {"quantidade": 1, "nome": "I"}, {"quantidade": 4, "nome": "RB"}, {"quantidade": 9, "nome": "FC"}, {"quantidade": 1, "nome": "CA"}, {"quantidade": 1, "nome": "FF"}, {"quantidade": 2, "nome": "FD"}], "preco": "5.73", "partida_data": "16/08/2015", "variacao": "0.00", "id": 72334, "media": "2.62", "pontos": "0.00", "apelido": "Ayrton", "posicao": {"abreviacao": "LAT", "id": 2, "nome": "Lateral"}, "partida_clube_visitante": {"mercado": 1, "slug": "flamengo", "abreviacao": "fla", "id": 262, "nome": "flamengo"}, "partida_clube_casa": {"mercado": 1, "slug": "palmeiras", "abreviacao": "pal", "id": 275, "nome": "palmeiras"}}, {"status": "Nulo", "foto": "http://s.glbimg.com/es/sde/f/2015/07/21/fc55506a020bf22b1e6b242c554d017d_FORMATO.jpeg", "clube": {"mercado": 1, "slug": "cruzeiro", "abreviacao": "cru", "id": 283, "nome": "cruzeiro"}, "status_id": 6, "jogos": 8, "scout": [{"quantidade": 3, "nome": "FS"}, {"quantidade": 9, "nome": "PE"}, {"quantidade": 1, "nome": "G"}, {"quantidade": 6, "nome": "RB"}, {"quantidade": 9, "nome": "FC"}, {"quantidade": 1, "nome": "CA"}, {"quantidade": 4, "nome": "FF"}], "preco": "5.72", "partida_data": "16/08/2015", "variacao": "0.00", "id": 85040, "media": "1.66", "pontos": "0.00", "apelido": "Gabriel Xavier", "posicao": {"abreviacao": "MEI", "id": 4, "nome": "Meia"}, "partida_clube_visitante": {"mercado": 1, "slug": "internacional", "abreviacao": "int", "id": 285, "nome": "internacional"}, "partida_clube_casa": {"mercado": 1, "slug": "cruzeiro", "abreviacao": "cru", "id": 283, "nome": "cruzeiro"}}, {"status": "Prov\u00e1vel", "foto": "http://s.glbimg.com/es/sde/f/2015/01/15/642808bca7c6b0bdc8044dcf34a35988_FORMATO.jpeg", "clube": {"mercado": 1, "slug": "vasco", "abreviacao": "vas", "id": 267, "nome": "vasco"}, "status_id": 7, "jogos": 2, "scout": [{"quantidade": 1, "nome": "SG"}, {"quantidade": 6, "nome": "FS"}, {"quantidade": 6, "nome": "PE"}, {"quantidade": 7, "nome": "RB"}, {"quantidade": 2, "nome": "FC"}, {"quantidade": 1, "nome": "FF"}, {"quantidade": 1, "nome": "FD"}], "preco": "5.72", "partida_data": "15/08/2015", "variacao": "0.71", "id": 73876, "media": "9.40", "pontos": "10.20", "apelido": "Jomar", "posicao": {"abreviacao": "ZAG", "id": 3, "nome": "Zagueiro"}, "partida_clube_visitante": {"mercado": 1, "slug": "coritiba", "abreviacao": "cor", "id": 294, "nome": "coritiba"}, "partida_clube_casa": {"mercado": 1, "slug": "vasco", "abreviacao": "vas", "id": 267, "nome": "vasco"}}, {"status": "Nulo", "foto": "http://s.glbimg.com/es/sde/f/2012/04/04/0cda4aa3cf6534225a3408fd2f091e25_FORMATO.jpeg", "clube": {"mercado": 1, "slug": "sport", "abreviacao": "spo", "id": 292, "nome": "sport"}, "status_id": 6, "jogos": 7, "scout": [{"quantidade": 3, "nome": "FS"}, {"quantidade": 6, "nome": "PE"}, {"quantidade": 1, "nome": "A"}, {"quantidade": 1, "nome": "I"}, {"quantidade": 1, "nome": "RB"}, {"quantidade": 6, "nome": "FC"}, {"quantidade": 1, "nome": "CA"}, {"quantidade": 3, "nome": "FF"}], "preco": "5.71", "partida_data": "16/08/2015", "variacao": "0.00", "id": 72389, "media": "0.43", "pontos": "0.00", "apelido": "Mike", "posicao": {"abreviacao": "ATA", "id": 5, "nome": "Atacante"}, "partida_clube_visitante": {"mercado": 1, "slug": "ponte-preta", "abreviacao": "pon", "id": 303, "nome": "ponte preta"}, "partida_clube_casa": {"mercado": 1, "slug": "sport", "abreviacao": "spo", "id": 292, "nome": "sport"}}, {"status": "Prov\u00e1vel", "foto": "http://s.glbimg.com/es/sde/f/2012/01/14/f939c2fe85de2659bb50a2260dd4755f_FORMATO.jpeg", "clube": {"mercado": 1, "slug": "avai", "abreviacao": "ava", "id": 314, "nome": "ava\u00ed"}, "status_id": 7, "jogos": 18, "scout": [], "preco": "5.70", "partida_data": "16/08/2015", "variacao": "-0.78", "id": 37306, "media": "1.95", "pontos": "0.64", "apelido": "Gilson Kleina", "posicao": {"abreviacao": "TEC", "id": 6, "nome": "T\u00e9cnico"}, "partida_clube_visitante": {"mercado": 1, "slug": "corinthians", "abreviacao": "cor", "id": 264, "nome": "corinthians"}, "partida_clube_casa": {"mercado": 1, "slug": "avai", "abreviacao": "ava", "id": 314, "nome": "ava\u00ed"}}, {"status": "Nulo", "foto": "http://s.glbimg.com/es/sde/f/2012/09/18/802b35f65a24ac0fdd173a59e29a9e80_FORMATO.jpeg", "clube": {"mercado": 1, "slug": "joinville", "abreviacao": "jec", "id": 317, "nome": "joinville"}, "status_id": 6, "jogos": 9, "scout": [{"quantidade": 11, "nome": "FS"}, {"quantidade": 16, "nome": "PE"}, {"quantidade": 1, "nome": "A"}, {"quantidade": 2, "nome": "I"}, {"quantidade": 3, "nome": "RB"}, {"quantidade": 10, "nome": "FC"}, {"quantidade": 3, "nome": "CA"}, {"quantidade": 5, "nome": "FF"}], "preco": "5.68", "partida_data": "16/08/2015", "variacao": "0.00", "id": 37781, "media": "0.26", "pontos": "0.00", "apelido": "Marcelo Costa", "posicao": {"abreviacao": "MEI", "id": 4, "nome": "Meia"}, "partida_clube_visitante": {"mercado": 1, "slug": "joinville", "abreviacao": "jec", "id": 317, "nome": "joinville"}, "partida_clube_casa": {"mercado": 1, "slug": "gremio", "abreviacao": "gre", "id": 284, "nome": "gr\u00eamio"}}, {"status": "Nulo", "foto": "http://s.glbimg.com/es/sde/f/2015/01/28/6438511a19255f761ac1c1d3d0b8c479_FORMATO.png", "clube": {"mercado": 1, "slug": "figueirense", "abreviacao": "fig", "id": 316, "nome": "figueirense"}, "status_id": 6, "jogos": 11, "scout": [{"quantidade": 13, "nome": "FS"}, {"quantidade": 17, "nome": "PE"}, {"quantidade": 1, "nome": "A"}, {"quantidade": 3, "nome": "G"}, {"quantidade": 5, "nome": "I"}, {"quantidade": 3, "nome": "RB"}, {"quantidade": 9, "nome": "FC"}, {"quantidade": 3, "nome": "FF"}, {"quantidade": 5, "nome": "FD"}], "preco": "5.67", "partida_data": "16/08/2015", "variacao": "0.00", "id": 87586, "media": "3.24", "pontos": "0.00", "apelido": "Thiago Santana", "posicao": {"abreviacao": "ATA", "id": 5, "nome": "Atacante"}, "partida_clube_visitante": {"mercado": 1, "slug": "figueirense", "abreviacao": "fig", "id": 316, "nome": "figueirense"}, "partida_clube_casa": {"mercado": 1, "slug": "fluminense", "abreviacao": "flu", "id": 266, "nome": "fluminense"}}, {"status": "Prov\u00e1vel", "foto": "http://s.glbimg.com/es/sde/f/2015/01/15/e08a8adae1c92224a79182dd9772b0f6_FORMATO.jpeg", "clube": {"mercado": 1, "slug": "joinville", "abreviacao": "jec", "id": 317, "nome": "joinville"}, "status_id": 7, "jogos": 12, "scout": [{"quantidade": 5, "nome": "SG"}, {"quantidade": 3, "nome": "FS"}, {"quantidade": 11, "nome": "PE"}, {"quantidade": 15, "nome": "DD"}, {"quantidade": 10, "nome": "GS"}], "preco": "5.66", "partida_data": "16/08/2015", "variacao": "-0.74", "id": 71724, "media": "4.01", "pontos": "7.70", "apelido": "Agenor", "posicao": {"abreviacao": "GOL", "id": 1, "nome": "Goleiro"}, "partida_clube_visitante": {"mercado": 1, "slug": "joinville", "abreviacao": "jec", "id": 317, "nome": "joinville"}, "partida_clube_casa": {"mercado": 1, "slug": "gremio", "abreviacao": "gre", "id": 284, "nome": "gr\u00eamio"}}, {"status": "Contundido", "foto": "http://s.glbimg.com/es/sde/f/2015/07/22/d40cf87503ca2a8a5c653f696649cc61_FORMATO.jpeg", "clube": {"mercado": 1, "slug": "coritiba", "abreviacao": "cor", "id": 294, "nome": "coritiba"}, "status_id": 5, "jogos": 1, "scout": [{"quantidade": 2, "nome": "FS"}, {"quantidade": 4, "nome": "PE"}, {"quantidade": 1, "nome": "FC"}], "preco": "5.66", "partida_data": "15/08/2015", "variacao": "0.00", "id": 40179, "media": "-0.70", "pontos": "0.00", "apelido": "Kleber", "posicao": {"abreviacao": "ATA", "id": 5, "nome": "Atacante"}, "partida_clube_visitante": {"mercado": 1, "slug": "coritiba", "abreviacao": "cor", "id": 294, "nome": "coritiba"}, "partida_clube_casa": {"mercado": 1, "slug": "vasco", "abreviacao": "vas", "id": 267, "nome": "vasco"}}, {"status": "Prov\u00e1vel", "foto": "http://s.glbimg.com/es/sde/f/2013/06/05/653354c5f31849f3bba79c6415f3de68_FORMATO.jpeg", "clube": {"mercado": 1, "slug": "sao-paulo", "abreviacao": "sao", "id": 276, "nome": "s\u00e3o paulo"}, "status_id": 7, "jogos": 5, "scout": [{"quantidade": 2, "nome": "SG"}, {"quantidade": 7, "nome": "PE"}, {"quantidade": 1, "nome": "I"}, {"quantidade": 6, "nome": "RB"}, {"quantidade": 4, "nome": "FC"}, {"quantidade": 1, "nome": "CA"}], "preco": "5.64", "partida_data": "15/08/2015", "variacao": "0.00", "id": 71507, "media": "2.72", "pontos": "0.00", "apelido": "Edson Silva", "posicao": {"abreviacao": "ZAG", "id": 3, "nome": "Zagueiro"}, "partida_clube_visitante": {"mercado": 1, "slug": "goias", "abreviacao": "goi", "id": 290, "nome": "goi\u00e1s"}, "partida_clube_casa": {"mercado": 1, "slug": "sao-paulo", "abreviacao": "sao", "id": 276, "nome": "s\u00e3o paulo"}}, {"status": "Prov\u00e1vel", "foto": "http://s.glbimg.com/es/sde/f/2015/01/15/5e526cc763aac6c7bee7b30a6d400e95_FORMATO.jpeg", "clube": {"mercado": 1, "slug": "corinthians", "abreviacao": "cor", "id": 264, "nome": "corinthians"}, "status_id": 7, "jogos": 15, "scout": [{"quantidade": 13, "nome": "FS"}, {"quantidade": 44, "nome": "PE"}, {"quantidade": 1, "nome": "FT"}, {"quantidade": 2, "nome": "I"}, {"quantidade": 27, "nome": "RB"}, {"quantidade": 33, "nome": "FC"}, {"quantidade": 2, "nome": "CA"}, {"quantidade": 9, "nome": "FF"}, {"quantidade": 5, "nome": "FD"}], "preco": "5.64", "partida_data": "16/08/2015", "variacao": "0.42", "id": 70944, "media": "2.17", "pontos": "3.30", "apelido": "Bruno Henrique", "posicao": {"abreviacao": "MEI", "id": 4, "nome": "Meia"}, "partida_clube_visitante": {"mercado": 1, "slug": "corinthians", "abreviacao": "cor", "id": 264, "nome": "corinthians"}, "partida_clube_casa": {"mercado": 1, "slug": "avai", "abreviacao": "ava", "id": 314, "nome": "ava\u00ed"}}, {"status": "Nulo", "foto": "http://s.glbimg.com/es/sde/f/2013/02/07/43be18781ff9f949defafa6e8a358663_FORMATO.jpeg", "clube": {"mercado": 1, "slug": "joinville", "abreviacao": "jec", "id": 317, "nome": "joinville"}, "status_id": 6, "jogos": 2, "scout": [{"quantidade": 1, "nome": "FS"}, {"quantidade": 3, "nome": "PE"}, {"quantidade": 1, "nome": "I"}, {"quantidade": 2, "nome": "RB"}, {"quantidade": 2, "nome": "FC"}], "preco": "5.62", "partida_data": "16/08/2015", "variacao": "0.00", "id": 70928, "media": "0.75", "pontos": "0.00", "apelido": "William Henrique", "posicao": {"abreviacao": "ATA", "id": 5, "nome": "Atacante"}, "partida_clube_visitante": {"mercado": 1, "slug": "joinville", "abreviacao": "jec", "id": 317, "nome": "joinville"}, "partida_clube_casa": {"mercado": 1, "slug": "gremio", "abreviacao": "gre", "id": 284, "nome": "gr\u00eamio"}}, {"status": "Nulo", "foto": "http://s.glbimg.com/es/sde/f/2015/07/22/bb4e6b37241ff844059233c9cde19015_FORMATO.jpeg", "clube": {"mercado": 1, "slug": "sao-paulo", "abreviacao": "sao", "id": 276, "nome": "s\u00e3o paulo"}, "status_id": 6, "jogos": 8, "scout": [{"quantidade": 7, "nome": "FS"}, {"quantidade": 22, "nome": "PE"}, {"quantidade": 1, "nome": "A"}, {"quantidade": 1, "nome": "FT"}, {"quantidade": 2, "nome": "I"}, {"quantidade": 8, "nome": "RB"}, {"quantidade": 8, "nome": "FC"}, {"quantidade": 1, "nome": "FF"}], "preco": "5.61", "partida_data": "15/08/2015", "variacao": "0.00", "id": 73800, "media": "1.84", "pontos": "0.00", "apelido": "Rodrigo Caio", "posicao": {"abreviacao": "MEI", "id": 4, "nome": "Meia"}, "partida_clube_visitante": {"mercado": 1, "slug": "goias", "abreviacao": "goi", "id": 290, "nome": "goi\u00e1s"}, "partida_clube_casa": {"mercado": 1, "slug": "sao-paulo", "abreviacao": "sao", "id": 276, "nome": "s\u00e3o paulo"}}, {"status": "Nulo", "foto": "http://s.glbimg.com/es/sde/f/2015/01/15/5128aae2a47df2a4c975896f658b9176_FORMATO.jpeg", "clube": {"mercado": 1, "slug": "internacional", "abreviacao": "int", "id": 285, "nome": "internacional"}, "status_id": 6, "jogos": 8, "scout": [{"quantidade": 3, "nome": "SG"}, {"quantidade": 2, "nome": "FS"}, {"quantidade": 4, "nome": "PE"}, {"quantidade": 1, "nome": "CA"}, {"quantidade": 9, "nome": "DD"}, {"quantidade": 10, "nome": "GS"}], "preco": "5.61", "partida_data": "16/08/2015", "variacao": "0.00", "id": 69041, "media": "2.48", "pontos": "0.00", "apelido": "Muriel", "posicao": {"abreviacao": "GOL", "id": 1, "nome": "Goleiro"}, "partida_clube_visitante": {"mercado": 1, "slug": "internacional", "abreviacao": "int", "id": 285, "nome": "internacional"}, "partida_clube_casa": {"mercado": 1, "slug": "cruzeiro", "abreviacao": "cru", "id": 283, "nome": "cruzeiro"}}, {"status": "D\u00favida", "foto": "http://s.glbimg.com/es/sde/f/2015/07/22/10fc0d7b3fcbc85910197e98bea6020f_FORMATO.png", "clube": {"mercado": 1, "slug": "vasco", "abreviacao": "vas", "id": 267, "nome": "vasco"}, "status_id": 2, "jogos": 3, "scout": [{"quantidade": 4, "nome": "FS"}, {"quantidade": 9, "nome": "PE"}, {"quantidade": 6, "nome": "RB"}, {"quantidade": 2, "nome": "FC"}, {"quantidade": 1, "nome": "CA"}], "preco": "5.60", "partida_data": "15/08/2015", "variacao": "0.00", "id": 37627, "media": "2.17", "pontos": "0.00", "apelido": "Diguinho", "posicao": {"abreviacao": "MEI", "id": 4, "nome": "Meia"}, "partida_clube_visitante": {"mercado": 1, "slug": "coritiba", "abreviacao": "cor", "id": 294, "nome": "coritiba"}, "partida_clube_casa": {"mercado": 1, "slug": "vasco", "abreviacao": "vas", "id": 267, "nome": "vasco"}}, {"status": "Nulo", "foto": "http://s.glbimg.com/es/sde/f/2014/01/30/54811fce2e7c97f0745535c0070f04da_FORMATO.jpeg", "clube": {"mercado": 1, "slug": "joinville", "abreviacao": "jec", "id": 317, "nome": "joinville"}, "status_id": 6, "jogos": 8, "scout": [{"quantidade": 11, "nome": "FS"}, {"quantidade": 16, "nome": "PE"}, {"quantidade": 2, "nome": "FT"}, {"quantidade": 1, "nome": "I"}, {"quantidade": 9, "nome": "RB"}, {"quantidade": 10, "nome": "FC"}, {"quantidade": 2, "nome": "CA"}, {"quantidade": 5, "nome": "FF"}, {"quantidade": 2, "nome": "FD"}], "preco": "5.59", "partida_data": "16/08/2015", "variacao": "0.39", "id": 79947, "media": "2.38", "pontos": "1.40", "apelido": "Marion", "posicao": {"abreviacao": "ATA", "id": 5, "nome": "Atacante"}, "partida_clube_visitante": {"mercado": 1, "slug": "joinville", "abreviacao": "jec", "id": 317, "nome": "joinville"}, "partida_clube_casa": {"mercado": 1, "slug": "gremio", "abreviacao": "gre", "id": 284, "nome": "gr\u00eamio"}}]}