{"rodada_id": 35, "page": {"atual": "5", "total": "42"}, "atleta": [{"status": "Contundido", "foto": "http://s.glbimg.com/es/sde/f/2015/10/27/44bbeefb5d8989eb4df33c7b53b8b5b8_FORMATO.jpeg", "clube": {"mercado": 1, "slug": "palmeiras", "abreviacao": "pal", "id": 275, "nome": "palmeiras"}, "status_id": 5, "jogos": 10, "scout": [{"quantidade": 9, "nome": "FS"}, {"quantidade": 26, "nome": "PE"}, {"quantidade": 1, "nome": "A"}, {"quantidade": 5, "nome": "RB"}, {"quantidade": 5, "nome": "FC"}, {"quantidade": 2, "nome": "FF"}, {"quantidade": 1, "nome": "FD"}], "preco": "12.92", "partida_data": "18/11/2015", "variacao": "0.00", "id": 38530, "media": "1.01", "pontos": "0.00", "apelido": "Cleiton Xavier", "posicao": {"abreviacao": "MEI", "id": 4, "nome": "Meia"}, "partida_clube_visitante": {"mercado": 1, "slug": "palmeiras", "abreviacao": "pal", "id": 275, "nome": "palmeiras"}, "partida_clube_casa": {"mercado": 1, "slug": "atletico-pr", "abreviacao": "atl", "id": 293, "nome": "atl\u00e9tico-pr"}}, {"status": "Nulo", "foto": "http://s.glbimg.com/es/sde/f/2015/10/27/afef5c1bc563c6a88c111878bfe99fc0_FORMATO.png", "clube": {"mercado": 1, "slug": "sport", "abreviacao": "spo", "id": 292, "nome": "sport"}, "status_id": 6, "jogos": 32, "scout": [{"quantidade": 11, "nome": "SG"}, {"quantidade": 16, "nome": "FS"}, {"quantidade": 85, "nome": "PE"}, {"quantidade": 5, "nome": "I"}, {"quantidade": 30, "nome": "RB"}, {"quantidade": 4, "nome": "FC"}, {"quantidade": 1, "nome": "CA"}, {"quantidade": 4, "nome": "FF"}, {"quantidade": 3, "nome": "FD"}], "preco": "12.91", "partida_data": "15/11/2015", "variacao": "0.00", "id": 38100, "media": "2.74", "pontos": "0.00", "apelido": "Durval", "posicao": {"abreviacao": "ZAG", "id": 3, "nome": "Zagueiro"}, "partida_clube_visitante": {"mercado": 1, "slug": "sport", "abreviacao": "spo", "id": 292, "nome": "sport"}, "partida_clube_casa": {"mercado": 1, "slug": "cruzeiro", "abreviacao": "cru", "id": 283, "nome": "cruzeiro"}}, {"status": "Prov\u00e1vel", "foto": "http://s.glbimg.com/es/sde/f/2015/10/30/52895584b529204df1d892930a55b713_FORMATO.jpeg", "clube": {"mercado": 1, "slug": "chapecoense", "abreviacao": "cha", "id": 315, "nome": "chapecoense"}, "status_id": 7, "jogos": 24, "scout": [], "preco": "12.82", "partida_data": "19/11/2015", "variacao": "0.25", "id": 37245, "media": "3.80", "pontos": "4.60", "apelido": "Guto Ferreira", "posicao": {"abreviacao": "TEC", "id": 6, "nome": "T\u00e9cnico"}, "partida_clube_visitante": {"mercado": 1, "slug": "internacional", "abreviacao": "int", "id": 285, "nome": "internacional"}, "partida_clube_casa": {"mercado": 1, "slug": "chapecoense", "abreviacao": "cha", "id": 315, "nome": "chapecoense"}}, {"status": "Nulo", "foto": "http://s.glbimg.com/es/sde/f/2015/01/15/e6df282b24c0691210fdfbe01867b360_FORMATO.jpeg", "clube": {"mercado": 1, "slug": "corinthians", "abreviacao": "cor", "id": 264, "nome": "corinthians"}, "status_id": 6, "jogos": 15, "scout": [{"quantidade": 8, "nome": "SG"}, {"quantidade": 3, "nome": "FS"}, {"quantidade": 27, "nome": "PE"}, {"quantidade": 4, "nome": "A"}, {"quantidade": 2, "nome": "G"}, {"quantidade": 21, "nome": "RB"}, {"quantidade": 9, "nome": "FC"}, {"quantidade": 1, "nome": "CA"}, {"quantidade": 1, "nome": "FF"}], "preco": "12.67", "partida_data": "19/11/2015", "variacao": "0.00", "id": 60852, "media": "6.62", "pontos": "0.00", "apelido": "Uendel", "posicao": {"abreviacao": "LAT", "id": 2, "nome": "Lateral"}, "partida_clube_visitante": {"mercado": 1, "slug": "corinthians", "abreviacao": "cor", "id": 264, "nome": "corinthians"}, "partida_clube_casa": {"mercado": 1, "slug": "vasco", "abreviacao": "vas", "id": 267, "nome": "vasco"}}, {"status": "Prov\u00e1vel", "foto": "http://s.glbimg.com/es/sde/f/2015/07/22/57cd38fc6d4efe7a36aab0cca062d6b7_FORMATO.png", "clube": {"mercado": 1, "slug": "santos", "abreviacao": "san", "id": 277, "nome": "santos"}, "status_id": 7, "jogos": 25, "scout": [{"quantidade": 10, "nome": "SG"}, {"quantidade": 1, "nome": "FS"}, {"quantidade": 13, "nome": "PE"}, {"quantidade": 2, "nome": "CA"}, {"quantidade": 31, "nome": "DD"}, {"quantidade": 26, "nome": "GS"}], "preco": "12.61", "partida_data": "19/11/2015", "variacao": "2.18", "id": 62121, "media": "3.34", "pontos": "10.70", "apelido": "Vanderlei", "posicao": {"abreviacao": "GOL", "id": 1, "nome": "Goleiro"}, "partida_clube_visitante": {"mercado": 1, "slug": "flamengo", "abreviacao": "fla", "id": 262, "nome": "flamengo"}, "partida_clube_casa": {"mercado": 1, "slug": "santos", "abreviacao": "san", "id": 277, "nome": "santos"}}, {"status": "Prov\u00e1vel", "foto": "http://s.glbimg.com/es/sde/f/2015/01/15/6bfa17fe1482f01df1093d43d2bd9b6a_FORMATO.jpeg", "clube": {"mercado": 1, "slug": "corinthians", "abreviacao": "cor", "id": 264, "nome": "corinthians"}, "status_id": 7, "jogos": 27, "scout": [{"quantidade": 31, "nome": "FS"}, {"quantidade": 47, "nome": "PE"}, {"quantidade": 1, "nome": "A"}, {"quantidade": 1, "nome": "G"}, {"quantidade": 51, "nome": "RB"}, {"quantidade": 31, "nome": "FC"}, {"quantidade": 4, "nome": "CA"}, {"quantidade": 1, "nome": "FF"}, {"quantidade": 2, "nome": "FD"}], "preco": "12.58", "partida_data": "19/11/2015", "variacao": "1.26", "id": 52190, "media": "2.98", "pontos": "7.20", "apelido": "Ralf", "posicao": {"abreviacao": "MEI", "id": 4, "nome": "Meia"}, "partida_clube_visitante": {"mercado": 1, "slug": "corinthians", "abreviacao": "cor", "id": 264, "nome": "corinthians"}, "partida_clube_casa": {"mercado": 1, "slug": "vasco", "abreviacao": "vas", "id": 267, "nome": "vasco"}}, {"status": "Prov\u00e1vel", "foto": "http://s.glbimg.com/es/sde/f/2015/01/15/ae61771ff3ffef83fa081542425d414a_FORMATO.jpeg", "clube": {"mercado": 1, "slug": "sao-paulo", "abreviacao": "sao", "id": 276, "nome": "s\u00e3o paulo"}, "status_id": 7, "jogos": 15, "scout": [{"quantidade": 5, "nome": "SG"}, {"quantidade": 22, "nome": "FS"}, {"quantidade": 44, "nome": "PE"}, {"quantidade": 3, "nome": "A"}, {"quantidade": 1, "nome": "G"}, {"quantidade": 4, "nome": "I"}, {"quantidade": 19, "nome": "RB"}, {"quantidade": 16, "nome": "FC"}, {"quantidade": 2, "nome": "CA"}, {"quantidade": 7, "nome": "FF"}, {"quantidade": 9, "nome": "FD"}], "preco": "12.44", "partida_data": "19/11/2015", "variacao": "0.00", "id": 38451, "media": "5.20", "pontos": "0.00", "apelido": "Carlinhos", "posicao": {"abreviacao": "LAT", "id": 2, "nome": "Lateral"}, "partida_clube_visitante": {"mercado": 1, "slug": "atletico-mg", "abreviacao": "atl", "id": 282, "nome": "atl\u00e9tico-mg"}, "partida_clube_casa": {"mercado": 1, "slug": "sao-paulo", "abreviacao": "sao", "id": 276, "nome": "s\u00e3o paulo"}}, {"status": "Contundido", "foto": "http://s.glbimg.com/es/sde/f/2015/10/28/615ba8d568b720c74a0d5a8bd107ebbe_FORMATO.jpeg", "clube": {"mercado": 1, "slug": "internacional", "abreviacao": "int", "id": 285, "nome": "internacional"}, "status_id": 5, "jogos": 14, "scout": [{"quantidade": 18, "nome": "FS"}, {"quantidade": 36, "nome": "PE"}, {"quantidade": 1, "nome": "A"}, {"quantidade": 2, "nome": "FT"}, {"quantidade": 2, "nome": "G"}, {"quantidade": 12, "nome": "RB"}, {"quantidade": 5, "nome": "FC"}, {"quantidade": 3, "nome": "CA"}, {"quantidade": 4, "nome": "FF"}, {"quantidade": 7, "nome": "FD"}], "preco": "12.40", "partida_data": "19/11/2015", "variacao": "0.00", "id": 70360, "media": "3.41", "pontos": "0.00", "apelido": "Eduardo Sasha", "posicao": {"abreviacao": "ATA", "id": 5, "nome": "Atacante"}, "partida_clube_visitante": {"mercado": 1, "slug": "internacional", "abreviacao": "int", "id": 285, "nome": "internacional"}, "partida_clube_casa": {"mercado": 1, "slug": "chapecoense", "abreviacao": "cha", "id": 315, "nome": "chapecoense"}}, {"status": "Nulo", "foto": "http://s.glbimg.com/es/sde/f/2010/11/12/2783d253b7de18180782ff7832c0c6d2_FORMATO.jpeg", "clube": {"mercado": 1, "slug": "corinthians", "abreviacao": "cor", "id": 264, "nome": "corinthians"}, "status_id": 6, "jogos": 22, "scout": [{"quantidade": 10, "nome": "SG"}, {"quantidade": 20, "nome": "FS"}, {"quantidade": 72, "nome": "PE"}, {"quantidade": 1, "nome": "A"}, {"quantidade": 1, "nome": "I"}, {"quantidade": 46, "nome": "RB"}, {"quantidade": 27, "nome": "FC"}, {"quantidade": 3, "nome": "CA"}, {"quantidade": 1, "nome": "CV"}, {"quantidade": 4, "nome": "FF"}, {"quantidade": 1, "nome": "FD"}], "preco": "12.38", "partida_data": "19/11/2015", "variacao": "0.00", "id": 42500, "media": "4.56", "pontos": "0.00", "apelido": "Fagner", "posicao": {"abreviacao": "LAT", "id": 2, "nome": "Lateral"}, "partida_clube_visitante": {"mercado": 1, "slug": "corinthians", "abreviacao": "cor", "id": 264, "nome": "corinthians"}, "partida_clube_casa": {"mercado": 1, "slug": "vasco", "abreviacao": "vas", "id": 267, "nome": "vasco"}}, {"status": "Nulo", "foto": "http://s.glbimg.com/es/sde/f/2015/01/15/4dd216e88c47ce4a7a7500c80b1d5fec_FORMATO.png", "clube": {"mercado": 1, "slug": "cruzeiro", "abreviacao": "cru", "id": 283, "nome": "cruzeiro"}, "status_id": 6, "jogos": 33, "scout": [{"quantidade": 10, "nome": "SG"}, {"quantidade": 5, "nome": "FS"}, {"quantidade": 13, "nome": "PE"}, {"quantidade": 2, "nome": "CA"}, {"quantidade": 45, "nome": "DD"}, {"quantidade": 31, "nome": "GS"}], "preco": "12.36", "partida_data": "15/11/2015", "variacao": "-0.81", "id": 37656, "media": "3.58", "pontos": "-2.30", "apelido": "F\u00e1bio", "posicao": {"abreviacao": "GOL", "id": 1, "nome": "Goleiro"}, "partida_clube_visitante": {"mercado": 1, "slug": "sport", "abreviacao": "spo", "id": 292, "nome": "sport"}, "partida_clube_casa": {"mercado": 1, "slug": "cruzeiro", "abreviacao": "cru", "id": 283, "nome": "cruzeiro"}}, {"status": "Prov\u00e1vel", "foto": "http://s.glbimg.com/es/sde/f/2015/10/26/877e023cd642b83f988b7e67e4add479_FORMATO.png", "clube": {"mercado": 1, "slug": "atletico-pr", "abreviacao": "atl", "id": 293, "nome": "atl\u00e9tico-pr"}, "status_id": 7, "jogos": 23, "scout": [{"quantidade": 23, "nome": "FS"}, {"quantidade": 45, "nome": "PE"}, {"quantidade": 4, "nome": "A"}, {"quantidade": 3, "nome": "G"}, {"quantidade": 3, "nome": "I"}, {"quantidade": 17, "nome": "RB"}, {"quantidade": 12, "nome": "FC"}, {"quantidade": 4, "nome": "CA"}, {"quantidade": 2, "nome": "CV"}, {"quantidade": 11, "nome": "FF"}, {"quantidade": 17, "nome": "FD"}], "preco": "12.35", "partida_data": "18/11/2015", "variacao": "0.00", "id": 83266, "media": "3.03", "pontos": "0.00", "apelido": "Marcos Guilherme ", "posicao": {"abreviacao": "MEI", "id": 4, "nome": "Meia"}, "partida_clube_visitante": {"mercado": 1, "slug": "palmeiras", "abreviacao": "pal", "id": 275, "nome": "palmeiras"}, "partida_clube_casa": {"mercado": 1, "slug": "atletico-pr", "abreviacao": "atl", "id": 293, "nome": "atl\u00e9tico-pr"}}, {"status": "Prov\u00e1vel", "foto": "http://s.glbimg.com/es/sde/f/2015/10/23/6c7543f188795cdfbcc0e9904d14407f_FORMATO.png", "clube": {"mercado": 1, "slug": "atletico-pr", "abreviacao": "atl", "id": 293, "nome": "atl\u00e9tico-pr"}, "status_id": 7, "jogos": 30, "scout": [{"quantidade": 11, "nome": "SG"}, {"quantidade": 12, "nome": "FS"}, {"quantidade": 59, "nome": "PE"}, {"quantidade": 1, "nome": "A"}, {"quantidade": 1, "nome": "FT"}, {"quantidade": 1, "nome": "G"}, {"quantidade": 2, "nome": "I"}, {"quantidade": 30, "nome": "RB"}, {"quantidade": 50, "nome": "FC"}, {"quantidade": 9, "nome": "CA"}, {"quantidade": 8, "nome": "FF"}], "preco": "12.35", "partida_data": "18/11/2015", "variacao": "0.00", "id": 50427, "media": "2.41", "pontos": "0.00", "apelido": "Kadu", "posicao": {"abreviacao": "ZAG", "id": 3, "nome": "Zagueiro"}, "partida_clube_visitante": {"mercado": 1, "slug": "palmeiras", "abreviacao": "pal", "id": 275, "nome": "palmeiras"}, "partida_clube_casa": {"mercado": 1, "slug": "atletico-pr", "abreviacao": "atl", "id": 293, "nome": "atl\u00e9tico-pr"}}, {"status": "Prov\u00e1vel", "foto": "http://s.glbimg.com/es/sde/f/2015/05/01/72c39d55711a506400e8229d3d83c022_FORMATO.jpeg", "clube": {"mercado": 1, "slug": "sao-paulo", "abreviacao": "sao", "id": 276, "nome": "s\u00e3o paulo"}, "status_id": 7, "jogos": 26, "scout": [{"quantidade": 10, "nome": "FS"}, {"quantidade": 107, "nome": "PE"}, {"quantidade": 1, "nome": "FT"}, {"quantidade": 6, "nome": "G"}, {"quantidade": 14, "nome": "I"}, {"quantidade": 18, "nome": "RB"}, {"quantidade": 21, "nome": "FC"}, {"quantidade": 4, "nome": "CA"}, {"quantidade": 29, "nome": "FF"}, {"quantidade": 6, "nome": "FD"}], "preco": "12.34", "partida_data": "19/11/2015", "variacao": "-1.23", "id": 37607, "media": "2.14", "pontos": "-0.30", "apelido": "Michel Bastos", "posicao": {"abreviacao": "MEI", "id": 4, "nome": "Meia"}, "partida_clube_visitante": {"mercado": 1, "slug": "atletico-mg", "abreviacao": "atl", "id": 282, "nome": "atl\u00e9tico-mg"}, "partida_clube_casa": {"mercado": 1, "slug": "sao-paulo", "abreviacao": "sao", "id": 276, "nome": "s\u00e3o paulo"}}, {"status": "Nulo", "foto": "http://s.glbimg.com/es/sde/f/2013/04/12/1434aaddcd52bad77fe3ff9e97631627_FORMATO.jpeg", "clube": {"mercado": 1, "slug": "corinthians", "abreviacao": "cor", "id": 264, "nome": "corinthians"}, "status_id": 6, "jogos": 28, "scout": [{"quantidade": 38, "nome": "FS"}, {"quantidade": 127, "nome": "PE"}, {"quantidade": 6, "nome": "A"}, {"quantidade": 3, "nome": "FT"}, {"quantidade": 4, "nome": "G"}, {"quantidade": 5, "nome": "I"}, {"quantidade": 25, "nome": "RB"}, {"quantidade": 25, "nome": "FC"}, {"quantidade": 2, "nome": "CA"}, {"quantidade": 17, "nome": "FF"}, {"quantidade": 17, "nome": "FD"}], "preco": "12.33", "partida_data": "19/11/2015", "variacao": "-0.80", "id": 38398, "media": "3.77", "pontos": "-0.10", "apelido": "Renato Augusto", "posicao": {"abreviacao": "MEI", "id": 4, "nome": "Meia"}, "partida_clube_visitante": {"mercado": 1, "slug": "corinthians", "abreviacao": "cor", "id": 264, "nome": "corinthians"}, "partida_clube_casa": {"mercado": 1, "slug": "vasco", "abreviacao": "vas", "id": 267, "nome": "vasco"}}, {"status": "Suspenso", "foto": "http://s.glbimg.com/es/sde/f/2015/10/27/999995dcc3d6164813d81f89dc3e3979_FORMATO.png", "clube": {"mercado": 1, "slug": "ponte-preta", "abreviacao": "pon", "id": 303, "nome": "ponte preta"}, "status_id": 3, "jogos": 29, "scout": [{"quantidade": 11, "nome": "SG"}, {"quantidade": 42, "nome": "FS"}, {"quantidade": 89, "nome": "PE"}, {"quantidade": 2, "nome": "A"}, {"quantidade": 6, "nome": "I"}, {"quantidade": 40, "nome": "RB"}, {"quantidade": 49, "nome": "FC"}, {"quantidade": 9, "nome": "CA"}, {"quantidade": 5, "nome": "FF"}, {"quantidade": 3, "nome": "FD"}], "preco": "12.32", "partida_data": "18/11/2015", "variacao": "-0.71", "id": 52674, "media": "3.04", "pontos": "-3.40", "apelido": "Gilson", "posicao": {"abreviacao": "LAT", "id": 2, "nome": "Lateral"}, "partida_clube_visitante": {"mercado": 1, "slug": "figueirense", "abreviacao": "fig", "id": 316, "nome": "figueirense"}, "partida_clube_casa": {"mercado": 1, "slug": "ponte-preta", "abreviacao": "pon", "id": 303, "nome": "ponte preta"}}, {"status": "Prov\u00e1vel", "foto": "http://s.glbimg.com/es/sde/f/2015/10/28/32a93bcc24afd627b161990d20e8894a_FORMATO.jpeg", "clube": {"mercado": 1, "slug": "figueirense", "abreviacao": "fig", "id": 316, "nome": "figueirense"}, "status_id": 7, "jogos": 30, "scout": [{"quantidade": 5, "nome": "SG"}, {"quantidade": 3, "nome": "FS"}, {"quantidade": 13, "nome": "PE"}, {"quantidade": 2, "nome": "CA"}, {"quantidade": 51, "nome": "DD"}, {"quantidade": 39, "nome": "GS"}], "preco": "12.28", "partida_data": "18/11/2015", "variacao": "0.02", "id": 79066, "media": "3.13", "pontos": "4.00", "apelido": "Alex Muralha", "posicao": {"abreviacao": "GOL", "id": 1, "nome": "Goleiro"}, "partida_clube_visitante": {"mercado": 1, "slug": "figueirense", "abreviacao": "fig", "id": 316, "nome": "figueirense"}, "partida_clube_casa": {"mercado": 1, "slug": "ponte-preta", "abreviacao": "pon", "id": 303, "nome": "ponte preta"}}, {"status": "Nulo", "foto": "http://s.glbimg.com/es/sde/f/2015/01/15/81411d0e9b0d130086c1397da30ea99b_FORMATO.jpeg", "clube": {"mercado": 1, "slug": "corinthians", "abreviacao": "cor", "id": 264, "nome": "corinthians"}, "status_id": 6, "jogos": 21, "scout": [{"quantidade": 28, "nome": "FS"}, {"quantidade": 80, "nome": "PE"}, {"quantidade": 6, "nome": "A"}, {"quantidade": 4, "nome": "G"}, {"quantidade": 28, "nome": "RB"}, {"quantidade": 16, "nome": "FC"}, {"quantidade": 3, "nome": "CA"}, {"quantidade": 4, "nome": "FF"}, {"quantidade": 2, "nome": "FD"}], "preco": "12.23", "partida_data": "19/11/2015", "variacao": "0.56", "id": 54395, "media": "4.30", "pontos": "3.10", "apelido": "Elias", "posicao": {"abreviacao": "MEI", "id": 4, "nome": "Meia"}, "partida_clube_visitante": {"mercado": 1, "slug": "corinthians", "abreviacao": "cor", "id": 264, "nome": "corinthians"}, "partida_clube_casa": {"mercado": 1, "slug": "vasco", "abreviacao": "vas", "id": 267, "nome": "vasco"}}, {"status": "Contundido", "foto": "http://s.glbimg.com/es/sde/f/2015/07/22/71efa8309e409d562554da4941354d5c_FORMATO.jpeg", "clube": {"mercado": 1, "slug": "avai", "abreviacao": "ava", "id": 314, "nome": "ava\u00ed"}, "status_id": 5, "jogos": 14, "scout": [{"quantidade": 24, "nome": "FS"}, {"quantidade": 99, "nome": "PE"}, {"quantidade": 1, "nome": "A"}, {"quantidade": 2, "nome": "FT"}, {"quantidade": 2, "nome": "G"}, {"quantidade": 2, "nome": "I"}, {"quantidade": 8, "nome": "RB"}, {"quantidade": 15, "nome": "FC"}, {"quantidade": 5, "nome": "CA"}, {"quantidade": 8, "nome": "FF"}, {"quantidade": 4, "nome": "FD"}], "preco": "12.04", "partida_data": "18/11/2015", "variacao": "0.00", "id": 38150, "media": "1.08", "pontos": "0.00", "apelido": "Marquinhos", "posicao": {"abreviacao": "MEI", "id": 4, "nome": "Meia"}, "partida_clube_visitante": {"mercado": 1, "slug": "joinville", "abreviacao": "jec", "id": 317, "nome": "joinville"}, "partida_clube_casa": {"mercado": 1, "slug": "avai", "abreviacao": "ava", "id": 314, "nome": "ava\u00ed"}}, {"status": "Prov\u00e1vel", "foto": "http://s.glbimg.com/es/sde/f/2015/01/15/e10eade248b6bbd4e5f3e191aa89ab13_FORMATO.jpeg", "clube": {"mercado": 1, "slug": "corinthians", "abreviacao": "cor", "id": 264, "nome": "corinthians"}, "status_id": 7, "jogos": 16, "scout": [{"quantidade": 6, "nome": "SG"}, {"quantidade": 14, "nome": "FS"}, {"quantidade": 48, "nome": "PE"}, {"quantidade": 1, "nome": "A"}, {"quantidade": 1, "nome": "FT"}, {"quantidade": 13, "nome": "RB"}, {"quantidade": 16, "nome": "FC"}, {"quantidade": 4, "nome": "CA"}, {"quantidade": 4, "nome": "FF"}, {"quantidade": 2, "nome": "FD"}], "preco": "12.04", "partida_data": "19/11/2015", "variacao": "-0.99", "id": 38523, "media": "2.62", "pontos": "0.80", "apelido": "Ed\u00edlson", "posicao": {"abreviacao": "LAT", "id": 2, "nome": "Lateral"}, "partida_clube_visitante": {"mercado": 1, "slug": "corinthians", "abreviacao": "cor", "id": 264, "nome": "corinthians"}, "partida_clube_casa": {"mercado": 1, "slug": "vasco", "abreviacao": "vas", "id": 267, "nome": "vasco"}}, {"status": "Nulo", "foto": "http://s.glbimg.com/es/sde/f/2015/10/29/17726109ee64523299b12312f086c8f6_FORMATO.png", "clube": {"mercado": 1, "slug": "flamengo", "abreviacao": "fla", "id": 262, "nome": "flamengo"}, "status_id": 6, "jogos": 7, "scout": [{"quantidade": 7, "nome": "FS"}, {"quantidade": 8, "nome": "PE"}, {"quantidade": 1, "nome": "A"}, {"quantidade": 3, "nome": "G"}, {"quantidade": 8, "nome": "FC"}, {"quantidade": 3, "nome": "FF"}, {"quantidade": 1, "nome": "FD"}], "preco": "12.03", "partida_data": "19/11/2015", "variacao": "0.00", "id": 70173, "media": "4.17", "pontos": "0.00", "apelido": "Ederson", "posicao": {"abreviacao": "MEI", "id": 4, "nome": "Meia"}, "partida_clube_visitante": {"mercado": 1, "slug": "flamengo", "abreviacao": "fla", "id": 262, "nome": "flamengo"}, "partida_clube_casa": {"mercado": 1, "slug": "santos", "abreviacao": "san", "id": 277, "nome": "santos"}}]}