{"rodada_id": 32, "page": {"atual": "1", "total": "42"}, "atleta": [{"status": "Contundido", "foto": "http://s.glbimg.com/es/sde/f/2015/07/22/e41afa12b4fd05085d1302afcbf9e45b_FORMATO.jpeg", "clube": {"mercado": 1, "slug": "gremio", "abreviacao": "gre", "id": 284, "nome": "gr\u00eamio"}, "status_id": 5, "jogos": 27, "scout": [{"quantidade": 92, "nome": "FS"}, {"quantidade": 82, "nome": "PE"}, {"quantidade": 6, "nome": "A"}, {"quantidade": 2, "nome": "FT"}, {"quantidade": 8, "nome": "G"}, {"quantidade": 15, "nome": "I"}, {"quantidade": 24, "nome": "RB"}, {"quantidade": 35, "nome": "FC"}, {"quantidade": 3, "nome": "CA"}, {"quantidade": 22, "nome": "FF"}, {"quantidade": 20, "nome": "FD"}], "preco": "28.20", "partida_data": "25/10/2015", "variacao": "0.69", "id": 86759, "media": "6.21", "pontos": "7.50", "apelido": "Luan", "posicao": {"abreviacao": "ATA", "id": 5, "nome": "Atacante"}, "partida_clube_visitante": {"mercado": 1, "slug": "gremio", "abreviacao": "gre", "id": 284, "nome": "gr\u00eamio"}, "partida_clube_casa": {"mercado": 1, "slug": "vasco", "abreviacao": "vas", "id": 267, "nome": "vasco"}}, {"status": "Prov\u00e1vel", "foto": "http://s.glbimg.com/es/sde/f/2010/11/16/1a8619488e59272cfcd67e37c094f42c_FORMATO.jpeg", "clube": {"mercado": 1, "slug": "sport", "abreviacao": "spo", "id": 292, "nome": "sport"}, "status_id": 7, "jogos": 28, "scout": [{"quantidade": 36, "nome": "FS"}, {"quantidade": 122, "nome": "PE"}, {"quantidade": 8, "nome": "A"}, {"quantidade": 8, "nome": "G"}, {"quantidade": 6, "nome": "I"}, {"quantidade": 24, "nome": "RB"}, {"quantidade": 39, "nome": "FC"}, {"quantidade": 6, "nome": "CA"}, {"quantidade": 1, "nome": "CV"}, {"quantidade": 1, "nome": "GS"}, {"quantidade": 15, "nome": "FF"}, {"quantidade": 12, "nome": "FD"}], "preco": "27.82", "partida_data": "24/10/2015", "variacao": "2.36", "id": 68911, "media": "3.84", "pontos": "16.00", "apelido": "Diego Souza", "posicao": {"abreviacao": "MEI", "id": 4, "nome": "Meia"}, "partida_clube_visitante": {"mercado": 1, "slug": "sport", "abreviacao": "spo", "id": 292, "nome": "sport"}, "partida_clube_casa": {"mercado": 1, "slug": "palmeiras", "abreviacao": "pal", "id": 275, "nome": "palmeiras"}}, {"status": "Prov\u00e1vel", "foto": "http://s.glbimg.com/es/sde/f/2010/11/16/26a2befe651824215d84a88996adb9d9_FORMATO.jpeg", "clube": {"mercado": 1, "slug": "sao-paulo", "abreviacao": "sao", "id": 276, "nome": "s\u00e3o paulo"}, "status_id": 7, "jogos": 21, "scout": [{"quantidade": 10, "nome": "SG"}, {"quantidade": 1, "nome": "FS"}, {"quantidade": 17, "nome": "PE"}, {"quantidade": 3, "nome": "G"}, {"quantidade": 1, "nome": "CA"}, {"quantidade": 25, "nome": "DD"}, {"quantidade": 1, "nome": "DP"}, {"quantidade": 19, "nome": "GS"}], "preco": "25.34", "partida_data": "25/10/2015", "variacao": "1.19", "id": 38055, "media": "5.31", "pontos": "8.00", "apelido": "Rog\u00e9rio Ceni", "posicao": {"abreviacao": "GOL", "id": 1, "nome": "Goleiro"}, "partida_clube_visitante": {"mercado": 1, "slug": "sao-paulo", "abreviacao": "sao", "id": 276, "nome": "s\u00e3o paulo"}, "partida_clube_casa": {"mercado": 1, "slug": "coritiba", "abreviacao": "cor", "id": 294, "nome": "coritiba"}}, {"status": "Nulo", "foto": "http://s.glbimg.com/es/sde/f/2015/01/16/1f353020166f7411ccb776b393896287_FORMATO.jpeg", "clube": {"mercado": 1, "slug": "palmeiras", "abreviacao": "pal", "id": 275, "nome": "palmeiras"}, "status_id": 6, "jogos": 21, "scout": [{"quantidade": 6, "nome": "SG"}, {"quantidade": 27, "nome": "FS"}, {"quantidade": 33, "nome": "PE"}, {"quantidade": 3, "nome": "A"}, {"quantidade": 2, "nome": "G"}, {"quantidade": 30, "nome": "RB"}, {"quantidade": 10, "nome": "FC"}, {"quantidade": 8, "nome": "FF"}, {"quantidade": 6, "nome": "FD"}], "preco": "24.76", "partida_data": "24/10/2015", "variacao": "0.00", "id": 36612, "media": "5.82", "pontos": "0.00", "apelido": "Z\u00e9 Roberto", "posicao": {"abreviacao": "LAT", "id": 2, "nome": "Lateral"}, "partida_clube_visitante": {"mercado": 1, "slug": "sport", "abreviacao": "spo", "id": 292, "nome": "sport"}, "partida_clube_casa": {"mercado": 1, "slug": "palmeiras", "abreviacao": "pal", "id": 275, "nome": "palmeiras"}}, {"status": "Prov\u00e1vel", "foto": "http://s.glbimg.com/es/sde/f/2015/10/22/fe238790c23d671d7e97a6b4c6e76654_FORMATO.png", "clube": {"mercado": 1, "slug": "atletico-mg", "abreviacao": "atl", "id": 282, "nome": "atl\u00e9tico-mg"}, "status_id": 7, "jogos": 19, "scout": [{"quantidade": 19, "nome": "FS"}, {"quantidade": 78, "nome": "PE"}, {"quantidade": 3, "nome": "A"}, {"quantidade": 4, "nome": "G"}, {"quantidade": 10, "nome": "I"}, {"quantidade": 30, "nome": "RB"}, {"quantidade": 28, "nome": "FC"}, {"quantidade": 6, "nome": "CA"}, {"quantidade": 12, "nome": "FF"}, {"quantidade": 6, "nome": "FD"}], "preco": "23.27", "partida_data": "25/10/2015", "variacao": "0.00", "id": 63219, "media": "3.55", "pontos": "0.00", "apelido": "Luan", "posicao": {"abreviacao": "ATA", "id": 5, "nome": "Atacante"}, "partida_clube_visitante": {"mercado": 1, "slug": "ponte-preta", "abreviacao": "pon", "id": 303, "nome": "ponte preta"}, "partida_clube_casa": {"mercado": 1, "slug": "atletico-mg", "abreviacao": "atl", "id": 282, "nome": "atl\u00e9tico-mg"}}, {"status": "Contundido", "foto": "http://s.glbimg.com/es/sde/f/2014/06/11/558840826d114d32d4785adf70f69146_FORMATO.jpeg", "clube": {"mercado": 1, "slug": "fluminense", "abreviacao": "flu", "id": 266, "nome": "fluminense"}, "status_id": 5, "jogos": 21, "scout": [{"quantidade": 56, "nome": "FS"}, {"quantidade": 57, "nome": "PE"}, {"quantidade": 5, "nome": "A"}, {"quantidade": 1, "nome": "FT"}, {"quantidade": 8, "nome": "G"}, {"quantidade": 6, "nome": "I"}, {"quantidade": 8, "nome": "RB"}, {"quantidade": 35, "nome": "FC"}, {"quantidade": 3, "nome": "CA"}, {"quantidade": 1, "nome": "PP"}, {"quantidade": 13, "nome": "FF"}, {"quantidade": 13, "nome": "FD"}], "preco": "22.75", "partida_data": "24/10/2015", "variacao": "-1.87", "id": 38162, "media": "5.19", "pontos": "0.20", "apelido": "Fred", "posicao": {"abreviacao": "ATA", "id": 5, "nome": "Atacante"}, "partida_clube_visitante": {"mercado": 1, "slug": "atletico-pr", "abreviacao": "atl", "id": 293, "nome": "atl\u00e9tico-pr"}, "partida_clube_casa": {"mercado": 1, "slug": "fluminense", "abreviacao": "flu", "id": 266, "nome": "fluminense"}}, {"status": "Prov\u00e1vel", "foto": "http://s.glbimg.com/es/sde/f/2010/11/18/d4c557ca26c062f0b9991a8d8e4067fa_FORMATO.jpeg", "clube": {"mercado": 1, "slug": "vasco", "abreviacao": "vas", "id": 267, "nome": "vasco"}, "status_id": 7, "jogos": 27, "scout": [{"quantidade": 7, "nome": "SG"}, {"quantidade": 36, "nome": "FS"}, {"quantidade": 76, "nome": "PE"}, {"quantidade": 4, "nome": "G"}, {"quantidade": 2, "nome": "I"}, {"quantidade": 54, "nome": "RB"}, {"quantidade": 25, "nome": "FC"}, {"quantidade": 7, "nome": "CA"}, {"quantidade": 1, "nome": "CV"}, {"quantidade": 17, "nome": "FF"}, {"quantidade": 17, "nome": "FD"}], "preco": "22.40", "partida_data": "25/10/2015", "variacao": "2.27", "id": 37644, "media": "5.58", "pontos": "18.80", "apelido": "Rodrigo", "posicao": {"abreviacao": "ZAG", "id": 3, "nome": "Zagueiro"}, "partida_clube_visitante": {"mercado": 1, "slug": "gremio", "abreviacao": "gre", "id": 284, "nome": "gr\u00eamio"}, "partida_clube_casa": {"mercado": 1, "slug": "vasco", "abreviacao": "vas", "id": 267, "nome": "vasco"}}, {"status": "Prov\u00e1vel", "foto": "http://s.glbimg.com/es/sde/f/2015/05/07/c617183d096aa584576435e1d179a129_FORMATO.jpeg", "clube": {"mercado": 1, "slug": "ponte-preta", "abreviacao": "pon", "id": 303, "nome": "ponte preta"}, "status_id": 7, "jogos": 31, "scout": [{"quantidade": 11, "nome": "SG"}, {"quantidade": 4, "nome": "FS"}, {"quantidade": 15, "nome": "PE"}, {"quantidade": 64, "nome": "DD"}, {"quantidade": 1, "nome": "DP"}, {"quantidade": 33, "nome": "GS"}], "preco": "21.79", "partida_data": "25/10/2015", "variacao": "-0.12", "id": 68872, "media": "5.99", "pontos": "11.00", "apelido": "Marcelo Lomba", "posicao": {"abreviacao": "GOL", "id": 1, "nome": "Goleiro"}, "partida_clube_visitante": {"mercado": 1, "slug": "ponte-preta", "abreviacao": "pon", "id": 303, "nome": "ponte preta"}, "partida_clube_casa": {"mercado": 1, "slug": "atletico-mg", "abreviacao": "atl", "id": 282, "nome": "atl\u00e9tico-mg"}}, {"status": "Prov\u00e1vel", "foto": "http://s.glbimg.com/es/sde/f/2015/10/22/db383b004f2a19372fbef78d572a1a16_FORMATO.png", "clube": {"mercado": 1, "slug": "atletico-mg", "abreviacao": "atl", "id": 282, "nome": "atl\u00e9tico-mg"}, "status_id": 7, "jogos": 27, "scout": [{"quantidade": 36, "nome": "FS"}, {"quantidade": 77, "nome": "PE"}, {"quantidade": 3, "nome": "A"}, {"quantidade": 4, "nome": "FT"}, {"quantidade": 9, "nome": "G"}, {"quantidade": 11, "nome": "I"}, {"quantidade": 15, "nome": "RB"}, {"quantidade": 28, "nome": "FC"}, {"quantidade": 1, "nome": "CA"}, {"quantidade": 28, "nome": "FF"}, {"quantidade": 28, "nome": "FD"}], "preco": "21.74", "partida_data": "25/10/2015", "variacao": "-1.85", "id": 73649, "media": "5.46", "pontos": "-0.10", "apelido": "Lucas Pratto", "posicao": {"abreviacao": "ATA", "id": 5, "nome": "Atacante"}, "partida_clube_visitante": {"mercado": 1, "slug": "ponte-preta", "abreviacao": "pon", "id": 303, "nome": "ponte preta"}, "partida_clube_casa": {"mercado": 1, "slug": "atletico-mg", "abreviacao": "atl", "id": 282, "nome": "atl\u00e9tico-mg"}}, {"status": "Prov\u00e1vel", "foto": "http://s.glbimg.com/es/sde/f/2012/06/12/d42019108f0818dcf21213898cf8c711_FORMATO.png", "clube": {"mercado": 1, "slug": "ponte-preta", "abreviacao": "pon", "id": 303, "nome": "ponte preta"}, "status_id": 7, "jogos": 30, "scout": [{"quantidade": 10, "nome": "SG"}, {"quantidade": 32, "nome": "FS"}, {"quantidade": 76, "nome": "PE"}, {"quantidade": 4, "nome": "A"}, {"quantidade": 1, "nome": "FT"}, {"quantidade": 3, "nome": "I"}, {"quantidade": 50, "nome": "RB"}, {"quantidade": 36, "nome": "FC"}, {"quantidade": 2, "nome": "CA"}, {"quantidade": 1, "nome": "CV"}, {"quantidade": 7, "nome": "FF"}, {"quantidade": 4, "nome": "FD"}], "preco": "21.55", "partida_data": "25/10/2015", "variacao": "0.64", "id": 73992, "media": "4.40", "pontos": "3.30", "apelido": "Rodinei", "posicao": {"abreviacao": "LAT", "id": 2, "nome": "Lateral"}, "partida_clube_visitante": {"mercado": 1, "slug": "ponte-preta", "abreviacao": "pon", "id": 303, "nome": "ponte preta"}, "partida_clube_casa": {"mercado": 1, "slug": "atletico-mg", "abreviacao": "atl", "id": 282, "nome": "atl\u00e9tico-mg"}}, {"status": "Prov\u00e1vel", "foto": "http://s.glbimg.com/es/sde/f/2015/01/15/210bd6815119826cf3f44b175d9ff09d_FORMATO.jpeg", "clube": {"mercado": 1, "slug": "corinthians", "abreviacao": "cor", "id": 264, "nome": "corinthians"}, "status_id": 7, "jogos": 29, "scout": [{"quantidade": 13, "nome": "SG"}, {"quantidade": 2, "nome": "FS"}, {"quantidade": 17, "nome": "PE"}, {"quantidade": 2, "nome": "CA"}, {"quantidade": 46, "nome": "DD"}, {"quantidade": 25, "nome": "GS"}], "preco": "21.28", "partida_data": "25/10/2015", "variacao": "-0.91", "id": 42234, "media": "4.99", "pontos": "6.70", "apelido": "C\u00e1ssio", "posicao": {"abreviacao": "GOL", "id": 1, "nome": "Goleiro"}, "partida_clube_visitante": {"mercado": 1, "slug": "flamengo", "abreviacao": "fla", "id": 262, "nome": "flamengo"}, "partida_clube_casa": {"mercado": 1, "slug": "corinthians", "abreviacao": "cor", "id": 264, "nome": "corinthians"}}, {"status": "Prov\u00e1vel", "foto": "http://s.glbimg.com/es/sde/f/2015/10/22/1a669e5f8f2a55c0ac3bc6322fbe4c55_FORMATO.png", "clube": {"mercado": 1, "slug": "flamengo", "abreviacao": "fla", "id": 262, "nome": "flamengo"}, "status_id": 7, "jogos": 13, "scout": [{"quantidade": 36, "nome": "FS"}, {"quantidade": 19, "nome": "PE"}, {"quantidade": 3, "nome": "A"}, {"quantidade": 2, "nome": "FT"}, {"quantidade": 3, "nome": "G"}, {"quantidade": 14, "nome": "I"}, {"quantidade": 5, "nome": "RB"}, {"quantidade": 37, "nome": "FC"}, {"quantidade": 4, "nome": "CA"}, {"quantidade": 16, "nome": "FF"}, {"quantidade": 16, "nome": "FD"}], "preco": "20.91", "partida_data": "25/10/2015", "variacao": "0.56", "id": 75295, "media": "4.65", "pontos": "4.40", "apelido": "Paolo Guerrero", "posicao": {"abreviacao": "ATA", "id": 5, "nome": "Atacante"}, "partida_clube_visitante": {"mercado": 1, "slug": "flamengo", "abreviacao": "fla", "id": 262, "nome": "flamengo"}, "partida_clube_casa": {"mercado": 1, "slug": "corinthians", "abreviacao": "cor", "id": 264, "nome": "corinthians"}}, {"status": "Nulo", "foto": "http://s.glbimg.com/es/sde/f/2015/01/15/04123fe6d4dc83b6ecf6f00bd9aef208_FORMATO.jpeg", "clube": {"mercado": 1, "slug": "fluminense", "abreviacao": "flu", "id": 266, "nome": "fluminense"}, "status_id": 6, "jogos": 24, "scout": [{"quantidade": 35, "nome": "FS"}, {"quantidade": 59, "nome": "PE"}, {"quantidade": 1, "nome": "FT"}, {"quantidade": 2, "nome": "G"}, {"quantidade": 2, "nome": "I"}, {"quantidade": 57, "nome": "RB"}, {"quantidade": 42, "nome": "FC"}, {"quantidade": 7, "nome": "CA"}, {"quantidade": 15, "nome": "FF"}, {"quantidade": 3, "nome": "FD"}], "preco": "20.88", "partida_data": "24/10/2015", "variacao": "0.00", "id": 80370, "media": "3.90", "pontos": "0.00", "apelido": "Edson", "posicao": {"abreviacao": "MEI", "id": 4, "nome": "Meia"}, "partida_clube_visitante": {"mercado": 1, "slug": "atletico-pr", "abreviacao": "atl", "id": 293, "nome": "atl\u00e9tico-pr"}, "partida_clube_casa": {"mercado": 1, "slug": "fluminense", "abreviacao": "flu", "id": 266, "nome": "fluminense"}}, {"status": "Prov\u00e1vel", "foto": "http://s.glbimg.com/es/sde/f/2010/11/16/5d3ca64c07f6e666141bef18cf89e399_FORMATO.jpeg", "clube": {"mercado": 1, "slug": "santos", "abreviacao": "san", "id": 277, "nome": "santos"}, "status_id": 7, "jogos": 27, "scout": [{"quantidade": 16, "nome": "FS"}, {"quantidade": 38, "nome": "PE"}, {"quantidade": 2, "nome": "A"}, {"quantidade": 2, "nome": "FT"}, {"quantidade": 18, "nome": "G"}, {"quantidade": 27, "nome": "I"}, {"quantidade": 7, "nome": "RB"}, {"quantidade": 37, "nome": "FC"}, {"quantidade": 6, "nome": "CA"}, {"quantidade": 4, "nome": "PP"}, {"quantidade": 22, "nome": "FF"}, {"quantidade": 23, "nome": "FD"}], "preco": "20.81", "partida_data": "24/10/2015", "variacao": "3.34", "id": 38910, "media": "5.54", "pontos": "17.40", "apelido": "Ricardo Oliveira", "posicao": {"abreviacao": "ATA", "id": 5, "nome": "Atacante"}, "partida_clube_visitante": {"mercado": 1, "slug": "santos", "abreviacao": "san", "id": 277, "nome": "santos"}, "partida_clube_casa": {"mercado": 1, "slug": "figueirense", "abreviacao": "fig", "id": 316, "nome": "figueirense"}}, {"status": "Prov\u00e1vel", "foto": "http://s.glbimg.com/es/sde/f/2015/10/21/2135b577ba4baa6784aa4420cb996b3e_FORMATO.png", "clube": {"mercado": 1, "slug": "flamengo", "abreviacao": "fla", "id": 262, "nome": "flamengo"}, "status_id": 7, "jogos": 28, "scout": [{"quantidade": 51, "nome": "FS"}, {"quantidade": 86, "nome": "PE"}, {"quantidade": 2, "nome": "A"}, {"quantidade": 4, "nome": "G"}, {"quantidade": 24, "nome": "I"}, {"quantidade": 45, "nome": "RB"}, {"quantidade": 42, "nome": "FC"}, {"quantidade": 6, "nome": "CA"}, {"quantidade": 1, "nome": "CV"}, {"quantidade": 8, "nome": "FF"}, {"quantidade": 11, "nome": "FD"}], "preco": "19.88", "partida_data": "25/10/2015", "variacao": "-0.39", "id": 50301, "media": "3.02", "pontos": "1.60", "apelido": "Everton", "posicao": {"abreviacao": "MEI", "id": 4, "nome": "Meia"}, "partida_clube_visitante": {"mercado": 1, "slug": "flamengo", "abreviacao": "fla", "id": 262, "nome": "flamengo"}, "partida_clube_casa": {"mercado": 1, "slug": "corinthians", "abreviacao": "cor", "id": 264, "nome": "corinthians"}}, {"status": "Prov\u00e1vel", "foto": "http://s.glbimg.com/es/sde/f/2015/01/15/019bbc188c2e2411511da2836f6e7674_FORMATO.png", "clube": {"mercado": 1, "slug": "cruzeiro", "abreviacao": "cru", "id": 283, "nome": "cruzeiro"}, "status_id": 7, "jogos": 23, "scout": [{"quantidade": 38, "nome": "FS"}, {"quantidade": 60, "nome": "PE"}, {"quantidade": 2, "nome": "A"}, {"quantidade": 1, "nome": "FT"}, {"quantidade": 9, "nome": "G"}, {"quantidade": 14, "nome": "I"}, {"quantidade": 32, "nome": "RB"}, {"quantidade": 34, "nome": "FC"}, {"quantidade": 6, "nome": "CA"}, {"quantidade": 1, "nome": "PP"}, {"quantidade": 18, "nome": "FF"}, {"quantidade": 16, "nome": "FD"}], "preco": "19.61", "partida_data": "25/10/2015", "variacao": "3.20", "id": 42116, "media": "5.66", "pontos": "20.60", "apelido": "Willian", "posicao": {"abreviacao": "ATA", "id": 5, "nome": "Atacante"}, "partida_clube_visitante": {"mercado": 1, "slug": "cruzeiro", "abreviacao": "cru", "id": 283, "nome": "cruzeiro"}, "partida_clube_casa": {"mercado": 1, "slug": "goias", "abreviacao": "goi", "id": 290, "nome": "goi\u00e1s"}}, {"status": "Prov\u00e1vel", "foto": "http://s.glbimg.com/es/sde/f/2015/07/22/0b1e40820556ff66c00e75f7298a0372_FORMATO.jpeg", "clube": {"mercado": 1, "slug": "goias", "abreviacao": "goi", "id": 290, "nome": "goi\u00e1s"}, "status_id": 7, "jogos": 29, "scout": [{"quantidade": 11, "nome": "SG"}, {"quantidade": 4, "nome": "FS"}, {"quantidade": 19, "nome": "PE"}, {"quantidade": 2, "nome": "CA"}, {"quantidade": 42, "nome": "DD"}, {"quantidade": 34, "nome": "GS"}], "preco": "19.53", "partida_data": "25/10/2015", "variacao": "1.38", "id": 37899, "media": "3.63", "pontos": "6.00", "apelido": "Renan", "posicao": {"abreviacao": "GOL", "id": 1, "nome": "Goleiro"}, "partida_clube_visitante": {"mercado": 1, "slug": "cruzeiro", "abreviacao": "cru", "id": 283, "nome": "cruzeiro"}, "partida_clube_casa": {"mercado": 1, "slug": "goias", "abreviacao": "goi", "id": 290, "nome": "goi\u00e1s"}}, {"status": "Prov\u00e1vel", "foto": "http://s.glbimg.com/es/sde/f/2015/03/04/be979300c75e0d1bbbd0203881eb8af8_FORMATO.png", "clube": {"mercado": 1, "slug": "atletico-pr", "abreviacao": "atl", "id": 293, "nome": "atl\u00e9tico-pr"}, "status_id": 7, "jogos": 30, "scout": [{"quantidade": 10, "nome": "SG"}, {"quantidade": 10, "nome": "FS"}, {"quantidade": 34, "nome": "PE"}, {"quantidade": 5, "nome": "CA"}, {"quantidade": 41, "nome": "DD"}, {"quantidade": 3, "nome": "DP"}, {"quantidade": 37, "nome": "GS"}], "preco": "18.81", "partida_data": "24/10/2015", "variacao": "-2.58", "id": 71631, "media": "3.49", "pontos": "-8.30", "apelido": "Weverton", "posicao": {"abreviacao": "GOL", "id": 1, "nome": "Goleiro"}, "partida_clube_visitante": {"mercado": 1, "slug": "atletico-pr", "abreviacao": "atl", "id": 293, "nome": "atl\u00e9tico-pr"}, "partida_clube_casa": {"mercado": 1, "slug": "fluminense", "abreviacao": "flu", "id": 266, "nome": "fluminense"}}, {"status": "Prov\u00e1vel", "foto": "http://s.glbimg.com/es/sde/f/2015/01/15/03fc334cdc2283ad2a8614b53cdc9816_FORMATO.jpeg", "clube": {"mercado": 1, "slug": "corinthians", "abreviacao": "cor", "id": 264, "nome": "corinthians"}, "status_id": 7, "jogos": 27, "scout": [{"quantidade": 13, "nome": "SG"}, {"quantidade": 9, "nome": "FS"}, {"quantidade": 34, "nome": "PE"}, {"quantidade": 1, "nome": "A"}, {"quantidade": 1, "nome": "FT"}, {"quantidade": 1, "nome": "G"}, {"quantidade": 1, "nome": "I"}, {"quantidade": 19, "nome": "RB"}, {"quantidade": 17, "nome": "FC"}, {"quantidade": 6, "nome": "CA"}, {"quantidade": 6, "nome": "FF"}, {"quantidade": 5, "nome": "FD"}], "preco": "18.61", "partida_data": "25/10/2015", "variacao": "-0.18", "id": 68923, "media": "3.56", "pontos": "4.70", "apelido": "Gil", "posicao": {"abreviacao": "ZAG", "id": 3, "nome": "Zagueiro"}, "partida_clube_visitante": {"mercado": 1, "slug": "flamengo", "abreviacao": "fla", "id": 262, "nome": "flamengo"}, "partida_clube_casa": {"mercado": 1, "slug": "corinthians", "abreviacao": "cor", "id": 264, "nome": "corinthians"}}, {"status": "Prov\u00e1vel", "foto": "http://s.glbimg.com/es/sde/f/2015/01/15/eb36f046f37addbe921c4c1660c6fce1_FORMATO.jpeg", "clube": {"mercado": 1, "slug": "corinthians", "abreviacao": "cor", "id": 264, "nome": "corinthians"}, "status_id": 7, "jogos": 28, "scout": [{"quantidade": 15, "nome": "FS"}, {"quantidade": 160, "nome": "PE"}, {"quantidade": 10, "nome": "A"}, {"quantidade": 1, "nome": "FT"}, {"quantidade": 12, "nome": "G"}, {"quantidade": 2, "nome": "I"}, {"quantidade": 21, "nome": "RB"}, {"quantidade": 15, "nome": "FC"}, {"quantidade": 4, "nome": "CA"}, {"quantidade": 11, "nome": "FF"}, {"quantidade": 17, "nome": "FD"}], "preco": "18.60", "partida_data": "25/10/2015", "variacao": "-1.95", "id": 38315, "media": "5.44", "pontos": "2.40", "apelido": "Jadson", "posicao": {"abreviacao": "MEI", "id": 4, "nome": "Meia"}, "partida_clube_visitante": {"mercado": 1, "slug": "flamengo", "abreviacao": "fla", "id": 262, "nome": "flamengo"}, "partida_clube_casa": {"mercado": 1, "slug": "corinthians", "abreviacao": "cor", "id": 264, "nome": "corinthians"}}]}