{"rodada_id": 32, "page": {"atual": "7", "total": "42"}, "atleta": [{"status": "Prov\u00e1vel", "foto": "http://s.glbimg.com/es/sde/f/2015/05/07/5c4327c9c16d80eec8bef248ade36ddd_FORMATO.jpeg", "clube": {"mercado": 1, "slug": "ponte-preta", "abreviacao": "pon", "id": 303, "nome": "ponte preta"}, "status_id": 7, "jogos": 23, "scout": [{"quantidade": 11, "nome": "FS"}, {"quantidade": 21, "nome": "PE"}, {"quantidade": 5, "nome": "G"}, {"quantidade": 13, "nome": "I"}, {"quantidade": 6, "nome": "RB"}, {"quantidade": 18, "nome": "FC"}, {"quantidade": 2, "nome": "CA"}, {"quantidade": 1, "nome": "PP"}, {"quantidade": 16, "nome": "FF"}, {"quantidade": 9, "nome": "FD"}], "preco": "11.21", "partida_data": "25/10/2015", "variacao": "-0.31", "id": 37941, "media": "2.03", "pontos": "-0.50", "apelido": "Borges", "posicao": {"abreviacao": "ATA", "id": 5, "nome": "Atacante"}, "partida_clube_visitante": {"mercado": 1, "slug": "ponte-preta", "abreviacao": "pon", "id": 303, "nome": "ponte preta"}, "partida_clube_casa": {"mercado": 1, "slug": "atletico-mg", "abreviacao": "atl", "id": 282, "nome": "atl\u00e9tico-mg"}}, {"status": "Prov\u00e1vel", "foto": "http://s.glbimg.com/es/sde/f/2010/11/12/2b38bf17eb5e83415a5535344d7d0b6c_FORMATO.jpeg", "clube": {"mercado": 1, "slug": "joinville", "abreviacao": "jec", "id": 317, "nome": "joinville"}, "status_id": 7, "jogos": 16, "scout": [], "preco": "11.20", "partida_data": "24/10/2015", "variacao": "-0.17", "id": 37187, "media": "3.50", "pontos": "4.63", "apelido": "Pc Gusm\u00e3o", "posicao": {"abreviacao": "TEC", "id": 6, "nome": "T\u00e9cnico"}, "partida_clube_visitante": {"mercado": 1, "slug": "joinville", "abreviacao": "jec", "id": 317, "nome": "joinville"}, "partida_clube_casa": {"mercado": 1, "slug": "internacional", "abreviacao": "int", "id": 285, "nome": "internacional"}}, {"status": "Prov\u00e1vel", "foto": "http://s.glbimg.com/es/sde/f/2010/11/17/dc125f0aa1d1d2f1708793bc891bef12_FORMATO.jpeg", "clube": {"mercado": 1, "slug": "figueirense", "abreviacao": "fig", "id": 316, "nome": "figueirense"}, "status_id": 7, "jogos": 17, "scout": [{"quantidade": 3, "nome": "SG"}, {"quantidade": 12, "nome": "FS"}, {"quantidade": 39, "nome": "PE"}, {"quantidade": 26, "nome": "RB"}, {"quantidade": 20, "nome": "FC"}, {"quantidade": 6, "nome": "CA"}, {"quantidade": 5, "nome": "FF"}], "preco": "11.19", "partida_data": "24/10/2015", "variacao": "0.00", "id": 38394, "media": "2.05", "pontos": "0.00", "apelido": "Thiago Heleno", "posicao": {"abreviacao": "ZAG", "id": 3, "nome": "Zagueiro"}, "partida_clube_visitante": {"mercado": 1, "slug": "santos", "abreviacao": "san", "id": 277, "nome": "santos"}, "partida_clube_casa": {"mercado": 1, "slug": "figueirense", "abreviacao": "fig", "id": 316, "nome": "figueirense"}}, {"status": "Prov\u00e1vel", "foto": "http://s.glbimg.com/es/sde/f/2010/11/12/3b213032cd0541bee60fde6a920647ad_FORMATO.jpeg", "clube": {"mercado": 1, "slug": "santos", "abreviacao": "san", "id": 277, "nome": "santos"}, "status_id": 7, "jogos": 26, "scout": [{"quantidade": 10, "nome": "SG"}, {"quantidade": 11, "nome": "FS"}, {"quantidade": 95, "nome": "PE"}, {"quantidade": 1, "nome": "A"}, {"quantidade": 2, "nome": "G"}, {"quantidade": 2, "nome": "I"}, {"quantidade": 41, "nome": "RB"}, {"quantidade": 15, "nome": "FC"}, {"quantidade": 6, "nome": "CA"}, {"quantidade": 2, "nome": "CV"}, {"quantidade": 5, "nome": "FF"}, {"quantidade": 1, "nome": "FD"}], "preco": "11.19", "partida_data": "24/10/2015", "variacao": "0.00", "id": 50317, "media": "3.54", "pontos": "0.00", "apelido": "David Braz", "posicao": {"abreviacao": "ZAG", "id": 3, "nome": "Zagueiro"}, "partida_clube_visitante": {"mercado": 1, "slug": "santos", "abreviacao": "san", "id": 277, "nome": "santos"}, "partida_clube_casa": {"mercado": 1, "slug": "figueirense", "abreviacao": "fig", "id": 316, "nome": "figueirense"}}, {"status": "Suspenso", "foto": "http://s.glbimg.com/es/sde/f/2015/10/21/41425f25ed62f02f6434b029a792636d_FORMATO.png", "clube": {"mercado": 1, "slug": "flamengo", "abreviacao": "fla", "id": 262, "nome": "flamengo"}, "status_id": 3, "jogos": 21, "scout": [{"quantidade": 65, "nome": "FS"}, {"quantidade": 75, "nome": "PE"}, {"quantidade": 1, "nome": "A"}, {"quantidade": 2, "nome": "FT"}, {"quantidade": 5, "nome": "G"}, {"quantidade": 5, "nome": "I"}, {"quantidade": 16, "nome": "RB"}, {"quantidade": 36, "nome": "FC"}, {"quantidade": 7, "nome": "CA"}, {"quantidade": 20, "nome": "FF"}, {"quantidade": 6, "nome": "FD"}], "preco": "11.10", "partida_data": "25/10/2015", "variacao": "0.97", "id": 68744, "media": "3.56", "pontos": "4.30", "apelido": "Emerson", "posicao": {"abreviacao": "ATA", "id": 5, "nome": "Atacante"}, "partida_clube_visitante": {"mercado": 1, "slug": "flamengo", "abreviacao": "fla", "id": 262, "nome": "flamengo"}, "partida_clube_casa": {"mercado": 1, "slug": "corinthians", "abreviacao": "cor", "id": 264, "nome": "corinthians"}}, {"status": "Nulo", "foto": "http://s.glbimg.com/es/sde/f/2014/12/16/576380269e478afdb444a68b66d0ad9c_FORMATO.jpeg", "clube": {"mercado": 1, "slug": "palmeiras", "abreviacao": "pal", "id": 275, "nome": "palmeiras"}, "status_id": 6, "jogos": 25, "scout": [{"quantidade": 8, "nome": "SG"}, {"quantidade": 26, "nome": "FS"}, {"quantidade": 68, "nome": "PE"}, {"quantidade": 3, "nome": "A"}, {"quantidade": 2, "nome": "G"}, {"quantidade": 4, "nome": "I"}, {"quantidade": 29, "nome": "RB"}, {"quantidade": 57, "nome": "FC"}, {"quantidade": 9, "nome": "CA"}, {"quantidade": 5, "nome": "FF"}, {"quantidade": 5, "nome": "FD"}], "preco": "11.09", "partida_data": "24/10/2015", "variacao": "0.00", "id": 50362, "media": "2.91", "pontos": "0.00", "apelido": "Lucas", "posicao": {"abreviacao": "LAT", "id": 2, "nome": "Lateral"}, "partida_clube_visitante": {"mercado": 1, "slug": "sport", "abreviacao": "spo", "id": 292, "nome": "sport"}, "partida_clube_casa": {"mercado": 1, "slug": "palmeiras", "abreviacao": "pal", "id": 275, "nome": "palmeiras"}}, {"status": "Nulo", "foto": "http://s.glbimg.com/es/sde/f/2014/04/03/46ab368630dfdcdd052087a135d43b89_FORMATO.jpeg", "clube": {"mercado": 1, "slug": "sport", "abreviacao": "spo", "id": 292, "nome": "sport"}, "status_id": 6, "jogos": 10, "scout": [{"quantidade": 3, "nome": "SG"}, {"quantidade": 10, "nome": "FS"}, {"quantidade": 39, "nome": "PE"}, {"quantidade": 1, "nome": "G"}, {"quantidade": 4, "nome": "I"}, {"quantidade": 16, "nome": "RB"}, {"quantidade": 12, "nome": "FC"}, {"quantidade": 1, "nome": "CA"}, {"quantidade": 2, "nome": "FF"}, {"quantidade": 3, "nome": "FD"}], "preco": "11.09", "partida_data": "24/10/2015", "variacao": "0.00", "id": 82128, "media": "3.78", "pontos": "0.00", "apelido": "Ferrugem", "posicao": {"abreviacao": "LAT", "id": 2, "nome": "Lateral"}, "partida_clube_visitante": {"mercado": 1, "slug": "sport", "abreviacao": "spo", "id": 292, "nome": "sport"}, "partida_clube_casa": {"mercado": 1, "slug": "palmeiras", "abreviacao": "pal", "id": 275, "nome": "palmeiras"}}, {"status": "Contundido", "foto": "http://s.glbimg.com/es/sde/f/2015/01/15/5075f5c1cba922fe5fe28315b83b02a4_FORMATO.png", "clube": {"mercado": 1, "slug": "cruzeiro", "abreviacao": "cru", "id": 283, "nome": "cruzeiro"}, "status_id": 5, "jogos": 19, "scout": [{"quantidade": 24, "nome": "FS"}, {"quantidade": 51, "nome": "PE"}, {"quantidade": 4, "nome": "A"}, {"quantidade": 1, "nome": "G"}, {"quantidade": 6, "nome": "I"}, {"quantidade": 12, "nome": "RB"}, {"quantidade": 6, "nome": "FC"}, {"quantidade": 13, "nome": "FF"}, {"quantidade": 4, "nome": "FD"}], "preco": "11.07", "partida_data": "25/10/2015", "variacao": "0.00", "id": 60788, "media": "2.74", "pontos": "0.00", "apelido": "Marquinhos", "posicao": {"abreviacao": "ATA", "id": 5, "nome": "Atacante"}, "partida_clube_visitante": {"mercado": 1, "slug": "cruzeiro", "abreviacao": "cru", "id": 283, "nome": "cruzeiro"}, "partida_clube_casa": {"mercado": 1, "slug": "goias", "abreviacao": "goi", "id": 290, "nome": "goi\u00e1s"}}, {"status": "Prov\u00e1vel", "foto": "http://s.glbimg.com/es/sde/f/2010/11/12/71377f94cc5c56199d7cd9be06cfd2a1_FORMATO.jpeg", "clube": {"mercado": 1, "slug": "gremio", "abreviacao": "gre", "id": 284, "nome": "gr\u00eamio"}, "status_id": 7, "jogos": 26, "scout": [{"quantidade": 11, "nome": "SG"}, {"quantidade": 34, "nome": "FS"}, {"quantidade": 115, "nome": "PE"}, {"quantidade": 2, "nome": "A"}, {"quantidade": 2, "nome": "FT"}, {"quantidade": 2, "nome": "G"}, {"quantidade": 4, "nome": "I"}, {"quantidade": 29, "nome": "RB"}, {"quantidade": 30, "nome": "FC"}, {"quantidade": 7, "nome": "CA"}, {"quantidade": 13, "nome": "FF"}, {"quantidade": 9, "nome": "FD"}], "preco": "11.06", "partida_data": "25/10/2015", "variacao": "0.08", "id": 68821, "media": "4.10", "pontos": "4.20", "apelido": "Rafael Galhardo", "posicao": {"abreviacao": "LAT", "id": 2, "nome": "Lateral"}, "partida_clube_visitante": {"mercado": 1, "slug": "gremio", "abreviacao": "gre", "id": 284, "nome": "gr\u00eamio"}, "partida_clube_casa": {"mercado": 1, "slug": "vasco", "abreviacao": "vas", "id": 267, "nome": "vasco"}}, {"status": "Prov\u00e1vel", "foto": "http://s.glbimg.com/es/sde/f/2015/01/19/0c384443da8bb21c04fc89b22b337645_FORMATO.jpeg", "clube": {"mercado": 1, "slug": "coritiba", "abreviacao": "cor", "id": 294, "nome": "coritiba"}, "status_id": 7, "jogos": 14, "scout": [{"quantidade": 26, "nome": "FS"}, {"quantidade": 29, "nome": "PE"}, {"quantidade": 1, "nome": "FT"}, {"quantidade": 9, "nome": "G"}, {"quantidade": 9, "nome": "I"}, {"quantidade": 11, "nome": "RB"}, {"quantidade": 24, "nome": "FC"}, {"quantidade": 3, "nome": "CA"}, {"quantidade": 13, "nome": "FF"}, {"quantidade": 10, "nome": "FD"}], "preco": "11.04", "partida_data": "25/10/2015", "variacao": "-0.82", "id": 68773, "media": "6.79", "pontos": "5.00", "apelido": "Henrique Almeida", "posicao": {"abreviacao": "ATA", "id": 5, "nome": "Atacante"}, "partida_clube_visitante": {"mercado": 1, "slug": "sao-paulo", "abreviacao": "sao", "id": 276, "nome": "s\u00e3o paulo"}, "partida_clube_casa": {"mercado": 1, "slug": "coritiba", "abreviacao": "cor", "id": 294, "nome": "coritiba"}}, {"status": "Prov\u00e1vel", "foto": "http://s.glbimg.com/es/sde/f/2015/07/21/b9a3c00d750745e464fe87b78e758a58_FORMATO.jpeg", "clube": {"mercado": 1, "slug": "fluminense", "abreviacao": "flu", "id": 266, "nome": "fluminense"}, "status_id": 7, "jogos": 25, "scout": [{"quantidade": 48, "nome": "FS"}, {"quantidade": 59, "nome": "PE"}, {"quantidade": 3, "nome": "A"}, {"quantidade": 9, "nome": "I"}, {"quantidade": 18, "nome": "RB"}, {"quantidade": 29, "nome": "FC"}, {"quantidade": 4, "nome": "CA"}, {"quantidade": 9, "nome": "FF"}, {"quantidade": 7, "nome": "FD"}], "preco": "10.94", "partida_data": "24/10/2015", "variacao": "-0.47", "id": 89256, "media": "1.51", "pontos": "-0.20", "apelido": "Gerson", "posicao": {"abreviacao": "MEI", "id": 4, "nome": "Meia"}, "partida_clube_visitante": {"mercado": 1, "slug": "atletico-pr", "abreviacao": "atl", "id": 293, "nome": "atl\u00e9tico-pr"}, "partida_clube_casa": {"mercado": 1, "slug": "fluminense", "abreviacao": "flu", "id": 266, "nome": "fluminense"}}, {"status": "Prov\u00e1vel", "foto": "http://s.glbimg.com/es/sde/f/2015/07/21/c750358e74595bab29c0f4a5a3e52da7_FORMATO.jpeg", "clube": {"mercado": 1, "slug": "joinville", "abreviacao": "jec", "id": 317, "nome": "joinville"}, "status_id": 7, "jogos": 23, "scout": [{"quantidade": 11, "nome": "FS"}, {"quantidade": 80, "nome": "PE"}, {"quantidade": 4, "nome": "A"}, {"quantidade": 1, "nome": "FT"}, {"quantidade": 5, "nome": "G"}, {"quantidade": 7, "nome": "I"}, {"quantidade": 16, "nome": "RB"}, {"quantidade": 23, "nome": "FC"}, {"quantidade": 3, "nome": "CA"}, {"quantidade": 17, "nome": "FF"}, {"quantidade": 9, "nome": "FD"}], "preco": "10.93", "partida_data": "24/10/2015", "variacao": "0.00", "id": 41859, "media": "3.14", "pontos": "0.00", "apelido": "Marcelinho Para\u00edba", "posicao": {"abreviacao": "MEI", "id": 4, "nome": "Meia"}, "partida_clube_visitante": {"mercado": 1, "slug": "joinville", "abreviacao": "jec", "id": 317, "nome": "joinville"}, "partida_clube_casa": {"mercado": 1, "slug": "internacional", "abreviacao": "int", "id": 285, "nome": "internacional"}}, {"status": "D\u00favida", "foto": "http://s.glbimg.com/es/sde/f/2015/03/04/2bf764b5a31f2d26eb5d7335769d8ecf_FORMATO.png", "clube": {"mercado": 1, "slug": "atletico-pr", "abreviacao": "atl", "id": 293, "nome": "atl\u00e9tico-pr"}, "status_id": 2, "jogos": 25, "scout": [{"quantidade": 31, "nome": "FS"}, {"quantidade": 63, "nome": "PE"}, {"quantidade": 4, "nome": "A"}, {"quantidade": 1, "nome": "FT"}, {"quantidade": 4, "nome": "G"}, {"quantidade": 4, "nome": "I"}, {"quantidade": 29, "nome": "RB"}, {"quantidade": 35, "nome": "FC"}, {"quantidade": 6, "nome": "CA"}, {"quantidade": 3, "nome": "FF"}, {"quantidade": 5, "nome": "FD"}], "preco": "10.92", "partida_data": "24/10/2015", "variacao": "0.00", "id": 69705, "media": "3.07", "pontos": "0.00", "apelido": "Nik\u00e3o", "posicao": {"abreviacao": "MEI", "id": 4, "nome": "Meia"}, "partida_clube_visitante": {"mercado": 1, "slug": "atletico-pr", "abreviacao": "atl", "id": 293, "nome": "atl\u00e9tico-pr"}, "partida_clube_casa": {"mercado": 1, "slug": "fluminense", "abreviacao": "flu", "id": 266, "nome": "fluminense"}}, {"status": "Suspenso", "foto": "http://s.glbimg.com/es/sde/f/2015/01/15/038f0bb872b7b2a508b6f0808d6a1fdd_FORMATO.png", "clube": {"mercado": 1, "slug": "cruzeiro", "abreviacao": "cru", "id": 283, "nome": "cruzeiro"}, "status_id": 3, "jogos": 30, "scout": [{"quantidade": 9, "nome": "SG"}, {"quantidade": 22, "nome": "FS"}, {"quantidade": 67, "nome": "PE"}, {"quantidade": 2, "nome": "A"}, {"quantidade": 1, "nome": "G"}, {"quantidade": 1, "nome": "I"}, {"quantidade": 38, "nome": "RB"}, {"quantidade": 29, "nome": "FC"}, {"quantidade": 3, "nome": "CA"}, {"quantidade": 11, "nome": "FF"}, {"quantidade": 2, "nome": "FD"}], "preco": "10.92", "partida_data": "25/10/2015", "variacao": "0.99", "id": 69014, "media": "3.57", "pontos": "9.80", "apelido": "Manoel", "posicao": {"abreviacao": "ZAG", "id": 3, "nome": "Zagueiro"}, "partida_clube_visitante": {"mercado": 1, "slug": "cruzeiro", "abreviacao": "cru", "id": 283, "nome": "cruzeiro"}, "partida_clube_casa": {"mercado": 1, "slug": "goias", "abreviacao": "goi", "id": 290, "nome": "goi\u00e1s"}}, {"status": "Prov\u00e1vel", "foto": "http://s.glbimg.com/es/sde/f/2015/07/22/dd03748e5a122e167a5a96c45da7cd4e_FORMATO.jpeg", "clube": {"mercado": 1, "slug": "chapecoense", "abreviacao": "cha", "id": 315, "nome": "chapecoense"}, "status_id": 7, "jogos": 18, "scout": [{"quantidade": 36, "nome": "FS"}, {"quantidade": 52, "nome": "PE"}, {"quantidade": 1, "nome": "G"}, {"quantidade": 2, "nome": "I"}, {"quantidade": 36, "nome": "RB"}, {"quantidade": 24, "nome": "FC"}, {"quantidade": 4, "nome": "CA"}, {"quantidade": 10, "nome": "FF"}, {"quantidade": 1, "nome": "FD"}], "preco": "10.91", "partida_data": "25/10/2015", "variacao": "1.02", "id": 63014, "media": "3.25", "pontos": "6.30", "apelido": "Gil", "posicao": {"abreviacao": "MEI", "id": 4, "nome": "Meia"}, "partida_clube_visitante": {"mercado": 1, "slug": "avai", "abreviacao": "ava", "id": 314, "nome": "ava\u00ed"}, "partida_clube_casa": {"mercado": 1, "slug": "chapecoense", "abreviacao": "cha", "id": 315, "nome": "chapecoense"}}, {"status": "Nulo", "foto": "http://s.glbimg.com/es/sde/f/2012/05/24/afc1a591390fd81650fe5337d845e4d0_FORMATO.png", "clube": {"mercado": 1, "slug": "fluminense", "abreviacao": "flu", "id": 266, "nome": "fluminense"}, "status_id": 6, "jogos": 17, "scout": [{"quantidade": 13, "nome": "FS"}, {"quantidade": 41, "nome": "PE"}, {"quantidade": 3, "nome": "A"}, {"quantidade": 1, "nome": "FT"}, {"quantidade": 3, "nome": "G"}, {"quantidade": 9, "nome": "RB"}, {"quantidade": 16, "nome": "FC"}, {"quantidade": 2, "nome": "CA"}, {"quantidade": 7, "nome": "FF"}, {"quantidade": 3, "nome": "FD"}], "preco": "10.85", "partida_data": "24/10/2015", "variacao": "-1.49", "id": 71162, "media": "2.82", "pontos": "-2.20", "apelido": "Vin\u00edcius", "posicao": {"abreviacao": "MEI", "id": 4, "nome": "Meia"}, "partida_clube_visitante": {"mercado": 1, "slug": "atletico-pr", "abreviacao": "atl", "id": 293, "nome": "atl\u00e9tico-pr"}, "partida_clube_casa": {"mercado": 1, "slug": "fluminense", "abreviacao": "flu", "id": 266, "nome": "fluminense"}}, {"status": "Nulo", "foto": "http://s.glbimg.com/es/sde/f/2015/01/15/ab93ccb633f5e859736972f4f3124185_FORMATO.jpeg", "clube": {"mercado": 1, "slug": "vasco", "abreviacao": "vas", "id": 267, "nome": "vasco"}, "status_id": 6, "jogos": 18, "scout": [{"quantidade": 5, "nome": "SG"}, {"quantidade": 20, "nome": "FS"}, {"quantidade": 49, "nome": "PE"}, {"quantidade": 1, "nome": "FT"}, {"quantidade": 4, "nome": "I"}, {"quantidade": 26, "nome": "RB"}, {"quantidade": 20, "nome": "FC"}, {"quantidade": 3, "nome": "CA"}, {"quantidade": 1, "nome": "CV"}, {"quantidade": 12, "nome": "FF"}, {"quantidade": 5, "nome": "FD"}], "preco": "10.84", "partida_data": "25/10/2015", "variacao": "0.00", "id": 82499, "media": "3.24", "pontos": "0.00", "apelido": "Christiano ", "posicao": {"abreviacao": "LAT", "id": 2, "nome": "Lateral"}, "partida_clube_visitante": {"mercado": 1, "slug": "gremio", "abreviacao": "gre", "id": 284, "nome": "gr\u00eamio"}, "partida_clube_casa": {"mercado": 1, "slug": "vasco", "abreviacao": "vas", "id": 267, "nome": "vasco"}}, {"status": "Prov\u00e1vel", "foto": "http://s.glbimg.com/es/sde/f/2011/10/06/dc475836b9488d7f2fc01443cc2e3509_FORMATO.jpeg", "clube": {"mercado": 1, "slug": "vasco", "abreviacao": "vas", "id": 267, "nome": "vasco"}, "status_id": 7, "jogos": 26, "scout": [{"quantidade": 7, "nome": "SG"}, {"quantidade": 43, "nome": "FS"}, {"quantidade": 91, "nome": "PE"}, {"quantidade": 1, "nome": "A"}, {"quantidade": 4, "nome": "I"}, {"quantidade": 16, "nome": "RB"}, {"quantidade": 21, "nome": "FC"}, {"quantidade": 6, "nome": "CA"}, {"quantidade": 2, "nome": "FF"}, {"quantidade": 1, "nome": "FD"}], "preco": "10.83", "partida_data": "25/10/2015", "variacao": "0.48", "id": 78077, "media": "1.52", "pontos": "0.10", "apelido": "Madson", "posicao": {"abreviacao": "LAT", "id": 2, "nome": "Lateral"}, "partida_clube_visitante": {"mercado": 1, "slug": "gremio", "abreviacao": "gre", "id": 284, "nome": "gr\u00eamio"}, "partida_clube_casa": {"mercado": 1, "slug": "vasco", "abreviacao": "vas", "id": 267, "nome": "vasco"}}, {"status": "Prov\u00e1vel", "foto": "http://s.glbimg.com/es/sde/f/2015/10/22/a98187e0eb846998d20a355af4a93410_FORMATO.jpeg", "clube": {"mercado": 1, "slug": "flamengo", "abreviacao": "fla", "id": 262, "nome": "flamengo"}, "status_id": 7, "jogos": 18, "scout": [], "preco": "10.78", "partida_data": "25/10/2015", "variacao": "0.26", "id": 36940, "media": "3.31", "pontos": "2.60", "apelido": "Oswaldo De Oliveira", "posicao": {"abreviacao": "TEC", "id": 6, "nome": "T\u00e9cnico"}, "partida_clube_visitante": {"mercado": 1, "slug": "flamengo", "abreviacao": "fla", "id": 262, "nome": "flamengo"}, "partida_clube_casa": {"mercado": 1, "slug": "corinthians", "abreviacao": "cor", "id": 264, "nome": "corinthians"}}, {"status": "Prov\u00e1vel", "foto": "http://s.glbimg.com/es/sde/f/2014/05/30/e5aafa4314698e71145a251839775baf_FORMATO.jpeg", "clube": {"mercado": 1, "slug": "santos", "abreviacao": "san", "id": 277, "nome": "santos"}, "status_id": 7, "jogos": 25, "scout": [{"quantidade": 77, "nome": "FS"}, {"quantidade": 153, "nome": "PE"}, {"quantidade": 6, "nome": "A"}, {"quantidade": 1, "nome": "FT"}, {"quantidade": 4, "nome": "G"}, {"quantidade": 1, "nome": "I"}, {"quantidade": 37, "nome": "RB"}, {"quantidade": 34, "nome": "FC"}, {"quantidade": 4, "nome": "CA"}, {"quantidade": 4, "nome": "FF"}, {"quantidade": 7, "nome": "FD"}], "preco": "10.71", "partida_data": "24/10/2015", "variacao": "-1.25", "id": 80583, "media": "4.22", "pontos": "-1.00", "apelido": "Lucas Lima", "posicao": {"abreviacao": "MEI", "id": 4, "nome": "Meia"}, "partida_clube_visitante": {"mercado": 1, "slug": "santos", "abreviacao": "san", "id": 277, "nome": "santos"}, "partida_clube_casa": {"mercado": 1, "slug": "figueirense", "abreviacao": "fig", "id": 316, "nome": "figueirense"}}]}