{"rodada_id": 15, "page": {"atual": "12", "total": "41"}, "atleta": [{"status": "Prov\u00e1vel", "foto": "http://s.glbimg.com/es/sde/f/2011/09/21/73023ecad6834318792698e5cb28a4ce_FORMATO.jpeg", "clube": {"mercado": 1, "slug": "joinville", "abreviacao": "jec", "id": 317, "nome": "joinville"}, "status_id": 7, "jogos": 13, "scout": [{"quantidade": 2, "nome": "SG"}, {"quantidade": 6, "nome": "FS"}, {"quantidade": 16, "nome": "PE"}, {"quantidade": 14, "nome": "RB"}, {"quantidade": 9, "nome": "FC"}, {"quantidade": 4, "nome": "CA"}, {"quantidade": 1, "nome": "FF"}], "preco": "8.00", "partida_data": "26/07/2015", "variacao": "-0.25", "id": 73528, "media": "1.55", "pontos": "-1.40", "apelido": "Guti", "posicao": {"abreviacao": "ZAG", "id": 3, "nome": "Zagueiro"}, "partida_clube_visitante": {"mercado": 1, "slug": "joinville", "abreviacao": "jec", "id": 317, "nome": "joinville"}, "partida_clube_casa": {"mercado": 1, "slug": "santos", "abreviacao": "san", "id": 277, "nome": "santos"}}, {"status": "Contundido", "foto": "http://s.glbimg.com/es/sde/f/2012/06/06/03231c81da317e9bd240573bd74af03d_FORMATO.png", "clube": {"mercado": 1, "slug": "atletico-pr", "abreviacao": "atl", "id": 293, "nome": "atl\u00e9tico-pr"}, "status_id": 5, "jogos": 0, "scout": [], "preco": "8.00", "partida_data": "25/07/2015", "variacao": "0.00", "id": 80281, "media": "0.00", "pontos": "0.00", "apelido": "Cleberson", "posicao": {"abreviacao": "ZAG", "id": 3, "nome": "Zagueiro"}, "partida_clube_visitante": {"mercado": 1, "slug": "atletico-pr", "abreviacao": "atl", "id": 293, "nome": "atl\u00e9tico-pr"}, "partida_clube_casa": {"mercado": 1, "slug": "avai", "abreviacao": "ava", "id": 314, "nome": "ava\u00ed"}}, {"status": "Nulo", "foto": "http://s.glbimg.com/es/sde/f/2011/08/14/72f0cad7fcc31c2caccd21ee1d42fb38_FORMATO.jpeg", "clube": {"mercado": 1, "slug": "internacional", "abreviacao": "int", "id": 285, "nome": "internacional"}, "status_id": 6, "jogos": 0, "scout": [], "preco": "8.00", "partida_data": "26/07/2015", "variacao": "0.00", "id": 63354, "media": "0.00", "pontos": "0.00", "apelido": "Rodrigo Moledo", "posicao": {"abreviacao": "ZAG", "id": 3, "nome": "Zagueiro"}, "partida_clube_visitante": {"mercado": 1, "slug": "internacional", "abreviacao": "int", "id": 285, "nome": "internacional"}, "partida_clube_casa": {"mercado": 1, "slug": "ponte-preta", "abreviacao": "pon", "id": 303, "nome": "ponte preta"}}, {"status": "Contundido", "foto": "http://s.glbimg.com/es/sde/f/2015/01/19/aaa223a132b6a8fbaec91560dd956d84_FORMATO.jpeg", "clube": {"mercado": 1, "slug": "palmeiras", "abreviacao": "pal", "id": 275, "nome": "palmeiras"}, "status_id": 5, "jogos": 0, "scout": [], "preco": "8.00", "partida_data": "26/07/2015", "variacao": "0.00", "id": 84585, "media": "0.00", "pontos": "0.00", "apelido": "Allione", "posicao": {"abreviacao": "MEI", "id": 4, "nome": "Meia"}, "partida_clube_visitante": {"mercado": 1, "slug": "palmeiras", "abreviacao": "pal", "id": 275, "nome": "palmeiras"}, "partida_clube_casa": {"mercado": 1, "slug": "vasco", "abreviacao": "vas", "id": 267, "nome": "vasco"}}, {"status": "Nulo", "foto": "http://s.glbimg.com/es/sde/f/2014/12/26/d26f4485dd1e7093ab68423e5cfeeecd_FORMATO.jpeg", "clube": {"mercado": 1, "slug": "cruzeiro", "abreviacao": "cru", "id": 283, "nome": "cruzeiro"}, "status_id": 6, "jogos": 0, "scout": [], "preco": "8.00", "partida_data": "26/07/2015", "variacao": "0.00", "id": 69099, "media": "0.00", "pontos": "0.00", "apelido": "Seymour", "posicao": {"abreviacao": "MEI", "id": 4, "nome": "Meia"}, "partida_clube_visitante": {"mercado": 1, "slug": "cruzeiro", "abreviacao": "cru", "id": 283, "nome": "cruzeiro"}, "partida_clube_casa": {"mercado": 1, "slug": "sao-paulo", "abreviacao": "sao", "id": 276, "nome": "s\u00e3o paulo"}}, {"status": "Nulo", "foto": "http://s.glbimg.com/es/sde/f/2015/01/15/2ae380be92a2e6ef76c7d9be4572410e_FORMATO.jpeg", "clube": {"mercado": 1, "slug": "internacional", "abreviacao": "int", "id": 285, "nome": "internacional"}, "status_id": 6, "jogos": 3, "scout": [{"quantidade": 1, "nome": "SG"}, {"quantidade": 7, "nome": "FS"}, {"quantidade": 4, "nome": "PE"}, {"quantidade": 5, "nome": "RB"}, {"quantidade": 3, "nome": "FC"}, {"quantidade": 1, "nome": "CV"}], "preco": "7.99", "partida_data": "26/07/2015", "variacao": "0.00", "id": 69177, "media": "3.10", "pontos": "0.00", "apelido": "L\u00e9o", "posicao": {"abreviacao": "LAT", "id": 2, "nome": "Lateral"}, "partida_clube_visitante": {"mercado": 1, "slug": "internacional", "abreviacao": "int", "id": 285, "nome": "internacional"}, "partida_clube_casa": {"mercado": 1, "slug": "ponte-preta", "abreviacao": "pon", "id": 303, "nome": "ponte preta"}}, {"status": "Prov\u00e1vel", "foto": "http://s.glbimg.com/es/sde/f/2013/09/26/259f53cb1fdeaef6b025c78449e2969a_FORMATO.jpeg", "clube": {"mercado": 1, "slug": "figueirense", "abreviacao": "fig", "id": 316, "nome": "figueirense"}, "status_id": 7, "jogos": 11, "scout": [{"quantidade": 14, "nome": "FS"}, {"quantidade": 22, "nome": "PE"}, {"quantidade": 2, "nome": "A"}, {"quantidade": 1, "nome": "G"}, {"quantidade": 1, "nome": "I"}, {"quantidade": 13, "nome": "RB"}, {"quantidade": 10, "nome": "FC"}, {"quantidade": 1, "nome": "CA"}, {"quantidade": 2, "nome": "FF"}], "preco": "7.99", "partida_data": "25/07/2015", "variacao": "-0.64", "id": 68830, "media": "3.12", "pontos": "-1.80", "apelido": "Ricardinho", "posicao": {"abreviacao": "MEI", "id": 4, "nome": "Meia"}, "partida_clube_visitante": {"mercado": 1, "slug": "figueirense", "abreviacao": "fig", "id": 316, "nome": "figueirense"}, "partida_clube_casa": {"mercado": 1, "slug": "atletico-mg", "abreviacao": "atl", "id": 282, "nome": "atl\u00e9tico-mg"}}, {"status": "Nulo", "foto": "http://s.glbimg.com/es/sde/f/2015/07/22/cd3b3aa2229eb70ceb07a92ab63847d1_FORMATO.png", "clube": {"mercado": 1, "slug": "sport", "abreviacao": "spo", "id": 292, "nome": "sport"}, "status_id": 6, "jogos": 8, "scout": [{"quantidade": 5, "nome": "FS"}, {"quantidade": 7, "nome": "PE"}, {"quantidade": 1, "nome": "I"}, {"quantidade": 4, "nome": "RB"}, {"quantidade": 5, "nome": "FC"}, {"quantidade": 1, "nome": "CA"}, {"quantidade": 4, "nome": "FF"}, {"quantidade": 3, "nome": "FD"}], "preco": "7.99", "partida_data": "25/07/2015", "variacao": "0.00", "id": 73806, "media": "1.00", "pontos": "0.00", "apelido": "Samuel ", "posicao": {"abreviacao": "ATA", "id": 5, "nome": "Atacante"}, "partida_clube_visitante": {"mercado": 1, "slug": "sport", "abreviacao": "spo", "id": 292, "nome": "sport"}, "partida_clube_casa": {"mercado": 1, "slug": "gremio", "abreviacao": "gre", "id": 284, "nome": "gr\u00eamio"}}, {"status": "Prov\u00e1vel", "foto": "http://s.glbimg.com/es/sde/f/2010/11/12/c7a05763474b38e3d4aa547ec48eba96_FORMATO.jpeg", "clube": {"mercado": 1, "slug": "internacional", "abreviacao": "int", "id": 285, "nome": "internacional"}, "status_id": 7, "jogos": 8, "scout": [{"quantidade": 8, "nome": "FS"}, {"quantidade": 20, "nome": "PE"}, {"quantidade": 1, "nome": "A"}, {"quantidade": 1, "nome": "I"}, {"quantidade": 2, "nome": "RB"}, {"quantidade": 7, "nome": "FC"}, {"quantidade": 5, "nome": "FF"}], "preco": "7.97", "partida_data": "26/07/2015", "variacao": "-0.19", "id": 38573, "media": "0.74", "pontos": "-0.70", "apelido": "Nilton", "posicao": {"abreviacao": "MEI", "id": 4, "nome": "Meia"}, "partida_clube_visitante": {"mercado": 1, "slug": "internacional", "abreviacao": "int", "id": 285, "nome": "internacional"}, "partida_clube_casa": {"mercado": 1, "slug": "ponte-preta", "abreviacao": "pon", "id": 303, "nome": "ponte preta"}}, {"status": "Prov\u00e1vel", "foto": "http://s.glbimg.com/es/sde/f/2011/10/06/942984fb95297a6ad232e7be8fbb9a25_FORMATO.jpeg", "clube": {"mercado": 1, "slug": "coritiba", "abreviacao": "cor", "id": 294, "nome": "coritiba"}, "status_id": 7, "jogos": 8, "scout": [], "preco": "7.96", "partida_data": "26/07/2015", "variacao": "0.60", "id": 37246, "media": "3.31", "pontos": "4.91", "apelido": "Ney Franco", "posicao": {"abreviacao": "TEC", "id": 6, "nome": "T\u00e9cnico"}, "partida_clube_visitante": {"mercado": 1, "slug": "corinthians", "abreviacao": "cor", "id": 264, "nome": "corinthians"}, "partida_clube_casa": {"mercado": 1, "slug": "coritiba", "abreviacao": "cor", "id": 294, "nome": "coritiba"}}, {"status": "Prov\u00e1vel", "foto": "http://s.glbimg.com/es/sde/f/2010/11/16/92ca87cc6de440721603b0f4260d0d09_FORMATO.jpeg", "clube": {"mercado": 1, "slug": "vasco", "abreviacao": "vas", "id": 267, "nome": "vasco"}, "status_id": 7, "jogos": 6, "scout": [{"quantidade": 13, "nome": "FS"}, {"quantidade": 14, "nome": "PE"}, {"quantidade": 1, "nome": "A"}, {"quantidade": 3, "nome": "RB"}, {"quantidade": 8, "nome": "FC"}, {"quantidade": 4, "nome": "CA"}, {"quantidade": 3, "nome": "FD"}], "preco": "7.94", "partida_data": "26/07/2015", "variacao": "0.97", "id": 37613, "media": "0.57", "pontos": "5.40", "apelido": "Dagoberto", "posicao": {"abreviacao": "ATA", "id": 5, "nome": "Atacante"}, "partida_clube_visitante": {"mercado": 1, "slug": "palmeiras", "abreviacao": "pal", "id": 275, "nome": "palmeiras"}, "partida_clube_casa": {"mercado": 1, "slug": "vasco", "abreviacao": "vas", "id": 267, "nome": "vasco"}}, {"status": "Prov\u00e1vel", "foto": "http://s.glbimg.com/es/sde/f/2011/08/22/f832d1177b5b7439da6dd308f2123132_FORMATO.jpeg", "clube": {"mercado": 1, "slug": "cruzeiro", "abreviacao": "cru", "id": 283, "nome": "cruzeiro"}, "status_id": 7, "jogos": 12, "scout": [{"quantidade": 8, "nome": "FS"}, {"quantidade": 31, "nome": "PE"}, {"quantidade": 1, "nome": "FT"}, {"quantidade": 2, "nome": "G"}, {"quantidade": 15, "nome": "RB"}, {"quantidade": 20, "nome": "FC"}, {"quantidade": 2, "nome": "CA"}, {"quantidade": 6, "nome": "FF"}, {"quantidade": 1, "nome": "FD"}], "preco": "7.93", "partida_data": "26/07/2015", "variacao": "0.28", "id": 50382, "media": "2.57", "pontos": "1.50", "apelido": "Charles", "posicao": {"abreviacao": "MEI", "id": 4, "nome": "Meia"}, "partida_clube_visitante": {"mercado": 1, "slug": "cruzeiro", "abreviacao": "cru", "id": 283, "nome": "cruzeiro"}, "partida_clube_casa": {"mercado": 1, "slug": "sao-paulo", "abreviacao": "sao", "id": 276, "nome": "s\u00e3o paulo"}}, {"status": "Prov\u00e1vel", "foto": "http://s.glbimg.com/es/sde/f/2014/08/14/529c68e1d8c96eea828d6c939d03fd48_FORMATO.jpeg", "clube": {"mercado": 1, "slug": "joinville", "abreviacao": "jec", "id": 317, "nome": "joinville"}, "status_id": 7, "jogos": 13, "scout": [{"quantidade": 15, "nome": "FS"}, {"quantidade": 39, "nome": "PE"}, {"quantidade": 1, "nome": "A"}, {"quantidade": 29, "nome": "RB"}, {"quantidade": 19, "nome": "FC"}, {"quantidade": 5, "nome": "CA"}, {"quantidade": 5, "nome": "FF"}, {"quantidade": 1, "nome": "FD"}], "preco": "7.93", "partida_data": "26/07/2015", "variacao": "-0.90", "id": 68910, "media": "2.70", "pontos": "1.70", "apelido": "Anselmo", "posicao": {"abreviacao": "MEI", "id": 4, "nome": "Meia"}, "partida_clube_visitante": {"mercado": 1, "slug": "joinville", "abreviacao": "jec", "id": 317, "nome": "joinville"}, "partida_clube_casa": {"mercado": 1, "slug": "santos", "abreviacao": "san", "id": 277, "nome": "santos"}}, {"status": "Prov\u00e1vel", "foto": "http://s.glbimg.com/es/sde/f/2015/07/22/5458df08c0e348b32b525a9a9d627d13_FORMATO.jpeg", "clube": {"mercado": 1, "slug": "gremio", "abreviacao": "gre", "id": 284, "nome": "gr\u00eamio"}, "status_id": 7, "jogos": 10, "scout": [{"quantidade": 11, "nome": "FS"}, {"quantidade": 58, "nome": "PE"}, {"quantidade": 1, "nome": "A"}, {"quantidade": 1, "nome": "G"}, {"quantidade": 2, "nome": "RB"}, {"quantidade": 10, "nome": "FC"}, {"quantidade": 1, "nome": "CA"}, {"quantidade": 9, "nome": "FF"}, {"quantidade": 4, "nome": "FD"}], "preco": "7.92", "partida_data": "25/07/2015", "variacao": "-0.43", "id": 38738, "media": "0.78", "pontos": "-1.30", "apelido": "Douglas", "posicao": {"abreviacao": "MEI", "id": 4, "nome": "Meia"}, "partida_clube_visitante": {"mercado": 1, "slug": "sport", "abreviacao": "spo", "id": 292, "nome": "sport"}, "partida_clube_casa": {"mercado": 1, "slug": "gremio", "abreviacao": "gre", "id": 284, "nome": "gr\u00eamio"}}, {"status": "Nulo", "foto": "http://s.glbimg.com/es/sde/f/2015/07/21/c750358e74595bab29c0f4a5a3e52da7_FORMATO.jpeg", "clube": {"mercado": 1, "slug": "joinville", "abreviacao": "jec", "id": 317, "nome": "joinville"}, "status_id": 6, "jogos": 10, "scout": [{"quantidade": 5, "nome": "FS"}, {"quantidade": 32, "nome": "PE"}, {"quantidade": 1, "nome": "A"}, {"quantidade": 1, "nome": "G"}, {"quantidade": 4, "nome": "I"}, {"quantidade": 9, "nome": "RB"}, {"quantidade": 6, "nome": "FC"}, {"quantidade": 3, "nome": "FF"}, {"quantidade": 3, "nome": "FD"}], "preco": "7.90", "partida_data": "26/07/2015", "variacao": "-0.34", "id": 41859, "media": "2.12", "pontos": "0.70", "apelido": "Marcelinho Para\u00edba", "posicao": {"abreviacao": "MEI", "id": 4, "nome": "Meia"}, "partida_clube_visitante": {"mercado": 1, "slug": "joinville", "abreviacao": "jec", "id": 317, "nome": "joinville"}, "partida_clube_casa": {"mercado": 1, "slug": "santos", "abreviacao": "san", "id": 277, "nome": "santos"}}, {"status": "Contundido", "foto": "http://s.glbimg.com/es/sde/f/2011/08/10/00cbfa16608e2b1ef5316c04a6416adf_FORMATO.jpeg", "clube": {"mercado": 1, "slug": "sport", "abreviacao": "spo", "id": 292, "nome": "sport"}, "status_id": 5, "jogos": 9, "scout": [{"quantidade": 7, "nome": "FS"}, {"quantidade": 27, "nome": "PE"}, {"quantidade": 2, "nome": "A"}, {"quantidade": 1, "nome": "FT"}, {"quantidade": 3, "nome": "G"}, {"quantidade": 2, "nome": "I"}, {"quantidade": 5, "nome": "RB"}, {"quantidade": 7, "nome": "FC"}, {"quantidade": 11, "nome": "FF"}, {"quantidade": 6, "nome": "FD"}], "preco": "7.89", "partida_data": "25/07/2015", "variacao": "0.00", "id": 62069, "media": "5.62", "pontos": "0.00", "apelido": "Maikon Leite", "posicao": {"abreviacao": "ATA", "id": 5, "nome": "Atacante"}, "partida_clube_visitante": {"mercado": 1, "slug": "sport", "abreviacao": "spo", "id": 292, "nome": "sport"}, "partida_clube_casa": {"mercado": 1, "slug": "gremio", "abreviacao": "gre", "id": 284, "nome": "gr\u00eamio"}}, {"status": "Contundido", "foto": "http://s.glbimg.com/es/sde/f/2013/05/07/4e2b8998e791409aa7c75b5e430c7a37_FORMATO.jpeg", "clube": {"mercado": 1, "slug": "flamengo", "abreviacao": "fla", "id": 262, "nome": "flamengo"}, "status_id": 5, "jogos": 11, "scout": [{"quantidade": 4, "nome": "FS"}, {"quantidade": 24, "nome": "PE"}, {"quantidade": 1, "nome": "RB"}, {"quantidade": 4, "nome": "FC"}, {"quantidade": 1, "nome": "CA"}, {"quantidade": 4, "nome": "FF"}, {"quantidade": 4, "nome": "FD"}], "preco": "7.83", "partida_data": "26/07/2015", "variacao": "0.00", "id": 78578, "media": "-0.06", "pontos": "0.00", "apelido": "Paulinho", "posicao": {"abreviacao": "ATA", "id": 5, "nome": "Atacante"}, "partida_clube_visitante": {"mercado": 1, "slug": "flamengo", "abreviacao": "fla", "id": 262, "nome": "flamengo"}, "partida_clube_casa": {"mercado": 1, "slug": "goias", "abreviacao": "goi", "id": 290, "nome": "goi\u00e1s"}}, {"status": "Contundido", "foto": "http://s.glbimg.com/es/sde/f/2013/01/11/d042bff2a558f5166781029154c2d878_FORMATO.jpeg", "clube": {"mercado": 1, "slug": "atletico-pr", "abreviacao": "atl", "id": 293, "nome": "atl\u00e9tico-pr"}, "status_id": 5, "jogos": 9, "scout": [{"quantidade": 2, "nome": "FS"}, {"quantidade": 16, "nome": "PE"}, {"quantidade": 2, "nome": "G"}, {"quantidade": 7, "nome": "I"}, {"quantidade": 4, "nome": "RB"}, {"quantidade": 7, "nome": "FC"}, {"quantidade": 1, "nome": "CA"}, {"quantidade": 3, "nome": "FF"}, {"quantidade": 5, "nome": "FD"}], "preco": "7.79", "partida_data": "25/07/2015", "variacao": "0.00", "id": 82469, "media": "1.90", "pontos": "0.00", "apelido": "Douglas Coutinho ", "posicao": {"abreviacao": "ATA", "id": 5, "nome": "Atacante"}, "partida_clube_visitante": {"mercado": 1, "slug": "atletico-pr", "abreviacao": "atl", "id": 293, "nome": "atl\u00e9tico-pr"}, "partida_clube_casa": {"mercado": 1, "slug": "avai", "abreviacao": "ava", "id": 314, "nome": "ava\u00ed"}}, {"status": "Prov\u00e1vel", "foto": null, "clube": {"mercado": 1, "slug": "vasco", "abreviacao": "vas", "id": 267, "nome": "vasco"}, "status_id": 7, "jogos": 3, "scout": [{"quantidade": 6, "nome": "FS"}, {"quantidade": 6, "nome": "PE"}, {"quantidade": 1, "nome": "G"}, {"quantidade": 4, "nome": "RB"}, {"quantidade": 4, "nome": "FC"}, {"quantidade": 1, "nome": "CA"}, {"quantidade": 1, "nome": "FD"}], "preco": "7.77", "partida_data": "26/07/2015", "variacao": "2.39", "id": 38768, "media": "4.33", "pontos": "10.00", "apelido": "Andrezinho", "posicao": {"abreviacao": "MEI", "id": 4, "nome": "Meia"}, "partida_clube_visitante": {"mercado": 1, "slug": "palmeiras", "abreviacao": "pal", "id": 275, "nome": "palmeiras"}, "partida_clube_casa": {"mercado": 1, "slug": "vasco", "abreviacao": "vas", "id": 267, "nome": "vasco"}}, {"status": "Nulo", "foto": "http://s.glbimg.com/es/sde/f/2015/07/21/653d17bff380acb60294be11a7b40c4f_FORMATO.jpeg", "clube": {"mercado": 1, "slug": "figueirense", "abreviacao": "fig", "id": 316, "nome": "figueirense"}, "status_id": 6, "jogos": 8, "scout": [{"quantidade": 9, "nome": "FS"}, {"quantidade": 29, "nome": "PE"}, {"quantidade": 2, "nome": "A"}, {"quantidade": 1, "nome": "G"}, {"quantidade": 11, "nome": "I"}, {"quantidade": 8, "nome": "RB"}, {"quantidade": 8, "nome": "FC"}, {"quantidade": 1, "nome": "CA"}, {"quantidade": 1, "nome": "CV"}, {"quantidade": 2, "nome": "FF"}, {"quantidade": 2, "nome": "FD"}], "preco": "7.75", "partida_data": "25/07/2015", "variacao": "0.00", "id": 81770, "media": "1.79", "pontos": "0.00", "apelido": "Clayton", "posicao": {"abreviacao": "ATA", "id": 5, "nome": "Atacante"}, "partida_clube_visitante": {"mercado": 1, "slug": "figueirense", "abreviacao": "fig", "id": 316, "nome": "figueirense"}, "partida_clube_casa": {"mercado": 1, "slug": "atletico-mg", "abreviacao": "atl", "id": 282, "nome": "atl\u00e9tico-mg"}}]}