{"rodada_id": 34, "page": {"atual": "23", "total": "42"}, "atleta": [{"status": "Nulo", "foto": "http://s.glbimg.com/es/sde/f/2014/06/08/7b5042c7703b92ad83a2d7c8207a5e86_FORMATO.jpeg", "clube": {"mercado": 1, "slug": "cruzeiro", "abreviacao": "cru", "id": 283, "nome": "cruzeiro"}, "status_id": 6, "jogos": 5, "scout": [{"quantidade": 2, "nome": "SG"}, {"quantidade": 2, "nome": "FS"}, {"quantidade": 20, "nome": "PE"}, {"quantidade": 5, "nome": "I"}, {"quantidade": 9, "nome": "RB"}, {"quantidade": 10, "nome": "FC"}, {"quantidade": 1, "nome": "CV"}], "preco": "4.27", "partida_data": "08/11/2015", "variacao": "0.00", "id": 77967, "media": "1.56", "pontos": "0.00", "apelido": "Mena", "posicao": {"abreviacao": "LAT", "id": 2, "nome": "Lateral"}, "partida_clube_visitante": {"mercado": 1, "slug": "sao-paulo", "abreviacao": "sao", "id": 276, "nome": "s\u00e3o paulo"}, "partida_clube_casa": {"mercado": 1, "slug": "cruzeiro", "abreviacao": "cru", "id": 283, "nome": "cruzeiro"}}, {"status": "Nulo", "foto": "http://s.glbimg.com/es/sde/f/2015/10/29/bd02e0594799aeb0283d3a26713cc466_FORMATO.png", "clube": {"mercado": 1, "slug": "flamengo", "abreviacao": "fla", "id": 262, "nome": "flamengo"}, "status_id": 6, "jogos": 13, "scout": [{"quantidade": 4, "nome": "SG"}, {"quantidade": 2, "nome": "FS"}, {"quantidade": 10, "nome": "PE"}, {"quantidade": 1, "nome": "CA"}, {"quantidade": 10, "nome": "DD"}, {"quantidade": 17, "nome": "GS"}], "preco": "4.27", "partida_data": "08/11/2015", "variacao": "0.00", "id": 78086, "media": "0.92", "pontos": "0.00", "apelido": "C\u00e9sar", "posicao": {"abreviacao": "GOL", "id": 1, "nome": "Goleiro"}, "partida_clube_visitante": {"mercado": 1, "slug": "goias", "abreviacao": "goi", "id": 290, "nome": "goi\u00e1s"}, "partida_clube_casa": {"mercado": 1, "slug": "flamengo", "abreviacao": "fla", "id": 262, "nome": "flamengo"}}, {"status": "Prov\u00e1vel", "foto": "http://s.glbimg.com/es/sde/f/2015/10/27/c3b946b79b8fbeccf04be9d6448fe254_FORMATO.png", "clube": {"mercado": 1, "slug": "santos", "abreviacao": "san", "id": 277, "nome": "santos"}, "status_id": 7, "jogos": 25, "scout": [{"quantidade": 13, "nome": "FS"}, {"quantidade": 56, "nome": "PE"}, {"quantidade": 1, "nome": "FT"}, {"quantidade": 2, "nome": "G"}, {"quantidade": 48, "nome": "RB"}, {"quantidade": 41, "nome": "FC"}, {"quantidade": 4, "nome": "CA"}, {"quantidade": 6, "nome": "FF"}], "preco": "4.24", "partida_data": "08/11/2015", "variacao": "1.13", "id": 89637, "media": "2.66", "pontos": "6.80", "apelido": "Thiago Maia", "posicao": {"abreviacao": "MEI", "id": 4, "nome": "Meia"}, "partida_clube_visitante": {"mercado": 1, "slug": "santos", "abreviacao": "san", "id": 277, "nome": "santos"}, "partida_clube_casa": {"mercado": 1, "slug": "joinville", "abreviacao": "jec", "id": 317, "nome": "joinville"}}, {"status": "Nulo", "foto": "http://s.glbimg.com/es/sde/f/2015/10/28/9c558f261a8e5eb90e40818bdf2b135f_FORMATO.png", "clube": {"mercado": 1, "slug": "atletico-mg", "abreviacao": "atl", "id": 282, "nome": "atl\u00e9tico-mg"}, "status_id": 6, "jogos": 6, "scout": [{"quantidade": 3, "nome": "SG"}, {"quantidade": 2, "nome": "FS"}, {"quantidade": 16, "nome": "PE"}, {"quantidade": 7, "nome": "RB"}, {"quantidade": 8, "nome": "FC"}, {"quantidade": 3, "nome": "CA"}, {"quantidade": 2, "nome": "FF"}, {"quantidade": 1, "nome": "FD"}], "preco": "4.23", "partida_data": "08/11/2015", "variacao": "0.00", "id": 61211, "media": "2.58", "pontos": "0.00", "apelido": "Carlos Cesar", "posicao": {"abreviacao": "LAT", "id": 2, "nome": "Lateral"}, "partida_clube_visitante": {"mercado": 1, "slug": "atletico-mg", "abreviacao": "atl", "id": 282, "nome": "atl\u00e9tico-mg"}, "partida_clube_casa": {"mercado": 1, "slug": "figueirense", "abreviacao": "fig", "id": 316, "nome": "figueirense"}}, {"status": "Prov\u00e1vel", "foto": "http://s.glbimg.com/es/sde/f/2015/10/28/46c891c6f213dfdb5fbf229b3a8891fb_FORMATO.png", "clube": {"mercado": 1, "slug": "vasco", "abreviacao": "vas", "id": 267, "nome": "vasco"}, "status_id": 7, "jogos": 21, "scout": [{"quantidade": 5, "nome": "SG"}, {"quantidade": 15, "nome": "FS"}, {"quantidade": 48, "nome": "PE"}, {"quantidade": 1, "nome": "G"}, {"quantidade": 2, "nome": "I"}, {"quantidade": 18, "nome": "RB"}, {"quantidade": 12, "nome": "FC"}, {"quantidade": 1, "nome": "CA"}, {"quantidade": 1, "nome": "FF"}, {"quantidade": 1, "nome": "FD"}], "preco": "4.23", "partida_data": "08/11/2015", "variacao": "-1.04", "id": 37663, "media": "2.36", "pontos": "-1.50", "apelido": "Julio Cesar", "posicao": {"abreviacao": "LAT", "id": 2, "nome": "Lateral"}, "partida_clube_visitante": {"mercado": 1, "slug": "vasco", "abreviacao": "vas", "id": 267, "nome": "vasco"}, "partida_clube_casa": {"mercado": 1, "slug": "palmeiras", "abreviacao": "pal", "id": 275, "nome": "palmeiras"}}, {"status": "Contundido", "foto": "http://s.glbimg.com/es/sde/f/2012/01/10/527014933357907e1231bc3e79c3ba57_FORMATO.jpeg", "clube": {"mercado": 1, "slug": "sao-paulo", "abreviacao": "sao", "id": 276, "nome": "s\u00e3o paulo"}, "status_id": 5, "jogos": 5, "scout": [{"quantidade": 1, "nome": "SG"}, {"quantidade": 4, "nome": "FS"}, {"quantidade": 5, "nome": "PE"}, {"quantidade": 1, "nome": "G"}, {"quantidade": 2, "nome": "RB"}, {"quantidade": 3, "nome": "FC"}, {"quantidade": 1, "nome": "CA"}, {"quantidade": 1, "nome": "FD"}], "preco": "4.21", "partida_data": "08/11/2015", "variacao": "0.00", "id": 50408, "media": "2.88", "pontos": "0.00", "apelido": "Breno", "posicao": {"abreviacao": "ZAG", "id": 3, "nome": "Zagueiro"}, "partida_clube_visitante": {"mercado": 1, "slug": "sao-paulo", "abreviacao": "sao", "id": 276, "nome": "s\u00e3o paulo"}, "partida_clube_casa": {"mercado": 1, "slug": "cruzeiro", "abreviacao": "cru", "id": 283, "nome": "cruzeiro"}}, {"status": "Nulo", "foto": "http://s.glbimg.com/es/sde/f/2015/10/23/575b9e683d2e66c35eb7020798fb2843_FORMATO.png", "clube": {"mercado": 1, "slug": "atletico-pr", "abreviacao": "atl", "id": 293, "nome": "atl\u00e9tico-pr"}, "status_id": 6, "jogos": 9, "scout": [{"quantidade": 9, "nome": "PE"}, {"quantidade": 2, "nome": "I"}, {"quantidade": 2, "nome": "FC"}, {"quantidade": 1, "nome": "CA"}, {"quantidade": 1, "nome": "FF"}, {"quantidade": 2, "nome": "FD"}], "preco": "4.20", "partida_data": "07/11/2015", "variacao": "0.00", "id": 77579, "media": "-0.44", "pontos": "0.00", "apelido": "Dellatorre", "posicao": {"abreviacao": "ATA", "id": 5, "nome": "Atacante"}, "partida_clube_visitante": {"mercado": 1, "slug": "avai", "abreviacao": "ava", "id": 314, "nome": "ava\u00ed"}, "partida_clube_casa": {"mercado": 1, "slug": "atletico-pr", "abreviacao": "atl", "id": 293, "nome": "atl\u00e9tico-pr"}}, {"status": "Prov\u00e1vel", "foto": "http://s.glbimg.com/es/sde/f/2015/01/27/5383011aaaa0200f34efde8344c6c529_FORMATO.jpeg", "clube": {"mercado": 1, "slug": "avai", "abreviacao": "ava", "id": 314, "nome": "ava\u00ed"}, "status_id": 7, "jogos": 28, "scout": [{"quantidade": 4, "nome": "SG"}, {"quantidade": 33, "nome": "FS"}, {"quantidade": 93, "nome": "PE"}, {"quantidade": 40, "nome": "RB"}, {"quantidade": 37, "nome": "FC"}, {"quantidade": 8, "nome": "CA"}, {"quantidade": 1, "nome": "CV"}, {"quantidade": 1, "nome": "FF"}, {"quantidade": 3, "nome": "FD"}], "preco": "4.19", "partida_data": "07/11/2015", "variacao": "0.11", "id": 80975, "media": "1.46", "pontos": "5.30", "apelido": "Rom\u00e1rio ", "posicao": {"abreviacao": "LAT", "id": 2, "nome": "Lateral"}, "partida_clube_visitante": {"mercado": 1, "slug": "avai", "abreviacao": "ava", "id": 314, "nome": "ava\u00ed"}, "partida_clube_casa": {"mercado": 1, "slug": "atletico-pr", "abreviacao": "atl", "id": 293, "nome": "atl\u00e9tico-pr"}}, {"status": "Nulo", "foto": "http://s.glbimg.com/es/sde/f/2015/10/28/0e16c133777bcd64b3c95f0cf4d6c752_FORMATO.jpeg", "clube": {"mercado": 1, "slug": "goias", "abreviacao": "goi", "id": 290, "nome": "goi\u00e1s"}, "status_id": 6, "jogos": 17, "scout": [{"quantidade": 35, "nome": "FS"}, {"quantidade": 22, "nome": "PE"}, {"quantidade": 2, "nome": "A"}, {"quantidade": 1, "nome": "FT"}, {"quantidade": 1, "nome": "G"}, {"quantidade": 2, "nome": "I"}, {"quantidade": 10, "nome": "RB"}, {"quantidade": 16, "nome": "FC"}, {"quantidade": 1, "nome": "CA"}, {"quantidade": 9, "nome": "FF"}, {"quantidade": 11, "nome": "FD"}], "preco": "4.18", "partida_data": "08/11/2015", "variacao": "0.00", "id": 86943, "media": "3.27", "pontos": "0.00", "apelido": "Liniker", "posicao": {"abreviacao": "MEI", "id": 4, "nome": "Meia"}, "partida_clube_visitante": {"mercado": 1, "slug": "goias", "abreviacao": "goi", "id": 290, "nome": "goi\u00e1s"}, "partida_clube_casa": {"mercado": 1, "slug": "flamengo", "abreviacao": "fla", "id": 262, "nome": "flamengo"}}, {"status": "Prov\u00e1vel", "foto": "http://s.glbimg.com/es/sde/f/2015/10/28/9012921a24c2c25c619b6cc4dd13ec21_FORMATO.jpeg", "clube": {"mercado": 1, "slug": "joinville", "abreviacao": "jec", "id": 317, "nome": "joinville"}, "status_id": 7, "jogos": 6, "scout": [{"quantidade": 2, "nome": "SG"}, {"quantidade": 7, "nome": "FS"}, {"quantidade": 12, "nome": "PE"}, {"quantidade": 1, "nome": "G"}, {"quantidade": 1, "nome": "I"}, {"quantidade": 9, "nome": "RB"}, {"quantidade": 9, "nome": "FC"}, {"quantidade": 3, "nome": "FF"}, {"quantidade": 1, "nome": "FD"}], "preco": "4.18", "partida_data": "08/11/2015", "variacao": "0.65", "id": 78414, "media": "5.22", "pontos": "3.80", "apelido": "Rafael Donato", "posicao": {"abreviacao": "ZAG", "id": 3, "nome": "Zagueiro"}, "partida_clube_visitante": {"mercado": 1, "slug": "santos", "abreviacao": "san", "id": 277, "nome": "santos"}, "partida_clube_casa": {"mercado": 1, "slug": "joinville", "abreviacao": "jec", "id": 317, "nome": "joinville"}}, {"status": "Contundido", "foto": "http://s.glbimg.com/es/sde/f/2015/10/30/c634c5909adaea5db43fc93943449d8f_FORMATO.png", "clube": {"mercado": 1, "slug": "chapecoense", "abreviacao": "cha", "id": 315, "nome": "chapecoense"}, "status_id": 5, "jogos": 2, "scout": [{"quantidade": 2, "nome": "FF"}], "preco": "4.16", "partida_data": "07/11/2015", "variacao": "0.00", "id": 54250, "media": "0.70", "pontos": "0.00", "apelido": "Maylson", "posicao": {"abreviacao": "MEI", "id": 4, "nome": "Meia"}, "partida_clube_visitante": {"mercado": 1, "slug": "chapecoense", "abreviacao": "cha", "id": 315, "nome": "chapecoense"}, "partida_clube_casa": {"mercado": 1, "slug": "fluminense", "abreviacao": "flu", "id": 266, "nome": "fluminense"}}, {"status": "Nulo", "foto": "http://s.glbimg.com/es/sde/f/2015/10/30/56e8e3b3c87cb255c76ff87a03c8f162_FORMATO.png", "clube": {"mercado": 1, "slug": "coritiba", "abreviacao": "cor", "id": 294, "nome": "coritiba"}, "status_id": 6, "jogos": 1, "scout": [{"quantidade": 2, "nome": "DD"}, {"quantidade": 3, "nome": "GS"}], "preco": "4.15", "partida_data": "07/11/2015", "variacao": "0.00", "id": 79535, "media": "0.00", "pontos": "0.00", "apelido": "Van\u00e1", "posicao": {"abreviacao": "GOL", "id": 1, "nome": "Goleiro"}, "partida_clube_visitante": {"mercado": 1, "slug": "coritiba", "abreviacao": "cor", "id": 294, "nome": "coritiba"}, "partida_clube_casa": {"mercado": 1, "slug": "corinthians", "abreviacao": "cor", "id": 264, "nome": "corinthians"}}, {"status": "Prov\u00e1vel", "foto": "http://s.glbimg.com/es/sde/f/2014/05/27/02664f25edc26d8e079b2c3497a1b25c_FORMATO.jpeg", "clube": {"mercado": 1, "slug": "sao-paulo", "abreviacao": "sao", "id": 276, "nome": "s\u00e3o paulo"}, "status_id": 7, "jogos": 19, "scout": [{"quantidade": 6, "nome": "SG"}, {"quantidade": 6, "nome": "FS"}, {"quantidade": 52, "nome": "PE"}, {"quantidade": 1, "nome": "A"}, {"quantidade": 18, "nome": "RB"}, {"quantidade": 13, "nome": "FC"}, {"quantidade": 2, "nome": "FF"}, {"quantidade": 1, "nome": "FD"}], "preco": "4.14", "partida_data": "08/11/2015", "variacao": "0.98", "id": 84554, "media": "2.59", "pontos": "5.20", "apelido": "Luc\u00e3o", "posicao": {"abreviacao": "ZAG", "id": 3, "nome": "Zagueiro"}, "partida_clube_visitante": {"mercado": 1, "slug": "sao-paulo", "abreviacao": "sao", "id": 276, "nome": "s\u00e3o paulo"}, "partida_clube_casa": {"mercado": 1, "slug": "cruzeiro", "abreviacao": "cru", "id": 283, "nome": "cruzeiro"}}, {"status": "Prov\u00e1vel", "foto": "http://s.glbimg.com/es/sde/f/2015/01/28/1bc41d6c2df355b061a3f6cfa87c6222_FORMATO.jpeg", "clube": {"mercado": 1, "slug": "joinville", "abreviacao": "jec", "id": 317, "nome": "joinville"}, "status_id": 7, "jogos": 20, "scout": [{"quantidade": 8, "nome": "SG"}, {"quantidade": 22, "nome": "FS"}, {"quantidade": 59, "nome": "PE"}, {"quantidade": 2, "nome": "A"}, {"quantidade": 4, "nome": "I"}, {"quantidade": 25, "nome": "RB"}, {"quantidade": 32, "nome": "FC"}, {"quantidade": 2, "nome": "CA"}, {"quantidade": 2, "nome": "CV"}, {"quantidade": 4, "nome": "FF"}, {"quantidade": 5, "nome": "FD"}], "preco": "4.14", "partida_data": "08/11/2015", "variacao": "0.13", "id": 87754, "media": "3.09", "pontos": "2.30", "apelido": "Diego", "posicao": {"abreviacao": "LAT", "id": 2, "nome": "Lateral"}, "partida_clube_visitante": {"mercado": 1, "slug": "santos", "abreviacao": "san", "id": 277, "nome": "santos"}, "partida_clube_casa": {"mercado": 1, "slug": "joinville", "abreviacao": "jec", "id": 317, "nome": "joinville"}}, {"status": "Nulo", "foto": "http://s.glbimg.com/es/sde/f/2013/01/21/6c5f18c5527506e32203e0abafcd7951_FORMATO.jpeg", "clube": {"mercado": 1, "slug": "goias", "abreviacao": "goi", "id": 290, "nome": "goi\u00e1s"}, "status_id": 6, "jogos": 9, "scout": [{"quantidade": 2, "nome": "FS"}, {"quantidade": 7, "nome": "PE"}, {"quantidade": 1, "nome": "I"}, {"quantidade": 1, "nome": "RB"}, {"quantidade": 3, "nome": "FC"}, {"quantidade": 4, "nome": "FF"}, {"quantidade": 1, "nome": "FD"}], "preco": "4.13", "partida_data": "08/11/2015", "variacao": "0.00", "id": 82632, "media": "0.27", "pontos": "0.00", "apelido": "Lucas Coelho", "posicao": {"abreviacao": "ATA", "id": 5, "nome": "Atacante"}, "partida_clube_visitante": {"mercado": 1, "slug": "goias", "abreviacao": "goi", "id": 290, "nome": "goi\u00e1s"}, "partida_clube_casa": {"mercado": 1, "slug": "flamengo", "abreviacao": "fla", "id": 262, "nome": "flamengo"}}, {"status": "Contundido", "foto": "http://s.glbimg.com/es/sde/f/2015/10/30/55bfe802c274c990e75e1fb139cc035c_FORMATO.png", "clube": {"mercado": 1, "slug": "chapecoense", "abreviacao": "cha", "id": 315, "nome": "chapecoense"}, "status_id": 5, "jogos": 3, "scout": [{"quantidade": 4, "nome": "FS"}, {"quantidade": 3, "nome": "PE"}, {"quantidade": 6, "nome": "RB"}, {"quantidade": 2, "nome": "FC"}, {"quantidade": 1, "nome": "CA"}], "preco": "4.08", "partida_data": "07/11/2015", "variacao": "0.00", "id": 78458, "media": "2.77", "pontos": "0.00", "apelido": "Jo\u00e3o Afonso", "posicao": {"abreviacao": "MEI", "id": 4, "nome": "Meia"}, "partida_clube_visitante": {"mercado": 1, "slug": "chapecoense", "abreviacao": "cha", "id": 315, "nome": "chapecoense"}, "partida_clube_casa": {"mercado": 1, "slug": "fluminense", "abreviacao": "flu", "id": 266, "nome": "fluminense"}}, {"status": "Contundido", "foto": "http://s.glbimg.com/es/sde/f/2015/10/30/790da0b7e69393ed9c4a542a2536232c_FORMATO.png", "clube": {"mercado": 1, "slug": "coritiba", "abreviacao": "cor", "id": 294, "nome": "coritiba"}, "status_id": 5, "jogos": 9, "scout": [{"quantidade": 6, "nome": "SG"}, {"quantidade": 7, "nome": "FS"}, {"quantidade": 26, "nome": "PE"}, {"quantidade": 1, "nome": "A"}, {"quantidade": 1, "nome": "I"}, {"quantidade": 10, "nome": "RB"}, {"quantidade": 12, "nome": "FC"}, {"quantidade": 1, "nome": "CA"}, {"quantidade": 1, "nome": "FF"}], "preco": "4.06", "partida_data": "07/11/2015", "variacao": "-0.45", "id": 91388, "media": "4.43", "pontos": "1.10", "apelido": "Rodrigo Ramos", "posicao": {"abreviacao": "LAT", "id": 2, "nome": "Lateral"}, "partida_clube_visitante": {"mercado": 1, "slug": "coritiba", "abreviacao": "cor", "id": 294, "nome": "coritiba"}, "partida_clube_casa": {"mercado": 1, "slug": "corinthians", "abreviacao": "cor", "id": 264, "nome": "corinthians"}}, {"status": "Nulo", "foto": "http://s.glbimg.com/es/sde/f/2015/10/30/a2f9e24d4022824c781dc388a3d698e1_FORMATO.png", "clube": {"mercado": 1, "slug": "coritiba", "abreviacao": "cor", "id": 294, "nome": "coritiba"}, "status_id": 6, "jogos": 3, "scout": [{"quantidade": 4, "nome": "FS"}, {"quantidade": 2, "nome": "PE"}, {"quantidade": 2, "nome": "RB"}], "preco": "4.04", "partida_data": "07/11/2015", "variacao": "0.00", "id": 82503, "media": "1.60", "pontos": "0.00", "apelido": "Rodolfo", "posicao": {"abreviacao": "MEI", "id": 4, "nome": "Meia"}, "partida_clube_visitante": {"mercado": 1, "slug": "coritiba", "abreviacao": "cor", "id": 294, "nome": "coritiba"}, "partida_clube_casa": {"mercado": 1, "slug": "corinthians", "abreviacao": "cor", "id": 264, "nome": "corinthians"}}, {"status": "Prov\u00e1vel", "foto": "http://s.glbimg.com/es/sde/f/2015/10/30/6a07f5b61fba19e1b86c2c9514fd4300_FORMATO.png", "clube": {"mercado": 1, "slug": "coritiba", "abreviacao": "cor", "id": 294, "nome": "coritiba"}, "status_id": 7, "jogos": 17, "scout": [{"quantidade": 29, "nome": "FS"}, {"quantidade": 71, "nome": "PE"}, {"quantidade": 1, "nome": "A"}, {"quantidade": 1, "nome": "FT"}, {"quantidade": 1, "nome": "G"}, {"quantidade": 10, "nome": "RB"}, {"quantidade": 16, "nome": "FC"}, {"quantidade": 9, "nome": "CA"}, {"quantidade": 7, "nome": "FF"}, {"quantidade": 8, "nome": "FD"}], "preco": "4.01", "partida_data": "07/11/2015", "variacao": "0.00", "id": 82939, "media": "0.81", "pontos": "0.00", "apelido": "Ruy", "posicao": {"abreviacao": "MEI", "id": 4, "nome": "Meia"}, "partida_clube_visitante": {"mercado": 1, "slug": "coritiba", "abreviacao": "cor", "id": 294, "nome": "coritiba"}, "partida_clube_casa": {"mercado": 1, "slug": "corinthians", "abreviacao": "cor", "id": 264, "nome": "corinthians"}}, {"status": "Nulo", "foto": "http://s.glbimg.com/es/sde/f/2015/07/22/84a529da9a83b8a5fa754436d6602b9a_FORMATO.jpeg", "clube": {"mercado": 1, "slug": "avai", "abreviacao": "ava", "id": 314, "nome": "ava\u00ed"}, "status_id": 6, "jogos": 0, "scout": [], "preco": "4.00", "partida_data": "07/11/2015", "variacao": "0.00", "id": 86391, "media": "0.00", "pontos": "0.00", "apelido": "Sander", "posicao": {"abreviacao": "LAT", "id": 2, "nome": "Lateral"}, "partida_clube_visitante": {"mercado": 1, "slug": "avai", "abreviacao": "ava", "id": 314, "nome": "ava\u00ed"}, "partida_clube_casa": {"mercado": 1, "slug": "atletico-pr", "abreviacao": "atl", "id": 293, "nome": "atl\u00e9tico-pr"}}]}