{"rodada_id": 8, "page": {"atual": "27", "total": "41"}, "atleta": [{"status": "Nulo", "foto": "http://s.glbimg.com/es/sde/f/2015/01/15/733764bcc69d3266019984d366ade011_FORMATO.jpeg", "clube": {"nome": "s\u00e3o paulo", "escudo_pequeno": "http://s.glbimg.com/es/sde/f/equipes/2013/12/16/sao_paulo_30x30.png", "id": 276, "mercado": 1, "abreviacao": "sao", "slug": "sao-paulo"}, "status_id": 6, "jogos": 1, "scout": [{"quantidade": 1, "nome": "FS"}], "preco": "3.41", "partida_data": "21/06/2015", "variacao": "0.00", "id": 78580, "media": "0.50", "pontos": "0.00", "apelido": "Jonathan Cafu", "posicao": {"abreviacao": "ATA", "id": 5, "nome": "Atacante"}, "partida_clube_visitante": {"nome": "ava\u00ed", "escudo_pequeno": "http://s.glbimg.com/es/sde/f/equipes/2013/12/16/avai_30x30.png", "id": 314, "mercado": 1, "abreviacao": "ava", "slug": "avai"}, "partida_clube_casa": {"nome": "s\u00e3o paulo", "escudo_pequeno": "http://s.glbimg.com/es/sde/f/equipes/2013/12/16/sao_paulo_30x30.png", "id": 276, "mercado": 1, "abreviacao": "sao", "slug": "sao-paulo"}}, {"status": "Nulo", "foto": "http://s.glbimg.com/es/sde/f/2014/06/15/f909f2955229b20f3a2840265909f94a_FORMATO.png", "clube": {"nome": "gr\u00eamio", "escudo_pequeno": "http://s.glbimg.com/es/sde/f/equipes/2013/12/16/gremio_30x30.png", "id": 284, "mercado": 1, "abreviacao": "gre", "slug": "gremio"}, "status_id": 6, "jogos": 2, "scout": [{"quantidade": 1, "nome": "SG"}, {"quantidade": 2, "nome": "FS"}, {"quantidade": 5, "nome": "PE"}, {"quantidade": 1, "nome": "RB"}, {"quantidade": 1, "nome": "FC"}, {"quantidade": 1, "nome": "GC"}], "preco": "3.31", "partida_data": "20/06/2015", "variacao": "0.00", "id": 81223, "media": "-0.15", "pontos": "0.00", "apelido": "Erazo", "posicao": {"abreviacao": "ZAG", "id": 3, "nome": "Zagueiro"}, "partida_clube_visitante": {"nome": "palmeiras", "escudo_pequeno": "http://s.glbimg.com/es/sde/f/equipes/2013/12/16/palmeiras_30x30.png", "id": 275, "mercado": 1, "abreviacao": "pal", "slug": "palmeiras"}, "partida_clube_casa": {"nome": "gr\u00eamio", "escudo_pequeno": "http://s.glbimg.com/es/sde/f/equipes/2013/12/16/gremio_30x30.png", "id": 284, "mercado": 1, "abreviacao": "gre", "slug": "gremio"}}, {"status": "D\u00favida", "foto": "http://s.glbimg.com/es/sde/f/2012/05/22/42441b4282f7209db698efc4f37e74ef_FORMATO.jpeg", "clube": {"nome": "fluminense", "escudo_pequeno": "http://s.glbimg.com/es/sde/f/equipes/2015/05/05/fluminense-escudo-30x30.png", "id": 266, "mercado": 1, "abreviacao": "flu", "slug": "fluminense"}, "status_id": 2, "jogos": 3, "scout": [{"quantidade": 1, "nome": "FS"}, {"quantidade": 2, "nome": "PE"}, {"quantidade": 1, "nome": "G"}, {"quantidade": 3, "nome": "FC"}, {"quantidade": 2, "nome": "CA"}, {"quantidade": 1, "nome": "FD"}], "preco": "3.31", "partida_data": "24/06/2015", "variacao": "-0.71", "id": 80188, "media": "1.13", "pontos": "-3.00", "apelido": "Marcos Junior", "posicao": {"abreviacao": "ATA", "id": 5, "nome": "Atacante"}, "partida_clube_visitante": {"nome": "ponte preta", "escudo_pequeno": "http://s.glbimg.com/es/sde/f/equipes/2013/12/16/ponte_preta_30x30.png", "id": 303, "mercado": 1, "abreviacao": "pon", "slug": "ponte-preta"}, "partida_clube_casa": {"nome": "fluminense", "escudo_pequeno": "http://s.glbimg.com/es/sde/f/equipes/2015/05/05/fluminense-escudo-30x30.png", "id": 266, "mercado": 1, "abreviacao": "flu", "slug": "fluminense"}}, {"status": "Nulo", "foto": "http://s.glbimg.com/es/sde/f/2015/06/03/813f98320b07dd792a7f405765037cd3_FORMATO.png", "clube": {"nome": "santos", "escudo_pequeno": "http://s.glbimg.com/es/sde/f/equipes/2013/12/16/santos_30x30.png", "id": 277, "mercado": 1, "abreviacao": "san", "slug": "santos"}, "status_id": 6, "jogos": 1, "scout": [{"quantidade": 1, "nome": "FS"}, {"quantidade": 2, "nome": "PE"}, {"quantidade": 1, "nome": "RB"}, {"quantidade": 1, "nome": "FC"}, {"quantidade": 1, "nome": "FF"}], "preco": "3.29", "partida_data": "20/06/2015", "variacao": "0.00", "id": 72382, "media": "1.80", "pontos": "0.00", "apelido": "Marquinhos", "posicao": {"abreviacao": "MEI", "id": 4, "nome": "Meia"}, "partida_clube_visitante": {"nome": "corinthians", "escudo_pequeno": "http://s.glbimg.com/es/sde/f/equipes/2013/12/16/corinthians_30x30.png", "id": 264, "mercado": 1, "abreviacao": "cor", "slug": "corinthians"}, "partida_clube_casa": {"nome": "santos", "escudo_pequeno": "http://s.glbimg.com/es/sde/f/equipes/2013/12/16/santos_30x30.png", "id": 277, "mercado": 1, "abreviacao": "san", "slug": "santos"}}, {"status": "Nulo", "foto": "http://s.glbimg.com/es/sde/f/2011/08/10/2987840837eafe3aa0347aba1daa7179_FORMATO.jpeg", "clube": {"nome": "palmeiras", "escudo_pequeno": "http://s.glbimg.com/es/sde/f/equipes/2013/12/16/palmeiras_30x30.png", "id": 275, "mercado": 1, "abreviacao": "pal", "slug": "palmeiras"}, "status_id": 6, "jogos": 2, "scout": [{"quantidade": 1, "nome": "CA"}], "preco": "3.27", "partida_data": "20/06/2015", "variacao": "0.00", "id": 73085, "media": "-1.00", "pontos": "0.00", "apelido": "Leandro", "posicao": {"abreviacao": "ATA", "id": 5, "nome": "Atacante"}, "partida_clube_visitante": {"nome": "palmeiras", "escudo_pequeno": "http://s.glbimg.com/es/sde/f/equipes/2013/12/16/palmeiras_30x30.png", "id": 275, "mercado": 1, "abreviacao": "pal", "slug": "palmeiras"}, "partida_clube_casa": {"nome": "gr\u00eamio", "escudo_pequeno": "http://s.glbimg.com/es/sde/f/equipes/2013/12/16/gremio_30x30.png", "id": 284, "mercado": 1, "abreviacao": "gre", "slug": "gremio"}}, {"status": "Nulo", "foto": "http://s.glbimg.com/es/sde/f/2015/01/12/040d0de81b953fec3cb7712975a8c625_FORMATO.jpeg", "clube": {"nome": "gr\u00eamio", "escudo_pequeno": "http://s.glbimg.com/es/sde/f/equipes/2013/12/16/gremio_30x30.png", "id": 284, "mercado": 1, "abreviacao": "gre", "slug": "gremio"}, "status_id": 6, "jogos": 1, "scout": [{"quantidade": 2, "nome": "PE"}, {"quantidade": 2, "nome": "RB"}], "preco": "3.21", "partida_data": "20/06/2015", "variacao": "0.00", "id": 90334, "media": "2.80", "pontos": "0.00", "apelido": "Ara\u00fajo", "posicao": {"abreviacao": "MEI", "id": 4, "nome": "Meia"}, "partida_clube_visitante": {"nome": "palmeiras", "escudo_pequeno": "http://s.glbimg.com/es/sde/f/equipes/2013/12/16/palmeiras_30x30.png", "id": 275, "mercado": 1, "abreviacao": "pal", "slug": "palmeiras"}, "partida_clube_casa": {"nome": "gr\u00eamio", "escudo_pequeno": "http://s.glbimg.com/es/sde/f/equipes/2013/12/16/gremio_30x30.png", "id": 284, "mercado": 1, "abreviacao": "gre", "slug": "gremio"}}, {"status": "Nulo", "foto": "http://s.glbimg.com/es/sde/f/2014/07/23/7b0c4d7e5c6bacc19cda92a86704f756_FORMATO.jpeg", "clube": {"nome": "ponte preta", "escudo_pequeno": "http://s.glbimg.com/es/sde/f/equipes/2013/12/16/ponte_preta_30x30.png", "id": 303, "mercado": 1, "abreviacao": "pon", "slug": "ponte-preta"}, "status_id": 6, "jogos": 4, "scout": [{"quantidade": 3, "nome": "FS"}, {"quantidade": 2, "nome": "PE"}, {"quantidade": 1, "nome": "A"}, {"quantidade": 1, "nome": "I"}, {"quantidade": 1, "nome": "RB"}, {"quantidade": 3, "nome": "FC"}, {"quantidade": 1, "nome": "FF"}], "preco": "3.20", "partida_data": "24/06/2015", "variacao": "-0.09", "id": 80381, "media": "1.57", "pontos": "-0.30", "apelido": "Cesinha", "posicao": {"abreviacao": "ATA", "id": 5, "nome": "Atacante"}, "partida_clube_visitante": {"nome": "ponte preta", "escudo_pequeno": "http://s.glbimg.com/es/sde/f/equipes/2013/12/16/ponte_preta_30x30.png", "id": 303, "mercado": 1, "abreviacao": "pon", "slug": "ponte-preta"}, "partida_clube_casa": {"nome": "fluminense", "escudo_pequeno": "http://s.glbimg.com/es/sde/f/equipes/2015/05/05/fluminense-escudo-30x30.png", "id": 266, "mercado": 1, "abreviacao": "flu", "slug": "fluminense"}}, {"status": "Nulo", "foto": "http://s.glbimg.com/es/sde/f/2013/01/29/724801f0bfb8c9bb438b7ec4bf56af02_FORMATO.jpeg", "clube": {"nome": "ava\u00ed", "escudo_pequeno": "http://s.glbimg.com/es/sde/f/equipes/2013/12/16/avai_30x30.png", "id": 314, "mercado": 1, "abreviacao": "ava", "slug": "avai"}, "status_id": 6, "jogos": 2, "scout": [{"quantidade": 1, "nome": "FS"}, {"quantidade": 2, "nome": "PE"}, {"quantidade": 1, "nome": "I"}, {"quantidade": 2, "nome": "RB"}, {"quantidade": 2, "nome": "FC"}], "preco": "3.14", "partida_data": "21/06/2015", "variacao": "0.00", "id": 73445, "media": "0.90", "pontos": "0.00", "apelido": "Denner", "posicao": {"abreviacao": "MEI", "id": 4, "nome": "Meia"}, "partida_clube_visitante": {"nome": "ava\u00ed", "escudo_pequeno": "http://s.glbimg.com/es/sde/f/equipes/2013/12/16/avai_30x30.png", "id": 314, "mercado": 1, "abreviacao": "ava", "slug": "avai"}, "partida_clube_casa": {"nome": "s\u00e3o paulo", "escudo_pequeno": "http://s.glbimg.com/es/sde/f/equipes/2013/12/16/sao_paulo_30x30.png", "id": 276, "mercado": 1, "abreviacao": "sao", "slug": "sao-paulo"}}, {"status": "D\u00favida", "foto": null, "clube": {"nome": "atl\u00e9tico-pr", "escudo_pequeno": "http://s.glbimg.com/es/sde/f/equipes/2013/12/16/atletico_pr_30x30.png", "id": 293, "mercado": 1, "abreviacao": "atl", "slug": "atletico-pr"}, "status_id": 2, "jogos": 4, "scout": [{"quantidade": 3, "nome": "FS"}, {"quantidade": 11, "nome": "PE"}, {"quantidade": 3, "nome": "RB"}, {"quantidade": 3, "nome": "FC"}, {"quantidade": 2, "nome": "FF"}, {"quantidade": 2, "nome": "FD"}], "preco": "3.11", "partida_data": "21/06/2015", "variacao": "-0.01", "id": 79432, "media": "1.30", "pontos": "0.90", "apelido": "Giovanni", "posicao": {"abreviacao": "MEI", "id": 4, "nome": "Meia"}, "partida_clube_visitante": {"nome": "coritiba", "escudo_pequeno": "http://s.glbimg.com/es/sde/f/equipes/2013/12/16/coritiba_30x30.png", "id": 294, "mercado": 1, "abreviacao": "cor", "slug": "coritiba"}, "partida_clube_casa": {"nome": "atl\u00e9tico-pr", "escudo_pequeno": "http://s.glbimg.com/es/sde/f/equipes/2013/12/16/atletico_pr_30x30.png", "id": 293, "mercado": 1, "abreviacao": "atl", "slug": "atletico-pr"}}, {"status": "Nulo", "foto": "http://s.glbimg.com/es/sde/f/2014/02/07/3c2b3cc2ee8cda0eb89ae3397f362043_FORMATO.jpeg", "clube": {"nome": "ava\u00ed", "escudo_pequeno": "http://s.glbimg.com/es/sde/f/equipes/2013/12/16/avai_30x30.png", "id": 314, "mercado": 1, "abreviacao": "ava", "slug": "avai"}, "status_id": 6, "jogos": 1, "scout": [{"quantidade": 1, "nome": "FC"}, {"quantidade": 1, "nome": "CA"}], "preco": "3.10", "partida_data": "21/06/2015", "variacao": "0.00", "id": 80323, "media": "-2.50", "pontos": "0.00", "apelido": "Marrone", "posicao": {"abreviacao": "LAT", "id": 2, "nome": "Lateral"}, "partida_clube_visitante": {"nome": "ava\u00ed", "escudo_pequeno": "http://s.glbimg.com/es/sde/f/equipes/2013/12/16/avai_30x30.png", "id": 314, "mercado": 1, "abreviacao": "ava", "slug": "avai"}, "partida_clube_casa": {"nome": "s\u00e3o paulo", "escudo_pequeno": "http://s.glbimg.com/es/sde/f/equipes/2013/12/16/sao_paulo_30x30.png", "id": 276, "mercado": 1, "abreviacao": "sao", "slug": "sao-paulo"}}, {"status": "Prov\u00e1vel", "foto": "http://s.glbimg.com/es/sde/f/2015/01/07/72a59d618270fcdd9d636eed7db79876_FORMATO.jpeg", "clube": {"nome": "gr\u00eamio", "escudo_pequeno": "http://s.glbimg.com/es/sde/f/equipes/2013/12/16/gremio_30x30.png", "id": 284, "mercado": 1, "abreviacao": "gre", "slug": "gremio"}, "status_id": 7, "jogos": 6, "scout": [{"quantidade": 5, "nome": "FS"}, {"quantidade": 12, "nome": "PE"}, {"quantidade": 1, "nome": "A"}, {"quantidade": 5, "nome": "I"}, {"quantidade": 3, "nome": "RB"}, {"quantidade": 4, "nome": "FC"}, {"quantidade": 3, "nome": "FF"}, {"quantidade": 4, "nome": "FD"}], "preco": "3.09", "partida_data": "20/06/2015", "variacao": "0.90", "id": 90302, "media": "1.77", "pontos": "3.60", "apelido": "Pedro Rocha", "posicao": {"abreviacao": "ATA", "id": 5, "nome": "Atacante"}, "partida_clube_visitante": {"nome": "palmeiras", "escudo_pequeno": "http://s.glbimg.com/es/sde/f/equipes/2013/12/16/palmeiras_30x30.png", "id": 275, "mercado": 1, "abreviacao": "pal", "slug": "palmeiras"}, "partida_clube_casa": {"nome": "gr\u00eamio", "escudo_pequeno": "http://s.glbimg.com/es/sde/f/equipes/2013/12/16/gremio_30x30.png", "id": 284, "mercado": 1, "abreviacao": "gre", "slug": "gremio"}}, {"status": "Nulo", "foto": "http://s.glbimg.com/es/sde/f/2014/02/12/43628d02e86de10e28f5dba1b253804c_FORMATO.jpeg", "clube": {"nome": "figueirense", "escudo_pequeno": "http://s.glbimg.com/es/sde/f/equipes/2013/12/16/figueirense_30x30.png", "id": 316, "mercado": 1, "abreviacao": "fig", "slug": "figueirense"}, "status_id": 6, "jogos": 2, "scout": [{"quantidade": 2, "nome": "FS"}, {"quantidade": 2, "nome": "PE"}, {"quantidade": 1, "nome": "I"}, {"quantidade": 2, "nome": "FC"}], "preco": "3.00", "partida_data": "18/06/2015", "variacao": "0.00", "id": 78967, "media": "-0.55", "pontos": "0.00", "apelido": "Dudu", "posicao": {"abreviacao": "ATA", "id": 5, "nome": "Atacante"}, "partida_clube_visitante": {"nome": "internacional", "escudo_pequeno": "http://s.glbimg.com/es/sde/f/equipes/2014/04/14/internacional_30x30.png", "id": 285, "mercado": 1, "abreviacao": "int", "slug": "internacional"}, "partida_clube_casa": {"nome": "figueirense", "escudo_pequeno": "http://s.glbimg.com/es/sde/f/equipes/2013/12/16/figueirense_30x30.png", "id": 316, "mercado": 1, "abreviacao": "fig", "slug": "figueirense"}}, {"status": "Nulo", "foto": "http://s.glbimg.com/es/sde/f/2014/10/14/cb9adf3e576bd2e8f12899d1ecd5ec7b_FORMATO.jpeg", "clube": {"nome": "corinthians", "escudo_pequeno": "http://s.glbimg.com/es/sde/f/equipes/2013/12/16/corinthians_30x30.png", "id": 264, "mercado": 1, "abreviacao": "cor", "slug": "corinthians"}, "status_id": 6, "jogos": 0, "scout": [], "preco": "3.00", "partida_data": "20/06/2015", "variacao": "0.00", "id": 89479, "media": "0.00", "pontos": "0.00", "apelido": "Gustavo Tocantins", "posicao": {"abreviacao": "ATA", "id": 5, "nome": "Atacante"}, "partida_clube_visitante": {"nome": "corinthians", "escudo_pequeno": "http://s.glbimg.com/es/sde/f/equipes/2013/12/16/corinthians_30x30.png", "id": 264, "mercado": 1, "abreviacao": "cor", "slug": "corinthians"}, "partida_clube_casa": {"nome": "santos", "escudo_pequeno": "http://s.glbimg.com/es/sde/f/equipes/2013/12/16/santos_30x30.png", "id": 277, "mercado": 1, "abreviacao": "san", "slug": "santos"}}, {"status": "Nulo", "foto": "http://s.glbimg.com/es/sde/f/2015/01/27/c27107243d07613277fcf90275d35930_FORMATO.png", "clube": {"nome": "atl\u00e9tico-pr", "escudo_pequeno": "http://s.glbimg.com/es/sde/f/equipes/2013/12/16/atletico_pr_30x30.png", "id": 293, "mercado": 1, "abreviacao": "atl", "slug": "atletico-pr"}, "status_id": 6, "jogos": 0, "scout": [], "preco": "3.00", "partida_data": "21/06/2015", "variacao": "0.00", "id": 73769, "media": "0.00", "pontos": "0.00", "apelido": "Guilherme Batata", "posicao": {"abreviacao": "MEI", "id": 4, "nome": "Meia"}, "partida_clube_visitante": {"nome": "coritiba", "escudo_pequeno": "http://s.glbimg.com/es/sde/f/equipes/2013/12/16/coritiba_30x30.png", "id": 294, "mercado": 1, "abreviacao": "cor", "slug": "coritiba"}, "partida_clube_casa": {"nome": "atl\u00e9tico-pr", "escudo_pequeno": "http://s.glbimg.com/es/sde/f/equipes/2013/12/16/atletico_pr_30x30.png", "id": 293, "mercado": 1, "abreviacao": "atl", "slug": "atletico-pr"}}, {"status": "Nulo", "foto": "http://s.glbimg.com/es/sde/f/2014/01/27/328f73ec9f006ffecd81f896c99a4d8b_FORMATO.png", "clube": {"nome": "atl\u00e9tico-pr", "escudo_pequeno": "http://s.glbimg.com/es/sde/f/equipes/2013/12/16/atletico_pr_30x30.png", "id": 293, "mercado": 1, "abreviacao": "atl", "slug": "atletico-pr"}, "status_id": 6, "jogos": 0, "scout": [], "preco": "3.00", "partida_data": "21/06/2015", "variacao": "0.00", "id": 84707, "media": "0.00", "pontos": "0.00", "apelido": "Jonatan Lucca", "posicao": {"abreviacao": "MEI", "id": 4, "nome": "Meia"}, "partida_clube_visitante": {"nome": "coritiba", "escudo_pequeno": "http://s.glbimg.com/es/sde/f/equipes/2013/12/16/coritiba_30x30.png", "id": 294, "mercado": 1, "abreviacao": "cor", "slug": "coritiba"}, "partida_clube_casa": {"nome": "atl\u00e9tico-pr", "escudo_pequeno": "http://s.glbimg.com/es/sde/f/equipes/2013/12/16/atletico_pr_30x30.png", "id": 293, "mercado": 1, "abreviacao": "atl", "slug": "atletico-pr"}}, {"status": "Nulo", "foto": "http://s.glbimg.com/es/sde/f/2011/08/11/db370fee2362f04312f16509fe611078_FORMATO.jpeg", "clube": {"nome": "ava\u00ed", "escudo_pequeno": "http://s.glbimg.com/es/sde/f/equipes/2013/12/16/avai_30x30.png", "id": 314, "mercado": 1, "abreviacao": "ava", "slug": "avai"}, "status_id": 6, "jogos": 0, "scout": [], "preco": "3.00", "partida_data": "21/06/2015", "variacao": "0.00", "id": 62107, "media": "0.00", "pontos": "0.00", "apelido": "Rudnei", "posicao": {"abreviacao": "MEI", "id": 4, "nome": "Meia"}, "partida_clube_visitante": {"nome": "ava\u00ed", "escudo_pequeno": "http://s.glbimg.com/es/sde/f/equipes/2013/12/16/avai_30x30.png", "id": 314, "mercado": 1, "abreviacao": "ava", "slug": "avai"}, "partida_clube_casa": {"nome": "s\u00e3o paulo", "escudo_pequeno": "http://s.glbimg.com/es/sde/f/equipes/2013/12/16/sao_paulo_30x30.png", "id": 276, "mercado": 1, "abreviacao": "sao", "slug": "sao-paulo"}}, {"status": "Nulo", "foto": "http://s.glbimg.com/es/sde/f/2015/04/30/171f840d4ec80a2924a50ab33afc8e11_FORMATO.jpeg", "clube": {"nome": "corinthians", "escudo_pequeno": "http://s.glbimg.com/es/sde/f/equipes/2013/12/16/corinthians_30x30.png", "id": 264, "mercado": 1, "abreviacao": "cor", "slug": "corinthians"}, "status_id": 6, "jogos": 0, "scout": [], "preco": "3.00", "partida_data": "20/06/2015", "variacao": "0.00", "id": 91714, "media": "0.00", "pontos": "0.00", "apelido": "Marciel", "posicao": {"abreviacao": "MEI", "id": 4, "nome": "Meia"}, "partida_clube_visitante": {"nome": "corinthians", "escudo_pequeno": "http://s.glbimg.com/es/sde/f/equipes/2013/12/16/corinthians_30x30.png", "id": 264, "mercado": 1, "abreviacao": "cor", "slug": "corinthians"}, "partida_clube_casa": {"nome": "santos", "escudo_pequeno": "http://s.glbimg.com/es/sde/f/equipes/2013/12/16/santos_30x30.png", "id": 277, "mercado": 1, "abreviacao": "san", "slug": "santos"}}, {"status": "Nulo", "foto": "http://s.glbimg.com/es/sde/f/2012/02/07/523233d1102a800be1cc0bc298eb2601_FORMATO.jpeg", "clube": {"nome": "cruzeiro", "escudo_pequeno": "http://s.glbimg.com/es/sde/f/equipes/2015/04/29/cruzeiro_30.png", "id": 283, "mercado": 1, "abreviacao": "cru", "slug": "cruzeiro"}, "status_id": 6, "jogos": 0, "scout": [], "preco": "3.00", "partida_data": "21/06/2015", "variacao": "0.00", "id": 73721, "media": "0.00", "pontos": "0.00", "apelido": "Marcos Vin\u00edcius", "posicao": {"abreviacao": "MEI", "id": 4, "nome": "Meia"}, "partida_clube_visitante": {"nome": "chapecoense", "escudo_pequeno": "http://s.glbimg.com/es/sde/f/equipes/2015/05/06/chapecoense_30x30.png", "id": 315, "mercado": 1, "abreviacao": "cha", "slug": "chapecoense"}, "partida_clube_casa": {"nome": "cruzeiro", "escudo_pequeno": "http://s.glbimg.com/es/sde/f/equipes/2015/04/29/cruzeiro_30.png", "id": 283, "mercado": 1, "abreviacao": "cru", "slug": "cruzeiro"}}, {"status": "Nulo", "foto": "http://s.glbimg.com/es/sde/f/2011/08/12/8fd443a8ddd48c27d33b04099dfcdb41_FORMATO.jpeg", "clube": {"nome": "santos", "escudo_pequeno": "http://s.glbimg.com/es/sde/f/equipes/2013/12/16/santos_30x30.png", "id": 277, "mercado": 1, "abreviacao": "san", "slug": "santos"}, "status_id": 6, "jogos": 0, "scout": [], "preco": "3.00", "partida_data": "20/06/2015", "variacao": "0.00", "id": 36591, "media": "0.00", "pontos": "0.00", "apelido": "Leonardo", "posicao": {"abreviacao": "ZAG", "id": 3, "nome": "Zagueiro"}, "partida_clube_visitante": {"nome": "corinthians", "escudo_pequeno": "http://s.glbimg.com/es/sde/f/equipes/2013/12/16/corinthians_30x30.png", "id": 264, "mercado": 1, "abreviacao": "cor", "slug": "corinthians"}, "partida_clube_casa": {"nome": "santos", "escudo_pequeno": "http://s.glbimg.com/es/sde/f/equipes/2013/12/16/santos_30x30.png", "id": 277, "mercado": 1, "abreviacao": "san", "slug": "santos"}}, {"status": "Nulo", "foto": "http://s.glbimg.com/es/sde/f/2012/01/14/61a95e18731c3248080651f2f4f57b0f_FORMATO.jpeg", "clube": {"nome": "corinthians", "escudo_pequeno": "http://s.glbimg.com/es/sde/f/equipes/2013/12/16/corinthians_30x30.png", "id": 264, "mercado": 1, "abreviacao": "cor", "slug": "corinthians"}, "status_id": 6, "jogos": 0, "scout": [], "preco": "3.00", "partida_data": "20/06/2015", "variacao": "0.00", "id": 63018, "media": "0.00", "pontos": "0.00", "apelido": "Guilherme Andrade", "posicao": {"abreviacao": "LAT", "id": 2, "nome": "Lateral"}, "partida_clube_visitante": {"nome": "corinthians", "escudo_pequeno": "http://s.glbimg.com/es/sde/f/equipes/2013/12/16/corinthians_30x30.png", "id": 264, "mercado": 1, "abreviacao": "cor", "slug": "corinthians"}, "partida_clube_casa": {"nome": "santos", "escudo_pequeno": "http://s.glbimg.com/es/sde/f/equipes/2013/12/16/santos_30x30.png", "id": 277, "mercado": 1, "abreviacao": "san", "slug": "santos"}}]}