{"rodada_id": 8, "page": {"atual": "7", "total": "41"}, "atleta": [{"status": "Prov\u00e1vel", "foto": "http://s.glbimg.com/es/sde/f/2015/06/04/762a61acf454f9a7cd44e808234a29be_FORMATO.jpeg", "clube": {"nome": "atl\u00e9tico-pr", "escudo_pequeno": "http://s.glbimg.com/es/sde/f/equipes/2013/12/16/atletico_pr_30x30.png", "id": 293, "mercado": 1, "abreviacao": "atl", "slug": "atletico-pr"}, "status_id": 7, "jogos": 7, "scout": [], "preco": "11.40", "partida_data": "21/06/2015", "variacao": "-0.62", "id": 86486, "media": "3.97", "pontos": "1.24", "apelido": "Milton Mendes", "posicao": {"abreviacao": "TEC", "id": 6, "nome": "T\u00e9cnico"}, "partida_clube_visitante": {"nome": "coritiba", "escudo_pequeno": "http://s.glbimg.com/es/sde/f/equipes/2013/12/16/coritiba_30x30.png", "id": 294, "mercado": 1, "abreviacao": "cor", "slug": "coritiba"}, "partida_clube_casa": {"nome": "atl\u00e9tico-pr", "escudo_pequeno": "http://s.glbimg.com/es/sde/f/equipes/2013/12/16/atletico_pr_30x30.png", "id": 293, "mercado": 1, "abreviacao": "atl", "slug": "atletico-pr"}}, {"status": "Nulo", "foto": "http://s.glbimg.com/es/sde/f/2015/01/15/e6df282b24c0691210fdfbe01867b360_FORMATO.jpeg", "clube": {"nome": "corinthians", "escudo_pequeno": "http://s.glbimg.com/es/sde/f/equipes/2013/12/16/corinthians_30x30.png", "id": 264, "mercado": 1, "abreviacao": "cor", "slug": "corinthians"}, "status_id": 6, "jogos": 1, "scout": [{"quantidade": 1, "nome": "SG"}, {"quantidade": 1, "nome": "FS"}, {"quantidade": 2, "nome": "RB"}, {"quantidade": 1, "nome": "FC"}], "preco": "11.39", "partida_data": "20/06/2015", "variacao": "0.00", "id": 60852, "media": "8.40", "pontos": "0.00", "apelido": "Uendel", "posicao": {"abreviacao": "LAT", "id": 2, "nome": "Lateral"}, "partida_clube_visitante": {"nome": "corinthians", "escudo_pequeno": "http://s.glbimg.com/es/sde/f/equipes/2013/12/16/corinthians_30x30.png", "id": 264, "mercado": 1, "abreviacao": "cor", "slug": "corinthians"}, "partida_clube_casa": {"nome": "santos", "escudo_pequeno": "http://s.glbimg.com/es/sde/f/equipes/2013/12/16/santos_30x30.png", "id": 277, "mercado": 1, "abreviacao": "san", "slug": "santos"}}, {"status": "Nulo", "foto": "http://s.glbimg.com/es/sde/f/2014/06/11/66e3fce8820ca5f08202898a9e02857e_FORMATO.jpeg", "clube": {"nome": "atl\u00e9tico-mg", "escudo_pequeno": "http://s.glbimg.com/es/sde/f/equipes/2013/12/16/atletico_mg_30x30.png", "id": 282, "mercado": 1, "abreviacao": "atl", "slug": "atletico-mg"}, "status_id": 6, "jogos": 2, "scout": [{"quantidade": 4, "nome": "FS"}, {"quantidade": 3, "nome": "PE"}, {"quantidade": 1, "nome": "G"}, {"quantidade": 1, "nome": "I"}, {"quantidade": 2, "nome": "FC"}, {"quantidade": 1, "nome": "CA"}], "preco": "11.32", "partida_data": "20/06/2015", "variacao": "0.00", "id": 38138, "media": "2.80", "pontos": "0.00", "apelido": "J\u00f4", "posicao": {"abreviacao": "ATA", "id": 5, "nome": "Atacante"}, "partida_clube_visitante": {"nome": "atl\u00e9tico-mg", "escudo_pequeno": "http://s.glbimg.com/es/sde/f/equipes/2013/12/16/atletico_mg_30x30.png", "id": 282, "mercado": 1, "abreviacao": "atl", "slug": "atletico-mg"}, "partida_clube_casa": {"nome": "flamengo", "escudo_pequeno": "http://s.glbimg.com/es/sde/f/equipes/2013/12/16/flamengo_30x30.png", "id": 262, "mercado": 1, "abreviacao": "fla", "slug": "flamengo"}}, {"status": "Contundido", "foto": "http://s.glbimg.com/es/sde/f/2010/12/30/804ea225337148abcf3d897835d66983_FORMATO.jpeg", "clube": {"nome": "internacional", "escudo_pequeno": "http://s.glbimg.com/es/sde/f/equipes/2014/04/14/internacional_30x30.png", "id": 285, "mercado": 1, "abreviacao": "int", "slug": "internacional"}, "status_id": 5, "jogos": 2, "scout": [{"quantidade": 1, "nome": "FS"}, {"quantidade": 4, "nome": "PE"}, {"quantidade": 2, "nome": "RB"}, {"quantidade": 2, "nome": "FC"}, {"quantidade": 1, "nome": "FF"}], "preco": "11.26", "partida_data": "18/06/2015", "variacao": "-0.48", "id": 36540, "media": "1.20", "pontos": "0.80", "apelido": "Juan", "posicao": {"abreviacao": "ZAG", "id": 3, "nome": "Zagueiro"}, "partida_clube_visitante": {"nome": "internacional", "escudo_pequeno": "http://s.glbimg.com/es/sde/f/equipes/2014/04/14/internacional_30x30.png", "id": 285, "mercado": 1, "abreviacao": "int", "slug": "internacional"}, "partida_clube_casa": {"nome": "figueirense", "escudo_pequeno": "http://s.glbimg.com/es/sde/f/equipes/2013/12/16/figueirense_30x30.png", "id": 316, "mercado": 1, "abreviacao": "fig", "slug": "figueirense"}}, {"status": "Prov\u00e1vel", "foto": "http://s.glbimg.com/es/sde/f/2014/12/26/816ccbfa7b740065274c797f19f131f4_FORMATO.jpeg", "clube": {"nome": "palmeiras", "escudo_pequeno": "http://s.glbimg.com/es/sde/f/equipes/2013/12/16/palmeiras_30x30.png", "id": 275, "mercado": 1, "abreviacao": "pal", "slug": "palmeiras"}, "status_id": 7, "jogos": 7, "scout": [{"quantidade": 2, "nome": "SG"}, {"quantidade": 10, "nome": "FS"}, {"quantidade": 38, "nome": "PE"}, {"quantidade": 1, "nome": "I"}, {"quantidade": 13, "nome": "RB"}, {"quantidade": 9, "nome": "FC"}, {"quantidade": 2, "nome": "CA"}, {"quantidade": 1, "nome": "FF"}, {"quantidade": 3, "nome": "FD"}], "preco": "11.25", "partida_data": "20/06/2015", "variacao": "0.46", "id": 42145, "media": "2.92", "pontos": "2.90", "apelido": "Eg\u00eddio", "posicao": {"abreviacao": "LAT", "id": 2, "nome": "Lateral"}, "partida_clube_visitante": {"nome": "palmeiras", "escudo_pequeno": "http://s.glbimg.com/es/sde/f/equipes/2013/12/16/palmeiras_30x30.png", "id": 275, "mercado": 1, "abreviacao": "pal", "slug": "palmeiras"}, "partida_clube_casa": {"nome": "gr\u00eamio", "escudo_pequeno": "http://s.glbimg.com/es/sde/f/equipes/2013/12/16/gremio_30x30.png", "id": 284, "mercado": 1, "abreviacao": "gre", "slug": "gremio"}}, {"status": "Nulo", "foto": "http://s.glbimg.com/es/sde/f/2015/04/30/86bb139b6de0d8720efba5af34e4a182_FORMATO.jpeg", "clube": {"nome": "internacional", "escudo_pequeno": "http://s.glbimg.com/es/sde/f/equipes/2014/04/14/internacional_30x30.png", "id": 285, "mercado": 1, "abreviacao": "int", "slug": "internacional"}, "status_id": 6, "jogos": 2, "scout": [{"quantidade": 3, "nome": "FS"}, {"quantidade": 4, "nome": "PE"}, {"quantidade": 1, "nome": "FT"}, {"quantidade": 4, "nome": "I"}, {"quantidade": 2, "nome": "FC"}, {"quantidade": 1, "nome": "CA"}, {"quantidade": 1, "nome": "CV"}, {"quantidade": 1, "nome": "FF"}, {"quantidade": 2, "nome": "FD"}], "preco": "11.22", "partida_data": "18/06/2015", "variacao": "0.00", "id": 71495, "media": "-1.75", "pontos": "0.00", "apelido": "Lisandro L\u00f3pez", "posicao": {"abreviacao": "ATA", "id": 5, "nome": "Atacante"}, "partida_clube_visitante": {"nome": "internacional", "escudo_pequeno": "http://s.glbimg.com/es/sde/f/equipes/2014/04/14/internacional_30x30.png", "id": 285, "mercado": 1, "abreviacao": "int", "slug": "internacional"}, "partida_clube_casa": {"nome": "figueirense", "escudo_pequeno": "http://s.glbimg.com/es/sde/f/equipes/2013/12/16/figueirense_30x30.png", "id": 316, "mercado": 1, "abreviacao": "fig", "slug": "figueirense"}}, {"status": "Nulo", "foto": "http://s.glbimg.com/es/sde/f/2015/01/15/ab93ccb633f5e859736972f4f3124185_FORMATO.jpeg", "clube": {"nome": "vasco", "escudo_pequeno": "http://s.glbimg.com/es/sde/f/equipes/2013/12/16/vasco_30x30.png", "id": 267, "mercado": 1, "abreviacao": "vas", "slug": "vasco"}, "status_id": 6, "jogos": 5, "scout": [{"quantidade": 2, "nome": "SG"}, {"quantidade": 10, "nome": "FS"}, {"quantidade": 15, "nome": "PE"}, {"quantidade": 1, "nome": "FT"}, {"quantidade": 4, "nome": "RB"}, {"quantidade": 3, "nome": "FC"}, {"quantidade": 1, "nome": "CA"}, {"quantidade": 4, "nome": "FF"}, {"quantidade": 1, "nome": "FD"}], "preco": "11.19", "partida_data": "20/06/2015", "variacao": "0.00", "id": 82499, "media": "4.22", "pontos": "0.00", "apelido": "Christiano ", "posicao": {"abreviacao": "LAT", "id": 2, "nome": "Lateral"}, "partida_clube_visitante": {"nome": "vasco", "escudo_pequeno": "http://s.glbimg.com/es/sde/f/equipes/2013/12/16/vasco_30x30.png", "id": 267, "mercado": 1, "abreviacao": "vas", "slug": "vasco"}, "partida_clube_casa": {"nome": "sport", "escudo_pequeno": "http://s.glbimg.com/es/sde/f/equipes/2014/09/15/sport_30x30.png", "id": 292, "mercado": 1, "abreviacao": "spo", "slug": "sport"}}, {"status": "Prov\u00e1vel", "foto": "http://s.glbimg.com/es/sde/f/2011/09/14/0e2a8d96706d73bb8049a3a469767951_FORMATO.jpeg", "clube": {"nome": "chapecoense", "escudo_pequeno": "http://s.glbimg.com/es/sde/f/equipes/2015/05/06/chapecoense_30x30.png", "id": 315, "mercado": 1, "abreviacao": "cha", "slug": "chapecoense"}, "status_id": 7, "jogos": 7, "scout": [{"quantidade": 17, "nome": "FS"}, {"quantidade": 31, "nome": "PE"}, {"quantidade": 1, "nome": "G"}, {"quantidade": 2, "nome": "I"}, {"quantidade": 15, "nome": "RB"}, {"quantidade": 14, "nome": "FC"}, {"quantidade": 2, "nome": "CA"}, {"quantidade": 4, "nome": "FF"}], "preco": "11.18", "partida_data": "21/06/2015", "variacao": "0.30", "id": 63014, "media": "3.35", "pontos": "1.70", "apelido": "Gil", "posicao": {"abreviacao": "MEI", "id": 4, "nome": "Meia"}, "partida_clube_visitante": {"nome": "chapecoense", "escudo_pequeno": "http://s.glbimg.com/es/sde/f/equipes/2015/05/06/chapecoense_30x30.png", "id": 315, "mercado": 1, "abreviacao": "cha", "slug": "chapecoense"}, "partida_clube_casa": {"nome": "cruzeiro", "escudo_pequeno": "http://s.glbimg.com/es/sde/f/equipes/2015/04/29/cruzeiro_30.png", "id": 283, "mercado": 1, "abreviacao": "cru", "slug": "cruzeiro"}}, {"status": "Prov\u00e1vel", "foto": "http://s.glbimg.com/es/sde/f/2014/03/28/f0f2085b39b5c3d7a804aa369a856fa2_FORMATO.jpeg", "clube": {"nome": "sport", "escudo_pequeno": "http://s.glbimg.com/es/sde/f/equipes/2014/09/15/sport_30x30.png", "id": 292, "mercado": 1, "abreviacao": "spo", "slug": "sport"}, "status_id": 7, "jogos": 7, "scout": [], "preco": "11.08", "partida_data": "20/06/2015", "variacao": "0.28", "id": 87211, "media": "4.29", "pontos": "3.36", "apelido": "Eduardo Baptista", "posicao": {"abreviacao": "TEC", "id": 6, "nome": "T\u00e9cnico"}, "partida_clube_visitante": {"nome": "vasco", "escudo_pequeno": "http://s.glbimg.com/es/sde/f/equipes/2013/12/16/vasco_30x30.png", "id": 267, "mercado": 1, "abreviacao": "vas", "slug": "vasco"}, "partida_clube_casa": {"nome": "sport", "escudo_pequeno": "http://s.glbimg.com/es/sde/f/equipes/2014/09/15/sport_30x30.png", "id": 292, "mercado": 1, "abreviacao": "spo", "slug": "sport"}}, {"status": "Nulo", "foto": "http://s.glbimg.com/es/sde/f/2013/03/23/4e1045ce8d8428e86a7ec9300e706241_FORMATO.jpeg", "clube": {"nome": "atl\u00e9tico-mg", "escudo_pequeno": "http://s.glbimg.com/es/sde/f/equipes/2013/12/16/atletico_mg_30x30.png", "id": 282, "mercado": 1, "abreviacao": "atl", "slug": "atletico-mg"}, "status_id": 6, "jogos": 2, "scout": [{"quantidade": 6, "nome": "FS"}, {"quantidade": 1, "nome": "A"}, {"quantidade": 2, "nome": "RB"}, {"quantidade": 2, "nome": "FC"}, {"quantidade": 1, "nome": "CA"}], "preco": "11.06", "partida_data": "20/06/2015", "variacao": "0.00", "id": 36790, "media": "4.20", "pontos": "0.00", "apelido": "Josu\u00e9", "posicao": {"abreviacao": "MEI", "id": 4, "nome": "Meia"}, "partida_clube_visitante": {"nome": "atl\u00e9tico-mg", "escudo_pequeno": "http://s.glbimg.com/es/sde/f/equipes/2013/12/16/atletico_mg_30x30.png", "id": 282, "mercado": 1, "abreviacao": "atl", "slug": "atletico-mg"}, "partida_clube_casa": {"nome": "flamengo", "escudo_pequeno": "http://s.glbimg.com/es/sde/f/equipes/2013/12/16/flamengo_30x30.png", "id": 262, "mercado": 1, "abreviacao": "fla", "slug": "flamengo"}}, {"status": "Prov\u00e1vel", "foto": "http://s.glbimg.com/es/sde/f/2010/11/12/1475e3789be724b296ff8b4547f13a25_FORMATO.jpeg", "clube": {"nome": "cruzeiro", "escudo_pequeno": "http://s.glbimg.com/es/sde/f/equipes/2015/04/29/cruzeiro_30.png", "id": 283, "mercado": 1, "abreviacao": "cru", "slug": "cruzeiro"}, "status_id": 7, "jogos": 6, "scout": [], "preco": "11.06", "partida_data": "21/06/2015", "variacao": "-0.13", "id": 41327, "media": "3.28", "pontos": "3.05", "apelido": "Vanderlei Luxemburgo", "posicao": {"abreviacao": "TEC", "id": 6, "nome": "T\u00e9cnico"}, "partida_clube_visitante": {"nome": "chapecoense", "escudo_pequeno": "http://s.glbimg.com/es/sde/f/equipes/2015/05/06/chapecoense_30x30.png", "id": 315, "mercado": 1, "abreviacao": "cha", "slug": "chapecoense"}, "partida_clube_casa": {"nome": "cruzeiro", "escudo_pequeno": "http://s.glbimg.com/es/sde/f/equipes/2015/04/29/cruzeiro_30.png", "id": 283, "mercado": 1, "abreviacao": "cru", "slug": "cruzeiro"}}, {"status": "Nulo", "foto": "http://s.glbimg.com/es/sde/f/2015/04/30/9ac2cacedd5d1440c0379d6b54d2e7b2_FORMATO.jpeg", "clube": {"nome": "internacional", "escudo_pequeno": "http://s.glbimg.com/es/sde/f/equipes/2014/04/14/internacional_30x30.png", "id": 285, "mercado": 1, "abreviacao": "int", "slug": "internacional"}, "status_id": 6, "jogos": 6, "scout": [{"quantidade": 8, "nome": "FS"}, {"quantidade": 26, "nome": "PE"}, {"quantidade": 13, "nome": "RB"}, {"quantidade": 10, "nome": "FC"}, {"quantidade": 3, "nome": "CA"}, {"quantidade": 1, "nome": "FF"}, {"quantidade": 1, "nome": "FD"}], "preco": "11.05", "partida_data": "18/06/2015", "variacao": "0.00", "id": 38852, "media": "1.50", "pontos": "0.00", "apelido": "Anderson", "posicao": {"abreviacao": "MEI", "id": 4, "nome": "Meia"}, "partida_clube_visitante": {"nome": "internacional", "escudo_pequeno": "http://s.glbimg.com/es/sde/f/equipes/2014/04/14/internacional_30x30.png", "id": 285, "mercado": 1, "abreviacao": "int", "slug": "internacional"}, "partida_clube_casa": {"nome": "figueirense", "escudo_pequeno": "http://s.glbimg.com/es/sde/f/equipes/2013/12/16/figueirense_30x30.png", "id": 316, "mercado": 1, "abreviacao": "fig", "slug": "figueirense"}}, {"status": "Prov\u00e1vel", "foto": "http://s.glbimg.com/es/sde/f/2014/12/16/576380269e478afdb444a68b66d0ad9c_FORMATO.jpeg", "clube": {"nome": "palmeiras", "escudo_pequeno": "http://s.glbimg.com/es/sde/f/equipes/2013/12/16/palmeiras_30x30.png", "id": 275, "mercado": 1, "abreviacao": "pal", "slug": "palmeiras"}, "status_id": 7, "jogos": 6, "scout": [{"quantidade": 2, "nome": "SG"}, {"quantidade": 6, "nome": "FS"}, {"quantidade": 8, "nome": "PE"}, {"quantidade": 2, "nome": "I"}, {"quantidade": 10, "nome": "RB"}, {"quantidade": 13, "nome": "FC"}, {"quantidade": 3, "nome": "CA"}, {"quantidade": 2, "nome": "FF"}, {"quantidade": 1, "nome": "FD"}], "preco": "11.03", "partida_data": "20/06/2015", "variacao": "1.14", "id": 50362, "media": "2.75", "pontos": "4.80", "apelido": "Lucas", "posicao": {"abreviacao": "LAT", "id": 2, "nome": "Lateral"}, "partida_clube_visitante": {"nome": "palmeiras", "escudo_pequeno": "http://s.glbimg.com/es/sde/f/equipes/2013/12/16/palmeiras_30x30.png", "id": 275, "mercado": 1, "abreviacao": "pal", "slug": "palmeiras"}, "partida_clube_casa": {"nome": "gr\u00eamio", "escudo_pequeno": "http://s.glbimg.com/es/sde/f/equipes/2013/12/16/gremio_30x30.png", "id": 284, "mercado": 1, "abreviacao": "gre", "slug": "gremio"}}, {"status": "Suspenso", "foto": "http://s.glbimg.com/es/sde/f/2014/07/24/07a46bc529f3823fd14cc362d4d7f701_FORMATO.jpeg", "clube": {"nome": "flamengo", "escudo_pequeno": "http://s.glbimg.com/es/sde/f/equipes/2013/12/16/flamengo_30x30.png", "id": 262, "mercado": 1, "abreviacao": "fla", "slug": "flamengo"}, "status_id": 3, "jogos": 5, "scout": [{"quantidade": 12, "nome": "FS"}, {"quantidade": 7, "nome": "PE"}, {"quantidade": 12, "nome": "RB"}, {"quantidade": 9, "nome": "FC"}, {"quantidade": 1, "nome": "CA"}, {"quantidade": 1, "nome": "CV"}, {"quantidade": 2, "nome": "FF"}], "preco": "11.01", "partida_data": "20/06/2015", "variacao": "-1.32", "id": 85586, "media": "2.84", "pontos": "-3.10", "apelido": "Jonas", "posicao": {"abreviacao": "MEI", "id": 4, "nome": "Meia"}, "partida_clube_visitante": {"nome": "atl\u00e9tico-mg", "escudo_pequeno": "http://s.glbimg.com/es/sde/f/equipes/2013/12/16/atletico_mg_30x30.png", "id": 282, "mercado": 1, "abreviacao": "atl", "slug": "atletico-mg"}, "partida_clube_casa": {"nome": "flamengo", "escudo_pequeno": "http://s.glbimg.com/es/sde/f/equipes/2013/12/16/flamengo_30x30.png", "id": 262, "mercado": 1, "abreviacao": "fla", "slug": "flamengo"}}, {"status": "Prov\u00e1vel", "foto": "http://s.glbimg.com/es/sde/f/2015/01/15/4dd216e88c47ce4a7a7500c80b1d5fec_FORMATO.png", "clube": {"nome": "cruzeiro", "escudo_pequeno": "http://s.glbimg.com/es/sde/f/equipes/2015/04/29/cruzeiro_30.png", "id": 283, "mercado": 1, "abreviacao": "cru", "slug": "cruzeiro"}, "status_id": 7, "jogos": 6, "scout": [{"quantidade": 1, "nome": "SG"}, {"quantidade": 2, "nome": "FS"}, {"quantidade": 1, "nome": "PE"}, {"quantidade": 1, "nome": "CA"}, {"quantidade": 6, "nome": "DD"}, {"quantidade": 6, "nome": "GS"}], "preco": "10.97", "partida_data": "21/06/2015", "variacao": "-0.52", "id": 37656, "media": "1.62", "pontos": "1.00", "apelido": "F\u00e1bio", "posicao": {"abreviacao": "GOL", "id": 1, "nome": "Goleiro"}, "partida_clube_visitante": {"nome": "chapecoense", "escudo_pequeno": "http://s.glbimg.com/es/sde/f/equipes/2015/05/06/chapecoense_30x30.png", "id": 315, "mercado": 1, "abreviacao": "cha", "slug": "chapecoense"}, "partida_clube_casa": {"nome": "cruzeiro", "escudo_pequeno": "http://s.glbimg.com/es/sde/f/equipes/2015/04/29/cruzeiro_30.png", "id": 283, "mercado": 1, "abreviacao": "cru", "slug": "cruzeiro"}}, {"status": "Nulo", "foto": "http://s.glbimg.com/es/sde/f/2015/01/15/d91f7f14592d75485a079649cb2be933_FORMATO.jpeg", "clube": {"nome": "internacional", "escudo_pequeno": "http://s.glbimg.com/es/sde/f/equipes/2014/04/14/internacional_30x30.png", "id": 285, "mercado": 1, "abreviacao": "int", "slug": "internacional"}, "status_id": 6, "jogos": 5, "scout": [{"quantidade": 3, "nome": "FS"}, {"quantidade": 2, "nome": "PE"}, {"quantidade": 1, "nome": "A"}, {"quantidade": 1, "nome": "FT"}, {"quantidade": 1, "nome": "G"}, {"quantidade": 1, "nome": "I"}, {"quantidade": 1, "nome": "RB"}, {"quantidade": 3, "nome": "FC"}, {"quantidade": 4, "nome": "FF"}, {"quantidade": 2, "nome": "FD"}], "preco": "10.88", "partida_data": "18/06/2015", "variacao": "2.15", "id": 37655, "media": "4.38", "pontos": "8.90", "apelido": "Rafael Moura", "posicao": {"abreviacao": "ATA", "id": 5, "nome": "Atacante"}, "partida_clube_visitante": {"nome": "internacional", "escudo_pequeno": "http://s.glbimg.com/es/sde/f/equipes/2014/04/14/internacional_30x30.png", "id": 285, "mercado": 1, "abreviacao": "int", "slug": "internacional"}, "partida_clube_casa": {"nome": "figueirense", "escudo_pequeno": "http://s.glbimg.com/es/sde/f/equipes/2013/12/16/figueirense_30x30.png", "id": 316, "mercado": 1, "abreviacao": "fig", "slug": "figueirense"}}, {"status": "Prov\u00e1vel", "foto": "http://s.glbimg.com/es/sde/f/2015/01/15/ae61771ff3ffef83fa081542425d414a_FORMATO.jpeg", "clube": {"nome": "s\u00e3o paulo", "escudo_pequeno": "http://s.glbimg.com/es/sde/f/equipes/2013/12/16/sao_paulo_30x30.png", "id": 276, "mercado": 1, "abreviacao": "sao", "slug": "sao-paulo"}, "status_id": 7, "jogos": 3, "scout": [{"quantidade": 2, "nome": "SG"}, {"quantidade": 7, "nome": "FS"}, {"quantidade": 11, "nome": "PE"}, {"quantidade": 1, "nome": "I"}, {"quantidade": 5, "nome": "RB"}, {"quantidade": 5, "nome": "FC"}, {"quantidade": 1, "nome": "FF"}, {"quantidade": 2, "nome": "FD"}], "preco": "10.88", "partida_data": "21/06/2015", "variacao": "0.08", "id": 38451, "media": "6.13", "pontos": "5.30", "apelido": "Carlinhos", "posicao": {"abreviacao": "LAT", "id": 2, "nome": "Lateral"}, "partida_clube_visitante": {"nome": "ava\u00ed", "escudo_pequeno": "http://s.glbimg.com/es/sde/f/equipes/2013/12/16/avai_30x30.png", "id": 314, "mercado": 1, "abreviacao": "ava", "slug": "avai"}, "partida_clube_casa": {"nome": "s\u00e3o paulo", "escudo_pequeno": "http://s.glbimg.com/es/sde/f/equipes/2013/12/16/sao_paulo_30x30.png", "id": 276, "mercado": 1, "abreviacao": "sao", "slug": "sao-paulo"}}, {"status": "Nulo", "foto": "http://s.glbimg.com/es/sde/f/2015/01/15/81411d0e9b0d130086c1397da30ea99b_FORMATO.jpeg", "clube": {"nome": "corinthians", "escudo_pequeno": "http://s.glbimg.com/es/sde/f/equipes/2013/12/16/corinthians_30x30.png", "id": 264, "mercado": 1, "abreviacao": "cor", "slug": "corinthians"}, "status_id": 6, "jogos": 2, "scout": [{"quantidade": 4, "nome": "PE"}, {"quantidade": 1, "nome": "RB"}, {"quantidade": 1, "nome": "FC"}], "preco": "10.88", "partida_data": "20/06/2015", "variacao": "0.00", "id": 54395, "media": "0.00", "pontos": "0.00", "apelido": "Elias", "posicao": {"abreviacao": "MEI", "id": 4, "nome": "Meia"}, "partida_clube_visitante": {"nome": "corinthians", "escudo_pequeno": "http://s.glbimg.com/es/sde/f/equipes/2013/12/16/corinthians_30x30.png", "id": 264, "mercado": 1, "abreviacao": "cor", "slug": "corinthians"}, "partida_clube_casa": {"nome": "santos", "escudo_pequeno": "http://s.glbimg.com/es/sde/f/equipes/2013/12/16/santos_30x30.png", "id": 277, "mercado": 1, "abreviacao": "san", "slug": "santos"}}, {"status": "Nulo", "foto": "http://s.glbimg.com/es/sde/f/2015/03/23/651aa4b2e78db19ac0a073898ddb98b6_FORMATO.jpeg", "clube": {"nome": "goi\u00e1s", "escudo_pequeno": "http://s.glbimg.com/es/sde/f/equipes/2013/12/16/goias_30x30.png", "id": 290, "mercado": 1, "abreviacao": "goi", "slug": "goias"}, "status_id": 6, "jogos": 3, "scout": [{"quantidade": 2, "nome": "FS"}, {"quantidade": 4, "nome": "PE"}, {"quantidade": 1, "nome": "RB"}, {"quantidade": 1, "nome": "FC"}, {"quantidade": 1, "nome": "FF"}, {"quantidade": 2, "nome": "FD"}], "preco": "10.84", "partida_data": "21/06/2015", "variacao": "0.00", "id": 84848, "media": "1.23", "pontos": "0.00", "apelido": "Erik", "posicao": {"abreviacao": "ATA", "id": 5, "nome": "Atacante"}, "partida_clube_visitante": {"nome": "goi\u00e1s", "escudo_pequeno": "http://s.glbimg.com/es/sde/f/equipes/2013/12/16/goias_30x30.png", "id": 290, "mercado": 1, "abreviacao": "goi", "slug": "goias"}, "partida_clube_casa": {"nome": "joinville", "escudo_pequeno": "http://s.glbimg.com/es/sde/f/organizacoes/2015/01/08/Joinville30.png", "id": 317, "mercado": 1, "abreviacao": "jec", "slug": "joinville"}}, {"status": "Nulo", "foto": "http://s.glbimg.com/es/sde/f/2012/09/20/32049e246c8f16786aadbfc9b93952b8_FORMATO.jpeg", "clube": {"nome": "santos", "escudo_pequeno": "http://s.glbimg.com/es/sde/f/equipes/2013/12/16/santos_30x30.png", "id": 277, "mercado": 1, "abreviacao": "san", "slug": "santos"}, "status_id": 6, "jogos": 1, "scout": [{"quantidade": 1, "nome": "PE"}, {"quantidade": 2, "nome": "GS"}], "preco": "10.84", "partida_data": "20/06/2015", "variacao": "0.00", "id": 62121, "media": "-4.30", "pontos": "0.00", "apelido": "Vanderlei", "posicao": {"abreviacao": "GOL", "id": 1, "nome": "Goleiro"}, "partida_clube_visitante": {"nome": "corinthians", "escudo_pequeno": "http://s.glbimg.com/es/sde/f/equipes/2013/12/16/corinthians_30x30.png", "id": 264, "mercado": 1, "abreviacao": "cor", "slug": "corinthians"}, "partida_clube_casa": {"nome": "santos", "escudo_pequeno": "http://s.glbimg.com/es/sde/f/equipes/2013/12/16/santos_30x30.png", "id": 277, "mercado": 1, "abreviacao": "san", "slug": "santos"}}]}