{"rodada_id": 23, "page": {"atual": "18", "total": "42"}, "atleta": [{"status": "Nulo", "foto": "http://s.glbimg.com/es/sde/f/2015/07/21/7ed247c625545a692afe78cb995efddb_FORMATO.jpeg", "clube": {"mercado": 1, "slug": "flamengo", "abreviacao": "fla", "id": 262, "nome": "flamengo"}, "status_id": 6, "jogos": 11, "scout": [{"quantidade": 4, "nome": "SG"}, {"quantidade": 7, "nome": "FS"}, {"quantidade": 24, "nome": "PE"}, {"quantidade": 1, "nome": "I"}, {"quantidade": 29, "nome": "RB"}, {"quantidade": 16, "nome": "FC"}, {"quantidade": 3, "nome": "CA"}, {"quantidade": 6, "nome": "FF"}], "preco": "5.79", "partida_data": "06/09/2015", "variacao": "0.00", "id": 88065, "media": "5.04", "pontos": "0.00", "apelido": "Jorge", "posicao": {"abreviacao": "LAT", "id": 2, "nome": "Lateral"}, "partida_clube_visitante": {"mercado": 1, "slug": "flamengo", "abreviacao": "fla", "id": 262, "nome": "flamengo"}, "partida_clube_casa": {"mercado": 1, "slug": "fluminense", "abreviacao": "flu", "id": 266, "nome": "fluminense"}}, {"status": "Suspenso", "foto": "http://s.glbimg.com/es/sde/f/2015/01/07/72a59d618270fcdd9d636eed7db79876_FORMATO.jpeg", "clube": {"mercado": 1, "slug": "gremio", "abreviacao": "gre", "id": 284, "nome": "gr\u00eamio"}, "status_id": 3, "jogos": 21, "scout": [{"quantidade": 17, "nome": "FS"}, {"quantidade": 39, "nome": "PE"}, {"quantidade": 1, "nome": "A"}, {"quantidade": 1, "nome": "FT"}, {"quantidade": 5, "nome": "G"}, {"quantidade": 16, "nome": "I"}, {"quantidade": 7, "nome": "RB"}, {"quantidade": 13, "nome": "FC"}, {"quantidade": 3, "nome": "CA"}, {"quantidade": 13, "nome": "FF"}, {"quantidade": 11, "nome": "FD"}], "preco": "5.78", "partida_data": "06/09/2015", "variacao": "1.21", "id": 90302, "media": "2.71", "pontos": "6.70", "apelido": "Pedro Rocha", "posicao": {"abreviacao": "ATA", "id": 5, "nome": "Atacante"}, "partida_clube_visitante": {"mercado": 1, "slug": "goias", "abreviacao": "goi", "id": 290, "nome": "goi\u00e1s"}, "partida_clube_casa": {"mercado": 1, "slug": "gremio", "abreviacao": "gre", "id": 284, "nome": "gr\u00eamio"}}, {"status": "Nulo", "foto": "http://s.glbimg.com/es/sde/f/2015/07/21/53f24249ae5026e5b0a833574eff68bf_FORMATO.jpeg", "clube": {"mercado": 1, "slug": "goias", "abreviacao": "goi", "id": 290, "nome": "goi\u00e1s"}, "status_id": 6, "jogos": 11, "scout": [{"quantidade": 7, "nome": "FS"}, {"quantidade": 20, "nome": "PE"}, {"quantidade": 2, "nome": "I"}, {"quantidade": 7, "nome": "RB"}, {"quantidade": 5, "nome": "FC"}, {"quantidade": 6, "nome": "FF"}, {"quantidade": 5, "nome": "FD"}], "preco": "5.78", "partida_data": "06/09/2015", "variacao": "-0.40", "id": 88917, "media": "1.38", "pontos": "0.40", "apelido": "Murilo Henrique", "posicao": {"abreviacao": "MEI", "id": 4, "nome": "Meia"}, "partida_clube_visitante": {"mercado": 1, "slug": "goias", "abreviacao": "goi", "id": 290, "nome": "goi\u00e1s"}, "partida_clube_casa": {"mercado": 1, "slug": "gremio", "abreviacao": "gre", "id": 284, "nome": "gr\u00eamio"}}, {"status": "Prov\u00e1vel", "foto": "http://s.glbimg.com/es/sde/f/2015/07/22/a9c3c65752fd7e0b8ed199fe75f1a9c0_FORMATO.jpeg", "clube": {"mercado": 1, "slug": "coritiba", "abreviacao": "cor", "id": 294, "nome": "coritiba"}, "status_id": 7, "jogos": 5, "scout": [{"quantidade": 3, "nome": "FS"}, {"quantidade": 13, "nome": "PE"}, {"quantidade": 5, "nome": "RB"}, {"quantidade": 10, "nome": "FC"}, {"quantidade": 2, "nome": "CA"}, {"quantidade": 2, "nome": "FF"}], "preco": "5.78", "partida_data": "06/09/2015", "variacao": "0.00", "id": 70132, "media": "-0.30", "pontos": "0.00", "apelido": "Alan Santos", "posicao": {"abreviacao": "MEI", "id": 4, "nome": "Meia"}, "partida_clube_visitante": {"mercado": 1, "slug": "coritiba", "abreviacao": "cor", "id": 294, "nome": "coritiba"}, "partida_clube_casa": {"mercado": 1, "slug": "avai", "abreviacao": "ava", "id": 314, "nome": "ava\u00ed"}}, {"status": "Nulo", "foto": "http://s.glbimg.com/es/sde/f/2015/07/21/4b8da4da780675b150da7799b2f33f63_FORMATO.jpeg", "clube": {"mercado": 1, "slug": "chapecoense", "abreviacao": "cha", "id": 315, "nome": "chapecoense"}, "status_id": 6, "jogos": 2, "scout": [{"quantidade": 3, "nome": "FS"}, {"quantidade": 4, "nome": "PE"}, {"quantidade": 1, "nome": "I"}, {"quantidade": 1, "nome": "RB"}, {"quantidade": 1, "nome": "FC"}, {"quantidade": 1, "nome": "CA"}, {"quantidade": 1, "nome": "FD"}], "preco": "5.76", "partida_data": "06/09/2015", "variacao": "0.00", "id": 72099, "media": "0.00", "pontos": "0.00", "apelido": "Wiliam Barbio", "posicao": {"abreviacao": "ATA", "id": 5, "nome": "Atacante"}, "partida_clube_visitante": {"mercado": 1, "slug": "ponte-preta", "abreviacao": "pon", "id": 303, "nome": "ponte preta"}, "partida_clube_casa": {"mercado": 1, "slug": "chapecoense", "abreviacao": "cha", "id": 315, "nome": "chapecoense"}}, {"status": "Prov\u00e1vel", "foto": "http://s.glbimg.com/es/sde/f/2010/11/16/d62b76339f9fc8004b8d395386badcf9_FORMATO.jpeg", "clube": {"mercado": 1, "slug": "chapecoense", "abreviacao": "cha", "id": 315, "nome": "chapecoense"}, "status_id": 7, "jogos": 13, "scout": [{"quantidade": 9, "nome": "FS"}, {"quantidade": 45, "nome": "PE"}, {"quantidade": 2, "nome": "A"}, {"quantidade": 1, "nome": "G"}, {"quantidade": 11, "nome": "RB"}, {"quantidade": 11, "nome": "FC"}, {"quantidade": 2, "nome": "CA"}, {"quantidade": 6, "nome": "FF"}, {"quantidade": 3, "nome": "FD"}], "preco": "5.73", "partida_data": "06/09/2015", "variacao": "0.01", "id": 38032, "media": "1.95", "pontos": "0.10", "apelido": "Cleber Santana", "posicao": {"abreviacao": "MEI", "id": 4, "nome": "Meia"}, "partida_clube_visitante": {"mercado": 1, "slug": "ponte-preta", "abreviacao": "pon", "id": 303, "nome": "ponte preta"}, "partida_clube_casa": {"mercado": 1, "slug": "chapecoense", "abreviacao": "cha", "id": 315, "nome": "chapecoense"}}, {"status": "Nulo", "foto": "http://s.glbimg.com/es/sde/f/2012/04/04/0cda4aa3cf6534225a3408fd2f091e25_FORMATO.jpeg", "clube": {"mercado": 1, "slug": "sport", "abreviacao": "spo", "id": 292, "nome": "sport"}, "status_id": 6, "jogos": 7, "scout": [{"quantidade": 3, "nome": "FS"}, {"quantidade": 6, "nome": "PE"}, {"quantidade": 1, "nome": "A"}, {"quantidade": 1, "nome": "I"}, {"quantidade": 1, "nome": "RB"}, {"quantidade": 6, "nome": "FC"}, {"quantidade": 1, "nome": "CA"}, {"quantidade": 3, "nome": "FF"}], "preco": "5.71", "partida_data": "06/09/2015", "variacao": "0.00", "id": 72389, "media": "0.43", "pontos": "0.00", "apelido": "Mike", "posicao": {"abreviacao": "ATA", "id": 5, "nome": "Atacante"}, "partida_clube_visitante": {"mercado": 1, "slug": "santos", "abreviacao": "san", "id": 277, "nome": "santos"}, "partida_clube_casa": {"mercado": 1, "slug": "sport", "abreviacao": "spo", "id": 292, "nome": "sport"}}, {"status": "Prov\u00e1vel", "foto": null, "clube": {"mercado": 1, "slug": "cruzeiro", "abreviacao": "cru", "id": 283, "nome": "cruzeiro"}, "status_id": 7, "jogos": 2, "scout": [{"quantidade": 3, "nome": "FS"}, {"quantidade": 3, "nome": "PE"}, {"quantidade": 2, "nome": "RB"}, {"quantidade": 1, "nome": "FC"}, {"quantidade": 2, "nome": "FF"}], "preco": "5.70", "partida_data": "06/09/2015", "variacao": "0.75", "id": 80363, "media": "2.45", "pontos": "4.90", "apelido": "Ariel Cabral", "posicao": {"abreviacao": "MEI", "id": 4, "nome": "Meia"}, "partida_clube_visitante": {"mercado": 1, "slug": "figueirense", "abreviacao": "fig", "id": 316, "nome": "figueirense"}, "partida_clube_casa": {"mercado": 1, "slug": "cruzeiro", "abreviacao": "cru", "id": 283, "nome": "cruzeiro"}}, {"status": "Prov\u00e1vel", "foto": "http://s.glbimg.com/es/sde/f/2015/01/15/b5ffce23287da56bd68726adecbacfa0_FORMATO.jpeg", "clube": {"mercado": 1, "slug": "fluminense", "abreviacao": "flu", "id": 266, "nome": "fluminense"}, "status_id": 7, "jogos": 7, "scout": [{"quantidade": 2, "nome": "SG"}, {"quantidade": 5, "nome": "FS"}, {"quantidade": 18, "nome": "PE"}, {"quantidade": 1, "nome": "A"}, {"quantidade": 1, "nome": "I"}, {"quantidade": 8, "nome": "RB"}, {"quantidade": 6, "nome": "FC"}, {"quantidade": 3, "nome": "CA"}, {"quantidade": 1, "nome": "FF"}], "preco": "5.70", "partida_data": "06/09/2015", "variacao": "-0.19", "id": 38365, "media": "2.41", "pontos": "2.30", "apelido": "Henrique", "posicao": {"abreviacao": "ZAG", "id": 3, "nome": "Zagueiro"}, "partida_clube_visitante": {"mercado": 1, "slug": "flamengo", "abreviacao": "fla", "id": 262, "nome": "flamengo"}, "partida_clube_casa": {"mercado": 1, "slug": "fluminense", "abreviacao": "flu", "id": 266, "nome": "fluminense"}}, {"status": "Nulo", "foto": "http://s.glbimg.com/es/sde/f/2015/07/22/d40cf87503ca2a8a5c653f696649cc61_FORMATO.jpeg", "clube": {"mercado": 1, "slug": "coritiba", "abreviacao": "cor", "id": 294, "nome": "coritiba"}, "status_id": 6, "jogos": 1, "scout": [{"quantidade": 2, "nome": "FS"}, {"quantidade": 4, "nome": "PE"}, {"quantidade": 1, "nome": "FC"}], "preco": "5.66", "partida_data": "06/09/2015", "variacao": "0.00", "id": 40179, "media": "-0.70", "pontos": "0.00", "apelido": "Kleber", "posicao": {"abreviacao": "ATA", "id": 5, "nome": "Atacante"}, "partida_clube_visitante": {"mercado": 1, "slug": "coritiba", "abreviacao": "cor", "id": 294, "nome": "coritiba"}, "partida_clube_casa": {"mercado": 1, "slug": "avai", "abreviacao": "ava", "id": 314, "nome": "ava\u00ed"}}, {"status": "Nulo", "foto": "http://s.glbimg.com/es/sde/f/2015/07/21/d4389dc8bf250519b5801f0a93a07876_FORMATO.jpeg", "clube": {"mercado": 1, "slug": "internacional", "abreviacao": "int", "id": 285, "nome": "internacional"}, "status_id": 6, "jogos": 12, "scout": [{"quantidade": 11, "nome": "FS"}, {"quantidade": 22, "nome": "PE"}, {"quantidade": 19, "nome": "RB"}, {"quantidade": 18, "nome": "FC"}, {"quantidade": 3, "nome": "CA"}], "preco": "5.62", "partida_data": "05/09/2015", "variacao": "0.00", "id": 73750, "media": "1.35", "pontos": "0.00", "apelido": "Nicol\u00e1s Freitas", "posicao": {"abreviacao": "MEI", "id": 4, "nome": "Meia"}, "partida_clube_visitante": {"mercado": 1, "slug": "internacional", "abreviacao": "int", "id": 285, "nome": "internacional"}, "partida_clube_casa": {"mercado": 1, "slug": "sao-paulo", "abreviacao": "sao", "id": 276, "nome": "s\u00e3o paulo"}}, {"status": "Nulo", "foto": "http://s.glbimg.com/es/sde/f/2013/02/07/43be18781ff9f949defafa6e8a358663_FORMATO.jpeg", "clube": {"mercado": 1, "slug": "joinville", "abreviacao": "jec", "id": 317, "nome": "joinville"}, "status_id": 6, "jogos": 2, "scout": [{"quantidade": 1, "nome": "FS"}, {"quantidade": 3, "nome": "PE"}, {"quantidade": 1, "nome": "I"}, {"quantidade": 2, "nome": "RB"}, {"quantidade": 2, "nome": "FC"}], "preco": "5.62", "partida_data": "05/09/2015", "variacao": "0.00", "id": 70928, "media": "0.75", "pontos": "0.00", "apelido": "William Henrique", "posicao": {"abreviacao": "ATA", "id": 5, "nome": "Atacante"}, "partida_clube_visitante": {"mercado": 1, "slug": "joinville", "abreviacao": "jec", "id": 317, "nome": "joinville"}, "partida_clube_casa": {"mercado": 1, "slug": "atletico-pr", "abreviacao": "atl", "id": 293, "nome": "atl\u00e9tico-pr"}}, {"status": "Prov\u00e1vel", "foto": "http://s.glbimg.com/es/sde/f/2015/07/21/6173f1d830bd09c60fe858abaf3ded5b_FORMATO.jpeg", "clube": {"mercado": 1, "slug": "ponte-preta", "abreviacao": "pon", "id": 303, "nome": "ponte preta"}, "status_id": 7, "jogos": 1, "scout": [{"quantidade": 3, "nome": "FS"}, {"quantidade": 3, "nome": "PE"}, {"quantidade": 2, "nome": "FC"}], "preco": "5.61", "partida_data": "06/09/2015", "variacao": "-1.39", "id": 72039, "media": "-0.40", "pontos": "-0.40", "apelido": "Ferron", "posicao": {"abreviacao": "ZAG", "id": 3, "nome": "Zagueiro"}, "partida_clube_visitante": {"mercado": 1, "slug": "ponte-preta", "abreviacao": "pon", "id": 303, "nome": "ponte preta"}, "partida_clube_casa": {"mercado": 1, "slug": "chapecoense", "abreviacao": "cha", "id": 315, "nome": "chapecoense"}}, {"status": "Nulo", "foto": "http://s.glbimg.com/es/sde/f/2015/07/22/10fc0d7b3fcbc85910197e98bea6020f_FORMATO.png", "clube": {"mercado": 1, "slug": "vasco", "abreviacao": "vas", "id": 267, "nome": "vasco"}, "status_id": 6, "jogos": 3, "scout": [{"quantidade": 4, "nome": "FS"}, {"quantidade": 9, "nome": "PE"}, {"quantidade": 6, "nome": "RB"}, {"quantidade": 2, "nome": "FC"}, {"quantidade": 1, "nome": "CA"}], "preco": "5.60", "partida_data": "05/09/2015", "variacao": "0.00", "id": 37627, "media": "2.17", "pontos": "0.00", "apelido": "Diguinho", "posicao": {"abreviacao": "MEI", "id": 4, "nome": "Meia"}, "partida_clube_visitante": {"mercado": 1, "slug": "atletico-mg", "abreviacao": "atl", "id": 282, "nome": "atl\u00e9tico-mg"}, "partida_clube_casa": {"mercado": 1, "slug": "vasco", "abreviacao": "vas", "id": 267, "nome": "vasco"}}, {"status": "Nulo", "foto": "http://s.glbimg.com/es/sde/f/2015/01/15/32c31718c887a86cec0c576b8ce9ce93_FORMATO.jpeg", "clube": {"mercado": 1, "slug": "corinthians", "abreviacao": "cor", "id": 264, "nome": "corinthians"}, "status_id": 6, "jogos": 2, "scout": [{"quantidade": 1, "nome": "SG"}, {"quantidade": 2, "nome": "FC"}], "preco": "5.57", "partida_data": "06/09/2015", "variacao": "0.00", "id": 77500, "media": "2.00", "pontos": "0.00", "apelido": "Yago", "posicao": {"abreviacao": "ZAG", "id": 3, "nome": "Zagueiro"}, "partida_clube_visitante": {"mercado": 1, "slug": "corinthians", "abreviacao": "cor", "id": 264, "nome": "corinthians"}, "partida_clube_casa": {"mercado": 1, "slug": "palmeiras", "abreviacao": "pal", "id": 275, "nome": "palmeiras"}}, {"status": "Prov\u00e1vel", "foto": "http://s.glbimg.com/es/sde/f/2013/04/24/fffeadb7d15c2644aa11a2524d2c059b_FORMATO.jpeg", "clube": {"mercado": 1, "slug": "ponte-preta", "abreviacao": "pon", "id": 303, "nome": "ponte preta"}, "status_id": 7, "jogos": 5, "scout": [{"quantidade": 1, "nome": "FS"}, {"quantidade": 15, "nome": "PE"}, {"quantidade": 15, "nome": "RB"}, {"quantidade": 7, "nome": "FC"}, {"quantidade": 1, "nome": "CA"}, {"quantidade": 2, "nome": "FF"}, {"quantidade": 2, "nome": "FD"}], "preco": "5.53", "partida_data": "06/09/2015", "variacao": "-0.48", "id": 71719, "media": "3.88", "pontos": "1.90", "apelido": "Elton", "posicao": {"abreviacao": "MEI", "id": 4, "nome": "Meia"}, "partida_clube_visitante": {"mercado": 1, "slug": "ponte-preta", "abreviacao": "pon", "id": 303, "nome": "ponte preta"}, "partida_clube_casa": {"mercado": 1, "slug": "chapecoense", "abreviacao": "cha", "id": 315, "nome": "chapecoense"}}, {"status": "Contundido", "foto": "http://s.glbimg.com/es/sde/f/2015/01/15/5557bcb64c179eea26d2688734817956_FORMATO.jpeg", "clube": {"mercado": 1, "slug": "gremio", "abreviacao": "gre", "id": 284, "nome": "gr\u00eamio"}, "status_id": 5, "jogos": 19, "scout": [{"quantidade": 10, "nome": "FS"}, {"quantidade": 56, "nome": "PE"}, {"quantidade": 1, "nome": "A"}, {"quantidade": 1, "nome": "G"}, {"quantidade": 1, "nome": "I"}, {"quantidade": 33, "nome": "RB"}, {"quantidade": 30, "nome": "FC"}, {"quantidade": 4, "nome": "CA"}, {"quantidade": 5, "nome": "FF"}, {"quantidade": 4, "nome": "FD"}], "preco": "5.53", "partida_data": "06/09/2015", "variacao": "0.00", "id": 38196, "media": "2.17", "pontos": "0.00", "apelido": "Maicon", "posicao": {"abreviacao": "MEI", "id": 4, "nome": "Meia"}, "partida_clube_visitante": {"mercado": 1, "slug": "goias", "abreviacao": "goi", "id": 290, "nome": "goi\u00e1s"}, "partida_clube_casa": {"mercado": 1, "slug": "gremio", "abreviacao": "gre", "id": 284, "nome": "gr\u00eamio"}}, {"status": "Nulo", "foto": "http://s.glbimg.com/es/sde/f/2015/07/22/53740a7b3ad4d0002b4edd9293f18acd_FORMATO.jpeg", "clube": {"mercado": 1, "slug": "goias", "abreviacao": "goi", "id": 290, "nome": "goi\u00e1s"}, "status_id": 6, "jogos": 4, "scout": [{"quantidade": 4, "nome": "PE"}, {"quantidade": 2, "nome": "RB"}, {"quantidade": 2, "nome": "FC"}, {"quantidade": 1, "nome": "FF"}, {"quantidade": 2, "nome": "FD"}], "preco": "5.48", "partida_data": "06/09/2015", "variacao": "0.00", "id": 71381, "media": "0.98", "pontos": "0.00", "apelido": "Ruan", "posicao": {"abreviacao": "ATA", "id": 5, "nome": "Atacante"}, "partida_clube_visitante": {"mercado": 1, "slug": "goias", "abreviacao": "goi", "id": 290, "nome": "goi\u00e1s"}, "partida_clube_casa": {"mercado": 1, "slug": "gremio", "abreviacao": "gre", "id": 284, "nome": "gr\u00eamio"}}, {"status": "Nulo", "foto": "http://s.glbimg.com/es/sde/f/2015/01/19/b6f097d6f2184a02b07428f09ffd40bf_FORMATO.jpeg", "clube": {"mercado": 1, "slug": "palmeiras", "abreviacao": "pal", "id": 275, "nome": "palmeiras"}, "status_id": 6, "jogos": 2, "scout": [{"quantidade": 2, "nome": "FS"}, {"quantidade": 4, "nome": "PE"}, {"quantidade": 1, "nome": "RB"}, {"quantidade": 1, "nome": "FC"}, {"quantidade": 2, "nome": "FF"}], "preco": "5.46", "partida_data": "06/09/2015", "variacao": "-0.78", "id": 71602, "media": "1.20", "pontos": "-0.20", "apelido": "Jo\u00e3o Paulo", "posicao": {"abreviacao": "LAT", "id": 2, "nome": "Lateral"}, "partida_clube_visitante": {"mercado": 1, "slug": "corinthians", "abreviacao": "cor", "id": 264, "nome": "corinthians"}, "partida_clube_casa": {"mercado": 1, "slug": "palmeiras", "abreviacao": "pal", "id": 275, "nome": "palmeiras"}}, {"status": "Nulo", "foto": "http://s.glbimg.com/es/sde/f/2015/07/21/d0fb689113c613e46b182da2e7f39520_FORMATO.jpeg", "clube": {"mercado": 1, "slug": "chapecoense", "abreviacao": "cha", "id": 315, "nome": "chapecoense"}, "status_id": 6, "jogos": 16, "scout": [{"quantidade": 23, "nome": "FS"}, {"quantidade": 31, "nome": "PE"}, {"quantidade": 1, "nome": "A"}, {"quantidade": 1, "nome": "I"}, {"quantidade": 19, "nome": "RB"}, {"quantidade": 20, "nome": "FC"}, {"quantidade": 4, "nome": "CA"}, {"quantidade": 9, "nome": "FF"}, {"quantidade": 2, "nome": "FD"}], "preco": "5.46", "partida_data": "06/09/2015", "variacao": "2.20", "id": 90872, "media": "1.83", "pontos": "11.00", "apelido": "Wagner", "posicao": {"abreviacao": "MEI", "id": 4, "nome": "Meia"}, "partida_clube_visitante": {"mercado": 1, "slug": "ponte-preta", "abreviacao": "pon", "id": 303, "nome": "ponte preta"}, "partida_clube_casa": {"mercado": 1, "slug": "chapecoense", "abreviacao": "cha", "id": 315, "nome": "chapecoense"}}]}