{"rodada_id": 10, "page": {"atual": "10", "total": "41"}, "atleta": [{"status": "Prov\u00e1vel", "foto": "http://s.glbimg.com/es/sde/f/2011/09/21/73023ecad6834318792698e5cb28a4ce_FORMATO.jpeg", "clube": {"mercado": 1, "slug": "joinville", "abreviacao": "jec", "id": 317, "nome": "joinville"}, "status_id": 7, "jogos": 9, "scout": [{"quantidade": 1, "nome": "SG"}, {"quantidade": 5, "nome": "FS"}, {"quantidade": 9, "nome": "PE"}, {"quantidade": 12, "nome": "RB"}, {"quantidade": 7, "nome": "FC"}, {"quantidade": 1, "nome": "CA"}], "preco": "9.29", "partida_data": "01/07/2015", "variacao": "0.31", "id": 73528, "media": "2.19", "pontos": "2.50", "apelido": "Guti", "posicao": {"abreviacao": "ZAG", "id": 3, "nome": "Zagueiro"}, "partida_clube_visitante": {"mercado": 1, "slug": "flamengo", "abreviacao": "fla", "id": 262, "nome": "flamengo"}, "partida_clube_casa": {"mercado": 1, "slug": "joinville", "abreviacao": "jec", "id": 317, "nome": "joinville"}}, {"status": "D\u00favida", "foto": "http://s.glbimg.com/es/sde/f/2015/01/15/8502f4569812f7225718bfa11d452ce5_FORMATO.jpeg", "clube": {"mercado": 1, "slug": "coritiba", "abreviacao": "cor", "id": 294, "nome": "coritiba"}, "status_id": 2, "jogos": 5, "scout": [{"quantidade": 8, "nome": "FS"}, {"quantidade": 18, "nome": "PE"}, {"quantidade": 1, "nome": "FT"}, {"quantidade": 1, "nome": "G"}, {"quantidade": 2, "nome": "I"}, {"quantidade": 2, "nome": "RB"}, {"quantidade": 12, "nome": "FC"}, {"quantidade": 1, "nome": "CV"}, {"quantidade": 2, "nome": "FF"}, {"quantidade": 2, "nome": "FD"}], "preco": "9.27", "partida_data": "01/07/2015", "variacao": "0.00", "id": 38279, "media": "0.98", "pontos": "0.00", "apelido": "Wellington Paulista", "posicao": {"abreviacao": "ATA", "id": 5, "nome": "Atacante"}, "partida_clube_visitante": {"mercado": 1, "slug": "coritiba", "abreviacao": "cor", "id": 294, "nome": "coritiba"}, "partida_clube_casa": {"mercado": 1, "slug": "atletico-mg", "abreviacao": "atl", "id": 282, "nome": "atl\u00e9tico-mg"}}, {"status": "Prov\u00e1vel", "foto": "http://s.glbimg.com/es/sde/f/2010/11/12/71377f94cc5c56199d7cd9be06cfd2a1_FORMATO.jpeg", "clube": {"mercado": 1, "slug": "gremio", "abreviacao": "gre", "id": 284, "nome": "gr\u00eamio"}, "status_id": 7, "jogos": 6, "scout": [{"quantidade": 2, "nome": "SG"}, {"quantidade": 14, "nome": "FS"}, {"quantidade": 15, "nome": "PE"}, {"quantidade": 1, "nome": "A"}, {"quantidade": 1, "nome": "FT"}, {"quantidade": 2, "nome": "I"}, {"quantidade": 7, "nome": "RB"}, {"quantidade": 12, "nome": "FC"}, {"quantidade": 3, "nome": "CA"}, {"quantidade": 3, "nome": "FF"}, {"quantidade": 3, "nome": "FD"}], "preco": "9.23", "partida_data": "01/07/2015", "variacao": "0.00", "id": 68821, "media": "4.17", "pontos": "0.00", "apelido": "Rafael Galhardo", "posicao": {"abreviacao": "LAT", "id": 2, "nome": "Lateral"}, "partida_clube_visitante": {"mercado": 1, "slug": "cruzeiro", "abreviacao": "cru", "id": 283, "nome": "cruzeiro"}, "partida_clube_casa": {"mercado": 1, "slug": "gremio", "abreviacao": "gre", "id": 284, "nome": "gr\u00eamio"}}, {"status": "Prov\u00e1vel", "foto": "http://s.glbimg.com/es/sde/f/2010/11/12/c7a05763474b38e3d4aa547ec48eba96_FORMATO.jpeg", "clube": {"mercado": 1, "slug": "internacional", "abreviacao": "int", "id": 285, "nome": "internacional"}, "status_id": 7, "jogos": 4, "scout": [{"quantidade": 3, "nome": "FS"}, {"quantidade": 9, "nome": "PE"}, {"quantidade": 1, "nome": "A"}, {"quantidade": 1, "nome": "RB"}, {"quantidade": 2, "nome": "FC"}, {"quantidade": 3, "nome": "FF"}], "preco": "9.17", "partida_data": "01/07/2015", "variacao": "0.00", "id": 38573, "media": "1.65", "pontos": "0.00", "apelido": "Nilton", "posicao": {"abreviacao": "MEI", "id": 4, "nome": "Meia"}, "partida_clube_visitante": {"mercado": 1, "slug": "internacional", "abreviacao": "int", "id": 285, "nome": "internacional"}, "partida_clube_casa": {"mercado": 1, "slug": "sport", "abreviacao": "spo", "id": 292, "nome": "sport"}}, {"status": "Contundido", "foto": "http://s.glbimg.com/es/sde/f/2012/01/11/25a2d10ec0f2aa161578e340bf7763b8_FORMATO.jpeg", "clube": {"mercado": 1, "slug": "sport", "abreviacao": "spo", "id": 292, "nome": "sport"}, "status_id": 5, "jogos": 2, "scout": [{"quantidade": 1, "nome": "PE"}, {"quantidade": 1, "nome": "DD"}, {"quantidade": 2, "nome": "GS"}], "preco": "9.09", "partida_data": "01/07/2015", "variacao": "0.00", "id": 41218, "media": "-0.65", "pontos": "0.00", "apelido": "Magr\u00e3o", "posicao": {"abreviacao": "GOL", "id": 1, "nome": "Goleiro"}, "partida_clube_visitante": {"mercado": 1, "slug": "internacional", "abreviacao": "int", "id": 285, "nome": "internacional"}, "partida_clube_casa": {"mercado": 1, "slug": "sport", "abreviacao": "spo", "id": 292, "nome": "sport"}}, {"status": "Prov\u00e1vel", "foto": "http://s.glbimg.com/es/sde/f/2010/11/12/2783d253b7de18180782ff7832c0c6d2_FORMATO.jpeg", "clube": {"mercado": 1, "slug": "corinthians", "abreviacao": "cor", "id": 264, "nome": "corinthians"}, "status_id": 7, "jogos": 5, "scout": [{"quantidade": 1, "nome": "SG"}, {"quantidade": 8, "nome": "FS"}, {"quantidade": 18, "nome": "PE"}, {"quantidade": 6, "nome": "RB"}, {"quantidade": 7, "nome": "FC"}, {"quantidade": 1, "nome": "CV"}, {"quantidade": 1, "nome": "FF"}], "preco": "9.02", "partida_data": "02/07/2015", "variacao": "0.00", "id": 42500, "media": "1.20", "pontos": "0.00", "apelido": "Fagner", "posicao": {"abreviacao": "LAT", "id": 2, "nome": "Lateral"}, "partida_clube_visitante": {"mercado": 1, "slug": "ponte-preta", "abreviacao": "pon", "id": 303, "nome": "ponte preta"}, "partida_clube_casa": {"mercado": 1, "slug": "corinthians", "abreviacao": "cor", "id": 264, "nome": "corinthians"}}, {"status": "Nulo", "foto": "http://s.glbimg.com/es/sde/f/2010/11/17/2413e478d0a619ded19c8066da947a3b_FORMATO.jpeg", "clube": {"mercado": 1, "slug": "coritiba", "abreviacao": "cor", "id": 294, "nome": "coritiba"}, "status_id": 6, "jogos": 0, "scout": [], "preco": "9.00", "partida_data": "01/07/2015", "variacao": "0.00", "id": 50880, "media": "0.00", "pontos": "0.00", "apelido": "Keirrison", "posicao": {"abreviacao": "ATA", "id": 5, "nome": "Atacante"}, "partida_clube_visitante": {"mercado": 1, "slug": "coritiba", "abreviacao": "cor", "id": 294, "nome": "coritiba"}, "partida_clube_casa": {"mercado": 1, "slug": "atletico-mg", "abreviacao": "atl", "id": 282, "nome": "atl\u00e9tico-mg"}}, {"status": "Contundido", "foto": "http://s.glbimg.com/es/sde/f/2015/01/15/5d4ab7ebd31dcb5eb326bf3e1ee4fcf5_FORMATO.jpeg", "clube": {"mercado": 1, "slug": "sao-paulo", "abreviacao": "sao", "id": 276, "nome": "s\u00e3o paulo"}, "status_id": 5, "jogos": 0, "scout": [], "preco": "9.00", "partida_data": "01/07/2015", "variacao": "0.00", "id": 50347, "media": "0.00", "pontos": "0.00", "apelido": "Alan Kardec", "posicao": {"abreviacao": "ATA", "id": 5, "nome": "Atacante"}, "partida_clube_visitante": {"mercado": 1, "slug": "sao-paulo", "abreviacao": "sao", "id": 276, "nome": "s\u00e3o paulo"}, "partida_clube_casa": {"mercado": 1, "slug": "atletico-pr", "abreviacao": "atl", "id": 293, "nome": "atl\u00e9tico-pr"}}, {"status": "Contundido", "foto": "http://s.glbimg.com/es/sde/f/2012/05/24/91669391aaee66821de757ea33819c01_FORMATO.png", "clube": {"mercado": 1, "slug": "figueirense", "abreviacao": "fig", "id": 316, "nome": "figueirense"}, "status_id": 5, "jogos": 0, "scout": [], "preco": "9.00", "partida_data": "02/07/2015", "variacao": "0.00", "id": 72084, "media": "0.00", "pontos": "0.00", "apelido": "Fran\u00e7a", "posicao": {"abreviacao": "MEI", "id": 4, "nome": "Meia"}, "partida_clube_visitante": {"mercado": 1, "slug": "goias", "abreviacao": "goi", "id": 290, "nome": "goi\u00e1s"}, "partida_clube_casa": {"mercado": 1, "slug": "figueirense", "abreviacao": "fig", "id": 316, "nome": "figueirense"}}, {"status": "Prov\u00e1vel", "foto": "http://s.glbimg.com/es/sde/f/2015/04/05/4fd2e536dff4c78ae25d3ea68993a7fd_FORMATO.jpeg", "clube": {"mercado": 1, "slug": "santos", "abreviacao": "san", "id": 277, "nome": "santos"}, "status_id": 7, "jogos": 8, "scout": [], "preco": "8.93", "partida_data": "02/07/2015", "variacao": "-0.64", "id": 91274, "media": "3.11", "pontos": "0.99", "apelido": "Marcelo Fernandes", "posicao": {"abreviacao": "TEC", "id": 6, "nome": "T\u00e9cnico"}, "partida_clube_visitante": {"mercado": 1, "slug": "santos", "abreviacao": "san", "id": 277, "nome": "santos"}, "partida_clube_casa": {"mercado": 1, "slug": "fluminense", "abreviacao": "flu", "id": 266, "nome": "fluminense"}}, {"status": "Prov\u00e1vel", "foto": "http://s.glbimg.com/es/sde/f/2014/07/24/259ef04176ef71caa22df209bd63746c_FORMATO.jpeg", "clube": {"mercado": 1, "slug": "gremio", "abreviacao": "gre", "id": 284, "nome": "gr\u00eamio"}, "status_id": 7, "jogos": 8, "scout": [{"quantidade": 7, "nome": "FS"}, {"quantidade": 24, "nome": "PE"}, {"quantidade": 18, "nome": "RB"}, {"quantidade": 11, "nome": "FC"}, {"quantidade": 4, "nome": "CA"}, {"quantidade": 1, "nome": "FF"}, {"quantidade": 2, "nome": "FD"}], "preco": "8.88", "partida_data": "01/07/2015", "variacao": "0.61", "id": 88479, "media": "2.01", "pontos": "0.60", "apelido": "Walace", "posicao": {"abreviacao": "MEI", "id": 4, "nome": "Meia"}, "partida_clube_visitante": {"mercado": 1, "slug": "cruzeiro", "abreviacao": "cru", "id": 283, "nome": "cruzeiro"}, "partida_clube_casa": {"mercado": 1, "slug": "gremio", "abreviacao": "gre", "id": 284, "nome": "gr\u00eamio"}}, {"status": "Prov\u00e1vel", "foto": "http://s.glbimg.com/es/sde/f/2011/08/11/80ccba7af3c84c48ad435bacedf44ce5_FORMATO.jpeg", "clube": {"mercado": 1, "slug": "sport", "abreviacao": "spo", "id": 292, "nome": "sport"}, "status_id": 7, "jogos": 7, "scout": [{"quantidade": 3, "nome": "SG"}, {"quantidade": 2, "nome": "FS"}, {"quantidade": 4, "nome": "PE"}, {"quantidade": 10, "nome": "DD"}, {"quantidade": 5, "nome": "GS"}], "preco": "8.87", "partida_data": "01/07/2015", "variacao": "1.18", "id": 69051, "media": "4.97", "pontos": "4.00", "apelido": "Danilo Fernandes", "posicao": {"abreviacao": "GOL", "id": 1, "nome": "Goleiro"}, "partida_clube_visitante": {"mercado": 1, "slug": "internacional", "abreviacao": "int", "id": 285, "nome": "internacional"}, "partida_clube_casa": {"mercado": 1, "slug": "sport", "abreviacao": "spo", "id": 292, "nome": "sport"}}, {"status": "Prov\u00e1vel", "foto": "http://s.glbimg.com/es/sde/f/2015/03/04/6d0cf73c42c81f80606710f7ad3a5a26_FORMATO.png", "clube": {"mercado": 1, "slug": "atletico-pr", "abreviacao": "atl", "id": 293, "nome": "atl\u00e9tico-pr"}, "status_id": 7, "jogos": 9, "scout": [{"quantidade": 4, "nome": "SG"}, {"quantidade": 1, "nome": "FS"}, {"quantidade": 9, "nome": "PE"}, {"quantidade": 1, "nome": "FT"}, {"quantidade": 1, "nome": "I"}, {"quantidade": 2, "nome": "RB"}, {"quantidade": 9, "nome": "FC"}, {"quantidade": 1, "nome": "FF"}], "preco": "8.87", "partida_data": "01/07/2015", "variacao": "-0.31", "id": 37840, "media": "2.27", "pontos": "-1.10", "apelido": "Gustavo", "posicao": {"abreviacao": "ZAG", "id": 3, "nome": "Zagueiro"}, "partida_clube_visitante": {"mercado": 1, "slug": "sao-paulo", "abreviacao": "sao", "id": 276, "nome": "s\u00e3o paulo"}, "partida_clube_casa": {"mercado": 1, "slug": "atletico-pr", "abreviacao": "atl", "id": 293, "nome": "atl\u00e9tico-pr"}}, {"status": "Nulo", "foto": "http://s.glbimg.com/es/sde/f/2015/02/03/9bccd44ea5c30321b2f7e3ce33a25d93_FORMATO.jpeg", "clube": {"mercado": 1, "slug": "avai", "abreviacao": "ava", "id": 314, "nome": "ava\u00ed"}, "status_id": 6, "jogos": 5, "scout": [{"quantidade": 2, "nome": "FS"}, {"quantidade": 3, "nome": "PE"}, {"quantidade": 2, "nome": "G"}, {"quantidade": 1, "nome": "I"}, {"quantidade": 5, "nome": "RB"}, {"quantidade": 5, "nome": "FC"}, {"quantidade": 1, "nome": "CA"}, {"quantidade": 4, "nome": "FD"}], "preco": "8.83", "partida_data": "01/07/2015", "variacao": "0.00", "id": 71995, "media": "4.72", "pontos": "0.00", "apelido": "Hugo", "posicao": {"abreviacao": "ATA", "id": 5, "nome": "Atacante"}, "partida_clube_visitante": {"mercado": 1, "slug": "avai", "abreviacao": "ava", "id": 314, "nome": "ava\u00ed"}, "partida_clube_casa": {"mercado": 1, "slug": "vasco", "abreviacao": "vas", "id": 267, "nome": "vasco"}}, {"status": "D\u00favida", "foto": "http://s.glbimg.com/es/sde/f/2011/08/10/0df75c44c26ecf4fc2fb40db502718b3_FORMATO.jpeg", "clube": {"mercado": 1, "slug": "atletico-mg", "abreviacao": "atl", "id": 282, "nome": "atl\u00e9tico-mg"}, "status_id": 2, "jogos": 4, "scout": [{"quantidade": 1, "nome": "FS"}, {"quantidade": 6, "nome": "PE"}, {"quantidade": 3, "nome": "RB"}, {"quantidade": 2, "nome": "FC"}], "preco": "8.81", "partida_data": "01/07/2015", "variacao": "-0.57", "id": 51318, "media": "0.70", "pontos": "0.30", "apelido": "Leandro Donizete", "posicao": {"abreviacao": "MEI", "id": 4, "nome": "Meia"}, "partida_clube_visitante": {"mercado": 1, "slug": "coritiba", "abreviacao": "cor", "id": 294, "nome": "coritiba"}, "partida_clube_casa": {"mercado": 1, "slug": "atletico-mg", "abreviacao": "atl", "id": 282, "nome": "atl\u00e9tico-mg"}}, {"status": "Prov\u00e1vel", "foto": "http://s.glbimg.com/es/sde/f/2015/06/30/a409f5e3db66cbec894885dc6ac11c7f_FORMATO.jpeg", "clube": {"mercado": 1, "slug": "flamengo", "abreviacao": "fla", "id": 262, "nome": "flamengo"}, "status_id": 7, "jogos": 5, "scout": [{"quantidade": 8, "nome": "FS"}, {"quantidade": 9, "nome": "PE"}, {"quantidade": 3, "nome": "I"}, {"quantidade": 1, "nome": "RB"}, {"quantidade": 5, "nome": "FC"}, {"quantidade": 1, "nome": "CA"}, {"quantidade": 1, "nome": "FF"}], "preco": "8.80", "partida_data": "01/07/2015", "variacao": "-0.30", "id": 68744, "media": "-0.46", "pontos": "-0.70", "apelido": "Emerson", "posicao": {"abreviacao": "ATA", "id": 5, "nome": "Atacante"}, "partida_clube_visitante": {"mercado": 1, "slug": "flamengo", "abreviacao": "fla", "id": 262, "nome": "flamengo"}, "partida_clube_casa": {"mercado": 1, "slug": "joinville", "abreviacao": "jec", "id": 317, "nome": "joinville"}}, {"status": "Prov\u00e1vel", "foto": "http://s.glbimg.com/es/sde/f/2014/12/20/92326fbbdb0bf255032e4e6f52de5174_FORMATO.jpeg", "clube": {"mercado": 1, "slug": "gremio", "abreviacao": "gre", "id": 284, "nome": "gr\u00eamio"}, "status_id": 7, "jogos": 8, "scout": [{"quantidade": 2, "nome": "SG"}, {"quantidade": 16, "nome": "FS"}, {"quantidade": 18, "nome": "PE"}, {"quantidade": 1, "nome": "A"}, {"quantidade": 1, "nome": "G"}, {"quantidade": 2, "nome": "I"}, {"quantidade": 6, "nome": "RB"}, {"quantidade": 15, "nome": "FC"}, {"quantidade": 3, "nome": "CA"}, {"quantidade": 2, "nome": "FF"}, {"quantidade": 1, "nome": "FD"}], "preco": "8.79", "partida_data": "01/07/2015", "variacao": "0.00", "id": 50328, "media": "2.96", "pontos": "0.00", "apelido": "Marcelo Oliveira", "posicao": {"abreviacao": "LAT", "id": 2, "nome": "Lateral"}, "partida_clube_visitante": {"mercado": 1, "slug": "cruzeiro", "abreviacao": "cru", "id": 283, "nome": "cruzeiro"}, "partida_clube_casa": {"mercado": 1, "slug": "gremio", "abreviacao": "gre", "id": 284, "nome": "gr\u00eamio"}}, {"status": "Prov\u00e1vel", "foto": "http://s.glbimg.com/es/sde/f/2011/10/01/230c4ed34654b665fad2799c141d2a5b_FORMATO.jpeg", "clube": {"mercado": 1, "slug": "flamengo", "abreviacao": "fla", "id": 262, "nome": "flamengo"}, "status_id": 7, "jogos": 6, "scout": [], "preco": "8.75", "partida_data": "01/07/2015", "variacao": "-0.10", "id": 60752, "media": "2.05", "pontos": "0.99", "apelido": "Crist\u00f3v\u00e3o Borges", "posicao": {"abreviacao": "TEC", "id": 6, "nome": "T\u00e9cnico"}, "partida_clube_visitante": {"mercado": 1, "slug": "flamengo", "abreviacao": "fla", "id": 262, "nome": "flamengo"}, "partida_clube_casa": {"mercado": 1, "slug": "joinville", "abreviacao": "jec", "id": 317, "nome": "joinville"}}, {"status": "Prov\u00e1vel", "foto": "http://s.glbimg.com/es/sde/f/2015/05/07/3e6ff80f382512abf9a089c6483515ae_FORMATO.jpeg", "clube": {"mercado": 1, "slug": "ponte-preta", "abreviacao": "pon", "id": 303, "nome": "ponte preta"}, "status_id": 7, "jogos": 8, "scout": [{"quantidade": 3, "nome": "SG"}, {"quantidade": 10, "nome": "FS"}, {"quantidade": 10, "nome": "PE"}, {"quantidade": 1, "nome": "I"}, {"quantidade": 12, "nome": "RB"}, {"quantidade": 15, "nome": "FC"}, {"quantidade": 3, "nome": "CA"}, {"quantidade": 2, "nome": "FF"}, {"quantidade": 2, "nome": "FD"}], "preco": "8.63", "partida_data": "02/07/2015", "variacao": "0.63", "id": 69165, "media": "3.35", "pontos": "5.00", "apelido": "Pablo", "posicao": {"abreviacao": "ZAG", "id": 3, "nome": "Zagueiro"}, "partida_clube_visitante": {"mercado": 1, "slug": "ponte-preta", "abreviacao": "pon", "id": 303, "nome": "ponte preta"}, "partida_clube_casa": {"mercado": 1, "slug": "corinthians", "abreviacao": "cor", "id": 264, "nome": "corinthians"}}, {"status": "Nulo", "foto": "http://s.glbimg.com/es/sde/f/2015/01/15/441285c9c42cde560b3e6b7d8fdd7588_FORMATO.jpeg", "clube": {"mercado": 1, "slug": "corinthians", "abreviacao": "cor", "id": 264, "nome": "corinthians"}, "status_id": 6, "jogos": 5, "scout": [{"quantidade": 13, "nome": "FS"}, {"quantidade": 13, "nome": "PE"}, {"quantidade": 1, "nome": "G"}, {"quantidade": 2, "nome": "I"}, {"quantidade": 2, "nome": "RB"}, {"quantidade": 6, "nome": "FC"}, {"quantidade": 2, "nome": "FF"}], "preco": "8.58", "partida_data": "02/07/2015", "variacao": "0.00", "id": 88323, "media": "2.28", "pontos": "0.00", "apelido": "\u00c1ngel Romero", "posicao": {"abreviacao": "ATA", "id": 5, "nome": "Atacante"}, "partida_clube_visitante": {"mercado": 1, "slug": "ponte-preta", "abreviacao": "pon", "id": 303, "nome": "ponte preta"}, "partida_clube_casa": {"mercado": 1, "slug": "corinthians", "abreviacao": "cor", "id": 264, "nome": "corinthians"}}]}