{"rodada_id": 10, "page": {"atual": "17", "total": "41"}, "atleta": [{"status": "Nulo", "foto": "http://s.glbimg.com/es/sde/f/2012/12/20/88d11c1128a2c109c363fcbbc37c9ece_FORMATO.jpeg", "clube": {"mercado": 1, "slug": "sport", "abreviacao": "spo", "id": 292, "nome": "sport"}, "status_id": 6, "jogos": 0, "scout": [], "preco": "6.00", "partida_data": "01/07/2015", "variacao": "0.00", "id": 81952, "media": "0.00", "pontos": "0.00", "apelido": "Willian", "posicao": {"abreviacao": "MEI", "id": 4, "nome": "Meia"}, "partida_clube_visitante": {"mercado": 1, "slug": "internacional", "abreviacao": "int", "id": 285, "nome": "internacional"}, "partida_clube_casa": {"mercado": 1, "slug": "sport", "abreviacao": "spo", "id": 292, "nome": "sport"}}, {"status": "Nulo", "foto": "http://s.glbimg.com/es/sde/f/2015/01/15/60166331e9ffc63419f453a00742516d_FORMATO.jpeg", "clube": {"mercado": 1, "slug": "corinthians", "abreviacao": "cor", "id": 264, "nome": "corinthians"}, "status_id": 6, "jogos": 0, "scout": [], "preco": "6.00", "partida_data": "02/07/2015", "variacao": "0.00", "id": 51413, "media": "0.00", "pontos": "0.00", "apelido": "Walter", "posicao": {"abreviacao": "GOL", "id": 1, "nome": "Goleiro"}, "partida_clube_visitante": {"mercado": 1, "slug": "ponte-preta", "abreviacao": "pon", "id": 303, "nome": "ponte preta"}, "partida_clube_casa": {"mercado": 1, "slug": "corinthians", "abreviacao": "cor", "id": 264, "nome": "corinthians"}}, {"status": "Nulo", "foto": "http://s.glbimg.com/es/sde/f/2015/01/08/9e6abca2e6a30df89df9bfb204b90929_FORMATO.jpeg", "clube": {"mercado": 1, "slug": "fluminense", "abreviacao": "flu", "id": 266, "nome": "fluminense"}, "status_id": 6, "jogos": 0, "scout": [], "preco": "6.00", "partida_data": "02/07/2015", "variacao": "0.00", "id": 71090, "media": "0.00", "pontos": "0.00", "apelido": "Jo\u00e3o Filipe", "posicao": {"abreviacao": "ZAG", "id": 3, "nome": "Zagueiro"}, "partida_clube_visitante": {"mercado": 1, "slug": "santos", "abreviacao": "san", "id": 277, "nome": "santos"}, "partida_clube_casa": {"mercado": 1, "slug": "fluminense", "abreviacao": "flu", "id": 266, "nome": "fluminense"}}, {"status": "Nulo", "foto": "http://s.glbimg.com/es/sde/f/2012/09/04/ca417c49f8513c97178a4b7f3cb8c0dc_FORMATO.jpeg", "clube": {"mercado": 1, "slug": "flamengo", "abreviacao": "fla", "id": 262, "nome": "flamengo"}, "status_id": 6, "jogos": 0, "scout": [], "preco": "6.00", "partida_data": "01/07/2015", "variacao": "0.00", "id": 80913, "media": "0.00", "pontos": "0.00", "apelido": "Nixon", "posicao": {"abreviacao": "ATA", "id": 5, "nome": "Atacante"}, "partida_clube_visitante": {"mercado": 1, "slug": "flamengo", "abreviacao": "fla", "id": 262, "nome": "flamengo"}, "partida_clube_casa": {"mercado": 1, "slug": "joinville", "abreviacao": "jec", "id": 317, "nome": "joinville"}}, {"status": "Contundido", "foto": "http://s.glbimg.com/es/sde/f/2015/01/15/2ef0f49bbdf5ebc114eb671aa81bdacf_FORMATO.jpeg", "clube": {"mercado": 1, "slug": "sao-paulo", "abreviacao": "sao", "id": 276, "nome": "s\u00e3o paulo"}, "status_id": 5, "jogos": 0, "scout": [], "preco": "6.00", "partida_data": "01/07/2015", "variacao": "0.00", "id": 85629, "media": "0.00", "pontos": "0.00", "apelido": "Daniel", "posicao": {"abreviacao": "MEI", "id": 4, "nome": "Meia"}, "partida_clube_visitante": {"mercado": 1, "slug": "sao-paulo", "abreviacao": "sao", "id": 276, "nome": "s\u00e3o paulo"}, "partida_clube_casa": {"mercado": 1, "slug": "atletico-pr", "abreviacao": "atl", "id": 293, "nome": "atl\u00e9tico-pr"}}, {"status": "Contundido", "foto": "http://s.glbimg.com/es/sde/f/2015/05/07/002b9fbc25e47b341dbae191340eb310_FORMATO.jpeg", "clube": {"mercado": 1, "slug": "ponte-preta", "abreviacao": "pon", "id": 303, "nome": "ponte preta"}, "status_id": 5, "jogos": 0, "scout": [], "preco": "6.00", "partida_data": "02/07/2015", "variacao": "0.00", "id": 62997, "media": "0.00", "pontos": "0.00", "apelido": "Jo\u00e3o Paulo", "posicao": {"abreviacao": "LAT", "id": 2, "nome": "Lateral"}, "partida_clube_visitante": {"mercado": 1, "slug": "ponte-preta", "abreviacao": "pon", "id": 303, "nome": "ponte preta"}, "partida_clube_casa": {"mercado": 1, "slug": "corinthians", "abreviacao": "cor", "id": 264, "nome": "corinthians"}}, {"status": "Nulo", "foto": "http://s.glbimg.com/es/sde/f/2011/09/21/b8b3d4e60fc956837d9ac0bc032e8e31_FORMATO.jpeg", "clube": {"mercado": 1, "slug": "sao-paulo", "abreviacao": "sao", "id": 276, "nome": "s\u00e3o paulo"}, "status_id": 6, "jogos": 3, "scout": [{"quantidade": 3, "nome": "FS"}, {"quantidade": 8, "nome": "PE"}, {"quantidade": 1, "nome": "A"}, {"quantidade": 1, "nome": "RB"}, {"quantidade": 4, "nome": "FC"}, {"quantidade": 1, "nome": "FF"}], "preco": "5.90", "partida_data": "01/07/2015", "variacao": "0.00", "id": 73800, "media": "1.50", "pontos": "0.00", "apelido": "Rodrigo Caio", "posicao": {"abreviacao": "MEI", "id": 4, "nome": "Meia"}, "partida_clube_visitante": {"mercado": 1, "slug": "sao-paulo", "abreviacao": "sao", "id": 276, "nome": "s\u00e3o paulo"}, "partida_clube_casa": {"mercado": 1, "slug": "atletico-pr", "abreviacao": "atl", "id": 293, "nome": "atl\u00e9tico-pr"}}, {"status": "Prov\u00e1vel", "foto": "http://s.glbimg.com/es/sde/f/2015/01/15/5e526cc763aac6c7bee7b30a6d400e95_FORMATO.jpeg", "clube": {"mercado": 1, "slug": "corinthians", "abreviacao": "cor", "id": 264, "nome": "corinthians"}, "status_id": 7, "jogos": 7, "scout": [{"quantidade": 6, "nome": "FS"}, {"quantidade": 19, "nome": "PE"}, {"quantidade": 1, "nome": "FT"}, {"quantidade": 2, "nome": "I"}, {"quantidade": 10, "nome": "RB"}, {"quantidade": 11, "nome": "FC"}, {"quantidade": 1, "nome": "CA"}, {"quantidade": 5, "nome": "FF"}, {"quantidade": 4, "nome": "FD"}], "preco": "5.89", "partida_data": "02/07/2015", "variacao": "1.49", "id": 70944, "media": "2.40", "pontos": "7.40", "apelido": "Bruno Henrique", "posicao": {"abreviacao": "MEI", "id": 4, "nome": "Meia"}, "partida_clube_visitante": {"mercado": 1, "slug": "ponte-preta", "abreviacao": "pon", "id": 303, "nome": "ponte preta"}, "partida_clube_casa": {"mercado": 1, "slug": "corinthians", "abreviacao": "cor", "id": 264, "nome": "corinthians"}}, {"status": "Prov\u00e1vel", "foto": "http://s.glbimg.com/es/sde/f/2014/04/29/46ab2f6e72edf3048252d4786fdbb00c_FORMATO.jpeg", "clube": {"mercado": 1, "slug": "coritiba", "abreviacao": "cor", "id": 294, "nome": "coritiba"}, "status_id": 7, "jogos": 3, "scout": [{"quantidade": 3, "nome": "FS"}, {"quantidade": 10, "nome": "PE"}, {"quantidade": 3, "nome": "RB"}, {"quantidade": 3, "nome": "FC"}, {"quantidade": 1, "nome": "CA"}, {"quantidade": 1, "nome": "FF"}, {"quantidade": 1, "nome": "FD"}], "preco": "5.89", "partida_data": "01/07/2015", "variacao": "0.17", "id": 63283, "media": "0.60", "pontos": "1.60", "apelido": "Esquerdinha", "posicao": {"abreviacao": "MEI", "id": 4, "nome": "Meia"}, "partida_clube_visitante": {"mercado": 1, "slug": "coritiba", "abreviacao": "cor", "id": 294, "nome": "coritiba"}, "partida_clube_casa": {"mercado": 1, "slug": "atletico-mg", "abreviacao": "atl", "id": 282, "nome": "atl\u00e9tico-mg"}}, {"status": "D\u00favida", "foto": "http://s.glbimg.com/es/sde/f/2014/03/26/da26ad126c205d2fdc61d119b8d8e0df_FORMATO.jpeg", "clube": {"mercado": 1, "slug": "figueirense", "abreviacao": "fig", "id": 316, "nome": "figueirense"}, "status_id": 2, "jogos": 3, "scout": [{"quantidade": 3, "nome": "FS"}, {"quantidade": 5, "nome": "PE"}, {"quantidade": 4, "nome": "RB"}, {"quantidade": 5, "nome": "FC"}], "preco": "5.88", "partida_data": "02/07/2015", "variacao": "0.00", "id": 81950, "media": "1.43", "pontos": "0.00", "apelido": "Jefferson", "posicao": {"abreviacao": "MEI", "id": 4, "nome": "Meia"}, "partida_clube_visitante": {"mercado": 1, "slug": "goias", "abreviacao": "goi", "id": 290, "nome": "goi\u00e1s"}, "partida_clube_casa": {"mercado": 1, "slug": "figueirense", "abreviacao": "fig", "id": 316, "nome": "figueirense"}}, {"status": "Prov\u00e1vel", "foto": "http://s.glbimg.com/es/sde/f/2015/01/15/6f40c73de9deb0aa07bd9877b8803bf3_FORMATO.jpeg", "clube": {"mercado": 1, "slug": "gremio", "abreviacao": "gre", "id": 284, "nome": "gr\u00eamio"}, "status_id": 7, "jogos": 8, "scout": [{"quantidade": 1, "nome": "SG"}, {"quantidade": 9, "nome": "FS"}, {"quantidade": 16, "nome": "PE"}, {"quantidade": 2, "nome": "I"}, {"quantidade": 7, "nome": "RB"}, {"quantidade": 9, "nome": "FC"}, {"quantidade": 1, "nome": "CA"}, {"quantidade": 1, "nome": "FF"}], "preco": "5.86", "partida_data": "01/07/2015", "variacao": "-0.35", "id": 80853, "media": "1.23", "pontos": "1.50", "apelido": "Pedro Geromel", "posicao": {"abreviacao": "ZAG", "id": 3, "nome": "Zagueiro"}, "partida_clube_visitante": {"mercado": 1, "slug": "cruzeiro", "abreviacao": "cru", "id": 283, "nome": "cruzeiro"}, "partida_clube_casa": {"mercado": 1, "slug": "gremio", "abreviacao": "gre", "id": 284, "nome": "gr\u00eamio"}}, {"status": "Prov\u00e1vel", "foto": "http://s.glbimg.com/es/sde/f/2011/08/11/a8a17e81e417365dc8c50c6b57a430c9_FORMATO.jpeg", "clube": {"mercado": 1, "slug": "figueirense", "abreviacao": "fig", "id": 316, "nome": "figueirense"}, "status_id": 7, "jogos": 6, "scout": [{"quantidade": 1, "nome": "SG"}, {"quantidade": 4, "nome": "FS"}, {"quantidade": 25, "nome": "PE"}, {"quantidade": 14, "nome": "RB"}, {"quantidade": 13, "nome": "FC"}, {"quantidade": 3, "nome": "CA"}, {"quantidade": 2, "nome": "FF"}], "preco": "5.82", "partida_data": "02/07/2015", "variacao": "0.70", "id": 77529, "media": "2.03", "pontos": "2.00", "apelido": "Leandro Silva", "posicao": {"abreviacao": "LAT", "id": 2, "nome": "Lateral"}, "partida_clube_visitante": {"mercado": 1, "slug": "goias", "abreviacao": "goi", "id": 290, "nome": "goi\u00e1s"}, "partida_clube_casa": {"mercado": 1, "slug": "figueirense", "abreviacao": "fig", "id": 316, "nome": "figueirense"}}, {"status": "D\u00favida", "foto": "http://s.glbimg.com/es/sde/f/2015/01/28/6438511a19255f761ac1c1d3d0b8c479_FORMATO.png", "clube": {"mercado": 1, "slug": "figueirense", "abreviacao": "fig", "id": 316, "nome": "figueirense"}, "status_id": 2, "jogos": 3, "scout": [{"quantidade": 4, "nome": "FS"}, {"quantidade": 5, "nome": "PE"}, {"quantidade": 2, "nome": "G"}, {"quantidade": 1, "nome": "I"}, {"quantidade": 3, "nome": "FC"}, {"quantidade": 1, "nome": "FF"}], "preco": "5.81", "partida_data": "02/07/2015", "variacao": "1.59", "id": 87586, "media": "5.07", "pontos": "6.80", "apelido": "Thiago Santana", "posicao": {"abreviacao": "ATA", "id": 5, "nome": "Atacante"}, "partida_clube_visitante": {"mercado": 1, "slug": "goias", "abreviacao": "goi", "id": 290, "nome": "goi\u00e1s"}, "partida_clube_casa": {"mercado": 1, "slug": "figueirense", "abreviacao": "fig", "id": 316, "nome": "figueirense"}}, {"status": "Nulo", "foto": "http://s.glbimg.com/es/sde/f/2015/01/15/92346aa28e09c42d1b605a0ebee548c5_FORMATO.jpeg", "clube": {"mercado": 1, "slug": "flamengo", "abreviacao": "fla", "id": 262, "nome": "flamengo"}, "status_id": 6, "jogos": 2, "scout": [{"quantidade": 1, "nome": "FS"}, {"quantidade": 3, "nome": "PE"}, {"quantidade": 5, "nome": "RB"}, {"quantidade": 7, "nome": "FC"}, {"quantidade": 1, "nome": "CA"}, {"quantidade": 2, "nome": "FD"}], "preco": "5.81", "partida_data": "01/07/2015", "variacao": "0.00", "id": 69268, "media": "2.30", "pontos": "0.00", "apelido": "V\u00edctor C\u00e1ceres", "posicao": {"abreviacao": "MEI", "id": 4, "nome": "Meia"}, "partida_clube_visitante": {"mercado": 1, "slug": "flamengo", "abreviacao": "fla", "id": 262, "nome": "flamengo"}, "partida_clube_casa": {"mercado": 1, "slug": "joinville", "abreviacao": "jec", "id": 317, "nome": "joinville"}}, {"status": "D\u00favida", "foto": "http://s.glbimg.com/es/sde/f/2014/02/14/9bc7feab792daf0936d33fd114a74469_FORMATO.jpeg", "clube": {"mercado": 1, "slug": "coritiba", "abreviacao": "cor", "id": 294, "nome": "coritiba"}, "status_id": 2, "jogos": 7, "scout": [{"quantidade": 1, "nome": "SG"}, {"quantidade": 12, "nome": "FS"}, {"quantidade": 13, "nome": "PE"}, {"quantidade": 1, "nome": "A"}, {"quantidade": 2, "nome": "I"}, {"quantidade": 8, "nome": "RB"}, {"quantidade": 15, "nome": "FC"}, {"quantidade": 3, "nome": "CA"}, {"quantidade": 1, "nome": "CV"}, {"quantidade": 1, "nome": "FD"}], "preco": "5.77", "partida_data": "01/07/2015", "variacao": "0.00", "id": 80374, "media": "1.03", "pontos": "0.00", "apelido": "Norberto ", "posicao": {"abreviacao": "LAT", "id": 2, "nome": "Lateral"}, "partida_clube_visitante": {"mercado": 1, "slug": "coritiba", "abreviacao": "cor", "id": 294, "nome": "coritiba"}, "partida_clube_casa": {"mercado": 1, "slug": "atletico-mg", "abreviacao": "atl", "id": 282, "nome": "atl\u00e9tico-mg"}}, {"status": "Nulo", "foto": "http://s.glbimg.com/es/sde/f/2015/03/04/54f91e92d13dca1de30fe3f6be0c1cf1_FORMATO.png", "clube": {"mercado": 1, "slug": "atletico-pr", "abreviacao": "atl", "id": 293, "nome": "atl\u00e9tico-pr"}, "status_id": 6, "jogos": 2, "scout": [{"quantidade": 2, "nome": "PE"}, {"quantidade": 1, "nome": "FF"}], "preco": "5.73", "partida_data": "01/07/2015", "variacao": "0.00", "id": 77579, "media": "0.05", "pontos": "0.00", "apelido": "Dellatorre", "posicao": {"abreviacao": "ATA", "id": 5, "nome": "Atacante"}, "partida_clube_visitante": {"mercado": 1, "slug": "sao-paulo", "abreviacao": "sao", "id": 276, "nome": "s\u00e3o paulo"}, "partida_clube_casa": {"mercado": 1, "slug": "atletico-pr", "abreviacao": "atl", "id": 293, "nome": "atl\u00e9tico-pr"}}, {"status": "Prov\u00e1vel", "foto": "http://s.glbimg.com/es/sde/f/2015/01/15/4d7aec67ca5f9387bf1d09fef14ba33c_FORMATO.jpeg", "clube": {"mercado": 1, "slug": "fluminense", "abreviacao": "flu", "id": 266, "nome": "fluminense"}, "status_id": 7, "jogos": 8, "scout": [{"quantidade": 10, "nome": "FS"}, {"quantidade": 35, "nome": "PE"}, {"quantidade": 1, "nome": "G"}, {"quantidade": 5, "nome": "RB"}, {"quantidade": 8, "nome": "FC"}, {"quantidade": 4, "nome": "CA"}, {"quantidade": 3, "nome": "FF"}, {"quantidade": 1, "nome": "FD"}], "preco": "5.72", "partida_data": "02/07/2015", "variacao": "0.81", "id": 37674, "media": "0.27", "pontos": "4.60", "apelido": "Wagner", "posicao": {"abreviacao": "MEI", "id": 4, "nome": "Meia"}, "partida_clube_visitante": {"mercado": 1, "slug": "santos", "abreviacao": "san", "id": 277, "nome": "santos"}, "partida_clube_casa": {"mercado": 1, "slug": "fluminense", "abreviacao": "flu", "id": 266, "nome": "fluminense"}}, {"status": "Nulo", "foto": "http://s.glbimg.com/es/sde/f/2012/04/04/0cda4aa3cf6534225a3408fd2f091e25_FORMATO.jpeg", "clube": {"mercado": 1, "slug": "sport", "abreviacao": "spo", "id": 292, "nome": "sport"}, "status_id": 6, "jogos": 7, "scout": [{"quantidade": 3, "nome": "FS"}, {"quantidade": 6, "nome": "PE"}, {"quantidade": 1, "nome": "A"}, {"quantidade": 1, "nome": "I"}, {"quantidade": 1, "nome": "RB"}, {"quantidade": 6, "nome": "FC"}, {"quantidade": 1, "nome": "CA"}, {"quantidade": 3, "nome": "FF"}], "preco": "5.71", "partida_data": "01/07/2015", "variacao": "-1.10", "id": 72389, "media": "0.43", "pontos": "-2.80", "apelido": "Mike", "posicao": {"abreviacao": "ATA", "id": 5, "nome": "Atacante"}, "partida_clube_visitante": {"mercado": 1, "slug": "internacional", "abreviacao": "int", "id": 285, "nome": "internacional"}, "partida_clube_casa": {"mercado": 1, "slug": "sport", "abreviacao": "spo", "id": 292, "nome": "sport"}}, {"status": "Nulo", "foto": "http://s.glbimg.com/es/sde/f/2014/05/20/f6e706d55aa8eaa45ec878adf47d5358_FORMATO.jpeg", "clube": {"mercado": 1, "slug": "vasco", "abreviacao": "vas", "id": 267, "nome": "vasco"}, "status_id": 6, "jogos": 7, "scout": [{"quantidade": 11, "nome": "FS"}, {"quantidade": 15, "nome": "PE"}, {"quantidade": 1, "nome": "FT"}, {"quantidade": 7, "nome": "RB"}, {"quantidade": 8, "nome": "FC"}, {"quantidade": 2, "nome": "CA"}, {"quantidade": 1, "nome": "FF"}, {"quantidade": 6, "nome": "FD"}], "preco": "5.69", "partida_data": "01/07/2015", "variacao": "-0.18", "id": 86725, "media": "2.15", "pontos": "0.20", "apelido": "Rafael Silva", "posicao": {"abreviacao": "ATA", "id": 5, "nome": "Atacante"}, "partida_clube_visitante": {"mercado": 1, "slug": "avai", "abreviacao": "ava", "id": 314, "nome": "ava\u00ed"}, "partida_clube_casa": {"mercado": 1, "slug": "vasco", "abreviacao": "vas", "id": 267, "nome": "vasco"}}, {"status": "Nulo", "foto": "http://s.glbimg.com/es/sde/f/2010/11/18/1e3fba2a4631a75a88c2821da483adb8_FORMATO.jpeg", "clube": {"mercado": 1, "slug": "coritiba", "abreviacao": "cor", "id": 294, "nome": "coritiba"}, "status_id": 6, "jogos": 1, "scout": [{"quantidade": 2, "nome": "FS"}, {"quantidade": 4, "nome": "PE"}, {"quantidade": 1, "nome": "FC"}], "preco": "5.66", "partida_data": "01/07/2015", "variacao": "-1.34", "id": 40179, "media": "-0.70", "pontos": "-0.70", "apelido": "Kleber", "posicao": {"abreviacao": "ATA", "id": 5, "nome": "Atacante"}, "partida_clube_visitante": {"mercado": 1, "slug": "coritiba", "abreviacao": "cor", "id": 294, "nome": "coritiba"}, "partida_clube_casa": {"mercado": 1, "slug": "atletico-mg", "abreviacao": "atl", "id": 282, "nome": "atl\u00e9tico-mg"}}]}