{"rodada_id": 10, "page": {"atual": "37", "total": "41"}, "atleta": [{"status": "Nulo", "foto": "http://s.glbimg.com/es/sde/f/2012/01/30/c8a3a1507a7c1f4111e8301446c78a0f_FORMATO.jpeg", "clube": {"mercado": 1, "slug": "atletico-pr", "abreviacao": "atl", "id": 293, "nome": "atl\u00e9tico-pr"}, "status_id": 6, "jogos": 0, "scout": [], "preco": "1.00", "partida_data": "01/07/2015", "variacao": "0.00", "id": 68907, "media": "0.00", "pontos": "0.00", "apelido": "Wellington", "posicao": {"abreviacao": "ZAG", "id": 3, "nome": "Zagueiro"}, "partida_clube_visitante": {"mercado": 1, "slug": "sao-paulo", "abreviacao": "sao", "id": 276, "nome": "s\u00e3o paulo"}, "partida_clube_casa": {"mercado": 1, "slug": "atletico-pr", "abreviacao": "atl", "id": 293, "nome": "atl\u00e9tico-pr"}}, {"status": "Nulo", "foto": "http://s.glbimg.com/es/sde/f/2013/08/27/4b128344675b3bf23a71cbb9068f2198_FORMATO.jpeg", "clube": {"mercado": 1, "slug": "palmeiras", "abreviacao": "pal", "id": 275, "nome": "palmeiras"}, "status_id": 6, "jogos": 0, "scout": [], "preco": "1.00", "partida_data": "01/07/2015", "variacao": "0.00", "id": 85083, "media": "0.00", "pontos": "0.00", "apelido": "Vin\u00edcius Silvestre", "posicao": {"abreviacao": "GOL", "id": 1, "nome": "Goleiro"}, "partida_clube_visitante": {"mercado": 1, "slug": "chapecoense", "abreviacao": "cha", "id": 315, "nome": "chapecoense"}, "partida_clube_casa": {"mercado": 1, "slug": "palmeiras", "abreviacao": "pal", "id": 275, "nome": "palmeiras"}}, {"status": "Nulo", "foto": "http://s.glbimg.com/es/sde/f/2015/02/23/1cab31511eaa41e7b5ba6f199ea165ac_FORMATO.jpeg", "clube": {"mercado": 1, "slug": "joinville", "abreviacao": "jec", "id": 317, "nome": "joinville"}, "status_id": 6, "jogos": 0, "scout": [], "preco": "1.00", "partida_data": "01/07/2015", "variacao": "0.00", "id": 90317, "media": "0.00", "pontos": "0.00", "apelido": "Matheus", "posicao": {"abreviacao": "GOL", "id": 1, "nome": "Goleiro"}, "partida_clube_visitante": {"mercado": 1, "slug": "flamengo", "abreviacao": "fla", "id": 262, "nome": "flamengo"}, "partida_clube_casa": {"mercado": 1, "slug": "joinville", "abreviacao": "jec", "id": 317, "nome": "joinville"}}, {"status": "Nulo", "foto": "http://s.glbimg.com/es/sde/f/2014/07/23/b90396ce55aacbd167383b9596528fe2_FORMATO.jpeg", "clube": {"mercado": 1, "slug": "palmeiras", "abreviacao": "pal", "id": 275, "nome": "palmeiras"}, "status_id": 6, "jogos": 0, "scout": [], "preco": "1.00", "partida_data": "01/07/2015", "variacao": "0.00", "id": 72290, "media": "0.00", "pontos": "0.00", "apelido": "Jailson", "posicao": {"abreviacao": "GOL", "id": 1, "nome": "Goleiro"}, "partida_clube_visitante": {"mercado": 1, "slug": "chapecoense", "abreviacao": "cha", "id": 315, "nome": "chapecoense"}, "partida_clube_casa": {"mercado": 1, "slug": "palmeiras", "abreviacao": "pal", "id": 275, "nome": "palmeiras"}}, {"status": "Nulo", "foto": "http://s.glbimg.com/es/sde/f/2014/02/10/b11c5edf65c0d23676384e25ccf27013_FORMATO.jpeg", "clube": {"mercado": 1, "slug": "joinville", "abreviacao": "jec", "id": 317, "nome": "joinville"}, "status_id": 6, "jogos": 0, "scout": [], "preco": "1.00", "partida_data": "01/07/2015", "variacao": "0.00", "id": 80335, "media": "0.00", "pontos": "0.00", "apelido": "Vitor", "posicao": {"abreviacao": "GOL", "id": 1, "nome": "Goleiro"}, "partida_clube_visitante": {"mercado": 1, "slug": "flamengo", "abreviacao": "fla", "id": 262, "nome": "flamengo"}, "partida_clube_casa": {"mercado": 1, "slug": "joinville", "abreviacao": "jec", "id": 317, "nome": "joinville"}}, {"status": "Nulo", "foto": "http://s.glbimg.com/es/sde/f/2013/02/26/30b4cb9caefacb502fc723d80adaf41a_FORMATO.jpeg", "clube": {"mercado": 1, "slug": "gremio", "abreviacao": "gre", "id": 284, "nome": "gr\u00eamio"}, "status_id": 6, "jogos": 0, "scout": [], "preco": "1.00", "partida_data": "01/07/2015", "variacao": "0.00", "id": 83048, "media": "0.00", "pontos": "0.00", "apelido": "Rafael Thyere", "posicao": {"abreviacao": "ZAG", "id": 3, "nome": "Zagueiro"}, "partida_clube_visitante": {"mercado": 1, "slug": "cruzeiro", "abreviacao": "cru", "id": 283, "nome": "cruzeiro"}, "partida_clube_casa": {"mercado": 1, "slug": "gremio", "abreviacao": "gre", "id": 284, "nome": "gr\u00eamio"}}, {"status": "Nulo", "foto": "http://s.glbimg.com/es/sde/f/2015/01/14/32a187dc06535c3c4dde77de918fa558_FORMATO.jpeg", "clube": {"mercado": 1, "slug": "joinville", "abreviacao": "jec", "id": 317, "nome": "joinville"}, "status_id": 6, "jogos": 0, "scout": [], "preco": "1.00", "partida_data": "01/07/2015", "variacao": "0.00", "id": 90320, "media": "0.00", "pontos": "0.00", "apelido": "Igor", "posicao": {"abreviacao": "ZAG", "id": 3, "nome": "Zagueiro"}, "partida_clube_visitante": {"mercado": 1, "slug": "flamengo", "abreviacao": "fla", "id": 262, "nome": "flamengo"}, "partida_clube_casa": {"mercado": 1, "slug": "joinville", "abreviacao": "jec", "id": 317, "nome": "joinville"}}, {"status": "Nulo", "foto": "http://s.glbimg.com/es/sde/f/2015/03/15/9cfdf781a87aea4251bea139e7ada7b3_FORMATO.jpeg", "clube": {"mercado": 1, "slug": "joinville", "abreviacao": "jec", "id": 317, "nome": "joinville"}, "status_id": 6, "jogos": 0, "scout": [], "preco": "1.00", "partida_data": "01/07/2015", "variacao": "0.00", "id": 90319, "media": "0.00", "pontos": "0.00", "apelido": "Andr\u00e9 Baumer", "posicao": {"abreviacao": "ZAG", "id": 3, "nome": "Zagueiro"}, "partida_clube_visitante": {"mercado": 1, "slug": "flamengo", "abreviacao": "fla", "id": 262, "nome": "flamengo"}, "partida_clube_casa": {"mercado": 1, "slug": "joinville", "abreviacao": "jec", "id": 317, "nome": "joinville"}}, {"status": "Nulo", "foto": null, "clube": {"mercado": 1, "slug": "vasco", "abreviacao": "vas", "id": 267, "nome": "vasco"}, "status_id": 6, "jogos": 0, "scout": [], "preco": "1.00", "partida_data": "01/07/2015", "variacao": "0.00", "id": 92057, "media": "0.00", "pontos": "0.00", "apelido": "Gabriel F\u00e9lix", "posicao": {"abreviacao": "GOL", "id": 1, "nome": "Goleiro"}, "partida_clube_visitante": {"mercado": 1, "slug": "avai", "abreviacao": "ava", "id": 314, "nome": "ava\u00ed"}, "partida_clube_casa": {"mercado": 1, "slug": "vasco", "abreviacao": "vas", "id": 267, "nome": "vasco"}}, {"status": "Nulo", "foto": "http://s.glbimg.com/es/sde/f/2013/12/28/973fe475451a54ffe0d9847ea4327e41_FORMATO.jpeg", "clube": {"mercado": 1, "slug": "atletico-mg", "abreviacao": "atl", "id": 282, "nome": "atl\u00e9tico-mg"}, "status_id": 6, "jogos": 0, "scout": [], "preco": "1.00", "partida_data": "01/07/2015", "variacao": "0.00", "id": 85418, "media": "0.00", "pontos": "0.00", "apelido": "Uilson", "posicao": {"abreviacao": "GOL", "id": 1, "nome": "Goleiro"}, "partida_clube_visitante": {"mercado": 1, "slug": "coritiba", "abreviacao": "cor", "id": 294, "nome": "coritiba"}, "partida_clube_casa": {"mercado": 1, "slug": "atletico-mg", "abreviacao": "atl", "id": 282, "nome": "atl\u00e9tico-mg"}}, {"status": "Nulo", "foto": "http://s.glbimg.com/es/sde/f/2015/05/29/363fdc48247373d534a719421ed5dbb4_FORMATO.jpeg", "clube": {"mercado": 1, "slug": "goias", "abreviacao": "goi", "id": 290, "nome": "goi\u00e1s"}, "status_id": 6, "jogos": 0, "scout": [], "preco": "1.00", "partida_data": "02/07/2015", "variacao": "0.00", "id": 73889, "media": "0.00", "pontos": "0.00", "apelido": "Wallace", "posicao": {"abreviacao": "GOL", "id": 1, "nome": "Goleiro"}, "partida_clube_visitante": {"mercado": 1, "slug": "goias", "abreviacao": "goi", "id": 290, "nome": "goi\u00e1s"}, "partida_clube_casa": {"mercado": 1, "slug": "figueirense", "abreviacao": "fig", "id": 316, "nome": "figueirense"}}, {"status": "Nulo", "foto": "http://s.glbimg.com/es/sde/f/2014/03/13/08bb49f43e94af7cd6d549b00d855d59_FORMATO.jpeg", "clube": {"mercado": 1, "slug": "internacional", "abreviacao": "int", "id": 285, "nome": "internacional"}, "status_id": 6, "jogos": 0, "scout": [], "preco": "1.00", "partida_data": "01/07/2015", "variacao": "0.00", "id": 86512, "media": "0.00", "pontos": "0.00", "apelido": "Bruno Gomes", "posicao": {"abreviacao": "ATA", "id": 5, "nome": "Atacante"}, "partida_clube_visitante": {"mercado": 1, "slug": "internacional", "abreviacao": "int", "id": 285, "nome": "internacional"}, "partida_clube_casa": {"mercado": 1, "slug": "sport", "abreviacao": "spo", "id": 292, "nome": "sport"}}, {"status": "Nulo", "foto": "http://s.glbimg.com/es/sde/f/2015/04/10/996e09038e08e983b6f0b376c53af8d0_FORMATO.jpeg", "clube": {"mercado": 1, "slug": "flamengo", "abreviacao": "fla", "id": 262, "nome": "flamengo"}, "status_id": 6, "jogos": 0, "scout": [], "preco": "1.00", "partida_data": "01/07/2015", "variacao": "0.00", "id": 91263, "media": "0.00", "pontos": "0.00", "apelido": "Jaj\u00e1", "posicao": {"abreviacao": "MEI", "id": 4, "nome": "Meia"}, "partida_clube_visitante": {"mercado": 1, "slug": "flamengo", "abreviacao": "fla", "id": 262, "nome": "flamengo"}, "partida_clube_casa": {"mercado": 1, "slug": "joinville", "abreviacao": "jec", "id": 317, "nome": "joinville"}}, {"status": "Nulo", "foto": null, "clube": {"mercado": 1, "slug": "ponte-preta", "abreviacao": "pon", "id": 303, "nome": "ponte preta"}, "status_id": 6, "jogos": 0, "scout": [], "preco": "1.00", "partida_data": "02/07/2015", "variacao": "0.00", "id": 86485, "media": "0.00", "pontos": "0.00", "apelido": "Keno", "posicao": {"abreviacao": "ATA", "id": 5, "nome": "Atacante"}, "partida_clube_visitante": {"mercado": 1, "slug": "ponte-preta", "abreviacao": "pon", "id": 303, "nome": "ponte preta"}, "partida_clube_casa": {"mercado": 1, "slug": "corinthians", "abreviacao": "cor", "id": 264, "nome": "corinthians"}}, {"status": "Nulo", "foto": "http://s.glbimg.com/es/sde/f/2015/06/17/9005a73a17c8652023ff010e621872fc_FORMATO.jpeg", "clube": {"mercado": 1, "slug": "goias", "abreviacao": "goi", "id": 290, "nome": "goi\u00e1s"}, "status_id": 6, "jogos": 0, "scout": [], "preco": "1.00", "partida_data": "02/07/2015", "variacao": "0.00", "id": 87482, "media": "0.00", "pontos": "0.00", "apelido": "Gimenez", "posicao": {"abreviacao": "LAT", "id": 2, "nome": "Lateral"}, "partida_clube_visitante": {"mercado": 1, "slug": "goias", "abreviacao": "goi", "id": 290, "nome": "goi\u00e1s"}, "partida_clube_casa": {"mercado": 1, "slug": "figueirense", "abreviacao": "fig", "id": 316, "nome": "figueirense"}}, {"status": "Nulo", "foto": "http://s.glbimg.com/es/sde/f/2015/05/29/d59f2435ba050497329425aaafa39083_FORMATO.jpeg", "clube": {"mercado": 1, "slug": "goias", "abreviacao": "goi", "id": 290, "nome": "goi\u00e1s"}, "status_id": 6, "jogos": 0, "scout": [], "preco": "1.00", "partida_data": "02/07/2015", "variacao": "0.00", "id": 91712, "media": "0.00", "pontos": "0.00", "apelido": "Matheus Alves", "posicao": {"abreviacao": "GOL", "id": 1, "nome": "Goleiro"}, "partida_clube_visitante": {"mercado": 1, "slug": "goias", "abreviacao": "goi", "id": 290, "nome": "goi\u00e1s"}, "partida_clube_casa": {"mercado": 1, "slug": "figueirense", "abreviacao": "fig", "id": 316, "nome": "figueirense"}}, {"status": "Nulo", "foto": "http://s.glbimg.com/es/sde/f/2014/08/01/a5969da3b362f65ed9eef7af5cc85b79_FORMATO.jpeg", "clube": {"mercado": 1, "slug": "atletico-mg", "abreviacao": "atl", "id": 282, "nome": "atl\u00e9tico-mg"}, "status_id": 6, "jogos": 0, "scout": [], "preco": "1.00", "partida_data": "01/07/2015", "variacao": "0.00", "id": 87393, "media": "0.00", "pontos": "0.00", "apelido": "Gabriel", "posicao": {"abreviacao": "ZAG", "id": 3, "nome": "Zagueiro"}, "partida_clube_visitante": {"mercado": 1, "slug": "coritiba", "abreviacao": "cor", "id": 294, "nome": "coritiba"}, "partida_clube_casa": {"mercado": 1, "slug": "atletico-mg", "abreviacao": "atl", "id": 282, "nome": "atl\u00e9tico-mg"}}, {"status": "Nulo", "foto": "http://s.glbimg.com/es/sde/f/2014/06/20/b657ab8b3afd997bab0c01fc53419593_FORMATO.jpeg", "clube": {"mercado": 1, "slug": "figueirense", "abreviacao": "fig", "id": 316, "nome": "figueirense"}, "status_id": 6, "jogos": 0, "scout": [], "preco": "1.00", "partida_data": "02/07/2015", "variacao": "0.00", "id": 88848, "media": "0.00", "pontos": "0.00", "apelido": "J\u00fanior", "posicao": {"abreviacao": "GOL", "id": 1, "nome": "Goleiro"}, "partida_clube_visitante": {"mercado": 1, "slug": "goias", "abreviacao": "goi", "id": 290, "nome": "goi\u00e1s"}, "partida_clube_casa": {"mercado": 1, "slug": "figueirense", "abreviacao": "fig", "id": 316, "nome": "figueirense"}}, {"status": "Nulo", "foto": "http://s.glbimg.com/es/sde/f/2015/05/29/762da6b48f5afdb42a13d3d4d443a1b7_FORMATO.jpeg", "clube": {"mercado": 1, "slug": "flamengo", "abreviacao": "fla", "id": 262, "nome": "flamengo"}, "status_id": 6, "jogos": 0, "scout": [], "preco": "1.00", "partida_data": "01/07/2015", "variacao": "0.00", "id": 91194, "media": "0.00", "pontos": "0.00", "apelido": "Thiago", "posicao": {"abreviacao": "GOL", "id": 1, "nome": "Goleiro"}, "partida_clube_visitante": {"mercado": 1, "slug": "flamengo", "abreviacao": "fla", "id": 262, "nome": "flamengo"}, "partida_clube_casa": {"mercado": 1, "slug": "joinville", "abreviacao": "jec", "id": 317, "nome": "joinville"}}, {"status": "Nulo", "foto": "http://s.glbimg.com/es/sde/f/2015/05/29/5754baab462a742332e81cd1a0b6248f_FORMATO.jpeg", "clube": {"mercado": 1, "slug": "internacional", "abreviacao": "int", "id": 285, "nome": "internacional"}, "status_id": 6, "jogos": 0, "scout": [], "preco": "1.00", "partida_data": "01/07/2015", "variacao": "0.00", "id": 91710, "media": "0.00", "pontos": "0.00", "apelido": "Jacsson", "posicao": {"abreviacao": "GOL", "id": 1, "nome": "Goleiro"}, "partida_clube_visitante": {"mercado": 1, "slug": "internacional", "abreviacao": "int", "id": 285, "nome": "internacional"}, "partida_clube_casa": {"mercado": 1, "slug": "sport", "abreviacao": "spo", "id": 292, "nome": "sport"}}]}