{"rodada_id": 20, "page": {"atual": "1", "total": "42"}, "atleta": [{"status": "Prov\u00e1vel", "foto": "http://s.glbimg.com/es/sde/f/2015/07/22/e41afa12b4fd05085d1302afcbf9e45b_FORMATO.jpeg", "clube": {"mercado": 1, "slug": "gremio", "abreviacao": "gre", "id": 284, "nome": "gr\u00eamio"}, "status_id": 7, "jogos": 18, "scout": [{"quantidade": 64, "nome": "FS"}, {"quantidade": 56, "nome": "PE"}, {"quantidade": 4, "nome": "A"}, {"quantidade": 2, "nome": "FT"}, {"quantidade": 5, "nome": "G"}, {"quantidade": 11, "nome": "I"}, {"quantidade": 16, "nome": "RB"}, {"quantidade": 30, "nome": "FC"}, {"quantidade": 3, "nome": "CA"}, {"quantidade": 16, "nome": "FF"}, {"quantidade": 14, "nome": "FD"}], "preco": "28.81", "partida_data": "23/08/2015", "variacao": "0.00", "id": 86759, "media": "6.01", "pontos": "0.00", "apelido": "Luan", "posicao": {"abreviacao": "ATA", "id": 5, "nome": "Atacante"}, "partida_clube_visitante": {"mercado": 1, "slug": "gremio", "abreviacao": "gre", "id": 284, "nome": "gr\u00eamio"}, "partida_clube_casa": {"mercado": 1, "slug": "ponte-preta", "abreviacao": "pon", "id": 303, "nome": "ponte preta"}}, {"status": "Prov\u00e1vel", "foto": "http://s.glbimg.com/es/sde/f/2010/11/16/1a8619488e59272cfcd67e37c094f42c_FORMATO.jpeg", "clube": {"mercado": 1, "slug": "sport", "abreviacao": "spo", "id": 292, "nome": "sport"}, "status_id": 7, "jogos": 18, "scout": [{"quantidade": 24, "nome": "FS"}, {"quantidade": 75, "nome": "PE"}, {"quantidade": 5, "nome": "A"}, {"quantidade": 6, "nome": "G"}, {"quantidade": 4, "nome": "I"}, {"quantidade": 15, "nome": "RB"}, {"quantidade": 25, "nome": "FC"}, {"quantidade": 4, "nome": "CA"}, {"quantidade": 1, "nome": "GS"}, {"quantidade": 12, "nome": "FF"}, {"quantidade": 8, "nome": "FD"}], "preco": "28.29", "partida_data": "22/08/2015", "variacao": "0.11", "id": 68911, "media": "4.45", "pontos": "8.10", "apelido": "Diego Souza", "posicao": {"abreviacao": "MEI", "id": 4, "nome": "Meia"}, "partida_clube_visitante": {"mercado": 1, "slug": "sport", "abreviacao": "spo", "id": 292, "nome": "sport"}, "partida_clube_casa": {"mercado": 1, "slug": "figueirense", "abreviacao": "fig", "id": 316, "nome": "figueirense"}}, {"status": "Contundido", "foto": "http://s.glbimg.com/es/sde/f/2010/11/16/26a2befe651824215d84a88996adb9d9_FORMATO.jpeg", "clube": {"mercado": 1, "slug": "sao-paulo", "abreviacao": "sao", "id": 276, "nome": "s\u00e3o paulo"}, "status_id": 5, "jogos": 16, "scout": [{"quantidade": 8, "nome": "SG"}, {"quantidade": 1, "nome": "FS"}, {"quantidade": 15, "nome": "PE"}, {"quantidade": 3, "nome": "G"}, {"quantidade": 1, "nome": "CA"}, {"quantidade": 19, "nome": "DD"}, {"quantidade": 1, "nome": "DP"}, {"quantidade": 14, "nome": "GS"}], "preco": "28.20", "partida_data": "23/08/2015", "variacao": "0.00", "id": 38055, "media": "5.89", "pontos": "0.00", "apelido": "Rog\u00e9rio Ceni", "posicao": {"abreviacao": "GOL", "id": 1, "nome": "Goleiro"}, "partida_clube_visitante": {"mercado": 1, "slug": "sao-paulo", "abreviacao": "sao", "id": 276, "nome": "s\u00e3o paulo"}, "partida_clube_casa": {"mercado": 1, "slug": "flamengo", "abreviacao": "fla", "id": 262, "nome": "flamengo"}}, {"status": "D\u00favida", "foto": "http://s.glbimg.com/es/sde/f/2014/06/11/558840826d114d32d4785adf70f69146_FORMATO.jpeg", "clube": {"mercado": 1, "slug": "fluminense", "abreviacao": "flu", "id": 266, "nome": "fluminense"}, "status_id": 2, "jogos": 14, "scout": [{"quantidade": 43, "nome": "FS"}, {"quantidade": 39, "nome": "PE"}, {"quantidade": 3, "nome": "A"}, {"quantidade": 1, "nome": "FT"}, {"quantidade": 6, "nome": "G"}, {"quantidade": 5, "nome": "I"}, {"quantidade": 5, "nome": "RB"}, {"quantidade": 23, "nome": "FC"}, {"quantidade": 1, "nome": "CA"}, {"quantidade": 11, "nome": "FF"}, {"quantidade": 12, "nome": "FD"}], "preco": "26.74", "partida_data": "23/08/2015", "variacao": "2.26", "id": 38162, "media": "6.31", "pontos": "15.80", "apelido": "Fred", "posicao": {"abreviacao": "ATA", "id": 5, "nome": "Atacante"}, "partida_clube_visitante": {"mercado": 1, "slug": "fluminense", "abreviacao": "flu", "id": 266, "nome": "fluminense"}, "partida_clube_casa": {"mercado": 1, "slug": "joinville", "abreviacao": "jec", "id": 317, "nome": "joinville"}}, {"status": "Nulo", "foto": "http://s.glbimg.com/es/sde/f/2015/01/16/1f353020166f7411ccb776b393896287_FORMATO.jpeg", "clube": {"mercado": 1, "slug": "palmeiras", "abreviacao": "pal", "id": 275, "nome": "palmeiras"}, "status_id": 6, "jogos": 13, "scout": [{"quantidade": 5, "nome": "SG"}, {"quantidade": 17, "nome": "FS"}, {"quantidade": 18, "nome": "PE"}, {"quantidade": 3, "nome": "A"}, {"quantidade": 1, "nome": "G"}, {"quantidade": 16, "nome": "RB"}, {"quantidade": 6, "nome": "FC"}, {"quantidade": 5, "nome": "FF"}, {"quantidade": 4, "nome": "FD"}], "preco": "26.11", "partida_data": "23/08/2015", "variacao": "-0.32", "id": 36612, "media": "6.37", "pontos": "6.20", "apelido": "Z\u00e9 Roberto", "posicao": {"abreviacao": "LAT", "id": 2, "nome": "Lateral"}, "partida_clube_visitante": {"mercado": 1, "slug": "palmeiras", "abreviacao": "pal", "id": 275, "nome": "palmeiras"}, "partida_clube_casa": {"mercado": 1, "slug": "atletico-mg", "abreviacao": "atl", "id": 282, "nome": "atl\u00e9tico-mg"}}, {"status": "Prov\u00e1vel", "foto": "http://s.glbimg.com/es/sde/f/2012/06/12/d42019108f0818dcf21213898cf8c711_FORMATO.png", "clube": {"mercado": 1, "slug": "ponte-preta", "abreviacao": "pon", "id": 303, "nome": "ponte preta"}, "status_id": 7, "jogos": 19, "scout": [{"quantidade": 7, "nome": "SG"}, {"quantidade": 14, "nome": "FS"}, {"quantidade": 47, "nome": "PE"}, {"quantidade": 4, "nome": "A"}, {"quantidade": 2, "nome": "I"}, {"quantidade": 38, "nome": "RB"}, {"quantidade": 18, "nome": "FC"}, {"quantidade": 4, "nome": "FF"}, {"quantidade": 3, "nome": "FD"}], "preco": "23.65", "partida_data": "23/08/2015", "variacao": "0.96", "id": 73992, "media": "5.69", "pontos": "8.80", "apelido": "Rodinei", "posicao": {"abreviacao": "LAT", "id": 2, "nome": "Lateral"}, "partida_clube_visitante": {"mercado": 1, "slug": "gremio", "abreviacao": "gre", "id": 284, "nome": "gr\u00eamio"}, "partida_clube_casa": {"mercado": 1, "slug": "ponte-preta", "abreviacao": "pon", "id": 303, "nome": "ponte preta"}}, {"status": "Prov\u00e1vel", "foto": "http://s.glbimg.com/es/sde/f/2015/03/04/be979300c75e0d1bbbd0203881eb8af8_FORMATO.png", "clube": {"mercado": 1, "slug": "atletico-pr", "abreviacao": "atl", "id": 293, "nome": "atl\u00e9tico-pr"}, "status_id": 7, "jogos": 18, "scout": [{"quantidade": 7, "nome": "SG"}, {"quantidade": 8, "nome": "FS"}, {"quantidade": 18, "nome": "PE"}, {"quantidade": 3, "nome": "CA"}, {"quantidade": 25, "nome": "DD"}, {"quantidade": 2, "nome": "DP"}, {"quantidade": 19, "nome": "GS"}], "preco": "23.40", "partida_data": "23/08/2015", "variacao": "3.62", "id": 71631, "media": "4.37", "pontos": "14.70", "apelido": "Weverton", "posicao": {"abreviacao": "GOL", "id": 1, "nome": "Goleiro"}, "partida_clube_visitante": {"mercado": 1, "slug": "atletico-pr", "abreviacao": "atl", "id": 293, "nome": "atl\u00e9tico-pr"}, "partida_clube_casa": {"mercado": 1, "slug": "internacional", "abreviacao": "int", "id": 285, "nome": "internacional"}}, {"status": "Prov\u00e1vel", "foto": "http://s.glbimg.com/es/sde/f/2015/01/19/e321ce47e7e74ec473f8bfb24f10fa17_FORMATO.jpeg", "clube": {"mercado": 1, "slug": "atletico-mg", "abreviacao": "atl", "id": 282, "nome": "atl\u00e9tico-mg"}, "status_id": 7, "jogos": 9, "scout": [{"quantidade": 5, "nome": "FS"}, {"quantidade": 28, "nome": "PE"}, {"quantidade": 2, "nome": "A"}, {"quantidade": 2, "nome": "G"}, {"quantidade": 4, "nome": "I"}, {"quantidade": 15, "nome": "RB"}, {"quantidade": 11, "nome": "FC"}, {"quantidade": 1, "nome": "CA"}, {"quantidade": 3, "nome": "FF"}, {"quantidade": 4, "nome": "FD"}], "preco": "23.34", "partida_data": "23/08/2015", "variacao": "-0.56", "id": 63219, "media": "4.69", "pontos": "-2.10", "apelido": "Luan", "posicao": {"abreviacao": "ATA", "id": 5, "nome": "Atacante"}, "partida_clube_visitante": {"mercado": 1, "slug": "palmeiras", "abreviacao": "pal", "id": 275, "nome": "palmeiras"}, "partida_clube_casa": {"mercado": 1, "slug": "atletico-mg", "abreviacao": "atl", "id": 282, "nome": "atl\u00e9tico-mg"}}, {"status": "Prov\u00e1vel", "foto": "http://s.glbimg.com/es/sde/f/2015/01/15/04123fe6d4dc83b6ecf6f00bd9aef208_FORMATO.jpeg", "clube": {"mercado": 1, "slug": "fluminense", "abreviacao": "flu", "id": 266, "nome": "fluminense"}, "status_id": 7, "jogos": 17, "scout": [{"quantidade": 28, "nome": "FS"}, {"quantidade": 48, "nome": "PE"}, {"quantidade": 1, "nome": "FT"}, {"quantidade": 2, "nome": "G"}, {"quantidade": 2, "nome": "I"}, {"quantidade": 48, "nome": "RB"}, {"quantidade": 29, "nome": "FC"}, {"quantidade": 6, "nome": "CA"}, {"quantidade": 11, "nome": "FF"}, {"quantidade": 2, "nome": "FD"}], "preco": "22.89", "partida_data": "23/08/2015", "variacao": "1.17", "id": 80370, "media": "4.87", "pontos": "6.70", "apelido": "Edson", "posicao": {"abreviacao": "MEI", "id": 4, "nome": "Meia"}, "partida_clube_visitante": {"mercado": 1, "slug": "fluminense", "abreviacao": "flu", "id": 266, "nome": "fluminense"}, "partida_clube_casa": {"mercado": 1, "slug": "joinville", "abreviacao": "jec", "id": 317, "nome": "joinville"}}, {"status": "Prov\u00e1vel", "foto": "http://s.glbimg.com/es/sde/f/2015/07/22/3ee27b784c87bfb5b52d2e0e029b9623_FORMATO.jpeg", "clube": {"mercado": 1, "slug": "atletico-mg", "abreviacao": "atl", "id": 282, "nome": "atl\u00e9tico-mg"}, "status_id": 7, "jogos": 15, "scout": [{"quantidade": 18, "nome": "FS"}, {"quantidade": 45, "nome": "PE"}, {"quantidade": 1, "nome": "A"}, {"quantidade": 4, "nome": "FT"}, {"quantidade": 4, "nome": "G"}, {"quantidade": 6, "nome": "I"}, {"quantidade": 9, "nome": "RB"}, {"quantidade": 16, "nome": "FC"}, {"quantidade": 15, "nome": "FF"}, {"quantidade": 20, "nome": "FD"}], "preco": "22.57", "partida_data": "23/08/2015", "variacao": "0.72", "id": 73649, "media": "5.42", "pontos": "5.70", "apelido": "Lucas Pratto", "posicao": {"abreviacao": "ATA", "id": 5, "nome": "Atacante"}, "partida_clube_visitante": {"mercado": 1, "slug": "palmeiras", "abreviacao": "pal", "id": 275, "nome": "palmeiras"}, "partida_clube_casa": {"mercado": 1, "slug": "atletico-mg", "abreviacao": "atl", "id": 282, "nome": "atl\u00e9tico-mg"}}, {"status": "Prov\u00e1vel", "foto": "http://s.glbimg.com/es/sde/f/2015/07/22/0b1e40820556ff66c00e75f7298a0372_FORMATO.jpeg", "clube": {"mercado": 1, "slug": "goias", "abreviacao": "goi", "id": 290, "nome": "goi\u00e1s"}, "status_id": 7, "jogos": 19, "scout": [{"quantidade": 8, "nome": "SG"}, {"quantidade": 2, "nome": "FS"}, {"quantidade": 11, "nome": "PE"}, {"quantidade": 1, "nome": "CA"}, {"quantidade": 26, "nome": "DD"}, {"quantidade": 16, "nome": "GS"}], "preco": "21.31", "partida_data": "22/08/2015", "variacao": "0.77", "id": 37899, "media": "4.30", "pontos": "11.00", "apelido": "Renan", "posicao": {"abreviacao": "GOL", "id": 1, "nome": "Goleiro"}, "partida_clube_visitante": {"mercado": 1, "slug": "vasco", "abreviacao": "vas", "id": 267, "nome": "vasco"}, "partida_clube_casa": {"mercado": 1, "slug": "goias", "abreviacao": "goi", "id": 290, "nome": "goi\u00e1s"}}, {"status": "Prov\u00e1vel", "foto": "http://s.glbimg.com/es/sde/f/2015/01/15/3e69d11d0318f680bf3b3f14653ec742_FORMATO.jpeg", "clube": {"mercado": 1, "slug": "flamengo", "abreviacao": "fla", "id": 262, "nome": "flamengo"}, "status_id": 7, "jogos": 18, "scout": [{"quantidade": 35, "nome": "FS"}, {"quantidade": 61, "nome": "PE"}, {"quantidade": 2, "nome": "A"}, {"quantidade": 3, "nome": "G"}, {"quantidade": 16, "nome": "I"}, {"quantidade": 27, "nome": "RB"}, {"quantidade": 20, "nome": "FC"}, {"quantidade": 4, "nome": "CA"}, {"quantidade": 5, "nome": "FF"}, {"quantidade": 8, "nome": "FD"}], "preco": "21.19", "partida_data": "23/08/2015", "variacao": "-0.94", "id": 50301, "media": "3.58", "pontos": "1.60", "apelido": "Everton", "posicao": {"abreviacao": "MEI", "id": 4, "nome": "Meia"}, "partida_clube_visitante": {"mercado": 1, "slug": "sao-paulo", "abreviacao": "sao", "id": 276, "nome": "s\u00e3o paulo"}, "partida_clube_casa": {"mercado": 1, "slug": "flamengo", "abreviacao": "fla", "id": 262, "nome": "flamengo"}}, {"status": "Prov\u00e1vel", "foto": "http://s.glbimg.com/es/sde/f/2015/01/15/210bd6815119826cf3f44b175d9ff09d_FORMATO.jpeg", "clube": {"mercado": 1, "slug": "corinthians", "abreviacao": "cor", "id": 264, "nome": "corinthians"}, "status_id": 7, "jogos": 17, "scout": [{"quantidade": 8, "nome": "SG"}, {"quantidade": 2, "nome": "FS"}, {"quantidade": 12, "nome": "PE"}, {"quantidade": 2, "nome": "CA"}, {"quantidade": 25, "nome": "DD"}, {"quantidade": 14, "nome": "GS"}], "preco": "21.17", "partida_data": "23/08/2015", "variacao": "2.17", "id": 42234, "media": "4.72", "pontos": "7.00", "apelido": "C\u00e1ssio", "posicao": {"abreviacao": "GOL", "id": 1, "nome": "Goleiro"}, "partida_clube_visitante": {"mercado": 1, "slug": "cruzeiro", "abreviacao": "cru", "id": 283, "nome": "cruzeiro"}, "partida_clube_casa": {"mercado": 1, "slug": "corinthians", "abreviacao": "cor", "id": 264, "nome": "corinthians"}}, {"status": "Prov\u00e1vel", "foto": "http://s.glbimg.com/es/sde/f/2015/07/09/1794a20985c424c3ab6a310bb31bcd2b_FORMATO.jpeg", "clube": {"mercado": 1, "slug": "flamengo", "abreviacao": "fla", "id": 262, "nome": "flamengo"}, "status_id": 7, "jogos": 8, "scout": [{"quantidade": 20, "nome": "FS"}, {"quantidade": 12, "nome": "PE"}, {"quantidade": 2, "nome": "A"}, {"quantidade": 1, "nome": "FT"}, {"quantidade": 2, "nome": "G"}, {"quantidade": 9, "nome": "I"}, {"quantidade": 3, "nome": "RB"}, {"quantidade": 15, "nome": "FC"}, {"quantidade": 3, "nome": "CA"}, {"quantidade": 11, "nome": "FF"}, {"quantidade": 10, "nome": "FD"}], "preco": "20.95", "partida_data": "23/08/2015", "variacao": "-0.71", "id": 75295, "media": "5.08", "pontos": "0.70", "apelido": "Paolo Guerrero", "posicao": {"abreviacao": "ATA", "id": 5, "nome": "Atacante"}, "partida_clube_visitante": {"mercado": 1, "slug": "sao-paulo", "abreviacao": "sao", "id": 276, "nome": "s\u00e3o paulo"}, "partida_clube_casa": {"mercado": 1, "slug": "flamengo", "abreviacao": "fla", "id": 262, "nome": "flamengo"}}, {"status": "Prov\u00e1vel", "foto": "http://s.glbimg.com/es/sde/f/2010/11/18/d4c557ca26c062f0b9991a8d8e4067fa_FORMATO.jpeg", "clube": {"mercado": 1, "slug": "vasco", "abreviacao": "vas", "id": 267, "nome": "vasco"}, "status_id": 7, "jogos": 17, "scout": [{"quantidade": 5, "nome": "SG"}, {"quantidade": 21, "nome": "FS"}, {"quantidade": 60, "nome": "PE"}, {"quantidade": 1, "nome": "G"}, {"quantidade": 1, "nome": "I"}, {"quantidade": 31, "nome": "RB"}, {"quantidade": 16, "nome": "FC"}, {"quantidade": 5, "nome": "CA"}, {"quantidade": 12, "nome": "FF"}, {"quantidade": 11, "nome": "FD"}], "preco": "20.34", "partida_data": "22/08/2015", "variacao": "1.03", "id": 37644, "media": "4.65", "pontos": "8.10", "apelido": "Rodrigo", "posicao": {"abreviacao": "ZAG", "id": 3, "nome": "Zagueiro"}, "partida_clube_visitante": {"mercado": 1, "slug": "vasco", "abreviacao": "vas", "id": 267, "nome": "vasco"}, "partida_clube_casa": {"mercado": 1, "slug": "goias", "abreviacao": "goi", "id": 290, "nome": "goi\u00e1s"}}, {"status": "D\u00favida", "foto": "http://s.glbimg.com/es/sde/f/2015/01/15/408ea81f655217e1f98e651fe059d2eb_FORMATO.jpeg", "clube": {"mercado": 1, "slug": "internacional", "abreviacao": "int", "id": 285, "nome": "internacional"}, "status_id": 2, "jogos": 4, "scout": [{"quantidade": 10, "nome": "FS"}, {"quantidade": 23, "nome": "PE"}, {"quantidade": 1, "nome": "I"}, {"quantidade": 3, "nome": "RB"}, {"quantidade": 1, "nome": "FC"}, {"quantidade": 2, "nome": "CA"}, {"quantidade": 3, "nome": "FF"}], "preco": "19.56", "partida_data": "23/08/2015", "variacao": "0.00", "id": 62023, "media": "0.08", "pontos": "0.00", "apelido": "D'Alessandro", "posicao": {"abreviacao": "MEI", "id": 4, "nome": "Meia"}, "partida_clube_visitante": {"mercado": 1, "slug": "atletico-pr", "abreviacao": "atl", "id": 293, "nome": "atl\u00e9tico-pr"}, "partida_clube_casa": {"mercado": 1, "slug": "internacional", "abreviacao": "int", "id": 285, "nome": "internacional"}}, {"status": "Prov\u00e1vel", "foto": "http://s.glbimg.com/es/sde/f/2015/05/07/c617183d096aa584576435e1d179a129_FORMATO.jpeg", "clube": {"mercado": 1, "slug": "ponte-preta", "abreviacao": "pon", "id": 303, "nome": "ponte preta"}, "status_id": 7, "jogos": 19, "scout": [{"quantidade": 7, "nome": "SG"}, {"quantidade": 2, "nome": "FS"}, {"quantidade": 8, "nome": "PE"}, {"quantidade": 39, "nome": "DD"}, {"quantidade": 1, "nome": "DP"}, {"quantidade": 21, "nome": "GS"}], "preco": "19.37", "partida_data": "23/08/2015", "variacao": "-1.26", "id": 68872, "media": "6.08", "pontos": "-2.00", "apelido": "Marcelo Lomba", "posicao": {"abreviacao": "GOL", "id": 1, "nome": "Goleiro"}, "partida_clube_visitante": {"mercado": 1, "slug": "gremio", "abreviacao": "gre", "id": 284, "nome": "gr\u00eamio"}, "partida_clube_casa": {"mercado": 1, "slug": "ponte-preta", "abreviacao": "pon", "id": 303, "nome": "ponte preta"}}, {"status": "D\u00favida", "foto": "http://s.glbimg.com/es/sde/f/2015/01/15/dbd13ccdd67375c925969fce5d9d1bda_FORMATO.jpeg", "clube": {"mercado": 1, "slug": "cruzeiro", "abreviacao": "cru", "id": 283, "nome": "cruzeiro"}, "status_id": 2, "jogos": 13, "scout": [{"quantidade": 16, "nome": "FS"}, {"quantidade": 22, "nome": "PE"}, {"quantidade": 1, "nome": "A"}, {"quantidade": 2, "nome": "G"}, {"quantidade": 3, "nome": "I"}, {"quantidade": 5, "nome": "RB"}, {"quantidade": 14, "nome": "FC"}, {"quantidade": 3, "nome": "CA"}, {"quantidade": 6, "nome": "FF"}, {"quantidade": 7, "nome": "FD"}], "preco": "18.94", "partida_data": "23/08/2015", "variacao": "-0.18", "id": 68953, "media": "2.12", "pontos": "0.50", "apelido": "Leandro Dami\u00e3o", "posicao": {"abreviacao": "ATA", "id": 5, "nome": "Atacante"}, "partida_clube_visitante": {"mercado": 1, "slug": "cruzeiro", "abreviacao": "cru", "id": 283, "nome": "cruzeiro"}, "partida_clube_casa": {"mercado": 1, "slug": "corinthians", "abreviacao": "cor", "id": 264, "nome": "corinthians"}}, {"status": "Nulo", "foto": "http://s.glbimg.com/es/sde/f/2014/06/13/ec3f93a5aec5b13c4bbe950c2789da81_FORMATO.jpeg", "clube": {"mercado": 1, "slug": "vasco", "abreviacao": "vas", "id": 267, "nome": "vasco"}, "status_id": 6, "jogos": 7, "scout": [{"quantidade": 3, "nome": "SG"}, {"quantidade": 1, "nome": "FS"}, {"quantidade": 2, "nome": "PE"}, {"quantidade": 1, "nome": "CA"}, {"quantidade": 12, "nome": "DD"}, {"quantidade": 1, "nome": "DP"}, {"quantidade": 8, "nome": "GS"}], "preco": "18.75", "partida_data": "22/08/2015", "variacao": "0.00", "id": 69249, "media": "5.70", "pontos": "0.00", "apelido": "Mart\u00edn Silva", "posicao": {"abreviacao": "GOL", "id": 1, "nome": "Goleiro"}, "partida_clube_visitante": {"mercado": 1, "slug": "vasco", "abreviacao": "vas", "id": 267, "nome": "vasco"}, "partida_clube_casa": {"mercado": 1, "slug": "goias", "abreviacao": "goi", "id": 290, "nome": "goi\u00e1s"}}, {"status": "Prov\u00e1vel", "foto": "http://s.glbimg.com/es/sde/f/2015/01/09/15e3f0ac07b5afade8a57f5b260a98c6_FORMATO.jpeg", "clube": {"mercado": 1, "slug": "palmeiras", "abreviacao": "pal", "id": 275, "nome": "palmeiras"}, "status_id": 7, "jogos": 14, "scout": [{"quantidade": 6, "nome": "SG"}, {"quantidade": 7, "nome": "FS"}, {"quantidade": 22, "nome": "PE"}, {"quantidade": 1, "nome": "FT"}, {"quantidade": 2, "nome": "G"}, {"quantidade": 19, "nome": "RB"}, {"quantidade": 14, "nome": "FC"}, {"quantidade": 5, "nome": "FF"}, {"quantidade": 3, "nome": "FD"}], "preco": "18.47", "partida_data": "23/08/2015", "variacao": "0.55", "id": 72605, "media": "5.59", "pontos": "3.10", "apelido": "Vitor Hugo", "posicao": {"abreviacao": "ZAG", "id": 3, "nome": "Zagueiro"}, "partida_clube_visitante": {"mercado": 1, "slug": "palmeiras", "abreviacao": "pal", "id": 275, "nome": "palmeiras"}, "partida_clube_casa": {"mercado": 1, "slug": "atletico-mg", "abreviacao": "atl", "id": 282, "nome": "atl\u00e9tico-mg"}}]}