{"rodada_id": 38, "page": {"atual": "13", "total": "41"}, "atleta": [{"status": "Suspenso", "foto": "http://s.glbimg.com/es/sde/f/2015/07/22/5458df08c0e348b32b525a9a9d627d13_FORMATO.jpeg", "clube": {"mercado": 1, "slug": "gremio", "abreviacao": "gre", "id": 284, "nome": "gr\u00eamio"}, "status_id": 3, "jogos": 31, "scout": [{"quantidade": 21, "nome": "FS"}, {"quantidade": 160, "nome": "PE"}, {"quantidade": 4, "nome": "A"}, {"quantidade": 5, "nome": "G"}, {"quantidade": 13, "nome": "RB"}, {"quantidade": 32, "nome": "FC"}, {"quantidade": 6, "nome": "CA"}, {"quantidade": 2, "nome": "PP"}, {"quantidade": 24, "nome": "FF"}, {"quantidade": 8, "nome": "FD"}], "preco": "7.50", "partida_data": "06/12/2015", "variacao": "0.00", "id": 38738, "media": "1.12", "pontos": "0.00", "apelido": "Douglas", "posicao": {"abreviacao": "MEI", "id": 4, "nome": "Meia"}, "partida_clube_visitante": {"mercado": 1, "slug": "gremio", "abreviacao": "gre", "id": 284, "nome": "gr\u00eamio"}, "partida_clube_casa": {"mercado": 1, "slug": "joinville", "abreviacao": "jec", "id": 317, "nome": "joinville"}}, {"status": "Nulo", "foto": "http://s.glbimg.com/es/sde/f/2015/01/15/441285c9c42cde560b3e6b7d8fdd7588_FORMATO.jpeg", "clube": {"mercado": 1, "slug": "corinthians", "abreviacao": "cor", "id": 264, "nome": "corinthians"}, "status_id": 6, "jogos": 12, "scout": [{"quantidade": 23, "nome": "FS"}, {"quantidade": 20, "nome": "PE"}, {"quantidade": 3, "nome": "G"}, {"quantidade": 2, "nome": "I"}, {"quantidade": 4, "nome": "RB"}, {"quantidade": 10, "nome": "FC"}, {"quantidade": 3, "nome": "FF"}, {"quantidade": 3, "nome": "FD"}], "preco": "7.47", "partida_data": "06/12/2015", "variacao": "-0.43", "id": 88323, "media": "2.95", "pontos": "0.70", "apelido": "\u00c1ngel Romero", "posicao": {"abreviacao": "ATA", "id": 5, "nome": "Atacante"}, "partida_clube_visitante": {"mercado": 1, "slug": "avai", "abreviacao": "ava", "id": 314, "nome": "ava\u00ed"}, "partida_clube_casa": {"mercado": 1, "slug": "corinthians", "abreviacao": "cor", "id": 264, "nome": "corinthians"}}, {"status": "Suspenso", "foto": "http://s.glbimg.com/es/sde/f/2015/10/28/e6ff44629f9b328896114879b72839e9_FORMATO.jpeg", "clube": {"mercado": 1, "slug": "figueirense", "abreviacao": "fig", "id": 316, "nome": "figueirense"}, "status_id": 3, "jogos": 12, "scout": [{"quantidade": 13, "nome": "FS"}, {"quantidade": 38, "nome": "PE"}, {"quantidade": 1, "nome": "I"}, {"quantidade": 12, "nome": "RB"}, {"quantidade": 5, "nome": "FC"}, {"quantidade": 3, "nome": "CA"}, {"quantidade": 3, "nome": "FD"}], "preco": "7.47", "partida_data": "06/12/2015", "variacao": "0.00", "id": 63119, "media": "0.79", "pontos": "0.00", "apelido": "Juninho", "posicao": {"abreviacao": "MEI", "id": 4, "nome": "Meia"}, "partida_clube_visitante": {"mercado": 1, "slug": "fluminense", "abreviacao": "flu", "id": 266, "nome": "fluminense"}, "partida_clube_casa": {"mercado": 1, "slug": "figueirense", "abreviacao": "fig", "id": 316, "nome": "figueirense"}}, {"status": "Prov\u00e1vel", "foto": "http://s.glbimg.com/es/sde/f/2015/07/22/5463df7b6811c51f6ef47795edd3ac71_FORMATO.jpeg", "clube": {"mercado": 1, "slug": "avai", "abreviacao": "ava", "id": 314, "nome": "ava\u00ed"}, "status_id": 7, "jogos": 35, "scout": [{"quantidade": 6, "nome": "SG"}, {"quantidade": 45, "nome": "FS"}, {"quantidade": 154, "nome": "PE"}, {"quantidade": 4, "nome": "A"}, {"quantidade": 6, "nome": "I"}, {"quantidade": 49, "nome": "RB"}, {"quantidade": 34, "nome": "FC"}, {"quantidade": 8, "nome": "CA"}, {"quantidade": 10, "nome": "FF"}, {"quantidade": 3, "nome": "FD"}], "preco": "7.46", "partida_data": "06/12/2015", "variacao": "1.11", "id": 68808, "media": "2.39", "pontos": "10.10", "apelido": "Nino Para\u00edba", "posicao": {"abreviacao": "LAT", "id": 2, "nome": "Lateral"}, "partida_clube_visitante": {"mercado": 1, "slug": "avai", "abreviacao": "ava", "id": 314, "nome": "ava\u00ed"}, "partida_clube_casa": {"mercado": 1, "slug": "corinthians", "abreviacao": "cor", "id": 264, "nome": "corinthians"}}, {"status": "Nulo", "foto": "http://s.glbimg.com/es/sde/f/2015/07/21/0f0a2af323eeb74e8f90dc73e690a830_FORMATO.png", "clube": {"mercado": 1, "slug": "fluminense", "abreviacao": "flu", "id": 266, "nome": "fluminense"}, "status_id": 6, "jogos": 17, "scout": [{"quantidade": 5, "nome": "SG"}, {"quantidade": 10, "nome": "FS"}, {"quantidade": 31, "nome": "PE"}, {"quantidade": 4, "nome": "I"}, {"quantidade": 14, "nome": "RB"}, {"quantidade": 8, "nome": "FC"}, {"quantidade": 3, "nome": "CA"}, {"quantidade": 1, "nome": "CV"}, {"quantidade": 1, "nome": "FF"}, {"quantidade": 2, "nome": "FD"}], "preco": "7.44", "partida_data": "06/12/2015", "variacao": "0.00", "id": 38194, "media": "1.78", "pontos": "0.00", "apelido": "Ant\u00f4nio Carlos", "posicao": {"abreviacao": "ZAG", "id": 3, "nome": "Zagueiro"}, "partida_clube_visitante": {"mercado": 1, "slug": "fluminense", "abreviacao": "flu", "id": 266, "nome": "fluminense"}, "partida_clube_casa": {"mercado": 1, "slug": "figueirense", "abreviacao": "fig", "id": 316, "nome": "figueirense"}}, {"status": "Suspenso", "foto": "http://s.glbimg.com/es/sde/f/2015/10/29/1f2b45e286d99a5494ba2cfc177caf54_FORMATO.png", "clube": {"mercado": 1, "slug": "flamengo", "abreviacao": "fla", "id": 262, "nome": "flamengo"}, "status_id": 3, "jogos": 25, "scout": [{"quantidade": 21, "nome": "FS"}, {"quantidade": 59, "nome": "PE"}, {"quantidade": 3, "nome": "G"}, {"quantidade": 4, "nome": "I"}, {"quantidade": 8, "nome": "RB"}, {"quantidade": 16, "nome": "FC"}, {"quantidade": 3, "nome": "CA"}, {"quantidade": 16, "nome": "FF"}, {"quantidade": 8, "nome": "FD"}], "preco": "7.33", "partida_data": "06/12/2015", "variacao": "0.00", "id": 78578, "media": "1.34", "pontos": "0.00", "apelido": "Paulinho", "posicao": {"abreviacao": "ATA", "id": 5, "nome": "Atacante"}, "partida_clube_visitante": {"mercado": 1, "slug": "palmeiras", "abreviacao": "pal", "id": 275, "nome": "palmeiras"}, "partida_clube_casa": {"mercado": 1, "slug": "flamengo", "abreviacao": "fla", "id": 262, "nome": "flamengo"}}, {"status": "Prov\u00e1vel", "foto": "http://s.glbimg.com/es/sde/f/2015/07/22/9d234797b895cc1b361b3ea6c0ca915f_FORMATO.jpeg", "clube": {"mercado": 1, "slug": "gremio", "abreviacao": "gre", "id": 284, "nome": "gr\u00eamio"}, "status_id": 7, "jogos": 5, "scout": [{"quantidade": 8, "nome": "FS"}, {"quantidade": 9, "nome": "PE"}, {"quantidade": 1, "nome": "A"}, {"quantidade": 9, "nome": "RB"}, {"quantidade": 13, "nome": "FC"}, {"quantidade": 3, "nome": "CA"}, {"quantidade": 2, "nome": "FF"}], "preco": "7.33", "partida_data": "06/12/2015", "variacao": "-0.21", "id": 78715, "media": "2.10", "pontos": "3.80", "apelido": "Ramiro", "posicao": {"abreviacao": "MEI", "id": 4, "nome": "Meia"}, "partida_clube_visitante": {"mercado": 1, "slug": "gremio", "abreviacao": "gre", "id": 284, "nome": "gr\u00eamio"}, "partida_clube_casa": {"mercado": 1, "slug": "joinville", "abreviacao": "jec", "id": 317, "nome": "joinville"}}, {"status": "Nulo", "foto": "http://s.glbimg.com/es/sde/f/2015/03/03/3d758263d403d7687b3e4821a6ae0602_FORMATO.jpeg", "clube": {"mercado": 1, "slug": "avai", "abreviacao": "ava", "id": 314, "nome": "ava\u00ed"}, "status_id": 6, "jogos": 21, "scout": [{"quantidade": 29, "nome": "FS"}, {"quantidade": 32, "nome": "PE"}, {"quantidade": 1, "nome": "G"}, {"quantidade": 35, "nome": "RB"}, {"quantidade": 32, "nome": "FC"}, {"quantidade": 6, "nome": "CA"}, {"quantidade": 4, "nome": "FF"}], "preco": "7.32", "partida_data": "06/12/2015", "variacao": "1.28", "id": 91234, "media": "2.24", "pontos": "5.70", "apelido": "Renan", "posicao": {"abreviacao": "MEI", "id": 4, "nome": "Meia"}, "partida_clube_visitante": {"mercado": 1, "slug": "avai", "abreviacao": "ava", "id": 314, "nome": "ava\u00ed"}, "partida_clube_casa": {"mercado": 1, "slug": "corinthians", "abreviacao": "cor", "id": 264, "nome": "corinthians"}}, {"status": "Suspenso", "foto": "http://s.glbimg.com/es/sde/f/2015/10/30/0199882475860cb70b4bcc6e8ad10a19_FORMATO.png", "clube": {"mercado": 1, "slug": "chapecoense", "abreviacao": "cha", "id": 315, "nome": "chapecoense"}, "status_id": 3, "jogos": 26, "scout": [{"quantidade": 20, "nome": "FS"}, {"quantidade": 85, "nome": "PE"}, {"quantidade": 4, "nome": "A"}, {"quantidade": 1, "nome": "G"}, {"quantidade": 31, "nome": "RB"}, {"quantidade": 22, "nome": "FC"}, {"quantidade": 6, "nome": "CA"}, {"quantidade": 13, "nome": "FF"}, {"quantidade": 7, "nome": "FD"}], "preco": "7.32", "partida_data": "06/12/2015", "variacao": "0.00", "id": 38032, "media": "2.24", "pontos": "0.00", "apelido": "Cleber Santana", "posicao": {"abreviacao": "MEI", "id": 4, "nome": "Meia"}, "partida_clube_visitante": {"mercado": 1, "slug": "chapecoense", "abreviacao": "cha", "id": 315, "nome": "chapecoense"}, "partida_clube_casa": {"mercado": 1, "slug": "atletico-mg", "abreviacao": "atl", "id": 282, "nome": "atl\u00e9tico-mg"}}, {"status": "Nulo", "foto": "http://s.glbimg.com/es/sde/f/2015/10/30/f82a9ba219a925e805adb372c7acf761_FORMATO.png", "clube": {"mercado": 1, "slug": "coritiba", "abreviacao": "cor", "id": 294, "nome": "coritiba"}, "status_id": 6, "jogos": 10, "scout": [{"quantidade": 13, "nome": "FS"}, {"quantidade": 11, "nome": "PE"}, {"quantidade": 3, "nome": "G"}, {"quantidade": 6, "nome": "I"}, {"quantidade": 3, "nome": "RB"}, {"quantidade": 7, "nome": "FC"}, {"quantidade": 1, "nome": "CA"}, {"quantidade": 3, "nome": "FF"}, {"quantidade": 2, "nome": "FD"}], "preco": "7.31", "partida_data": "06/12/2015", "variacao": "0.00", "id": 92192, "media": "2.79", "pontos": "0.00", "apelido": "Evandro", "posicao": {"abreviacao": "ATA", "id": 5, "nome": "Atacante"}, "partida_clube_visitante": {"mercado": 1, "slug": "vasco", "abreviacao": "vas", "id": 267, "nome": "vasco"}, "partida_clube_casa": {"mercado": 1, "slug": "coritiba", "abreviacao": "cor", "id": 294, "nome": "coritiba"}}, {"status": "Prov\u00e1vel", "foto": "http://s.glbimg.com/es/sde/f/2015/10/27/91d23f083ef001bdd273a089ba8de6dd_FORMATO.png", "clube": {"mercado": 1, "slug": "sport", "abreviacao": "spo", "id": 292, "nome": "sport"}, "status_id": 7, "jogos": 25, "scout": [{"quantidade": 8, "nome": "FS"}, {"quantidade": 41, "nome": "PE"}, {"quantidade": 2, "nome": "A"}, {"quantidade": 3, "nome": "G"}, {"quantidade": 3, "nome": "I"}, {"quantidade": 6, "nome": "RB"}, {"quantidade": 15, "nome": "FC"}, {"quantidade": 3, "nome": "CA"}, {"quantidade": 2, "nome": "FF"}, {"quantidade": 6, "nome": "FD"}], "preco": "7.30", "partida_data": "06/12/2015", "variacao": "0.00", "id": 82647, "media": "1.13", "pontos": "0.00", "apelido": "R\u00e9gis", "posicao": {"abreviacao": "MEI", "id": 4, "nome": "Meia"}, "partida_clube_visitante": {"mercado": 1, "slug": "sport", "abreviacao": "spo", "id": 292, "nome": "sport"}, "partida_clube_casa": {"mercado": 1, "slug": "ponte-preta", "abreviacao": "pon", "id": 303, "nome": "ponte preta"}}, {"status": "Nulo", "foto": "http://s.glbimg.com/es/sde/f/2015/10/28/4a18edc4b4745a3f87f9133b8f852a5c_FORMATO.jpeg", "clube": {"mercado": 1, "slug": "figueirense", "abreviacao": "fig", "id": 316, "nome": "figueirense"}, "status_id": 6, "jogos": 25, "scout": [{"quantidade": 21, "nome": "FS"}, {"quantidade": 21, "nome": "PE"}, {"quantidade": 3, "nome": "G"}, {"quantidade": 12, "nome": "I"}, {"quantidade": 10, "nome": "RB"}, {"quantidade": 31, "nome": "FC"}, {"quantidade": 5, "nome": "CA"}, {"quantidade": 9, "nome": "FF"}, {"quantidade": 9, "nome": "FD"}], "preco": "7.29", "partida_data": "06/12/2015", "variacao": "0.55", "id": 68974, "media": "1.15", "pontos": "5.70", "apelido": "Marc\u00e3o", "posicao": {"abreviacao": "ATA", "id": 5, "nome": "Atacante"}, "partida_clube_visitante": {"mercado": 1, "slug": "fluminense", "abreviacao": "flu", "id": 266, "nome": "fluminense"}, "partida_clube_casa": {"mercado": 1, "slug": "figueirense", "abreviacao": "fig", "id": 316, "nome": "figueirense"}}, {"status": "Nulo", "foto": "http://s.glbimg.com/es/sde/f/2010/11/17/d0a4174d40f3ec0ae50f348533d67a5d_FORMATO.jpeg", "clube": {"mercado": 1, "slug": "fluminense", "abreviacao": "flu", "id": 266, "nome": "fluminense"}, "status_id": 6, "jogos": 3, "scout": [{"quantidade": 4, "nome": "FS"}, {"quantidade": 15, "nome": "PE"}, {"quantidade": 1, "nome": "A"}, {"quantidade": 5, "nome": "RB"}, {"quantidade": 3, "nome": "FC"}], "preco": "7.29", "partida_data": "06/12/2015", "variacao": "-0.19", "id": 37662, "media": "3.17", "pontos": "2.10", "apelido": "Jonathan", "posicao": {"abreviacao": "LAT", "id": 2, "nome": "Lateral"}, "partida_clube_visitante": {"mercado": 1, "slug": "fluminense", "abreviacao": "flu", "id": 266, "nome": "fluminense"}, "partida_clube_casa": {"mercado": 1, "slug": "figueirense", "abreviacao": "fig", "id": 316, "nome": "figueirense"}}, {"status": "Prov\u00e1vel", "foto": "http://s.glbimg.com/es/sde/f/2015/10/28/6fad4bf23b91ebdcbd6905dfb80121c5_FORMATO.jpeg", "clube": {"mercado": 1, "slug": "figueirense", "abreviacao": "fig", "id": 316, "nome": "figueirense"}, "status_id": 7, "jogos": 33, "scout": [{"quantidade": 30, "nome": "FS"}, {"quantidade": 80, "nome": "PE"}, {"quantidade": 1, "nome": "G"}, {"quantidade": 6, "nome": "I"}, {"quantidade": 67, "nome": "RB"}, {"quantidade": 43, "nome": "FC"}, {"quantidade": 7, "nome": "CA"}, {"quantidade": 7, "nome": "FF"}, {"quantidade": 5, "nome": "FD"}], "preco": "7.23", "partida_data": "06/12/2015", "variacao": "1.17", "id": 80393, "media": "2.57", "pontos": "8.20", "apelido": "Fabinho", "posicao": {"abreviacao": "MEI", "id": 4, "nome": "Meia"}, "partida_clube_visitante": {"mercado": 1, "slug": "fluminense", "abreviacao": "flu", "id": 266, "nome": "fluminense"}, "partida_clube_casa": {"mercado": 1, "slug": "figueirense", "abreviacao": "fig", "id": 316, "nome": "figueirense"}}, {"status": "Nulo", "foto": "http://s.glbimg.com/es/sde/f/2014/02/21/259ce026204b3897f5cc8d275d80a834_FORMATO.jpeg", "clube": {"mercado": 1, "slug": "joinville", "abreviacao": "jec", "id": 317, "nome": "joinville"}, "status_id": 6, "jogos": 8, "scout": [{"quantidade": 2, "nome": "SG"}, {"quantidade": 9, "nome": "FS"}, {"quantidade": 13, "nome": "PE"}, {"quantidade": 16, "nome": "RB"}, {"quantidade": 10, "nome": "FC"}, {"quantidade": 1, "nome": "CA"}, {"quantidade": 1, "nome": "FD"}], "preco": "7.23", "partida_data": "06/12/2015", "variacao": "0.00", "id": 82306, "media": "3.97", "pontos": "0.00", "apelido": "Douglas Silva", "posicao": {"abreviacao": "ZAG", "id": 3, "nome": "Zagueiro"}, "partida_clube_visitante": {"mercado": 1, "slug": "gremio", "abreviacao": "gre", "id": 284, "nome": "gr\u00eamio"}, "partida_clube_casa": {"mercado": 1, "slug": "joinville", "abreviacao": "jec", "id": 317, "nome": "joinville"}}, {"status": "Nulo", "foto": "http://s.glbimg.com/es/sde/f/2015/10/30/de5f7b6edbc00204cff53cf3ed6cc7e5_FORMATO.png", "clube": {"mercado": 1, "slug": "coritiba", "abreviacao": "cor", "id": 294, "nome": "coritiba"}, "status_id": 6, "jogos": 14, "scout": [{"quantidade": 9, "nome": "FS"}, {"quantidade": 45, "nome": "PE"}, {"quantidade": 2, "nome": "A"}, {"quantidade": 1, "nome": "G"}, {"quantidade": 3, "nome": "I"}, {"quantidade": 3, "nome": "RB"}, {"quantidade": 11, "nome": "FC"}, {"quantidade": 16, "nome": "FF"}, {"quantidade": 9, "nome": "FD"}], "preco": "7.20", "partida_data": "06/12/2015", "variacao": "0.00", "id": 38482, "media": "1.96", "pontos": "0.00", "apelido": "Marcos Aur\u00e9lio", "posicao": {"abreviacao": "MEI", "id": 4, "nome": "Meia"}, "partida_clube_visitante": {"mercado": 1, "slug": "vasco", "abreviacao": "vas", "id": 267, "nome": "vasco"}, "partida_clube_casa": {"mercado": 1, "slug": "coritiba", "abreviacao": "cor", "id": 294, "nome": "coritiba"}}, {"status": "D\u00favida", "foto": "http://s.glbimg.com/es/sde/f/2015/10/30/514caa5f71351a59cb7bd0c017e8c10b_FORMATO.png", "clube": {"mercado": 1, "slug": "chapecoense", "abreviacao": "cha", "id": 315, "nome": "chapecoense"}, "status_id": 2, "jogos": 19, "scout": [{"quantidade": 9, "nome": "FS"}, {"quantidade": 11, "nome": "PE"}, {"quantidade": 1, "nome": "FT"}, {"quantidade": 9, "nome": "G"}, {"quantidade": 6, "nome": "I"}, {"quantidade": 5, "nome": "RB"}, {"quantidade": 19, "nome": "FC"}, {"quantidade": 1, "nome": "CA"}, {"quantidade": 12, "nome": "FF"}, {"quantidade": 6, "nome": "FD"}], "preco": "7.18", "partida_data": "06/12/2015", "variacao": "-1.38", "id": 51683, "media": "4.47", "pontos": "-0.30", "apelido": "Bruno Rangel", "posicao": {"abreviacao": "ATA", "id": 5, "nome": "Atacante"}, "partida_clube_visitante": {"mercado": 1, "slug": "chapecoense", "abreviacao": "cha", "id": 315, "nome": "chapecoense"}, "partida_clube_casa": {"mercado": 1, "slug": "atletico-mg", "abreviacao": "atl", "id": 282, "nome": "atl\u00e9tico-mg"}}, {"status": "Nulo", "foto": "http://s.glbimg.com/es/sde/f/2015/10/27/4a261a6e685811b9702086300afeff48_FORMATO.png", "clube": {"mercado": 1, "slug": "sport", "abreviacao": "spo", "id": 292, "nome": "sport"}, "status_id": 6, "jogos": 24, "scout": [{"quantidade": 16, "nome": "FS"}, {"quantidade": 54, "nome": "PE"}, {"quantidade": 2, "nome": "A"}, {"quantidade": 1, "nome": "FT"}, {"quantidade": 4, "nome": "G"}, {"quantidade": 3, "nome": "I"}, {"quantidade": 7, "nome": "RB"}, {"quantidade": 10, "nome": "FC"}, {"quantidade": 15, "nome": "FF"}, {"quantidade": 11, "nome": "FD"}], "preco": "7.18", "partida_data": "06/12/2015", "variacao": "-0.02", "id": 62069, "media": "2.66", "pontos": "0.00", "apelido": "Maikon Leite", "posicao": {"abreviacao": "ATA", "id": 5, "nome": "Atacante"}, "partida_clube_visitante": {"mercado": 1, "slug": "sport", "abreviacao": "spo", "id": 292, "nome": "sport"}, "partida_clube_casa": {"mercado": 1, "slug": "ponte-preta", "abreviacao": "pon", "id": 303, "nome": "ponte preta"}}, {"status": "Nulo", "foto": "http://s.glbimg.com/es/sde/f/2015/10/30/800a73f1875698e8ba14bca5d5be0643_FORMATO.png", "clube": {"mercado": 1, "slug": "coritiba", "abreviacao": "cor", "id": 294, "nome": "coritiba"}, "status_id": 6, "jogos": 15, "scout": [{"quantidade": 5, "nome": "SG"}, {"quantidade": 10, "nome": "FS"}, {"quantidade": 35, "nome": "PE"}, {"quantidade": 1, "nome": "I"}, {"quantidade": 23, "nome": "RB"}, {"quantidade": 13, "nome": "FC"}, {"quantidade": 5, "nome": "CA"}, {"quantidade": 2, "nome": "FF"}, {"quantidade": 3, "nome": "FD"}], "preco": "7.16", "partida_data": "06/12/2015", "variacao": "0.00", "id": 73465, "media": "3.07", "pontos": "0.00", "apelido": "Luccas Claro", "posicao": {"abreviacao": "ZAG", "id": 3, "nome": "Zagueiro"}, "partida_clube_visitante": {"mercado": 1, "slug": "vasco", "abreviacao": "vas", "id": 267, "nome": "vasco"}, "partida_clube_casa": {"mercado": 1, "slug": "coritiba", "abreviacao": "cor", "id": 294, "nome": "coritiba"}}, {"status": "Prov\u00e1vel", "foto": "http://s.glbimg.com/es/sde/f/2015/10/28/a51777cf0ad6e9f63b3be9199b58fbd1_FORMATO.jpeg", "clube": {"mercado": 1, "slug": "internacional", "abreviacao": "int", "id": 285, "nome": "internacional"}, "status_id": 7, "jogos": 29, "scout": [{"quantidade": 30, "nome": "FS"}, {"quantidade": 55, "nome": "PE"}, {"quantidade": 3, "nome": "A"}, {"quantidade": 1, "nome": "G"}, {"quantidade": 3, "nome": "I"}, {"quantidade": 71, "nome": "RB"}, {"quantidade": 61, "nome": "FC"}, {"quantidade": 4, "nome": "CA"}, {"quantidade": 10, "nome": "FF"}, {"quantidade": 2, "nome": "FD"}], "preco": "7.13", "partida_data": "06/12/2015", "variacao": "-0.83", "id": 78865, "media": "3.84", "pontos": "-0.20", "apelido": "Rodrigo Dourado", "posicao": {"abreviacao": "MEI", "id": 4, "nome": "Meia"}, "partida_clube_visitante": {"mercado": 1, "slug": "cruzeiro", "abreviacao": "cru", "id": 283, "nome": "cruzeiro"}, "partida_clube_casa": {"mercado": 1, "slug": "internacional", "abreviacao": "int", "id": 285, "nome": "internacional"}}]}