{"rodada_id": 38, "page": {"atual": "17", "total": "41"}, "atleta": [{"status": "Nulo", "foto": "http://s.glbimg.com/es/sde/f/2013/04/12/ac43527cf2ea70ce5bfd12a16c689912_FORMATO.jpeg", "clube": {"mercado": 1, "slug": "corinthians", "abreviacao": "cor", "id": 264, "nome": "corinthians"}, "status_id": 6, "jogos": 29, "scout": [{"quantidade": 16, "nome": "FS"}, {"quantidade": 27, "nome": "PE"}, {"quantidade": 2, "nome": "A"}, {"quantidade": 1, "nome": "I"}, {"quantidade": 4, "nome": "RB"}, {"quantidade": 16, "nome": "FC"}, {"quantidade": 2, "nome": "CA"}, {"quantidade": 5, "nome": "FF"}, {"quantidade": 3, "nome": "FD"}], "preco": "5.90", "partida_data": "06/12/2015", "variacao": "-0.07", "id": 38067, "media": "0.37", "pontos": "-0.10", "apelido": "Danilo", "posicao": {"abreviacao": "MEI", "id": 4, "nome": "Meia"}, "partida_clube_visitante": {"mercado": 1, "slug": "avai", "abreviacao": "ava", "id": 314, "nome": "ava\u00ed"}, "partida_clube_casa": {"mercado": 1, "slug": "corinthians", "abreviacao": "cor", "id": 264, "nome": "corinthians"}}, {"status": "Prov\u00e1vel", "foto": "http://s.glbimg.com/es/sde/f/2014/06/08/7b5042c7703b92ad83a2d7c8207a5e86_FORMATO.jpeg", "clube": {"mercado": 1, "slug": "cruzeiro", "abreviacao": "cru", "id": 283, "nome": "cruzeiro"}, "status_id": 7, "jogos": 6, "scout": [{"quantidade": 2, "nome": "SG"}, {"quantidade": 2, "nome": "FS"}, {"quantidade": 21, "nome": "PE"}, {"quantidade": 5, "nome": "I"}, {"quantidade": 14, "nome": "RB"}, {"quantidade": 11, "nome": "FC"}, {"quantidade": 1, "nome": "CV"}], "preco": "5.89", "partida_data": "06/12/2015", "variacao": "1.62", "id": 77967, "media": "2.58", "pontos": "7.70", "apelido": "Mena", "posicao": {"abreviacao": "LAT", "id": 2, "nome": "Lateral"}, "partida_clube_visitante": {"mercado": 1, "slug": "cruzeiro", "abreviacao": "cru", "id": 283, "nome": "cruzeiro"}, "partida_clube_casa": {"mercado": 1, "slug": "internacional", "abreviacao": "int", "id": 285, "nome": "internacional"}}, {"status": "Nulo", "foto": "http://s.glbimg.com/es/sde/f/2014/03/26/da26ad126c205d2fdc61d119b8d8e0df_FORMATO.jpeg", "clube": {"mercado": 1, "slug": "figueirense", "abreviacao": "fig", "id": 316, "nome": "figueirense"}, "status_id": 6, "jogos": 5, "scout": [{"quantidade": 3, "nome": "FS"}, {"quantidade": 7, "nome": "PE"}, {"quantidade": 7, "nome": "RB"}, {"quantidade": 5, "nome": "FC"}], "preco": "5.89", "partida_data": "06/12/2015", "variacao": "0.00", "id": 81950, "media": "1.76", "pontos": "0.00", "apelido": "Jefferson", "posicao": {"abreviacao": "MEI", "id": 4, "nome": "Meia"}, "partida_clube_visitante": {"mercado": 1, "slug": "fluminense", "abreviacao": "flu", "id": 266, "nome": "fluminense"}, "partida_clube_casa": {"mercado": 1, "slug": "figueirense", "abreviacao": "fig", "id": 316, "nome": "figueirense"}}, {"status": "Prov\u00e1vel", "foto": "http://s.glbimg.com/es/sde/f/2015/07/21/a9170cf9fa7262623e7175d206c18637_FORMATO.jpeg", "clube": {"mercado": 1, "slug": "ponte-preta", "abreviacao": "pon", "id": 303, "nome": "ponte preta"}, "status_id": 7, "jogos": 12, "scout": [{"quantidade": 34, "nome": "FS"}, {"quantidade": 18, "nome": "PE"}, {"quantidade": 3, "nome": "G"}, {"quantidade": 11, "nome": "I"}, {"quantidade": 5, "nome": "RB"}, {"quantidade": 22, "nome": "FC"}, {"quantidade": 3, "nome": "CA"}, {"quantidade": 5, "nome": "FF"}, {"quantidade": 3, "nome": "FD"}], "preco": "5.89", "partida_data": "06/12/2015", "variacao": "-0.97", "id": 53189, "media": "2.34", "pontos": "-1.60", "apelido": "Alexandro", "posicao": {"abreviacao": "ATA", "id": 5, "nome": "Atacante"}, "partida_clube_visitante": {"mercado": 1, "slug": "sport", "abreviacao": "spo", "id": 292, "nome": "sport"}, "partida_clube_casa": {"mercado": 1, "slug": "ponte-preta", "abreviacao": "pon", "id": 303, "nome": "ponte preta"}}, {"status": "Prov\u00e1vel", "foto": "http://s.glbimg.com/es/sde/f/2015/07/21/f79518b2117e8ad0854f4304199ab5f7_FORMATO.jpeg", "clube": {"mercado": 1, "slug": "avai", "abreviacao": "ava", "id": 314, "nome": "ava\u00ed"}, "status_id": 7, "jogos": 26, "scout": [{"quantidade": 35, "nome": "FS"}, {"quantidade": 45, "nome": "PE"}, {"quantidade": 2, "nome": "A"}, {"quantidade": 1, "nome": "FT"}, {"quantidade": 5, "nome": "G"}, {"quantidade": 15, "nome": "I"}, {"quantidade": 8, "nome": "RB"}, {"quantidade": 32, "nome": "FC"}, {"quantidade": 6, "nome": "CA"}, {"quantidade": 17, "nome": "FF"}, {"quantidade": 13, "nome": "FD"}], "preco": "5.88", "partida_data": "06/12/2015", "variacao": "0.33", "id": 83335, "media": "2.33", "pontos": "1.70", "apelido": "Anderson Lopes", "posicao": {"abreviacao": "ATA", "id": 5, "nome": "Atacante"}, "partida_clube_visitante": {"mercado": 1, "slug": "avai", "abreviacao": "ava", "id": 314, "nome": "ava\u00ed"}, "partida_clube_casa": {"mercado": 1, "slug": "corinthians", "abreviacao": "cor", "id": 264, "nome": "corinthians"}}, {"status": "Nulo", "foto": "http://s.glbimg.com/es/sde/f/2015/10/29/6d1b2a3681d5769ef11d0f7b32fbb3e3_FORMATO.png", "clube": {"mercado": 1, "slug": "flamengo", "abreviacao": "fla", "id": 262, "nome": "flamengo"}, "status_id": 6, "jogos": 16, "scout": [{"quantidade": 8, "nome": "SG"}, {"quantidade": 17, "nome": "FS"}, {"quantidade": 43, "nome": "PE"}, {"quantidade": 1, "nome": "G"}, {"quantidade": 2, "nome": "I"}, {"quantidade": 7, "nome": "RB"}, {"quantidade": 12, "nome": "FC"}, {"quantidade": 2, "nome": "CA"}, {"quantidade": 4, "nome": "FF"}, {"quantidade": 2, "nome": "FD"}], "preco": "5.83", "partida_data": "06/12/2015", "variacao": "0.00", "id": 72334, "media": "3.08", "pontos": "0.00", "apelido": "Ayrton", "posicao": {"abreviacao": "LAT", "id": 2, "nome": "Lateral"}, "partida_clube_visitante": {"mercado": 1, "slug": "palmeiras", "abreviacao": "pal", "id": 275, "nome": "palmeiras"}, "partida_clube_casa": {"mercado": 1, "slug": "flamengo", "abreviacao": "fla", "id": 262, "nome": "flamengo"}}, {"status": "Prov\u00e1vel", "foto": "http://s.glbimg.com/es/sde/f/2015/10/30/ff9d82e0d76e6406c7c51cdb6ddb058a_FORMATO.png", "clube": {"mercado": 1, "slug": "coritiba", "abreviacao": "cor", "id": 294, "nome": "coritiba"}, "status_id": 7, "jogos": 16, "scout": [{"quantidade": 10, "nome": "SG"}, {"quantidade": 16, "nome": "FS"}, {"quantidade": 31, "nome": "PE"}, {"quantidade": 1, "nome": "I"}, {"quantidade": 34, "nome": "RB"}, {"quantidade": 19, "nome": "FC"}, {"quantidade": 7, "nome": "CA"}, {"quantidade": 3, "nome": "FF"}, {"quantidade": 1, "nome": "FD"}], "preco": "5.82", "partida_data": "06/12/2015", "variacao": "0.47", "id": 73991, "media": "5.36", "pontos": "8.90", "apelido": "Walisson Maia", "posicao": {"abreviacao": "ZAG", "id": 3, "nome": "Zagueiro"}, "partida_clube_visitante": {"mercado": 1, "slug": "vasco", "abreviacao": "vas", "id": 267, "nome": "vasco"}, "partida_clube_casa": {"mercado": 1, "slug": "coritiba", "abreviacao": "cor", "id": 294, "nome": "coritiba"}}, {"status": "Nulo", "foto": "http://s.glbimg.com/es/sde/f/2015/10/30/f17103e7be601395fe5521e752d4972f_FORMATO.png", "clube": {"mercado": 1, "slug": "coritiba", "abreviacao": "cor", "id": 294, "nome": "coritiba"}, "status_id": 6, "jogos": 10, "scout": [{"quantidade": 4, "nome": "FS"}, {"quantidade": 12, "nome": "PE"}, {"quantidade": 1, "nome": "G"}, {"quantidade": 4, "nome": "I"}, {"quantidade": 10, "nome": "RB"}, {"quantidade": 4, "nome": "FC"}, {"quantidade": 2, "nome": "CA"}, {"quantidade": 4, "nome": "FF"}, {"quantidade": 4, "nome": "FD"}], "preco": "5.75", "partida_data": "06/12/2015", "variacao": "0.00", "id": 82640, "media": "2.22", "pontos": "0.00", "apelido": "Paulinho", "posicao": {"abreviacao": "ATA", "id": 5, "nome": "Atacante"}, "partida_clube_visitante": {"mercado": 1, "slug": "vasco", "abreviacao": "vas", "id": 267, "nome": "vasco"}, "partida_clube_casa": {"mercado": 1, "slug": "coritiba", "abreviacao": "cor", "id": 294, "nome": "coritiba"}}, {"status": "Prov\u00e1vel", "foto": "http://s.glbimg.com/es/sde/f/2015/10/28/a45296c391f0ff0aceb783f1cbc2ddf3_FORMATO.jpeg", "clube": {"mercado": 1, "slug": "figueirense", "abreviacao": "fig", "id": 316, "nome": "figueirense"}, "status_id": 7, "jogos": 22, "scout": [{"quantidade": 35, "nome": "FS"}, {"quantidade": 46, "nome": "PE"}, {"quantidade": 1, "nome": "G"}, {"quantidade": 24, "nome": "RB"}, {"quantidade": 44, "nome": "FC"}, {"quantidade": 5, "nome": "CA"}, {"quantidade": 1, "nome": "CV"}, {"quantidade": 6, "nome": "FF"}, {"quantidade": 3, "nome": "FD"}], "preco": "5.75", "partida_data": "06/12/2015", "variacao": "0.17", "id": 68987, "media": "1.02", "pontos": "1.30", "apelido": "Jo\u00e3o Vitor", "posicao": {"abreviacao": "MEI", "id": 4, "nome": "Meia"}, "partida_clube_visitante": {"mercado": 1, "slug": "fluminense", "abreviacao": "flu", "id": 266, "nome": "fluminense"}, "partida_clube_casa": {"mercado": 1, "slug": "figueirense", "abreviacao": "fig", "id": 316, "nome": "figueirense"}}, {"status": "Nulo", "foto": "http://s.glbimg.com/es/sde/f/2015/10/28/bb8c7d2aa6059c212f13633a0aba2164_FORMATO.png", "clube": {"mercado": 1, "slug": "vasco", "abreviacao": "vas", "id": 267, "nome": "vasco"}, "status_id": 6, "jogos": 11, "scout": [{"quantidade": 9, "nome": "FS"}, {"quantidade": 21, "nome": "PE"}, {"quantidade": 1, "nome": "FT"}, {"quantidade": 1, "nome": "G"}, {"quantidade": 2, "nome": "I"}, {"quantidade": 5, "nome": "RB"}, {"quantidade": 15, "nome": "FC"}, {"quantidade": 1, "nome": "CA"}, {"quantidade": 6, "nome": "FF"}, {"quantidade": 8, "nome": "FD"}], "preco": "5.74", "partida_data": "06/12/2015", "variacao": "-0.23", "id": 40758, "media": "1.81", "pontos": "0.50", "apelido": "Leandr\u00e3o", "posicao": {"abreviacao": "ATA", "id": 5, "nome": "Atacante"}, "partida_clube_visitante": {"mercado": 1, "slug": "vasco", "abreviacao": "vas", "id": 267, "nome": "vasco"}, "partida_clube_casa": {"mercado": 1, "slug": "coritiba", "abreviacao": "cor", "id": 294, "nome": "coritiba"}}, {"status": "Nulo", "foto": "http://s.glbimg.com/es/sde/f/2015/10/28/d09e569cad726389512c71c236a04b53_FORMATO.png", "clube": {"mercado": 1, "slug": "vasco", "abreviacao": "vas", "id": 267, "nome": "vasco"}, "status_id": 6, "jogos": 11, "scout": [{"quantidade": 3, "nome": "SG"}, {"quantidade": 9, "nome": "FS"}, {"quantidade": 29, "nome": "PE"}, {"quantidade": 1, "nome": "FT"}, {"quantidade": 12, "nome": "RB"}, {"quantidade": 7, "nome": "FC"}, {"quantidade": 1, "nome": "GC"}, {"quantidade": 3, "nome": "CA"}, {"quantidade": 4, "nome": "FF"}, {"quantidade": 2, "nome": "FD"}], "preco": "5.73", "partida_data": "06/12/2015", "variacao": "0.00", "id": 70933, "media": "2.18", "pontos": "0.00", "apelido": "Anderson Salles", "posicao": {"abreviacao": "ZAG", "id": 3, "nome": "Zagueiro"}, "partida_clube_visitante": {"mercado": 1, "slug": "vasco", "abreviacao": "vas", "id": 267, "nome": "vasco"}, "partida_clube_casa": {"mercado": 1, "slug": "coritiba", "abreviacao": "cor", "id": 294, "nome": "coritiba"}}, {"status": "Nulo", "foto": "http://s.glbimg.com/es/sde/f/2015/10/27/8ba609d45f15299bb822b4c429255370_FORMATO.png", "clube": {"mercado": 1, "slug": "sport", "abreviacao": "spo", "id": 292, "nome": "sport"}, "status_id": 6, "jogos": 7, "scout": [{"quantidade": 3, "nome": "FS"}, {"quantidade": 6, "nome": "PE"}, {"quantidade": 1, "nome": "A"}, {"quantidade": 1, "nome": "I"}, {"quantidade": 1, "nome": "RB"}, {"quantidade": 6, "nome": "FC"}, {"quantidade": 1, "nome": "CA"}, {"quantidade": 3, "nome": "FF"}], "preco": "5.71", "partida_data": "06/12/2015", "variacao": "0.00", "id": 72389, "media": "0.43", "pontos": "0.00", "apelido": "Mike", "posicao": {"abreviacao": "ATA", "id": 5, "nome": "Atacante"}, "partida_clube_visitante": {"mercado": 1, "slug": "sport", "abreviacao": "spo", "id": 292, "nome": "sport"}, "partida_clube_casa": {"mercado": 1, "slug": "ponte-preta", "abreviacao": "pon", "id": 303, "nome": "ponte preta"}}, {"status": "Nulo", "foto": "http://s.glbimg.com/es/sde/f/2015/04/10/64bed6d1e79f2b7b70ae3818f3a6020d_FORMATO.jpeg", "clube": {"mercado": 1, "slug": "goias", "abreviacao": "goi", "id": 290, "nome": "goi\u00e1s"}, "status_id": 6, "jogos": 9, "scout": [{"quantidade": 3, "nome": "SG"}, {"quantidade": 6, "nome": "FS"}, {"quantidade": 21, "nome": "PE"}, {"quantidade": 2, "nome": "I"}, {"quantidade": 4, "nome": "RB"}, {"quantidade": 6, "nome": "FC"}], "preco": "5.69", "partida_data": "06/12/2015", "variacao": "0.00", "id": 90916, "media": "1.61", "pontos": "0.00", "apelido": "Everton", "posicao": {"abreviacao": "LAT", "id": 2, "nome": "Lateral"}, "partida_clube_visitante": {"mercado": 1, "slug": "sao-paulo", "abreviacao": "sao", "id": 276, "nome": "s\u00e3o paulo"}, "partida_clube_casa": {"mercado": 1, "slug": "goias", "abreviacao": "goi", "id": 290, "nome": "goi\u00e1s"}}, {"status": "Contundido", "foto": "http://s.glbimg.com/es/sde/f/2015/10/28/8edad398dedafe5835b9784a931ae108_FORMATO.jpeg", "clube": {"mercado": 1, "slug": "gremio", "abreviacao": "gre", "id": 284, "nome": "gr\u00eamio"}, "status_id": 5, "jogos": 23, "scout": [{"quantidade": 12, "nome": "FS"}, {"quantidade": 63, "nome": "PE"}, {"quantidade": 1, "nome": "A"}, {"quantidade": 1, "nome": "G"}, {"quantidade": 1, "nome": "I"}, {"quantidade": 39, "nome": "RB"}, {"quantidade": 38, "nome": "FC"}, {"quantidade": 4, "nome": "CA"}, {"quantidade": 7, "nome": "FF"}, {"quantidade": 5, "nome": "FD"}], "preco": "5.65", "partida_data": "06/12/2015", "variacao": "0.00", "id": 38196, "media": "2.12", "pontos": "0.00", "apelido": "Maicon", "posicao": {"abreviacao": "MEI", "id": 4, "nome": "Meia"}, "partida_clube_visitante": {"mercado": 1, "slug": "gremio", "abreviacao": "gre", "id": 284, "nome": "gr\u00eamio"}, "partida_clube_casa": {"mercado": 1, "slug": "joinville", "abreviacao": "jec", "id": 317, "nome": "joinville"}}, {"status": "Nulo", "foto": "http://s.glbimg.com/es/sde/f/2015/10/28/b3beb622c08bd82ce9f9c1d2cceeff3a_FORMATO.jpeg", "clube": {"mercado": 1, "slug": "joinville", "abreviacao": "jec", "id": 317, "nome": "joinville"}, "status_id": 6, "jogos": 4, "scout": [{"quantidade": 2, "nome": "SG"}, {"quantidade": 3, "nome": "FS"}, {"quantidade": 12, "nome": "PE"}, {"quantidade": 6, "nome": "RB"}, {"quantidade": 4, "nome": "FC"}, {"quantidade": 1, "nome": "CA"}], "preco": "5.65", "partida_data": "06/12/2015", "variacao": "0.00", "id": 78497, "media": "3.52", "pontos": "0.00", "apelido": "Arnaldo", "posicao": {"abreviacao": "LAT", "id": 2, "nome": "Lateral"}, "partida_clube_visitante": {"mercado": 1, "slug": "gremio", "abreviacao": "gre", "id": 284, "nome": "gr\u00eamio"}, "partida_clube_casa": {"mercado": 1, "slug": "joinville", "abreviacao": "jec", "id": 317, "nome": "joinville"}}, {"status": "Nulo", "foto": "http://s.glbimg.com/es/sde/f/2015/05/19/7813bf0c822b824d2bcd1bb1a0dc062c_FORMATO.png", "clube": {"mercado": 1, "slug": "santos", "abreviacao": "san", "id": 277, "nome": "santos"}, "status_id": 6, "jogos": 4, "scout": [{"quantidade": 3, "nome": "FS"}, {"quantidade": 12, "nome": "PE"}, {"quantidade": 2, "nome": "RB"}, {"quantidade": 6, "nome": "FC"}, {"quantidade": 2, "nome": "CA"}, {"quantidade": 1, "nome": "FF"}, {"quantidade": 1, "nome": "FD"}], "preco": "5.65", "partida_data": "06/12/2015", "variacao": "0.00", "id": 70515, "media": "-1.00", "pontos": "0.00", "apelido": "Ledesma", "posicao": {"abreviacao": "MEI", "id": 4, "nome": "Meia"}, "partida_clube_visitante": {"mercado": 1, "slug": "atletico-pr", "abreviacao": "atl", "id": 293, "nome": "atl\u00e9tico-pr"}, "partida_clube_casa": {"mercado": 1, "slug": "santos", "abreviacao": "san", "id": 277, "nome": "santos"}}, {"status": "Nulo", "foto": "http://s.glbimg.com/es/sde/f/2015/10/28/259f11c9e7b9554907da55074cc9e8bd_FORMATO.jpeg", "clube": {"mercado": 1, "slug": "joinville", "abreviacao": "jec", "id": 317, "nome": "joinville"}, "status_id": 6, "jogos": 12, "scout": [{"quantidade": 11, "nome": "FS"}, {"quantidade": 18, "nome": "PE"}, {"quantidade": 1, "nome": "A"}, {"quantidade": 2, "nome": "I"}, {"quantidade": 4, "nome": "RB"}, {"quantidade": 10, "nome": "FC"}, {"quantidade": 3, "nome": "CA"}, {"quantidade": 6, "nome": "FF"}, {"quantidade": 1, "nome": "FD"}], "preco": "5.64", "partida_data": "06/12/2015", "variacao": "-0.30", "id": 37781, "media": "0.42", "pontos": "0.70", "apelido": "Marcelo Costa", "posicao": {"abreviacao": "MEI", "id": 4, "nome": "Meia"}, "partida_clube_visitante": {"mercado": 1, "slug": "gremio", "abreviacao": "gre", "id": 284, "nome": "gr\u00eamio"}, "partida_clube_casa": {"mercado": 1, "slug": "joinville", "abreviacao": "jec", "id": 317, "nome": "joinville"}}, {"status": "Nulo", "foto": "http://s.glbimg.com/es/sde/f/2015/10/30/da13e54a0f08ff64465beaafbd115bc7_FORMATO.png", "clube": {"mercado": 1, "slug": "coritiba", "abreviacao": "cor", "id": 294, "nome": "coritiba"}, "status_id": 6, "jogos": 25, "scout": [{"quantidade": 39, "nome": "FS"}, {"quantidade": 66, "nome": "PE"}, {"quantidade": 2, "nome": "A"}, {"quantidade": 1, "nome": "FT"}, {"quantidade": 1, "nome": "G"}, {"quantidade": 7, "nome": "I"}, {"quantidade": 24, "nome": "RB"}, {"quantidade": 36, "nome": "FC"}, {"quantidade": 7, "nome": "CA"}, {"quantidade": 10, "nome": "FF"}, {"quantidade": 9, "nome": "FD"}], "preco": "5.63", "partida_data": "06/12/2015", "variacao": "0.00", "id": 71844, "media": "1.70", "pontos": "0.00", "apelido": "Thiago Galhardo", "posicao": {"abreviacao": "MEI", "id": 4, "nome": "Meia"}, "partida_clube_visitante": {"mercado": 1, "slug": "vasco", "abreviacao": "vas", "id": 267, "nome": "vasco"}, "partida_clube_casa": {"mercado": 1, "slug": "coritiba", "abreviacao": "cor", "id": 294, "nome": "coritiba"}}, {"status": "Prov\u00e1vel", "foto": "http://s.glbimg.com/es/sde/f/2015/10/27/9b2a7d3c63d5517cc78da116dc9099ee_FORMATO.png", "clube": {"mercado": 1, "slug": "santos", "abreviacao": "san", "id": 277, "nome": "santos"}, "status_id": 7, "jogos": 22, "scout": [{"quantidade": 10, "nome": "SG"}, {"quantidade": 18, "nome": "FS"}, {"quantidade": 65, "nome": "PE"}, {"quantidade": 4, "nome": "A"}, {"quantidade": 36, "nome": "RB"}, {"quantidade": 20, "nome": "FC"}, {"quantidade": 3, "nome": "CA"}, {"quantidade": 3, "nome": "FF"}, {"quantidade": 1, "nome": "FD"}], "preco": "5.62", "partida_data": "06/12/2015", "variacao": "-1.40", "id": 87192, "media": "4.91", "pontos": "-1.50", "apelido": "Zeca", "posicao": {"abreviacao": "LAT", "id": 2, "nome": "Lateral"}, "partida_clube_visitante": {"mercado": 1, "slug": "atletico-pr", "abreviacao": "atl", "id": 293, "nome": "atl\u00e9tico-pr"}, "partida_clube_casa": {"mercado": 1, "slug": "santos", "abreviacao": "san", "id": 277, "nome": "santos"}}, {"status": "Nulo", "foto": "http://s.glbimg.com/es/sde/f/2015/10/28/d450b2bbb16a8c2b43475bfa5da42fb9_FORMATO.jpeg", "clube": {"mercado": 1, "slug": "figueirense", "abreviacao": "fig", "id": 316, "nome": "figueirense"}, "status_id": 6, "jogos": 25, "scout": [{"quantidade": 29, "nome": "FS"}, {"quantidade": 48, "nome": "PE"}, {"quantidade": 2, "nome": "A"}, {"quantidade": 1, "nome": "G"}, {"quantidade": 2, "nome": "I"}, {"quantidade": 21, "nome": "RB"}, {"quantidade": 24, "nome": "FC"}, {"quantidade": 5, "nome": "CA"}, {"quantidade": 12, "nome": "FF"}, {"quantidade": 8, "nome": "FD"}], "preco": "5.60", "partida_data": "06/12/2015", "variacao": "0.00", "id": 51476, "media": "1.89", "pontos": "0.00", "apelido": "Rafael Bastos", "posicao": {"abreviacao": "MEI", "id": 4, "nome": "Meia"}, "partida_clube_visitante": {"mercado": 1, "slug": "fluminense", "abreviacao": "flu", "id": 266, "nome": "fluminense"}, "partida_clube_casa": {"mercado": 1, "slug": "figueirense", "abreviacao": "fig", "id": 316, "nome": "figueirense"}}]}