{"rodada_id": 38, "page": {"atual": "5", "total": "42"}, "atleta": [{"status": "Suspenso", "foto": "http://s.glbimg.com/es/sde/f/2015/10/27/8fd05b0c45186652587b0b474b38b216_FORMATO.png", "clube": {"mercado": 1, "slug": "sport", "abreviacao": "spo", "id": 292, "nome": "sport"}, "status_id": 3, "jogos": 34, "scout": [{"quantidade": 33, "nome": "FS"}, {"quantidade": 130, "nome": "PE"}, {"quantidade": 2, "nome": "A"}, {"quantidade": 1, "nome": "G"}, {"quantidade": 1, "nome": "I"}, {"quantidade": 71, "nome": "RB"}, {"quantidade": 66, "nome": "FC"}, {"quantidade": 9, "nome": "CA"}, {"quantidade": 16, "nome": "FF"}, {"quantidade": 5, "nome": "FD"}], "preco": "12.58", "partida_data": "06/12/2015", "variacao": "-0.99", "id": 68834, "media": "2.38", "pontos": "-1.70", "apelido": "Rithely", "posicao": {"abreviacao": "MEI", "id": 4, "nome": "Meia"}, "partida_clube_visitante": {"mercado": 1, "slug": "sport", "abreviacao": "spo", "id": 292, "nome": "sport"}, "partida_clube_casa": {"mercado": 1, "slug": "ponte-preta", "abreviacao": "pon", "id": 303, "nome": "ponte preta"}}, {"status": "Prov\u00e1vel", "foto": "http://s.glbimg.com/es/sde/f/2015/10/30/219681840763c29891b502bda6f6b1a2_FORMATO.png", "clube": {"mercado": 1, "slug": "chapecoense", "abreviacao": "cha", "id": 315, "nome": "chapecoense"}, "status_id": 7, "jogos": 30, "scout": [{"quantidade": 39, "nome": "FS"}, {"quantidade": 96, "nome": "PE"}, {"quantidade": 3, "nome": "A"}, {"quantidade": 1, "nome": "FT"}, {"quantidade": 3, "nome": "G"}, {"quantidade": 11, "nome": "I"}, {"quantidade": 22, "nome": "RB"}, {"quantidade": 21, "nome": "FC"}, {"quantidade": 1, "nome": "CA"}, {"quantidade": 21, "nome": "FF"}, {"quantidade": 8, "nome": "FD"}], "preco": "12.57", "partida_data": "06/12/2015", "variacao": "0.38", "id": 62009, "media": "2.51", "pontos": "3.80", "apelido": "Camilo", "posicao": {"abreviacao": "MEI", "id": 4, "nome": "Meia"}, "partida_clube_visitante": {"mercado": 1, "slug": "chapecoense", "abreviacao": "cha", "id": 315, "nome": "chapecoense"}, "partida_clube_casa": {"mercado": 1, "slug": "atletico-mg", "abreviacao": "atl", "id": 282, "nome": "atl\u00e9tico-mg"}}, {"status": "Prov\u00e1vel", "foto": "http://s.glbimg.com/es/sde/f/2015/05/01/72c39d55711a506400e8229d3d83c022_FORMATO.jpeg", "clube": {"mercado": 1, "slug": "sao-paulo", "abreviacao": "sao", "id": 276, "nome": "s\u00e3o paulo"}, "status_id": 7, "jogos": 29, "scout": [{"quantidade": 12, "nome": "FS"}, {"quantidade": 119, "nome": "PE"}, {"quantidade": 1, "nome": "FT"}, {"quantidade": 7, "nome": "G"}, {"quantidade": 14, "nome": "I"}, {"quantidade": 20, "nome": "RB"}, {"quantidade": 23, "nome": "FC"}, {"quantidade": 4, "nome": "CA"}, {"quantidade": 32, "nome": "FF"}, {"quantidade": 8, "nome": "FD"}], "preco": "12.57", "partida_data": "06/12/2015", "variacao": "-0.30", "id": 37607, "media": "2.33", "pontos": "0.00", "apelido": "Michel Bastos", "posicao": {"abreviacao": "MEI", "id": 4, "nome": "Meia"}, "partida_clube_visitante": {"mercado": 1, "slug": "sao-paulo", "abreviacao": "sao", "id": 276, "nome": "s\u00e3o paulo"}, "partida_clube_casa": {"mercado": 1, "slug": "goias", "abreviacao": "goi", "id": 290, "nome": "goi\u00e1s"}}, {"status": "Nulo", "foto": "http://s.glbimg.com/es/sde/f/2013/04/12/1434aaddcd52bad77fe3ff9e97631627_FORMATO.jpeg", "clube": {"mercado": 1, "slug": "corinthians", "abreviacao": "cor", "id": 264, "nome": "corinthians"}, "status_id": 6, "jogos": 29, "scout": [{"quantidade": 38, "nome": "FS"}, {"quantidade": 131, "nome": "PE"}, {"quantidade": 6, "nome": "A"}, {"quantidade": 3, "nome": "FT"}, {"quantidade": 4, "nome": "G"}, {"quantidade": 5, "nome": "I"}, {"quantidade": 26, "nome": "RB"}, {"quantidade": 25, "nome": "FC"}, {"quantidade": 2, "nome": "CA"}, {"quantidade": 18, "nome": "FF"}, {"quantidade": 17, "nome": "FD"}], "preco": "12.53", "partida_data": "06/12/2015", "variacao": "0.00", "id": 38398, "media": "3.68", "pontos": "0.00", "apelido": "Renato Augusto", "posicao": {"abreviacao": "MEI", "id": 4, "nome": "Meia"}, "partida_clube_visitante": {"mercado": 1, "slug": "avai", "abreviacao": "ava", "id": 314, "nome": "ava\u00ed"}, "partida_clube_casa": {"mercado": 1, "slug": "corinthians", "abreviacao": "cor", "id": 264, "nome": "corinthians"}}, {"status": "Prov\u00e1vel", "foto": "http://s.glbimg.com/es/sde/f/2015/10/23/eb7c9c451efd299d260a9caf12240351_FORMATO.png", "clube": {"mercado": 1, "slug": "atletico-pr", "abreviacao": "atl", "id": 293, "nome": "atl\u00e9tico-pr"}, "status_id": 7, "jogos": 31, "scout": [{"quantidade": 48, "nome": "FS"}, {"quantidade": 76, "nome": "PE"}, {"quantidade": 7, "nome": "A"}, {"quantidade": 1, "nome": "FT"}, {"quantidade": 4, "nome": "G"}, {"quantidade": 6, "nome": "I"}, {"quantidade": 32, "nome": "RB"}, {"quantidade": 46, "nome": "FC"}, {"quantidade": 6, "nome": "CA"}, {"quantidade": 4, "nome": "FF"}, {"quantidade": 7, "nome": "FD"}], "preco": "12.51", "partida_data": "06/12/2015", "variacao": "2.04", "id": 69705, "media": "3.15", "pontos": "12.10", "apelido": "Nik\u00e3o", "posicao": {"abreviacao": "MEI", "id": 4, "nome": "Meia"}, "partida_clube_visitante": {"mercado": 1, "slug": "atletico-pr", "abreviacao": "atl", "id": 293, "nome": "atl\u00e9tico-pr"}, "partida_clube_casa": {"mercado": 1, "slug": "santos", "abreviacao": "san", "id": 277, "nome": "santos"}}, {"status": "Prov\u00e1vel", "foto": "http://s.glbimg.com/es/sde/f/2015/10/23/ff25189dab92b8ce3731b215d3f751c1_FORMATO.png", "clube": {"mercado": 1, "slug": "atletico-pr", "abreviacao": "atl", "id": 293, "nome": "atl\u00e9tico-pr"}, "status_id": 7, "jogos": 31, "scout": [{"quantidade": 35, "nome": "FS"}, {"quantidade": 65, "nome": "PE"}, {"quantidade": 1, "nome": "A"}, {"quantidade": 93, "nome": "RB"}, {"quantidade": 45, "nome": "FC"}, {"quantidade": 7, "nome": "CA"}, {"quantidade": 14, "nome": "FF"}, {"quantidade": 9, "nome": "FD"}], "preco": "12.43", "partida_data": "06/12/2015", "variacao": "0.57", "id": 82463, "media": "4.62", "pontos": "7.40", "apelido": "Ot\u00e1vio ", "posicao": {"abreviacao": "MEI", "id": 4, "nome": "Meia"}, "partida_clube_visitante": {"mercado": 1, "slug": "atletico-pr", "abreviacao": "atl", "id": 293, "nome": "atl\u00e9tico-pr"}, "partida_clube_casa": {"mercado": 1, "slug": "santos", "abreviacao": "san", "id": 277, "nome": "santos"}}, {"status": "Contundido", "foto": "http://s.glbimg.com/es/sde/f/2015/10/28/615ba8d568b720c74a0d5a8bd107ebbe_FORMATO.jpeg", "clube": {"mercado": 1, "slug": "internacional", "abreviacao": "int", "id": 285, "nome": "internacional"}, "status_id": 5, "jogos": 14, "scout": [{"quantidade": 18, "nome": "FS"}, {"quantidade": 36, "nome": "PE"}, {"quantidade": 1, "nome": "A"}, {"quantidade": 2, "nome": "FT"}, {"quantidade": 2, "nome": "G"}, {"quantidade": 12, "nome": "RB"}, {"quantidade": 5, "nome": "FC"}, {"quantidade": 3, "nome": "CA"}, {"quantidade": 4, "nome": "FF"}, {"quantidade": 7, "nome": "FD"}], "preco": "12.40", "partida_data": "06/12/2015", "variacao": "0.00", "id": 70360, "media": "3.41", "pontos": "0.00", "apelido": "Eduardo Sasha", "posicao": {"abreviacao": "ATA", "id": 5, "nome": "Atacante"}, "partida_clube_visitante": {"mercado": 1, "slug": "cruzeiro", "abreviacao": "cru", "id": 283, "nome": "cruzeiro"}, "partida_clube_casa": {"mercado": 1, "slug": "internacional", "abreviacao": "int", "id": 285, "nome": "internacional"}}, {"status": "Prov\u00e1vel", "foto": "http://s.glbimg.com/es/sde/f/2013/02/05/9c736de34cc5d64a67cd7049ed8da923_FORMATO.jpeg", "clube": {"mercado": 1, "slug": "gremio", "abreviacao": "gre", "id": 284, "nome": "gr\u00eamio"}, "status_id": 7, "jogos": 34, "scout": [], "preco": "12.36", "partida_data": "06/12/2015", "variacao": "0.52", "id": 79437, "media": "3.42", "pontos": "3.72", "apelido": "Roger Machado ", "posicao": {"abreviacao": "TEC", "id": 6, "nome": "T\u00e9cnico"}, "partida_clube_visitante": {"mercado": 1, "slug": "gremio", "abreviacao": "gre", "id": 284, "nome": "gr\u00eamio"}, "partida_clube_casa": {"mercado": 1, "slug": "joinville", "abreviacao": "jec", "id": 317, "nome": "joinville"}}, {"status": "Prov\u00e1vel", "foto": "http://s.glbimg.com/es/sde/f/2010/11/12/2783d253b7de18180782ff7832c0c6d2_FORMATO.jpeg", "clube": {"mercado": 1, "slug": "corinthians", "abreviacao": "cor", "id": 264, "nome": "corinthians"}, "status_id": 7, "jogos": 24, "scout": [{"quantidade": 10, "nome": "SG"}, {"quantidade": 20, "nome": "FS"}, {"quantidade": 75, "nome": "PE"}, {"quantidade": 2, "nome": "A"}, {"quantidade": 2, "nome": "I"}, {"quantidade": 51, "nome": "RB"}, {"quantidade": 28, "nome": "FC"}, {"quantidade": 4, "nome": "CA"}, {"quantidade": 1, "nome": "CV"}, {"quantidade": 4, "nome": "FF"}, {"quantidade": 1, "nome": "FD"}], "preco": "12.26", "partida_data": "06/12/2015", "variacao": "-0.77", "id": 42500, "media": "4.58", "pontos": "2.30", "apelido": "Fagner", "posicao": {"abreviacao": "LAT", "id": 2, "nome": "Lateral"}, "partida_clube_visitante": {"mercado": 1, "slug": "avai", "abreviacao": "ava", "id": 314, "nome": "ava\u00ed"}, "partida_clube_casa": {"mercado": 1, "slug": "corinthians", "abreviacao": "cor", "id": 264, "nome": "corinthians"}}, {"status": "Prov\u00e1vel", "foto": "http://s.glbimg.com/es/sde/f/2015/10/30/52895584b529204df1d892930a55b713_FORMATO.jpeg", "clube": {"mercado": 1, "slug": "chapecoense", "abreviacao": "cha", "id": 315, "nome": "chapecoense"}, "status_id": 7, "jogos": 27, "scout": [], "preco": "12.24", "partida_data": "06/12/2015", "variacao": "-0.56", "id": 37245, "media": "3.68", "pontos": "0.43", "apelido": "Guto Ferreira", "posicao": {"abreviacao": "TEC", "id": 6, "nome": "T\u00e9cnico"}, "partida_clube_visitante": {"mercado": 1, "slug": "chapecoense", "abreviacao": "cha", "id": 315, "nome": "chapecoense"}, "partida_clube_casa": {"mercado": 1, "slug": "atletico-mg", "abreviacao": "atl", "id": 282, "nome": "atl\u00e9tico-mg"}}, {"status": "Nulo", "foto": "http://s.glbimg.com/es/sde/f/2015/01/15/2e301da99b00b363e36f5878fef4976b_FORMATO.png", "clube": {"mercado": 1, "slug": "cruzeiro", "abreviacao": "cru", "id": 283, "nome": "cruzeiro"}, "status_id": 6, "jogos": 30, "scout": [{"quantidade": 48, "nome": "FS"}, {"quantidade": 79, "nome": "PE"}, {"quantidade": 1, "nome": "FT"}, {"quantidade": 1, "nome": "G"}, {"quantidade": 1, "nome": "I"}, {"quantidade": 60, "nome": "RB"}, {"quantidade": 33, "nome": "FC"}, {"quantidade": 7, "nome": "CA"}, {"quantidade": 15, "nome": "FF"}, {"quantidade": 7, "nome": "FD"}], "preco": "12.19", "partida_data": "06/12/2015", "variacao": "-0.10", "id": 37694, "media": "3.33", "pontos": "0.40", "apelido": "Henrique", "posicao": {"abreviacao": "MEI", "id": 4, "nome": "Meia"}, "partida_clube_visitante": {"mercado": 1, "slug": "cruzeiro", "abreviacao": "cru", "id": 283, "nome": "cruzeiro"}, "partida_clube_casa": {"mercado": 1, "slug": "internacional", "abreviacao": "int", "id": 285, "nome": "internacional"}}, {"status": "Prov\u00e1vel", "foto": "http://s.glbimg.com/es/sde/f/2015/07/22/8e8d71184687192fea090e7a5048b8e3_FORMATO.jpeg", "clube": {"mercado": 1, "slug": "corinthians", "abreviacao": "cor", "id": 264, "nome": "corinthians"}, "status_id": 7, "jogos": 29, "scout": [{"quantidade": 54, "nome": "FS"}, {"quantidade": 56, "nome": "PE"}, {"quantidade": 2, "nome": "A"}, {"quantidade": 13, "nome": "G"}, {"quantidade": 13, "nome": "I"}, {"quantidade": 18, "nome": "RB"}, {"quantidade": 26, "nome": "FC"}, {"quantidade": 2, "nome": "CA"}, {"quantidade": 17, "nome": "FF"}, {"quantidade": 14, "nome": "FD"}], "preco": "12.16", "partida_data": "06/12/2015", "variacao": "-0.98", "id": 38959, "media": "5.42", "pontos": "3.60", "apelido": "Vagner Love", "posicao": {"abreviacao": "ATA", "id": 5, "nome": "Atacante"}, "partida_clube_visitante": {"mercado": 1, "slug": "avai", "abreviacao": "ava", "id": 314, "nome": "ava\u00ed"}, "partida_clube_casa": {"mercado": 1, "slug": "corinthians", "abreviacao": "cor", "id": 264, "nome": "corinthians"}}, {"status": "Prov\u00e1vel", "foto": "http://s.glbimg.com/es/sde/f/2015/10/30/e88af767345518061755e5624c3f3fe8_FORMATO.png", "clube": {"mercado": 1, "slug": "coritiba", "abreviacao": "cor", "id": 294, "nome": "coritiba"}, "status_id": 7, "jogos": 19, "scout": [{"quantidade": 31, "nome": "FS"}, {"quantidade": 35, "nome": "PE"}, {"quantidade": 1, "nome": "A"}, {"quantidade": 1, "nome": "FT"}, {"quantidade": 12, "nome": "G"}, {"quantidade": 12, "nome": "I"}, {"quantidade": 12, "nome": "RB"}, {"quantidade": 30, "nome": "FC"}, {"quantidade": 4, "nome": "CA"}, {"quantidade": 1, "nome": "CV"}, {"quantidade": 17, "nome": "FF"}, {"quantidade": 16, "nome": "FD"}], "preco": "12.16", "partida_data": "06/12/2015", "variacao": "-0.12", "id": 68773, "media": "6.51", "pontos": "8.00", "apelido": "Henrique Almeida", "posicao": {"abreviacao": "ATA", "id": 5, "nome": "Atacante"}, "partida_clube_visitante": {"mercado": 1, "slug": "vasco", "abreviacao": "vas", "id": 267, "nome": "vasco"}, "partida_clube_casa": {"mercado": 1, "slug": "coritiba", "abreviacao": "cor", "id": 294, "nome": "coritiba"}}, {"status": "Prov\u00e1vel", "foto": "http://s.glbimg.com/es/sde/f/2015/01/15/e6df282b24c0691210fdfbe01867b360_FORMATO.jpeg", "clube": {"mercado": 1, "slug": "corinthians", "abreviacao": "cor", "id": 264, "nome": "corinthians"}, "status_id": 7, "jogos": 17, "scout": [{"quantidade": 8, "nome": "SG"}, {"quantidade": 3, "nome": "FS"}, {"quantidade": 30, "nome": "PE"}, {"quantidade": 4, "nome": "A"}, {"quantidade": 2, "nome": "G"}, {"quantidade": 1, "nome": "I"}, {"quantidade": 22, "nome": "RB"}, {"quantidade": 11, "nome": "FC"}, {"quantidade": 1, "nome": "CA"}, {"quantidade": 1, "nome": "FF"}], "preco": "12.15", "partida_data": "06/12/2015", "variacao": "0.24", "id": 60852, "media": "5.80", "pontos": "0.40", "apelido": "Uendel", "posicao": {"abreviacao": "LAT", "id": 2, "nome": "Lateral"}, "partida_clube_visitante": {"mercado": 1, "slug": "avai", "abreviacao": "ava", "id": 314, "nome": "ava\u00ed"}, "partida_clube_casa": {"mercado": 1, "slug": "corinthians", "abreviacao": "cor", "id": 264, "nome": "corinthians"}}, {"status": "Contundido", "foto": "http://s.glbimg.com/es/sde/f/2015/07/22/71efa8309e409d562554da4941354d5c_FORMATO.jpeg", "clube": {"mercado": 1, "slug": "avai", "abreviacao": "ava", "id": 314, "nome": "ava\u00ed"}, "status_id": 5, "jogos": 14, "scout": [{"quantidade": 24, "nome": "FS"}, {"quantidade": 99, "nome": "PE"}, {"quantidade": 1, "nome": "A"}, {"quantidade": 2, "nome": "FT"}, {"quantidade": 2, "nome": "G"}, {"quantidade": 2, "nome": "I"}, {"quantidade": 8, "nome": "RB"}, {"quantidade": 15, "nome": "FC"}, {"quantidade": 5, "nome": "CA"}, {"quantidade": 8, "nome": "FF"}, {"quantidade": 4, "nome": "FD"}], "preco": "12.04", "partida_data": "06/12/2015", "variacao": "0.00", "id": 38150, "media": "1.08", "pontos": "0.00", "apelido": "Marquinhos", "posicao": {"abreviacao": "MEI", "id": 4, "nome": "Meia"}, "partida_clube_visitante": {"mercado": 1, "slug": "avai", "abreviacao": "ava", "id": 314, "nome": "ava\u00ed"}, "partida_clube_casa": {"mercado": 1, "slug": "corinthians", "abreviacao": "cor", "id": 264, "nome": "corinthians"}}, {"status": "Nulo", "foto": "http://s.glbimg.com/es/sde/f/2015/01/15/6bfa17fe1482f01df1093d43d2bd9b6a_FORMATO.jpeg", "clube": {"mercado": 1, "slug": "corinthians", "abreviacao": "cor", "id": 264, "nome": "corinthians"}, "status_id": 6, "jogos": 29, "scout": [{"quantidade": 33, "nome": "FS"}, {"quantidade": 48, "nome": "PE"}, {"quantidade": 1, "nome": "A"}, {"quantidade": 1, "nome": "G"}, {"quantidade": 54, "nome": "RB"}, {"quantidade": 33, "nome": "FC"}, {"quantidade": 4, "nome": "CA"}, {"quantidade": 1, "nome": "FF"}, {"quantidade": 2, "nome": "FD"}], "preco": "12.01", "partida_data": "06/12/2015", "variacao": "0.00", "id": 52190, "media": "2.94", "pontos": "0.00", "apelido": "Ralf", "posicao": {"abreviacao": "MEI", "id": 4, "nome": "Meia"}, "partida_clube_visitante": {"mercado": 1, "slug": "avai", "abreviacao": "ava", "id": 314, "nome": "ava\u00ed"}, "partida_clube_casa": {"mercado": 1, "slug": "corinthians", "abreviacao": "cor", "id": 264, "nome": "corinthians"}}, {"status": "Nulo", "foto": "http://s.glbimg.com/es/sde/f/2010/11/12/0d756cda1f29b47e379325b85c09faba_FORMATO.jpeg", "clube": {"mercado": 1, "slug": "cruzeiro", "abreviacao": "cru", "id": 283, "nome": "cruzeiro"}, "status_id": 6, "jogos": 0, "scout": [], "preco": "12.00", "partida_data": "06/12/2015", "variacao": "0.00", "id": 60819, "media": "0.00", "pontos": "0.00", "apelido": "Ded\u00e9", "posicao": {"abreviacao": "ZAG", "id": 3, "nome": "Zagueiro"}, "partida_clube_visitante": {"mercado": 1, "slug": "cruzeiro", "abreviacao": "cru", "id": 283, "nome": "cruzeiro"}, "partida_clube_casa": {"mercado": 1, "slug": "internacional", "abreviacao": "int", "id": 285, "nome": "internacional"}}, {"status": "Prov\u00e1vel", "foto": "http://s.glbimg.com/es/sde/f/2015/10/28/a20dd303d05066c18dc4822c9b82db73_FORMATO.png", "clube": {"mercado": 1, "slug": "vasco", "abreviacao": "vas", "id": 267, "nome": "vasco"}, "status_id": 7, "jogos": 32, "scout": [{"quantidade": 10, "nome": "SG"}, {"quantidade": 51, "nome": "FS"}, {"quantidade": 109, "nome": "PE"}, {"quantidade": 1, "nome": "A"}, {"quantidade": 4, "nome": "I"}, {"quantidade": 19, "nome": "RB"}, {"quantidade": 27, "nome": "FC"}, {"quantidade": 7, "nome": "CA"}, {"quantidade": 3, "nome": "FF"}, {"quantidade": 1, "nome": "FD"}], "preco": "11.93", "partida_data": "06/12/2015", "variacao": "1.37", "id": 78077, "media": "1.69", "pontos": "5.90", "apelido": "Madson", "posicao": {"abreviacao": "LAT", "id": 2, "nome": "Lateral"}, "partida_clube_visitante": {"mercado": 1, "slug": "vasco", "abreviacao": "vas", "id": 267, "nome": "vasco"}, "partida_clube_casa": {"mercado": 1, "slug": "coritiba", "abreviacao": "cor", "id": 294, "nome": "coritiba"}}, {"status": "Nulo", "foto": "http://s.glbimg.com/es/sde/f/2015/10/27/999995dcc3d6164813d81f89dc3e3979_FORMATO.png", "clube": {"mercado": 1, "slug": "ponte-preta", "abreviacao": "pon", "id": 303, "nome": "ponte preta"}, "status_id": 6, "jogos": 31, "scout": [{"quantidade": 11, "nome": "SG"}, {"quantidade": 43, "nome": "FS"}, {"quantidade": 97, "nome": "PE"}, {"quantidade": 2, "nome": "A"}, {"quantidade": 6, "nome": "I"}, {"quantidade": 41, "nome": "RB"}, {"quantidade": 57, "nome": "FC"}, {"quantidade": 10, "nome": "CA"}, {"quantidade": 5, "nome": "FF"}, {"quantidade": 3, "nome": "FD"}], "preco": "11.91", "partida_data": "06/12/2015", "variacao": "-0.54", "id": 52674, "media": "2.65", "pontos": "-4.40", "apelido": "Gilson", "posicao": {"abreviacao": "LAT", "id": 2, "nome": "Lateral"}, "partida_clube_visitante": {"mercado": 1, "slug": "sport", "abreviacao": "spo", "id": 292, "nome": "sport"}, "partida_clube_casa": {"mercado": 1, "slug": "ponte-preta", "abreviacao": "pon", "id": 303, "nome": "ponte preta"}}, {"status": "Nulo", "foto": "http://s.glbimg.com/es/sde/f/2015/07/22/5776f844811c61088b33383c3d1eed2b_FORMATO.jpeg", "clube": {"mercado": 1, "slug": "goias", "abreviacao": "goi", "id": 290, "nome": "goi\u00e1s"}, "status_id": 6, "jogos": 25, "scout": [{"quantidade": 30, "nome": "FS"}, {"quantidade": 110, "nome": "PE"}, {"quantidade": 5, "nome": "A"}, {"quantidade": 5, "nome": "G"}, {"quantidade": 2, "nome": "I"}, {"quantidade": 19, "nome": "RB"}, {"quantidade": 11, "nome": "FC"}, {"quantidade": 2, "nome": "CA"}, {"quantidade": 1, "nome": "PP"}, {"quantidade": 13, "nome": "FF"}, {"quantidade": 20, "nome": "FD"}], "preco": "11.91", "partida_data": "06/12/2015", "variacao": "0.00", "id": 50295, "media": "3.78", "pontos": "0.00", "apelido": "Felipe Menezes", "posicao": {"abreviacao": "MEI", "id": 4, "nome": "Meia"}, "partida_clube_visitante": {"mercado": 1, "slug": "sao-paulo", "abreviacao": "sao", "id": 276, "nome": "s\u00e3o paulo"}, "partida_clube_casa": {"mercado": 1, "slug": "goias", "abreviacao": "goi", "id": 290, "nome": "goi\u00e1s"}}]}