{"rodada_id": 35, "page": {"atual": "27", "total": "42"}, "atleta": [{"status": "Prov\u00e1vel", "foto": "http://s.glbimg.com/es/sde/f/2014/02/10/8fbde61201eb6a3a8b12a2a8e3625e50_FORMATO.jpeg", "clube": {"mercado": 1, "slug": "joinville", "abreviacao": "jec", "id": 317, "nome": "joinville"}, "status_id": 7, "jogos": 7, "scout": [{"quantidade": 6, "nome": "FS"}, {"quantidade": 7, "nome": "PE"}, {"quantidade": 3, "nome": "I"}, {"quantidade": 4, "nome": "RB"}, {"quantidade": 14, "nome": "FC"}, {"quantidade": 1, "nome": "CA"}, {"quantidade": 4, "nome": "FF"}, {"quantidade": 4, "nome": "FD"}], "preco": "3.47", "partida_data": "18/11/2015", "variacao": "0.16", "id": 81612, "media": "0.57", "pontos": "1.70", "apelido": "Fernando Viana", "posicao": {"abreviacao": "ATA", "id": 5, "nome": "Atacante"}, "partida_clube_visitante": {"mercado": 1, "slug": "joinville", "abreviacao": "jec", "id": 317, "nome": "joinville"}, "partida_clube_casa": {"mercado": 1, "slug": "avai", "abreviacao": "ava", "id": 314, "nome": "ava\u00ed"}}, {"status": "Nulo", "foto": "http://s.glbimg.com/es/sde/f/2015/07/22/4121ba9a1b07762e29f1f55c0db4df8e_FORMATO.jpeg", "clube": {"mercado": 1, "slug": "avai", "abreviacao": "ava", "id": 314, "nome": "ava\u00ed"}, "status_id": 6, "jogos": 3, "scout": [{"quantidade": 2, "nome": "FS"}, {"quantidade": 2, "nome": "PE"}, {"quantidade": 2, "nome": "RB"}, {"quantidade": 3, "nome": "FC"}, {"quantidade": 2, "nome": "CA"}], "preco": "3.46", "partida_data": "18/11/2015", "variacao": "0.00", "id": 73863, "media": "-0.57", "pontos": "0.00", "apelido": "Claudinei", "posicao": {"abreviacao": "MEI", "id": 4, "nome": "Meia"}, "partida_clube_visitante": {"mercado": 1, "slug": "joinville", "abreviacao": "jec", "id": 317, "nome": "joinville"}, "partida_clube_casa": {"mercado": 1, "slug": "avai", "abreviacao": "ava", "id": 314, "nome": "ava\u00ed"}}, {"status": "Prov\u00e1vel", "foto": "http://s.glbimg.com/es/sde/f/2015/07/22/2305c654ad73a566482589c1cb6c0884_FORMATO.jpeg", "clube": {"mercado": 1, "slug": "avai", "abreviacao": "ava", "id": 314, "nome": "ava\u00ed"}, "status_id": 7, "jogos": 22, "scout": [{"quantidade": 3, "nome": "SG"}, {"quantidade": 13, "nome": "FS"}, {"quantidade": 57, "nome": "PE"}, {"quantidade": 2, "nome": "G"}, {"quantidade": 2, "nome": "I"}, {"quantidade": 27, "nome": "RB"}, {"quantidade": 23, "nome": "FC"}, {"quantidade": 6, "nome": "CA"}, {"quantidade": 6, "nome": "FF"}, {"quantidade": 5, "nome": "FD"}], "preco": "3.44", "partida_data": "18/11/2015", "variacao": "0.00", "id": 51299, "media": "2.32", "pontos": "0.00", "apelido": "Emerson", "posicao": {"abreviacao": "ZAG", "id": 3, "nome": "Zagueiro"}, "partida_clube_visitante": {"mercado": 1, "slug": "joinville", "abreviacao": "jec", "id": 317, "nome": "joinville"}, "partida_clube_casa": {"mercado": 1, "slug": "avai", "abreviacao": "ava", "id": 314, "nome": "ava\u00ed"}}, {"status": "Nulo", "foto": "http://s.glbimg.com/es/sde/f/2015/10/28/b8dfbc87d69acd32b99ee27db44f0ff3_FORMATO.png", "clube": {"mercado": 1, "slug": "vasco", "abreviacao": "vas", "id": 267, "nome": "vasco"}, "status_id": 6, "jogos": 4, "scout": [{"quantidade": 6, "nome": "FS"}, {"quantidade": 2, "nome": "PE"}, {"quantidade": 1, "nome": "CA"}], "preco": "3.44", "partida_data": "19/11/2015", "variacao": "0.20", "id": 38508, "media": "0.10", "pontos": "0.50", "apelido": "Eder Luis", "posicao": {"abreviacao": "ATA", "id": 5, "nome": "Atacante"}, "partida_clube_visitante": {"mercado": 1, "slug": "corinthians", "abreviacao": "cor", "id": 264, "nome": "corinthians"}, "partida_clube_casa": {"mercado": 1, "slug": "vasco", "abreviacao": "vas", "id": 267, "nome": "vasco"}}, {"status": "Nulo", "foto": "http://s.glbimg.com/es/sde/f/2015/10/28/d63e79ae270b60418fd0a3d7504b3b23_FORMATO.jpeg", "clube": {"mercado": 1, "slug": "internacional", "abreviacao": "int", "id": 285, "nome": "internacional"}, "status_id": 6, "jogos": 8, "scout": [{"quantidade": 5, "nome": "SG"}, {"quantidade": 5, "nome": "FS"}, {"quantidade": 15, "nome": "PE"}, {"quantidade": 1, "nome": "I"}, {"quantidade": 5, "nome": "RB"}, {"quantidade": 12, "nome": "FC"}, {"quantidade": 4, "nome": "CA"}], "preco": "3.41", "partida_data": "19/11/2015", "variacao": "1.01", "id": 85591, "media": "2.12", "pontos": "4.70", "apelido": "Artur", "posicao": {"abreviacao": "LAT", "id": 2, "nome": "Lateral"}, "partida_clube_visitante": {"mercado": 1, "slug": "internacional", "abreviacao": "int", "id": 285, "nome": "internacional"}, "partida_clube_casa": {"mercado": 1, "slug": "chapecoense", "abreviacao": "cha", "id": 315, "nome": "chapecoense"}}, {"status": "Nulo", "foto": "http://s.glbimg.com/es/sde/f/2015/10/27/7a730c73a2d23cb884d873911153570a_FORMATO.png", "clube": {"mercado": 1, "slug": "sport", "abreviacao": "spo", "id": 292, "nome": "sport"}, "status_id": 6, "jogos": 16, "scout": [{"quantidade": 12, "nome": "FS"}, {"quantidade": 12, "nome": "PE"}, {"quantidade": 12, "nome": "RB"}, {"quantidade": 15, "nome": "FC"}, {"quantidade": 1, "nome": "CA"}, {"quantidade": 1, "nome": "FF"}], "preco": "3.41", "partida_data": "15/11/2015", "variacao": "0.00", "id": 38579, "media": "0.88", "pontos": "0.00", "apelido": "Rodrigo Mancha", "posicao": {"abreviacao": "MEI", "id": 4, "nome": "Meia"}, "partida_clube_visitante": {"mercado": 1, "slug": "sport", "abreviacao": "spo", "id": 292, "nome": "sport"}, "partida_clube_casa": {"mercado": 1, "slug": "cruzeiro", "abreviacao": "cru", "id": 283, "nome": "cruzeiro"}}, {"status": "Contundido", "foto": "http://s.glbimg.com/es/sde/f/2015/10/28/e6a27f27e7766c4903604f8a1b6fba63_FORMATO.png", "clube": {"mercado": 1, "slug": "fluminense", "abreviacao": "flu", "id": 266, "nome": "fluminense"}, "status_id": 5, "jogos": 4, "scout": [{"quantidade": 1, "nome": "SG"}, {"quantidade": 2, "nome": "FS"}, {"quantidade": 18, "nome": "PE"}, {"quantidade": 1, "nome": "A"}, {"quantidade": 4, "nome": "RB"}, {"quantidade": 4, "nome": "FC"}, {"quantidade": 1, "nome": "FF"}], "preco": "3.33", "partida_data": "19/11/2015", "variacao": "0.00", "id": 85626, "media": "2.77", "pontos": "0.00", "apelido": "L\u00e9o Pel\u00e9", "posicao": {"abreviacao": "LAT", "id": 2, "nome": "Lateral"}, "partida_clube_visitante": {"mercado": 1, "slug": "fluminense", "abreviacao": "flu", "id": 266, "nome": "fluminense"}, "partida_clube_casa": {"mercado": 1, "slug": "gremio", "abreviacao": "gre", "id": 284, "nome": "gr\u00eamio"}}, {"status": "Prov\u00e1vel", "foto": "http://s.glbimg.com/es/sde/f/2015/10/27/348a84a5d1e36678b498e6cf4fd6a1a3_FORMATO.jpeg", "clube": {"mercado": 1, "slug": "palmeiras", "abreviacao": "pal", "id": 275, "nome": "palmeiras"}, "status_id": 7, "jogos": 10, "scout": [{"quantidade": 5, "nome": "FS"}, {"quantidade": 29, "nome": "PE"}, {"quantidade": 13, "nome": "RB"}, {"quantidade": 9, "nome": "FC"}, {"quantidade": 1, "nome": "CA"}], "preco": "3.32", "partida_data": "18/11/2015", "variacao": "-0.25", "id": 89273, "media": "0.94", "pontos": "1.10", "apelido": "Jo\u00e3o Pedro ", "posicao": {"abreviacao": "LAT", "id": 2, "nome": "Lateral"}, "partida_clube_visitante": {"mercado": 1, "slug": "palmeiras", "abreviacao": "pal", "id": 275, "nome": "palmeiras"}, "partida_clube_casa": {"mercado": 1, "slug": "atletico-pr", "abreviacao": "atl", "id": 293, "nome": "atl\u00e9tico-pr"}}, {"status": "Nulo", "foto": "http://s.glbimg.com/es/sde/f/2015/07/22/9f1c244467159b0ec8d2fcf68d872b1b_FORMATO.jpeg", "clube": {"mercado": 1, "slug": "gremio", "abreviacao": "gre", "id": 284, "nome": "gr\u00eamio"}, "status_id": 6, "jogos": 7, "scout": [{"quantidade": 2, "nome": "SG"}, {"quantidade": 4, "nome": "FS"}, {"quantidade": 19, "nome": "PE"}, {"quantidade": 7, "nome": "RB"}, {"quantidade": 7, "nome": "FC"}, {"quantidade": 1, "nome": "CA"}, {"quantidade": 1, "nome": "FF"}, {"quantidade": 1, "nome": "FD"}], "preco": "3.31", "partida_data": "19/11/2015", "variacao": "0.00", "id": 82639, "media": "2.06", "pontos": "0.00", "apelido": "Marcelo Hermes", "posicao": {"abreviacao": "LAT", "id": 2, "nome": "Lateral"}, "partida_clube_visitante": {"mercado": 1, "slug": "fluminense", "abreviacao": "flu", "id": 266, "nome": "fluminense"}, "partida_clube_casa": {"mercado": 1, "slug": "gremio", "abreviacao": "gre", "id": 284, "nome": "gr\u00eamio"}}, {"status": "Nulo", "foto": "http://s.glbimg.com/es/sde/f/2015/10/27/0943d1548cec77382bd8110912dc952a_FORMATO.jpeg", "clube": {"mercado": 1, "slug": "palmeiras", "abreviacao": "pal", "id": 275, "nome": "palmeiras"}, "status_id": 6, "jogos": 11, "scout": [{"quantidade": 7, "nome": "FS"}, {"quantidade": 13, "nome": "PE"}, {"quantidade": 1, "nome": "G"}, {"quantidade": 10, "nome": "RB"}, {"quantidade": 12, "nome": "FC"}, {"quantidade": 3, "nome": "CA"}, {"quantidade": 2, "nome": "FF"}, {"quantidade": 2, "nome": "FD"}], "preco": "3.31", "partida_data": "18/11/2015", "variacao": "0.00", "id": 83683, "media": "1.45", "pontos": "0.00", "apelido": "Andrei Girotto", "posicao": {"abreviacao": "MEI", "id": 4, "nome": "Meia"}, "partida_clube_visitante": {"mercado": 1, "slug": "palmeiras", "abreviacao": "pal", "id": 275, "nome": "palmeiras"}, "partida_clube_casa": {"mercado": 1, "slug": "atletico-pr", "abreviacao": "atl", "id": 293, "nome": "atl\u00e9tico-pr"}}, {"status": "Nulo", "foto": "http://s.glbimg.com/es/sde/f/2015/07/23/aa9c1c62ffae570d4258b6d392046a3d_FORMATO.jpeg", "clube": {"mercado": 1, "slug": "fluminense", "abreviacao": "flu", "id": 266, "nome": "fluminense"}, "status_id": 6, "jogos": 15, "scout": [{"quantidade": 5, "nome": "FS"}, {"quantidade": 14, "nome": "PE"}, {"quantidade": 1, "nome": "A"}, {"quantidade": 2, "nome": "I"}, {"quantidade": 3, "nome": "RB"}, {"quantidade": 4, "nome": "FC"}, {"quantidade": 1, "nome": "CV"}, {"quantidade": 2, "nome": "FF"}, {"quantidade": 4, "nome": "FD"}], "preco": "3.31", "partida_data": "19/11/2015", "variacao": "-0.21", "id": 36650, "media": "0.39", "pontos": "-1.10", "apelido": "Magno Alves", "posicao": {"abreviacao": "ATA", "id": 5, "nome": "Atacante"}, "partida_clube_visitante": {"mercado": 1, "slug": "fluminense", "abreviacao": "flu", "id": 266, "nome": "fluminense"}, "partida_clube_casa": {"mercado": 1, "slug": "gremio", "abreviacao": "gre", "id": 284, "nome": "gr\u00eamio"}}, {"status": "Nulo", "foto": "http://s.glbimg.com/es/sde/f/2015/10/28/e97fac1629b8f139237262738c2e9dcd_FORMATO.jpeg", "clube": {"mercado": 1, "slug": "avai", "abreviacao": "ava", "id": 314, "nome": "ava\u00ed"}, "status_id": 6, "jogos": 1, "scout": [{"quantidade": 1, "nome": "SG"}, {"quantidade": 5, "nome": "PE"}, {"quantidade": 2, "nome": "RB"}, {"quantidade": 3, "nome": "FC"}, {"quantidade": 1, "nome": "CA"}], "preco": "3.29", "partida_data": "18/11/2015", "variacao": "0.00", "id": 92501, "media": "3.40", "pontos": "0.00", "apelido": "Lucas Lovat", "posicao": {"abreviacao": "LAT", "id": 2, "nome": "Lateral"}, "partida_clube_visitante": {"mercado": 1, "slug": "joinville", "abreviacao": "jec", "id": 317, "nome": "joinville"}, "partida_clube_casa": {"mercado": 1, "slug": "avai", "abreviacao": "ava", "id": 314, "nome": "ava\u00ed"}}, {"status": "Nulo", "foto": "http://s.glbimg.com/es/sde/f/2015/10/28/614d90c91a98bc6f38cba938f540e113_FORMATO.jpeg", "clube": {"mercado": 1, "slug": "joinville", "abreviacao": "jec", "id": 317, "nome": "joinville"}, "status_id": 6, "jogos": 2, "scout": [{"quantidade": 1, "nome": "SG"}, {"quantidade": 3, "nome": "FS"}, {"quantidade": 1, "nome": "PE"}, {"quantidade": 1, "nome": "RB"}, {"quantidade": 1, "nome": "FC"}, {"quantidade": 1, "nome": "CV"}], "preco": "3.28", "partida_data": "18/11/2015", "variacao": "0.00", "id": 83101, "media": "1.20", "pontos": "0.00", "apelido": "Alef", "posicao": {"abreviacao": "ZAG", "id": 3, "nome": "Zagueiro"}, "partida_clube_visitante": {"mercado": 1, "slug": "joinville", "abreviacao": "jec", "id": 317, "nome": "joinville"}, "partida_clube_casa": {"mercado": 1, "slug": "avai", "abreviacao": "ava", "id": 314, "nome": "ava\u00ed"}}, {"status": "Contundido", "foto": "http://s.glbimg.com/es/sde/f/2015/07/22/74b1250ab922ab3facddad4390e9b97a_FORMATO.jpeg", "clube": {"mercado": 1, "slug": "gremio", "abreviacao": "gre", "id": 284, "nome": "gr\u00eamio"}, "status_id": 5, "jogos": 16, "scout": [{"quantidade": 6, "nome": "FS"}, {"quantidade": 42, "nome": "PE"}, {"quantidade": 2, "nome": "A"}, {"quantidade": 1, "nome": "I"}, {"quantidade": 23, "nome": "RB"}, {"quantidade": 20, "nome": "FC"}, {"quantidade": 8, "nome": "CA"}, {"quantidade": 2, "nome": "FF"}], "preco": "3.28", "partida_data": "19/11/2015", "variacao": "0.00", "id": 37792, "media": "0.90", "pontos": "0.00", "apelido": "Edinho", "posicao": {"abreviacao": "MEI", "id": 4, "nome": "Meia"}, "partida_clube_visitante": {"mercado": 1, "slug": "fluminense", "abreviacao": "flu", "id": 266, "nome": "fluminense"}, "partida_clube_casa": {"mercado": 1, "slug": "gremio", "abreviacao": "gre", "id": 284, "nome": "gr\u00eamio"}}, {"status": "Nulo", "foto": "http://s.glbimg.com/es/sde/f/2014/04/03/19d44c452ee0818b48c98e574b5dce3d_FORMATO.png", "clube": {"mercado": 1, "slug": "sao-paulo", "abreviacao": "sao", "id": 276, "nome": "s\u00e3o paulo"}, "status_id": 6, "jogos": 24, "scout": [{"quantidade": 10, "nome": "FS"}, {"quantidade": 42, "nome": "PE"}, {"quantidade": 1, "nome": "A"}, {"quantidade": 40, "nome": "RB"}, {"quantidade": 49, "nome": "FC"}, {"quantidade": 7, "nome": "CA"}, {"quantidade": 1, "nome": "FF"}, {"quantidade": 3, "nome": "FD"}], "preco": "3.27", "partida_data": "19/11/2015", "variacao": "-0.04", "id": 50324, "media": "1.29", "pontos": "1.10", "apelido": "Hudson", "posicao": {"abreviacao": "MEI", "id": 4, "nome": "Meia"}, "partida_clube_visitante": {"mercado": 1, "slug": "atletico-mg", "abreviacao": "atl", "id": 282, "nome": "atl\u00e9tico-mg"}, "partida_clube_casa": {"mercado": 1, "slug": "sao-paulo", "abreviacao": "sao", "id": 276, "nome": "s\u00e3o paulo"}}, {"status": "Prov\u00e1vel", "foto": "http://s.glbimg.com/es/sde/f/2014/05/27/02664f25edc26d8e079b2c3497a1b25c_FORMATO.jpeg", "clube": {"mercado": 1, "slug": "sao-paulo", "abreviacao": "sao", "id": 276, "nome": "s\u00e3o paulo"}, "status_id": 7, "jogos": 20, "scout": [{"quantidade": 6, "nome": "SG"}, {"quantidade": 6, "nome": "FS"}, {"quantidade": 52, "nome": "PE"}, {"quantidade": 1, "nome": "A"}, {"quantidade": 18, "nome": "RB"}, {"quantidade": 13, "nome": "FC"}, {"quantidade": 2, "nome": "FF"}, {"quantidade": 1, "nome": "FD"}], "preco": "3.25", "partida_data": "19/11/2015", "variacao": "-0.89", "id": 84554, "media": "2.46", "pontos": "0.00", "apelido": "Luc\u00e3o", "posicao": {"abreviacao": "ZAG", "id": 3, "nome": "Zagueiro"}, "partida_clube_visitante": {"mercado": 1, "slug": "atletico-mg", "abreviacao": "atl", "id": 282, "nome": "atl\u00e9tico-mg"}, "partida_clube_casa": {"mercado": 1, "slug": "sao-paulo", "abreviacao": "sao", "id": 276, "nome": "s\u00e3o paulo"}}, {"status": "Nulo", "foto": "http://s.glbimg.com/es/sde/f/2015/07/22/245ef3ceeed8de6671d665d441a323dc_FORMATO.jpeg", "clube": {"mercado": 1, "slug": "vasco", "abreviacao": "vas", "id": 267, "nome": "vasco"}, "status_id": 6, "jogos": 6, "scout": [{"quantidade": 3, "nome": "SG"}, {"quantidade": 1, "nome": "FS"}, {"quantidade": 5, "nome": "PE"}, {"quantidade": 1, "nome": "FT"}, {"quantidade": 1, "nome": "G"}, {"quantidade": 3, "nome": "RB"}, {"quantidade": 5, "nome": "FC"}, {"quantidade": 2, "nome": "CA"}, {"quantidade": 1, "nome": "FD"}], "preco": "3.25", "partida_data": "19/11/2015", "variacao": "1.07", "id": 73421, "media": "4.18", "pontos": "6.00", "apelido": "Rafael Vaz", "posicao": {"abreviacao": "ZAG", "id": 3, "nome": "Zagueiro"}, "partida_clube_visitante": {"mercado": 1, "slug": "corinthians", "abreviacao": "cor", "id": 264, "nome": "corinthians"}, "partida_clube_casa": {"mercado": 1, "slug": "vasco", "abreviacao": "vas", "id": 267, "nome": "vasco"}}, {"status": "Nulo", "foto": "http://s.glbimg.com/es/sde/f/2015/10/28/bf3d43ec922a7ad2e79037d59ca1c822_FORMATO.png", "clube": {"mercado": 1, "slug": "cruzeiro", "abreviacao": "cru", "id": 283, "nome": "cruzeiro"}, "status_id": 6, "jogos": 1, "scout": [{"quantidade": 1, "nome": "PE"}], "preco": "3.24", "partida_data": "15/11/2015", "variacao": "0.00", "id": 72007, "media": "-0.30", "pontos": "0.00", "apelido": "Uillian Correia", "posicao": {"abreviacao": "MEI", "id": 4, "nome": "Meia"}, "partida_clube_visitante": {"mercado": 1, "slug": "sport", "abreviacao": "spo", "id": 292, "nome": "sport"}, "partida_clube_casa": {"mercado": 1, "slug": "cruzeiro", "abreviacao": "cru", "id": 283, "nome": "cruzeiro"}}, {"status": "Nulo", "foto": "http://s.glbimg.com/es/sde/f/2015/10/28/2c290fee099ee003fc9bc68804b59269_FORMATO.png", "clube": {"mercado": 1, "slug": "atletico-pr", "abreviacao": "atl", "id": 293, "nome": "atl\u00e9tico-pr"}, "status_id": 6, "jogos": 12, "scout": [{"quantidade": 10, "nome": "FS"}, {"quantidade": 22, "nome": "PE"}, {"quantidade": 1, "nome": "FT"}, {"quantidade": 3, "nome": "G"}, {"quantidade": 3, "nome": "I"}, {"quantidade": 4, "nome": "RB"}, {"quantidade": 8, "nome": "FC"}, {"quantidade": 2, "nome": "CA"}, {"quantidade": 7, "nome": "FF"}, {"quantidade": 4, "nome": "FD"}], "preco": "3.23", "partida_data": "18/11/2015", "variacao": "0.00", "id": 86842, "media": "2.68", "pontos": "0.00", "apelido": "Ewandro", "posicao": {"abreviacao": "ATA", "id": 5, "nome": "Atacante"}, "partida_clube_visitante": {"mercado": 1, "slug": "palmeiras", "abreviacao": "pal", "id": 275, "nome": "palmeiras"}, "partida_clube_casa": {"mercado": 1, "slug": "atletico-pr", "abreviacao": "atl", "id": 293, "nome": "atl\u00e9tico-pr"}}, {"status": "Nulo", "foto": "http://s.glbimg.com/es/sde/f/2015/10/30/932e92e0e12c16f08c09c5d1ef5e167c_FORMATO.png", "clube": {"mercado": 1, "slug": "chapecoense", "abreviacao": "cha", "id": 315, "nome": "chapecoense"}, "status_id": 6, "jogos": 15, "scout": [{"quantidade": 5, "nome": "SG"}, {"quantidade": 8, "nome": "FS"}, {"quantidade": 38, "nome": "PE"}, {"quantidade": 1, "nome": "A"}, {"quantidade": 11, "nome": "RB"}, {"quantidade": 14, "nome": "FC"}, {"quantidade": 3, "nome": "CA"}, {"quantidade": 2, "nome": "CV"}], "preco": "3.21", "partida_data": "19/11/2015", "variacao": "0.00", "id": 50439, "media": "1.22", "pontos": "0.00", "apelido": "Vilson", "posicao": {"abreviacao": "ZAG", "id": 3, "nome": "Zagueiro"}, "partida_clube_visitante": {"mercado": 1, "slug": "internacional", "abreviacao": "int", "id": 285, "nome": "internacional"}, "partida_clube_casa": {"mercado": 1, "slug": "chapecoense", "abreviacao": "cha", "id": 315, "nome": "chapecoense"}}]}