{"rodada_id": 7, "page": {"atual": "35", "total": "41"}, "atleta": [{"status": "Nulo", "foto": "http://s.glbimg.com/es/sde/f/2014/11/20/f51c18cf90e4d809faa75c5a08a115c5_FORMATO.jpeg", "clube": {"nome": "internacional", "escudo_pequeno": "http://s.glbimg.com/es/sde/f/equipes/2014/04/14/internacional_30x30.png", "id": 285, "mercado": 1, "abreviacao": "int", "slug": "internacional"}, "status_id": 6, "media": "0.00", "pontos": "0.00", "apelido": "Gustavo Ferrareis", "scout": [], "preco": "2.00", "posicao": {"abreviacao": "ATA", "id": 5, "nome": "Atacante"}, "partida_clube_visitante": {"nome": "internacional", "escudo_pequeno": "http://s.glbimg.com/es/sde/f/equipes/2014/04/14/internacional_30x30.png", "id": 285, "mercado": 1, "abreviacao": "int", "slug": "internacional"}, "partida_data": "13/06/2015", "partida_clube_casa": {"nome": "corinthians", "escudo_pequeno": "http://s.glbimg.com/es/sde/f/equipes/2013/12/16/corinthians_30x30.png", "id": 264, "mercado": 1, "abreviacao": "cor", "slug": "corinthians"}, "jogos": 0, "variacao": "0.00", "id": 89815}, {"status": "Nulo", "foto": "http://s.glbimg.com/es/sde/f/2015/01/28/1bc41d6c2df355b061a3f6cfa87c6222_FORMATO.jpeg", "clube": {"nome": "joinville", "escudo_pequeno": "http://s.glbimg.com/es/sde/f/organizacoes/2015/01/08/Joinville30.png", "id": 317, "mercado": 1, "abreviacao": "jec", "slug": "joinville"}, "status_id": 6, "media": "0.00", "pontos": "0.00", "apelido": "Diego", "scout": [], "preco": "2.00", "posicao": {"abreviacao": "LAT", "id": 2, "nome": "Lateral"}, "partida_clube_visitante": {"nome": "joinville", "escudo_pequeno": "http://s.glbimg.com/es/sde/f/organizacoes/2015/01/08/Joinville30.png", "id": 317, "mercado": 1, "abreviacao": "jec", "slug": "joinville"}, "partida_data": "13/06/2015", "partida_clube_casa": {"nome": "sport", "escudo_pequeno": "http://s.glbimg.com/es/sde/f/equipes/2014/09/15/sport_30x30.png", "id": 292, "mercado": 1, "abreviacao": "spo", "slug": "sport"}, "jogos": 0, "variacao": "0.00", "id": 87754}, {"status": "Nulo", "foto": null, "clube": {"nome": "figueirense", "escudo_pequeno": "http://s.glbimg.com/es/sde/f/equipes/2013/12/16/figueirense_30x30.png", "id": 316, "mercado": 1, "abreviacao": "fig", "slug": "figueirense"}, "status_id": 6, "media": "1.50", "pontos": "0.00", "apelido": "Henrique", "scout": [{"quantidade": 3, "nome": "FS"}], "preco": "1.98", "posicao": {"abreviacao": "ZAG", "id": 3, "nome": "Zagueiro"}, "partida_clube_visitante": {"nome": "figueirense", "escudo_pequeno": "http://s.glbimg.com/es/sde/f/equipes/2013/12/16/figueirense_30x30.png", "id": 316, "mercado": 1, "abreviacao": "fig", "slug": "figueirense"}, "partida_data": "14/06/2015", "partida_clube_casa": {"nome": "ava\u00ed", "escudo_pequeno": "http://s.glbimg.com/es/sde/f/equipes/2013/12/16/avai_30x30.png", "id": 314, "mercado": 1, "abreviacao": "ava", "slug": "avai"}, "jogos": 1, "variacao": "0.00", "id": 91920}, {"status": "Nulo", "foto": "http://s.glbimg.com/es/sde/f/2014/02/10/07682df932353d7e6eab9c3656142a6b_FORMATO.jpeg", "clube": {"nome": "figueirense", "escudo_pequeno": "http://s.glbimg.com/es/sde/f/equipes/2013/12/16/figueirense_30x30.png", "id": 316, "mercado": 1, "abreviacao": "fig", "slug": "figueirense"}, "status_id": 6, "media": "1.40", "pontos": "0.00", "apelido": "William Cordeiro", "scout": [{"quantidade": 1, "nome": "FS"}, {"quantidade": 1, "nome": "PE"}, {"quantidade": 1, "nome": "RB"}, {"quantidade": 1, "nome": "FC"}], "preco": "1.90", "posicao": {"abreviacao": "LAT", "id": 2, "nome": "Lateral"}, "partida_clube_visitante": {"nome": "figueirense", "escudo_pequeno": "http://s.glbimg.com/es/sde/f/equipes/2013/12/16/figueirense_30x30.png", "id": 316, "mercado": 1, "abreviacao": "fig", "slug": "figueirense"}, "partida_data": "14/06/2015", "partida_clube_casa": {"nome": "ava\u00ed", "escudo_pequeno": "http://s.glbimg.com/es/sde/f/equipes/2013/12/16/avai_30x30.png", "id": 314, "mercado": 1, "abreviacao": "ava", "slug": "avai"}, "jogos": 1, "variacao": "0.00", "id": 83811}, {"status": "Nulo", "foto": "http://s.glbimg.com/es/sde/f/2015/03/03/189eab3402bae4d49856979f9851531a_FORMATO.jpeg", "clube": {"nome": "joinville", "escudo_pequeno": "http://s.glbimg.com/es/sde/f/organizacoes/2015/01/08/Joinville30.png", "id": 317, "mercado": 1, "abreviacao": "jec", "slug": "joinville"}, "status_id": 6, "media": "-1.16", "pontos": "0.70", "apelido": "Kempes", "scout": [{"quantidade": 4, "nome": "FS"}, {"quantidade": 8, "nome": "PE"}, {"quantidade": 4, "nome": "I"}, {"quantidade": 1, "nome": "RB"}, {"quantidade": 11, "nome": "FC"}, {"quantidade": 1, "nome": "CA"}, {"quantidade": 2, "nome": "FF"}, {"quantidade": 1, "nome": "FD"}], "preco": "1.87", "posicao": {"abreviacao": "ATA", "id": 5, "nome": "Atacante"}, "partida_clube_visitante": {"nome": "joinville", "escudo_pequeno": "http://s.glbimg.com/es/sde/f/organizacoes/2015/01/08/Joinville30.png", "id": 317, "mercado": 1, "abreviacao": "jec", "slug": "joinville"}, "partida_data": "13/06/2015", "partida_clube_casa": {"nome": "sport", "escudo_pequeno": "http://s.glbimg.com/es/sde/f/equipes/2014/09/15/sport_30x30.png", "id": 292, "mercado": 1, "abreviacao": "spo", "slug": "sport"}, "jogos": 5, "variacao": "0.36", "id": 62056}, {"status": "Prov\u00e1vel", "foto": "http://s.glbimg.com/es/sde/f/2014/11/10/293a98913c1c767cdeac1ca655c38e0e_FORMATO.jpeg", "clube": {"nome": "ava\u00ed", "escudo_pequeno": "http://s.glbimg.com/es/sde/f/equipes/2013/12/16/avai_30x30.png", "id": 314, "mercado": 1, "abreviacao": "ava", "slug": "avai"}, "status_id": 7, "media": "1.13", "pontos": "4.20", "apelido": "R\u00f4mulo", "scout": [{"quantidade": 1, "nome": "FS"}, {"quantidade": 2, "nome": "PE"}, {"quantidade": 1, "nome": "G"}, {"quantidade": 5, "nome": "FC"}, {"quantidade": 1, "nome": "CA"}], "preco": "1.81", "posicao": {"abreviacao": "ATA", "id": 5, "nome": "Atacante"}, "partida_clube_visitante": {"nome": "figueirense", "escudo_pequeno": "http://s.glbimg.com/es/sde/f/equipes/2013/12/16/figueirense_30x30.png", "id": 316, "mercado": 1, "abreviacao": "fig", "slug": "figueirense"}, "partida_data": "14/06/2015", "partida_clube_casa": {"nome": "ava\u00ed", "escudo_pequeno": "http://s.glbimg.com/es/sde/f/equipes/2013/12/16/avai_30x30.png", "id": 314, "mercado": 1, "abreviacao": "ava", "slug": "avai"}, "jogos": 3, "variacao": "1.00", "id": 89696}, {"status": "Nulo", "foto": "http://s.glbimg.com/es/sde/f/2013/04/21/760c7ad928b8819264ea9d8c6ba3c07a_FORMATO.jpeg", "clube": {"nome": "joinville", "escudo_pequeno": "http://s.glbimg.com/es/sde/f/organizacoes/2015/01/08/Joinville30.png", "id": 317, "mercado": 1, "abreviacao": "jec", "slug": "joinville"}, "status_id": 6, "media": "0.50", "pontos": "0.00", "apelido": "\u00cdtalo", "scout": [{"quantidade": 1, "nome": "FC"}, {"quantidade": 1, "nome": "FD"}], "preco": "1.79", "posicao": {"abreviacao": "MEI", "id": 4, "nome": "Meia"}, "partida_clube_visitante": {"nome": "joinville", "escudo_pequeno": "http://s.glbimg.com/es/sde/f/organizacoes/2015/01/08/Joinville30.png", "id": 317, "mercado": 1, "abreviacao": "jec", "slug": "joinville"}, "partida_data": "13/06/2015", "partida_clube_casa": {"nome": "sport", "escudo_pequeno": "http://s.glbimg.com/es/sde/f/equipes/2014/09/15/sport_30x30.png", "id": 292, "mercado": 1, "abreviacao": "spo", "slug": "sport"}, "jogos": 1, "variacao": "0.00", "id": 84314}, {"status": "Nulo", "foto": "http://s.glbimg.com/es/sde/f/2015/04/10/e3e1ec7e2dbeaef55e92de4bd14f7146_FORMATO.jpeg", "clube": {"nome": "goi\u00e1s", "escudo_pequeno": "http://s.glbimg.com/es/sde/f/equipes/2013/12/16/goias_30x30.png", "id": 290, "mercado": 1, "abreviacao": "goi", "slug": "goias"}, "status_id": 6, "media": "0.95", "pontos": "-1.00", "apelido": "Carlos ", "scout": [{"quantidade": 4, "nome": "FS"}, {"quantidade": 1, "nome": "I"}, {"quantidade": 1, "nome": "RB"}, {"quantidade": 4, "nome": "FC"}, {"quantidade": 1, "nome": "FF"}], "preco": "1.75", "posicao": {"abreviacao": "ATA", "id": 5, "nome": "Atacante"}, "partida_clube_visitante": {"nome": "goi\u00e1s", "escudo_pequeno": "http://s.glbimg.com/es/sde/f/equipes/2013/12/16/goias_30x30.png", "id": 290, "mercado": 1, "abreviacao": "goi", "slug": "goias"}, "partida_data": "14/06/2015", "partida_clube_casa": {"nome": "ponte preta", "escudo_pequeno": "http://s.glbimg.com/es/sde/f/equipes/2013/12/16/ponte_preta_30x30.png", "id": 303, "mercado": 1, "abreviacao": "pon", "slug": "ponte-preta"}, "jogos": 2, "variacao": "-0.70", "id": 90917}, {"status": "Nulo", "foto": "http://s.glbimg.com/es/sde/f/2014/05/27/02664f25edc26d8e079b2c3497a1b25c_FORMATO.jpeg", "clube": {"nome": "s\u00e3o paulo", "escudo_pequeno": "http://s.glbimg.com/es/sde/f/equipes/2013/12/16/sao_paulo_30x30.png", "id": 276, "mercado": 1, "abreviacao": "sao", "slug": "sao-paulo"}, "status_id": 6, "media": "0.20", "pontos": "0.00", "apelido": "Luc\u00e3o", "scout": [{"quantidade": 5, "nome": "PE"}, {"quantidade": 1, "nome": "RB"}], "preco": "1.74", "posicao": {"abreviacao": "ZAG", "id": 3, "nome": "Zagueiro"}, "partida_clube_visitante": {"nome": "s\u00e3o paulo", "escudo_pequeno": "http://s.glbimg.com/es/sde/f/equipes/2013/12/16/sao_paulo_30x30.png", "id": 276, "mercado": 1, "abreviacao": "sao", "slug": "sao-paulo"}, "partida_data": "13/06/2015", "partida_clube_casa": {"nome": "chapecoense", "escudo_pequeno": "http://s.glbimg.com/es/sde/f/equipes/2015/05/06/chapecoense_30x30.png", "id": 315, "mercado": 1, "abreviacao": "cha", "slug": "chapecoense"}, "jogos": 1, "variacao": "0.00", "id": 84554}, {"status": "Nulo", "foto": "http://s.glbimg.com/es/sde/f/2014/10/14/b0a80d00018b60332797791f99c96728_FORMATO.jpeg", "clube": {"nome": "gr\u00eamio", "escudo_pequeno": "http://s.glbimg.com/es/sde/f/equipes/2013/12/16/gremio_30x30.png", "id": 284, "mercado": 1, "abreviacao": "gre", "slug": "gremio"}, "status_id": 6, "media": "-0.35", "pontos": "0.40", "apelido": "J\u00fanior", "scout": [{"quantidade": 2, "nome": "FS"}, {"quantidade": 4, "nome": "PE"}, {"quantidade": 1, "nome": "FC"}], "preco": "1.69", "posicao": {"abreviacao": "LAT", "id": 2, "nome": "Lateral"}, "partida_clube_visitante": {"nome": "atl\u00e9tico-pr", "escudo_pequeno": "http://s.glbimg.com/es/sde/f/equipes/2013/12/16/atletico_pr_30x30.png", "id": 293, "mercado": 1, "abreviacao": "atl", "slug": "atletico-pr"}, "partida_data": "14/06/2015", "partida_clube_casa": {"nome": "gr\u00eamio", "escudo_pequeno": "http://s.glbimg.com/es/sde/f/equipes/2013/12/16/gremio_30x30.png", "id": 284, "mercado": 1, "abreviacao": "gre", "slug": "gremio"}, "jogos": 2, "variacao": "-0.16", "id": 89343}, {"status": "Nulo", "foto": "http://s.glbimg.com/es/sde/f/2015/05/29/dfa58ed53e0c594fb6570e9054923711_FORMATO.jpeg", "clube": {"nome": "internacional", "escudo_pequeno": "http://s.glbimg.com/es/sde/f/equipes/2014/04/14/internacional_30x30.png", "id": 285, "mercado": 1, "abreviacao": "int", "slug": "internacional"}, "status_id": 6, "media": "0.10", "pontos": "0.00", "apelido": "Lucas Marques", "scout": [{"quantidade": 1, "nome": "FS"}, {"quantidade": 6, "nome": "PE"}, {"quantidade": 2, "nome": "RB"}, {"quantidade": 4, "nome": "FC"}], "preco": "1.66", "posicao": {"abreviacao": "MEI", "id": 4, "nome": "Meia"}, "partida_clube_visitante": {"nome": "internacional", "escudo_pequeno": "http://s.glbimg.com/es/sde/f/equipes/2014/04/14/internacional_30x30.png", "id": 285, "mercado": 1, "abreviacao": "int", "slug": "internacional"}, "partida_data": "13/06/2015", "partida_clube_casa": {"nome": "corinthians", "escudo_pequeno": "http://s.glbimg.com/es/sde/f/equipes/2013/12/16/corinthians_30x30.png", "id": 264, "mercado": 1, "abreviacao": "cor", "slug": "corinthians"}, "jogos": 1, "variacao": "0.00", "id": 91973}, {"status": "Prov\u00e1vel", "foto": "http://s.glbimg.com/es/sde/f/2015/05/29/3339c498fa3cd67a0511bbf3856ed64d_FORMATO.jpeg", "clube": {"nome": "goi\u00e1s", "escudo_pequeno": "http://s.glbimg.com/es/sde/f/equipes/2013/12/16/goias_30x30.png", "id": 290, "mercado": 1, "abreviacao": "goi", "slug": "goias"}, "status_id": 7, "media": "0.10", "pontos": "0.00", "apelido": "P\u00e9ricles", "scout": [{"quantidade": 5, "nome": "FS"}, {"quantidade": 9, "nome": "PE"}, {"quantidade": 5, "nome": "RB"}, {"quantidade": 8, "nome": "FC"}, {"quantidade": 3, "nome": "CA"}, {"quantidade": 3, "nome": "FF"}], "preco": "1.63", "posicao": {"abreviacao": "MEI", "id": 4, "nome": "Meia"}, "partida_clube_visitante": {"nome": "goi\u00e1s", "escudo_pequeno": "http://s.glbimg.com/es/sde/f/equipes/2013/12/16/goias_30x30.png", "id": 290, "mercado": 1, "abreviacao": "goi", "slug": "goias"}, "partida_data": "14/06/2015", "partida_clube_casa": {"nome": "ponte preta", "escudo_pequeno": "http://s.glbimg.com/es/sde/f/equipes/2013/12/16/ponte_preta_30x30.png", "id": 303, "mercado": 1, "abreviacao": "pon", "slug": "ponte-preta"}, "jogos": 4, "variacao": "0.00", "id": 91711}, {"status": "Nulo", "foto": "http://s.glbimg.com/es/sde/f/2014/08/29/c8055e502b3d4fe7d861d3d04c939890_FORMATO.jpeg", "clube": {"nome": "figueirense", "escudo_pequeno": "http://s.glbimg.com/es/sde/f/equipes/2013/12/16/figueirense_30x30.png", "id": 316, "mercado": 1, "abreviacao": "fig", "slug": "figueirense"}, "status_id": 6, "media": "1.00", "pontos": "0.00", "apelido": "Luan Polli ", "scout": [{"quantidade": 3, "nome": "DD"}, {"quantidade": 4, "nome": "GS"}], "preco": "1.58", "posicao": {"abreviacao": "GOL", "id": 1, "nome": "Goleiro"}, "partida_clube_visitante": {"nome": "figueirense", "escudo_pequeno": "http://s.glbimg.com/es/sde/f/equipes/2013/12/16/figueirense_30x30.png", "id": 316, "mercado": 1, "abreviacao": "fig", "slug": "figueirense"}, "partida_data": "14/06/2015", "partida_clube_casa": {"nome": "ava\u00ed", "escudo_pequeno": "http://s.glbimg.com/es/sde/f/equipes/2013/12/16/avai_30x30.png", "id": 314, "mercado": 1, "abreviacao": "ava", "slug": "avai"}, "jogos": 1, "variacao": "0.00", "id": 88916}, {"status": "Nulo", "foto": "http://s.glbimg.com/es/sde/f/2014/08/28/e3cfdbe31b0c005cd9b8445bc5d447a8_FORMATO.jpeg", "clube": {"nome": "atl\u00e9tico-mg", "escudo_pequeno": "http://s.glbimg.com/es/sde/f/equipes/2013/12/16/atletico_mg_30x30.png", "id": 282, "mercado": 1, "abreviacao": "atl", "slug": "atletico-mg"}, "status_id": 6, "media": "0.00", "pontos": "0.00", "apelido": "Tiago ", "scout": [{"quantidade": 4, "nome": "PE"}, {"quantidade": 1, "nome": "RB"}, {"quantidade": 1, "nome": "FC"}], "preco": "1.58", "posicao": {"abreviacao": "ZAG", "id": 3, "nome": "Zagueiro"}, "partida_clube_visitante": {"nome": "santos", "escudo_pequeno": "http://s.glbimg.com/es/sde/f/equipes/2013/12/16/santos_30x30.png", "id": 277, "mercado": 1, "abreviacao": "san", "slug": "santos"}, "partida_data": "10/06/2015", "partida_clube_casa": {"nome": "atl\u00e9tico-mg", "escudo_pequeno": "http://s.glbimg.com/es/sde/f/equipes/2013/12/16/atletico_mg_30x30.png", "id": 282, "mercado": 1, "abreviacao": "atl", "slug": "atletico-mg"}, "jogos": 1, "variacao": "0.00", "id": 79042}, {"status": "Nulo", "foto": "http://s.glbimg.com/es/sde/f/2015/05/29/6b9d03fe83ab65840200dcd87bbe5c4d_FORMATO.jpeg", "clube": {"nome": "s\u00e3o paulo", "escudo_pequeno": "http://s.glbimg.com/es/sde/f/equipes/2013/12/16/sao_paulo_30x30.png", "id": 276, "mercado": 1, "abreviacao": "sao", "slug": "sao-paulo"}, "status_id": 6, "media": "-0.15", "pontos": "0.00", "apelido": "Jo\u00e3o Paulo", "scout": [{"quantidade": 1, "nome": "PE"}], "preco": "1.34", "posicao": {"abreviacao": "ATA", "id": 5, "nome": "Atacante"}, "partida_clube_visitante": {"nome": "s\u00e3o paulo", "escudo_pequeno": "http://s.glbimg.com/es/sde/f/equipes/2013/12/16/sao_paulo_30x30.png", "id": 276, "mercado": 1, "abreviacao": "sao", "slug": "sao-paulo"}, "partida_data": "13/06/2015", "partida_clube_casa": {"nome": "chapecoense", "escudo_pequeno": "http://s.glbimg.com/es/sde/f/equipes/2015/05/06/chapecoense_30x30.png", "id": 315, "mercado": 1, "abreviacao": "cha", "slug": "chapecoense"}, "jogos": 2, "variacao": "0.00", "id": 91972}, {"status": "Nulo", "foto": "http://s.glbimg.com/es/sde/f/2015/05/06/787e785ce862d3f5ab6b9cacf6794438_FORMATO.jpeg", "clube": {"nome": "goi\u00e1s", "escudo_pequeno": "http://s.glbimg.com/es/sde/f/equipes/2013/12/16/goias_30x30.png", "id": 290, "mercado": 1, "abreviacao": "goi", "slug": "goias"}, "status_id": 6, "media": "0.60", "pontos": "0.00", "apelido": "Robert", "scout": [{"quantidade": 3, "nome": "FS"}, {"quantidade": 1, "nome": "PE"}], "preco": "1.15", "posicao": {"abreviacao": "ATA", "id": 5, "nome": "Atacante"}, "partida_clube_visitante": {"nome": "goi\u00e1s", "escudo_pequeno": "http://s.glbimg.com/es/sde/f/equipes/2013/12/16/goias_30x30.png", "id": 290, "mercado": 1, "abreviacao": "goi", "slug": "goias"}, "partida_data": "14/06/2015", "partida_clube_casa": {"nome": "ponte preta", "escudo_pequeno": "http://s.glbimg.com/es/sde/f/equipes/2013/12/16/ponte_preta_30x30.png", "id": 303, "mercado": 1, "abreviacao": "pon", "slug": "ponte-preta"}, "jogos": 2, "variacao": "0.00", "id": 73641}, {"status": "Contundido", "foto": "http://s.glbimg.com/es/sde/f/2015/01/15/8367311969554fb7f971894773de9604_FORMATO.jpeg", "clube": {"nome": "goi\u00e1s", "escudo_pequeno": "http://s.glbimg.com/es/sde/f/equipes/2013/12/16/goias_30x30.png", "id": 290, "mercado": 1, "abreviacao": "goi", "slug": "goias"}, "status_id": 5, "media": "-4.60", "pontos": "0.00", "apelido": "Ygor", "scout": [{"quantidade": 2, "nome": "FS"}, {"quantidade": 2, "nome": "PE"}, {"quantidade": 6, "nome": "FC"}, {"quantidade": 1, "nome": "CA"}], "preco": "1.11", "posicao": {"abreviacao": "MEI", "id": 4, "nome": "Meia"}, "partida_clube_visitante": {"nome": "goi\u00e1s", "escudo_pequeno": "http://s.glbimg.com/es/sde/f/equipes/2013/12/16/goias_30x30.png", "id": 290, "mercado": 1, "abreviacao": "goi", "slug": "goias"}, "partida_data": "14/06/2015", "partida_clube_casa": {"nome": "ponte preta", "escudo_pequeno": "http://s.glbimg.com/es/sde/f/equipes/2013/12/16/ponte_preta_30x30.png", "id": 303, "mercado": 1, "abreviacao": "pon", "slug": "ponte-preta"}, "jogos": 1, "variacao": "0.00", "id": 38074}, {"status": "Contundido", "foto": "http://s.glbimg.com/es/sde/f/2011/08/10/a60bc632814512c81ee5953c9f09dd48_FORMATO.jpeg", "clube": {"nome": "palmeiras", "escudo_pequeno": "http://s.glbimg.com/es/sde/f/equipes/2013/12/16/palmeiras_30x30.png", "id": 275, "mercado": 1, "abreviacao": "pal", "slug": "palmeiras"}, "status_id": 5, "media": "-1.93", "pontos": "0.00", "apelido": "Victor Ramos", "scout": [{"quantidade": 1, "nome": "SG"}, {"quantidade": 3, "nome": "FS"}, {"quantidade": 3, "nome": "PE"}, {"quantidade": 1, "nome": "I"}, {"quantidade": 2, "nome": "RB"}, {"quantidade": 4, "nome": "FC"}, {"quantidade": 1, "nome": "GC"}, {"quantidade": 1, "nome": "CA"}, {"quantidade": 1, "nome": "CV"}, {"quantidade": 1, "nome": "FF"}], "preco": "1.03", "posicao": {"abreviacao": "ZAG", "id": 3, "nome": "Zagueiro"}, "partida_clube_visitante": {"nome": "fluminense", "escudo_pequeno": "http://s.glbimg.com/es/sde/f/equipes/2015/05/05/fluminense-escudo-30x30.png", "id": 266, "mercado": 1, "abreviacao": "flu", "slug": "fluminense"}, "partida_data": "14/06/2015", "partida_clube_casa": {"nome": "palmeiras", "escudo_pequeno": "http://s.glbimg.com/es/sde/f/equipes/2013/12/16/palmeiras_30x30.png", "id": 275, "mercado": 1, "abreviacao": "pal", "slug": "palmeiras"}, "jogos": 3, "variacao": "0.00", "id": 63000}, {"status": "Nulo", "foto": "http://s.glbimg.com/es/sde/f/2015/04/10/996e09038e08e983b6f0b376c53af8d0_FORMATO.jpeg", "clube": {"nome": "flamengo", "escudo_pequeno": "http://s.glbimg.com/es/sde/f/equipes/2013/12/16/flamengo_30x30.png", "id": 262, "mercado": 1, "abreviacao": "fla", "slug": "flamengo"}, "status_id": 6, "media": "0.00", "pontos": "0.00", "apelido": "Jaj\u00e1", "scout": [], "preco": "1.00", "posicao": {"abreviacao": "MEI", "id": 4, "nome": "Meia"}, "partida_clube_visitante": {"nome": "flamengo", "escudo_pequeno": "http://s.glbimg.com/es/sde/f/equipes/2013/12/16/flamengo_30x30.png", "id": 262, "mercado": 1, "abreviacao": "fla", "slug": "flamengo"}, "partida_data": "13/06/2015", "partida_clube_casa": {"nome": "coritiba", "escudo_pequeno": "http://s.glbimg.com/es/sde/f/equipes/2013/12/16/coritiba_30x30.png", "id": 294, "mercado": 1, "abreviacao": "cor", "slug": "coritiba"}, "jogos": 0, "variacao": "0.00", "id": 91263}, {"status": "Nulo", "foto": "http://s.glbimg.com/es/sde/f/2014/03/28/6b56e93dfcd2bba686043ffc9c7318a8_FORMATO.jpeg", "clube": {"nome": "goi\u00e1s", "escudo_pequeno": "http://s.glbimg.com/es/sde/f/equipes/2013/12/16/goias_30x30.png", "id": 290, "mercado": 1, "abreviacao": "goi", "slug": "goias"}, "status_id": 6, "media": "0.00", "pontos": "0.00", "apelido": "Paulo Henrique", "scout": [], "preco": "1.00", "posicao": {"abreviacao": "GOL", "id": 1, "nome": "Goleiro"}, "partida_clube_visitante": {"nome": "goi\u00e1s", "escudo_pequeno": "http://s.glbimg.com/es/sde/f/equipes/2013/12/16/goias_30x30.png", "id": 290, "mercado": 1, "abreviacao": "goi", "slug": "goias"}, "partida_data": "14/06/2015", "partida_clube_casa": {"nome": "ponte preta", "escudo_pequeno": "http://s.glbimg.com/es/sde/f/equipes/2013/12/16/ponte_preta_30x30.png", "id": 303, "mercado": 1, "abreviacao": "pon", "slug": "ponte-preta"}, "jogos": 0, "variacao": "0.00", "id": 88147}]}