{"rodada_id": 7, "page": {"atual": "7", "total": "41"}, "atleta": [{"status": "Prov\u00e1vel", "foto": "http://s.glbimg.com/es/sde/f/2015/01/30/854f523778fdef6b6e39758a3c691083_FORMATO.png", "clube": {"nome": "ponte preta", "escudo_pequeno": "http://s.glbimg.com/es/sde/f/equipes/2013/12/16/ponte_preta_30x30.png", "id": 303, "mercado": 1, "abreviacao": "pon", "slug": "ponte-preta"}, "status_id": 7, "media": "3.68", "pontos": "-1.40", "apelido": "Diego Oliveira", "scout": [{"quantidade": 13, "nome": "FS"}, {"quantidade": 9, "nome": "PE"}, {"quantidade": 2, "nome": "G"}, {"quantidade": 2, "nome": "RB"}, {"quantidade": 5, "nome": "FC"}, {"quantidade": 1, "nome": "CA"}, {"quantidade": 2, "nome": "FF"}, {"quantidade": 2, "nome": "FD"}], "preco": "11.73", "posicao": {"abreviacao": "ATA", "id": 5, "nome": "Atacante"}, "partida_clube_visitante": {"nome": "goi\u00e1s", "escudo_pequeno": "http://s.glbimg.com/es/sde/f/equipes/2013/12/16/goias_30x30.png", "id": 290, "mercado": 1, "abreviacao": "goi", "slug": "goias"}, "partida_data": "14/06/2015", "partida_clube_casa": {"nome": "ponte preta", "escudo_pequeno": "http://s.glbimg.com/es/sde/f/equipes/2013/12/16/ponte_preta_30x30.png", "id": 303, "mercado": 1, "abreviacao": "pon", "slug": "ponte-preta"}, "jogos": 6, "variacao": "-2.13", "id": 72204}, {"status": "Contundido", "foto": "http://s.glbimg.com/es/sde/f/2010/11/16/b6a79bca9f76b494eb3e2ab131cdd7ed_FORMATO.jpeg", "clube": {"nome": "internacional", "escudo_pequeno": "http://s.glbimg.com/es/sde/f/equipes/2014/04/14/internacional_30x30.png", "id": 285, "mercado": 1, "abreviacao": "int", "slug": "internacional"}, "status_id": 5, "media": "3.17", "pontos": "0.00", "apelido": "R\u00e9ver", "scout": [{"quantidade": 2, "nome": "SG"}, {"quantidade": 3, "nome": "FS"}, {"quantidade": 9, "nome": "PE"}, {"quantidade": 2, "nome": "RB"}, {"quantidade": 1, "nome": "FC"}, {"quantidade": 1, "nome": "FD"}], "preco": "11.49", "posicao": {"abreviacao": "ZAG", "id": 3, "nome": "Zagueiro"}, "partida_clube_visitante": {"nome": "internacional", "escudo_pequeno": "http://s.glbimg.com/es/sde/f/equipes/2014/04/14/internacional_30x30.png", "id": 285, "mercado": 1, "abreviacao": "int", "slug": "internacional"}, "partida_data": "13/06/2015", "partida_clube_casa": {"nome": "corinthians", "escudo_pequeno": "http://s.glbimg.com/es/sde/f/equipes/2013/12/16/corinthians_30x30.png", "id": 264, "mercado": 1, "abreviacao": "cor", "slug": "corinthians"}, "jogos": 4, "variacao": "0.00", "id": 52253}, {"status": "Prov\u00e1vel", "foto": "http://s.glbimg.com/es/sde/f/2015/01/15/4dd216e88c47ce4a7a7500c80b1d5fec_FORMATO.png", "clube": {"nome": "cruzeiro", "escudo_pequeno": "http://s.glbimg.com/es/sde/f/equipes/2015/04/29/cruzeiro_30.png", "id": 283, "mercado": 1, "abreviacao": "cru", "slug": "cruzeiro"}, "status_id": 7, "media": "1.74", "pontos": "4.00", "apelido": "F\u00e1bio", "scout": [{"quantidade": 1, "nome": "SG"}, {"quantidade": 2, "nome": "FS"}, {"quantidade": 1, "nome": "PE"}, {"quantidade": 1, "nome": "CA"}, {"quantidade": 5, "nome": "DD"}, {"quantidade": 5, "nome": "GS"}], "preco": "11.49", "posicao": {"abreviacao": "GOL", "id": 1, "nome": "Goleiro"}, "partida_clube_visitante": {"nome": "cruzeiro", "escudo_pequeno": "http://s.glbimg.com/es/sde/f/equipes/2015/04/29/cruzeiro_30.png", "id": 283, "mercado": 1, "abreviacao": "cru", "slug": "cruzeiro"}, "partida_data": "13/06/2015", "partida_clube_casa": {"nome": "vasco", "escudo_pequeno": "http://s.glbimg.com/es/sde/f/equipes/2013/12/16/vasco_30x30.png", "id": 267, "mercado": 1, "abreviacao": "vas", "slug": "vasco"}, "jogos": 5, "variacao": "-0.01", "id": 37656}, {"status": "Prov\u00e1vel", "foto": "http://s.glbimg.com/es/sde/f/2015/03/04/2bf764b5a31f2d26eb5d7335769d8ecf_FORMATO.png", "clube": {"nome": "atl\u00e9tico-pr", "escudo_pequeno": "http://s.glbimg.com/es/sde/f/equipes/2013/12/16/atletico_pr_30x30.png", "id": 293, "mercado": 1, "abreviacao": "atl", "slug": "atletico-pr"}, "status_id": 7, "media": "5.28", "pontos": "4.90", "apelido": "Nik\u00e3o", "scout": [{"quantidade": 3, "nome": "FS"}, {"quantidade": 9, "nome": "PE"}, {"quantidade": 1, "nome": "A"}, {"quantidade": 3, "nome": "G"}, {"quantidade": 1, "nome": "I"}, {"quantidade": 7, "nome": "RB"}, {"quantidade": 7, "nome": "FC"}, {"quantidade": 2, "nome": "CA"}], "preco": "11.41", "posicao": {"abreviacao": "MEI", "id": 4, "nome": "Meia"}, "partida_clube_visitante": {"nome": "atl\u00e9tico-pr", "escudo_pequeno": "http://s.glbimg.com/es/sde/f/equipes/2013/12/16/atletico_pr_30x30.png", "id": 293, "mercado": 1, "abreviacao": "atl", "slug": "atletico-pr"}, "partida_data": "14/06/2015", "partida_clube_casa": {"nome": "gr\u00eamio", "escudo_pequeno": "http://s.glbimg.com/es/sde/f/equipes/2013/12/16/gremio_30x30.png", "id": 284, "mercado": 1, "abreviacao": "gre", "slug": "gremio"}, "jogos": 6, "variacao": "0.06", "id": 69705}, {"status": "Nulo", "foto": "http://s.glbimg.com/es/sde/f/2015/01/15/e6df282b24c0691210fdfbe01867b360_FORMATO.jpeg", "clube": {"nome": "corinthians", "escudo_pequeno": "http://s.glbimg.com/es/sde/f/equipes/2013/12/16/corinthians_30x30.png", "id": 264, "mercado": 1, "abreviacao": "cor", "slug": "corinthians"}, "status_id": 6, "media": "8.40", "pontos": "0.00", "apelido": "Uendel", "scout": [{"quantidade": 1, "nome": "SG"}, {"quantidade": 1, "nome": "FS"}, {"quantidade": 2, "nome": "RB"}, {"quantidade": 1, "nome": "FC"}], "preco": "11.39", "posicao": {"abreviacao": "LAT", "id": 2, "nome": "Lateral"}, "partida_clube_visitante": {"nome": "internacional", "escudo_pequeno": "http://s.glbimg.com/es/sde/f/equipes/2014/04/14/internacional_30x30.png", "id": 285, "mercado": 1, "abreviacao": "int", "slug": "internacional"}, "partida_data": "13/06/2015", "partida_clube_casa": {"nome": "corinthians", "escudo_pequeno": "http://s.glbimg.com/es/sde/f/equipes/2013/12/16/corinthians_30x30.png", "id": 264, "mercado": 1, "abreviacao": "cor", "slug": "corinthians"}, "jogos": 1, "variacao": "0.00", "id": 60852}, {"status": "Prov\u00e1vel", "foto": "http://s.glbimg.com/es/sde/f/2011/12/05/e6bc3aecb57a4d685e9fcc0d5bed4ee9_FORMATO.jpeg", "clube": {"nome": "palmeiras", "escudo_pequeno": "http://s.glbimg.com/es/sde/f/equipes/2013/12/16/palmeiras_30x30.png", "id": 275, "mercado": 1, "abreviacao": "pal", "slug": "palmeiras"}, "status_id": 7, "media": "3.45", "pontos": "1.18", "apelido": "Oswaldo De Oliveira", "scout": [], "preco": "11.38", "posicao": {"abreviacao": "TEC", "id": 6, "nome": "T\u00e9cnico"}, "partida_clube_visitante": {"nome": "fluminense", "escudo_pequeno": "http://s.glbimg.com/es/sde/f/equipes/2015/05/05/fluminense-escudo-30x30.png", "id": 266, "mercado": 1, "abreviacao": "flu", "slug": "fluminense"}, "partida_data": "14/06/2015", "partida_clube_casa": {"nome": "palmeiras", "escudo_pequeno": "http://s.glbimg.com/es/sde/f/equipes/2013/12/16/palmeiras_30x30.png", "id": 275, "mercado": 1, "abreviacao": "pal", "slug": "palmeiras"}, "jogos": 6, "variacao": "-0.34", "id": 36940}, {"status": "Nulo", "foto": "http://s.glbimg.com/es/sde/f/2014/06/11/66e3fce8820ca5f08202898a9e02857e_FORMATO.jpeg", "clube": {"nome": "atl\u00e9tico-mg", "escudo_pequeno": "http://s.glbimg.com/es/sde/f/equipes/2013/12/16/atletico_mg_30x30.png", "id": 282, "mercado": 1, "abreviacao": "atl", "slug": "atletico-mg"}, "status_id": 6, "media": "2.80", "pontos": "0.00", "apelido": "J\u00f4", "scout": [{"quantidade": 4, "nome": "FS"}, {"quantidade": 3, "nome": "PE"}, {"quantidade": 1, "nome": "G"}, {"quantidade": 1, "nome": "I"}, {"quantidade": 2, "nome": "FC"}, {"quantidade": 1, "nome": "CA"}], "preco": "11.32", "posicao": {"abreviacao": "ATA", "id": 5, "nome": "Atacante"}, "partida_clube_visitante": {"nome": "santos", "escudo_pequeno": "http://s.glbimg.com/es/sde/f/equipes/2013/12/16/santos_30x30.png", "id": 277, "mercado": 1, "abreviacao": "san", "slug": "santos"}, "partida_data": "10/06/2015", "partida_clube_casa": {"nome": "atl\u00e9tico-mg", "escudo_pequeno": "http://s.glbimg.com/es/sde/f/equipes/2013/12/16/atletico_mg_30x30.png", "id": 282, "mercado": 1, "abreviacao": "atl", "slug": "atletico-mg"}, "jogos": 2, "variacao": "0.00", "id": 38138}, {"status": "Suspenso", "foto": "http://s.glbimg.com/es/sde/f/2015/04/30/86bb139b6de0d8720efba5af34e4a182_FORMATO.jpeg", "clube": {"nome": "internacional", "escudo_pequeno": "http://s.glbimg.com/es/sde/f/equipes/2014/04/14/internacional_30x30.png", "id": 285, "mercado": 1, "abreviacao": "int", "slug": "internacional"}, "status_id": 3, "media": "-1.75", "pontos": "-1.70", "apelido": "Lisandro L\u00f3pez", "scout": [{"quantidade": 3, "nome": "FS"}, {"quantidade": 4, "nome": "PE"}, {"quantidade": 1, "nome": "FT"}, {"quantidade": 4, "nome": "I"}, {"quantidade": 2, "nome": "FC"}, {"quantidade": 1, "nome": "CA"}, {"quantidade": 1, "nome": "CV"}, {"quantidade": 1, "nome": "FF"}, {"quantidade": 2, "nome": "FD"}], "preco": "11.22", "posicao": {"abreviacao": "ATA", "id": 5, "nome": "Atacante"}, "partida_clube_visitante": {"nome": "internacional", "escudo_pequeno": "http://s.glbimg.com/es/sde/f/equipes/2014/04/14/internacional_30x30.png", "id": 285, "mercado": 1, "abreviacao": "int", "slug": "internacional"}, "partida_data": "13/06/2015", "partida_clube_casa": {"nome": "corinthians", "escudo_pequeno": "http://s.glbimg.com/es/sde/f/equipes/2013/12/16/corinthians_30x30.png", "id": 264, "mercado": 1, "abreviacao": "cor", "slug": "corinthians"}, "jogos": 2, "variacao": "-1.19", "id": 71495}, {"status": "Prov\u00e1vel", "foto": "http://s.glbimg.com/es/sde/f/2010/11/12/2783d253b7de18180782ff7832c0c6d2_FORMATO.jpeg", "clube": {"nome": "corinthians", "escudo_pequeno": "http://s.glbimg.com/es/sde/f/equipes/2013/12/16/corinthians_30x30.png", "id": 264, "mercado": 1, "abreviacao": "cor", "slug": "corinthians"}, "status_id": 7, "media": "3.57", "pontos": "4.10", "apelido": "Fagner", "scout": [{"quantidade": 1, "nome": "SG"}, {"quantidade": 6, "nome": "FS"}, {"quantidade": 11, "nome": "PE"}, {"quantidade": 4, "nome": "RB"}, {"quantidade": 3, "nome": "FC"}, {"quantidade": 1, "nome": "FF"}], "preco": "11.21", "posicao": {"abreviacao": "LAT", "id": 2, "nome": "Lateral"}, "partida_clube_visitante": {"nome": "internacional", "escudo_pequeno": "http://s.glbimg.com/es/sde/f/equipes/2014/04/14/internacional_30x30.png", "id": 285, "mercado": 1, "abreviacao": "int", "slug": "internacional"}, "partida_data": "13/06/2015", "partida_clube_casa": {"nome": "corinthians", "escudo_pequeno": "http://s.glbimg.com/es/sde/f/equipes/2013/12/16/corinthians_30x30.png", "id": 264, "mercado": 1, "abreviacao": "cor", "slug": "corinthians"}, "jogos": 3, "variacao": "0.33", "id": 42500}, {"status": "D\u00favida", "foto": "http://s.glbimg.com/es/sde/f/2015/01/15/ab93ccb633f5e859736972f4f3124185_FORMATO.jpeg", "clube": {"nome": "vasco", "escudo_pequeno": "http://s.glbimg.com/es/sde/f/equipes/2013/12/16/vasco_30x30.png", "id": 267, "mercado": 1, "abreviacao": "vas", "slug": "vasco"}, "status_id": 2, "media": "4.22", "pontos": "0.00", "apelido": "Christiano ", "scout": [{"quantidade": 2, "nome": "SG"}, {"quantidade": 10, "nome": "FS"}, {"quantidade": 15, "nome": "PE"}, {"quantidade": 1, "nome": "FT"}, {"quantidade": 4, "nome": "RB"}, {"quantidade": 3, "nome": "FC"}, {"quantidade": 1, "nome": "CA"}, {"quantidade": 4, "nome": "FF"}, {"quantidade": 1, "nome": "FD"}], "preco": "11.19", "posicao": {"abreviacao": "LAT", "id": 2, "nome": "Lateral"}, "partida_clube_visitante": {"nome": "cruzeiro", "escudo_pequeno": "http://s.glbimg.com/es/sde/f/equipes/2015/04/29/cruzeiro_30.png", "id": 283, "mercado": 1, "abreviacao": "cru", "slug": "cruzeiro"}, "partida_data": "13/06/2015", "partida_clube_casa": {"nome": "vasco", "escudo_pequeno": "http://s.glbimg.com/es/sde/f/equipes/2013/12/16/vasco_30x30.png", "id": 267, "mercado": 1, "abreviacao": "vas", "slug": "vasco"}, "jogos": 5, "variacao": "0.00", "id": 82499}, {"status": "Prov\u00e1vel", "foto": "http://s.glbimg.com/es/sde/f/2010/11/12/1475e3789be724b296ff8b4547f13a25_FORMATO.jpeg", "clube": {"nome": "cruzeiro", "escudo_pequeno": "http://s.glbimg.com/es/sde/f/equipes/2015/04/29/cruzeiro_30.png", "id": 283, "mercado": 1, "abreviacao": "cru", "slug": "cruzeiro"}, "status_id": 7, "media": "3.32", "pontos": "5.18", "apelido": "Vanderlei Luxemburgo", "scout": [], "preco": "11.19", "posicao": {"abreviacao": "TEC", "id": 6, "nome": "T\u00e9cnico"}, "partida_clube_visitante": {"nome": "cruzeiro", "escudo_pequeno": "http://s.glbimg.com/es/sde/f/equipes/2015/04/29/cruzeiro_30.png", "id": 283, "mercado": 1, "abreviacao": "cru", "slug": "cruzeiro"}, "partida_data": "13/06/2015", "partida_clube_casa": {"nome": "vasco", "escudo_pequeno": "http://s.glbimg.com/es/sde/f/equipes/2013/12/16/vasco_30x30.png", "id": 267, "mercado": 1, "abreviacao": "vas", "slug": "vasco"}, "jogos": 5, "variacao": "0.48", "id": 41327}, {"status": "Nulo", "foto": "http://s.glbimg.com/es/sde/f/2013/03/23/4e1045ce8d8428e86a7ec9300e706241_FORMATO.jpeg", "clube": {"nome": "atl\u00e9tico-mg", "escudo_pequeno": "http://s.glbimg.com/es/sde/f/equipes/2013/12/16/atletico_mg_30x30.png", "id": 282, "mercado": 1, "abreviacao": "atl", "slug": "atletico-mg"}, "status_id": 6, "media": "4.20", "pontos": "0.00", "apelido": "Josu\u00e9", "scout": [{"quantidade": 6, "nome": "FS"}, {"quantidade": 1, "nome": "A"}, {"quantidade": 2, "nome": "RB"}, {"quantidade": 2, "nome": "FC"}, {"quantidade": 1, "nome": "CA"}], "preco": "11.06", "posicao": {"abreviacao": "MEI", "id": 4, "nome": "Meia"}, "partida_clube_visitante": {"nome": "santos", "escudo_pequeno": "http://s.glbimg.com/es/sde/f/equipes/2013/12/16/santos_30x30.png", "id": 277, "mercado": 1, "abreviacao": "san", "slug": "santos"}, "partida_data": "10/06/2015", "partida_clube_casa": {"nome": "atl\u00e9tico-mg", "escudo_pequeno": "http://s.glbimg.com/es/sde/f/equipes/2013/12/16/atletico_mg_30x30.png", "id": 282, "mercado": 1, "abreviacao": "atl", "slug": "atletico-mg"}, "jogos": 2, "variacao": "0.00", "id": 36790}, {"status": "Suspenso", "foto": "http://s.glbimg.com/es/sde/f/2015/04/30/9ac2cacedd5d1440c0379d6b54d2e7b2_FORMATO.jpeg", "clube": {"nome": "internacional", "escudo_pequeno": "http://s.glbimg.com/es/sde/f/equipes/2014/04/14/internacional_30x30.png", "id": 285, "mercado": 1, "abreviacao": "int", "slug": "internacional"}, "status_id": 3, "media": "1.50", "pontos": "6.10", "apelido": "Anderson", "scout": [{"quantidade": 8, "nome": "FS"}, {"quantidade": 26, "nome": "PE"}, {"quantidade": 13, "nome": "RB"}, {"quantidade": 10, "nome": "FC"}, {"quantidade": 3, "nome": "CA"}, {"quantidade": 1, "nome": "FF"}, {"quantidade": 1, "nome": "FD"}], "preco": "11.05", "posicao": {"abreviacao": "MEI", "id": 4, "nome": "Meia"}, "partida_clube_visitante": {"nome": "internacional", "escudo_pequeno": "http://s.glbimg.com/es/sde/f/equipes/2014/04/14/internacional_30x30.png", "id": 285, "mercado": 1, "abreviacao": "int", "slug": "internacional"}, "partida_data": "13/06/2015", "partida_clube_casa": {"nome": "corinthians", "escudo_pequeno": "http://s.glbimg.com/es/sde/f/equipes/2013/12/16/corinthians_30x30.png", "id": 264, "mercado": 1, "abreviacao": "cor", "slug": "corinthians"}, "jogos": 6, "variacao": "1.91", "id": 38852}, {"status": "Prov\u00e1vel", "foto": "http://s.glbimg.com/es/sde/f/2015/03/04/6d0cf73c42c81f80606710f7ad3a5a26_FORMATO.png", "clube": {"nome": "atl\u00e9tico-pr", "escudo_pequeno": "http://s.glbimg.com/es/sde/f/equipes/2013/12/16/atletico_pr_30x30.png", "id": 293, "mercado": 1, "abreviacao": "atl", "slug": "atletico-pr"}, "status_id": 7, "media": "3.72", "pontos": "10.00", "apelido": "Gustavo", "scout": [{"quantidade": 4, "nome": "SG"}, {"quantidade": 1, "nome": "FS"}, {"quantidade": 6, "nome": "PE"}, {"quantidade": 1, "nome": "FT"}, {"quantidade": 1, "nome": "I"}, {"quantidade": 2, "nome": "RB"}, {"quantidade": 7, "nome": "FC"}, {"quantidade": 1, "nome": "FF"}], "preco": "11.04", "posicao": {"abreviacao": "ZAG", "id": 3, "nome": "Zagueiro"}, "partida_clube_visitante": {"nome": "atl\u00e9tico-pr", "escudo_pequeno": "http://s.glbimg.com/es/sde/f/equipes/2013/12/16/atletico_pr_30x30.png", "id": 293, "mercado": 1, "abreviacao": "atl", "slug": "atletico-pr"}, "partida_data": "14/06/2015", "partida_clube_casa": {"nome": "gr\u00eamio", "escudo_pequeno": "http://s.glbimg.com/es/sde/f/equipes/2013/12/16/gremio_30x30.png", "id": 284, "mercado": 1, "abreviacao": "gre", "slug": "gremio"}, "jogos": 6, "variacao": "2.07", "id": 37840}, {"status": "Nulo", "foto": "http://s.glbimg.com/es/sde/f/2015/01/15/81411d0e9b0d130086c1397da30ea99b_FORMATO.jpeg", "clube": {"nome": "corinthians", "escudo_pequeno": "http://s.glbimg.com/es/sde/f/equipes/2013/12/16/corinthians_30x30.png", "id": 264, "mercado": 1, "abreviacao": "cor", "slug": "corinthians"}, "status_id": 6, "media": "0.00", "pontos": "0.00", "apelido": "Elias", "scout": [{"quantidade": 4, "nome": "PE"}, {"quantidade": 1, "nome": "RB"}, {"quantidade": 1, "nome": "FC"}], "preco": "10.88", "posicao": {"abreviacao": "MEI", "id": 4, "nome": "Meia"}, "partida_clube_visitante": {"nome": "internacional", "escudo_pequeno": "http://s.glbimg.com/es/sde/f/equipes/2014/04/14/internacional_30x30.png", "id": 285, "mercado": 1, "abreviacao": "int", "slug": "internacional"}, "partida_data": "13/06/2015", "partida_clube_casa": {"nome": "corinthians", "escudo_pequeno": "http://s.glbimg.com/es/sde/f/equipes/2013/12/16/corinthians_30x30.png", "id": 264, "mercado": 1, "abreviacao": "cor", "slug": "corinthians"}, "jogos": 2, "variacao": "0.00", "id": 54395}, {"status": "Prov\u00e1vel", "foto": "http://s.glbimg.com/es/sde/f/2011/09/14/0e2a8d96706d73bb8049a3a469767951_FORMATO.jpeg", "clube": {"nome": "chapecoense", "escudo_pequeno": "http://s.glbimg.com/es/sde/f/equipes/2015/05/06/chapecoense_30x30.png", "id": 315, "mercado": 1, "abreviacao": "cha", "slug": "chapecoense"}, "status_id": 7, "media": "3.63", "pontos": "-0.30", "apelido": "Gil", "scout": [{"quantidade": 11, "nome": "FS"}, {"quantidade": 27, "nome": "PE"}, {"quantidade": 1, "nome": "G"}, {"quantidade": 2, "nome": "I"}, {"quantidade": 14, "nome": "RB"}, {"quantidade": 13, "nome": "FC"}, {"quantidade": 1, "nome": "CA"}, {"quantidade": 3, "nome": "FF"}], "preco": "10.88", "posicao": {"abreviacao": "MEI", "id": 4, "nome": "Meia"}, "partida_clube_visitante": {"nome": "s\u00e3o paulo", "escudo_pequeno": "http://s.glbimg.com/es/sde/f/equipes/2013/12/16/sao_paulo_30x30.png", "id": 276, "mercado": 1, "abreviacao": "sao", "slug": "sao-paulo"}, "partida_data": "13/06/2015", "partida_clube_casa": {"nome": "chapecoense", "escudo_pequeno": "http://s.glbimg.com/es/sde/f/equipes/2015/05/06/chapecoense_30x30.png", "id": 315, "mercado": 1, "abreviacao": "cha", "slug": "chapecoense"}, "jogos": 6, "variacao": "-0.70", "id": 63014}, {"status": "Prov\u00e1vel", "foto": "http://s.glbimg.com/es/sde/f/2012/01/10/803c343c03f22f856218b3c8f6df2329_FORMATO.jpeg", "clube": {"nome": "s\u00e3o paulo", "escudo_pequeno": "http://s.glbimg.com/es/sde/f/equipes/2013/12/16/sao_paulo_30x30.png", "id": 276, "mercado": 1, "abreviacao": "sao", "slug": "sao-paulo"}, "status_id": 7, "media": "2.78", "pontos": "5.80", "apelido": "Wesley", "scout": [{"quantidade": 4, "nome": "FS"}, {"quantidade": 11, "nome": "PE"}, {"quantidade": 1, "nome": "A"}, {"quantidade": 4, "nome": "RB"}, {"quantidade": 7, "nome": "FC"}, {"quantidade": 3, "nome": "FF"}, {"quantidade": 2, "nome": "FD"}], "preco": "10.87", "posicao": {"abreviacao": "MEI", "id": 4, "nome": "Meia"}, "partida_clube_visitante": {"nome": "s\u00e3o paulo", "escudo_pequeno": "http://s.glbimg.com/es/sde/f/equipes/2013/12/16/sao_paulo_30x30.png", "id": 276, "mercado": 1, "abreviacao": "sao", "slug": "sao-paulo"}, "partida_data": "13/06/2015", "partida_clube_casa": {"nome": "chapecoense", "escudo_pequeno": "http://s.glbimg.com/es/sde/f/equipes/2015/05/06/chapecoense_30x30.png", "id": 315, "mercado": 1, "abreviacao": "cha", "slug": "chapecoense"}, "jogos": 4, "variacao": "0.92", "id": 50421}, {"status": "Nulo", "foto": "http://s.glbimg.com/es/sde/f/2012/09/20/32049e246c8f16786aadbfc9b93952b8_FORMATO.jpeg", "clube": {"nome": "santos", "escudo_pequeno": "http://s.glbimg.com/es/sde/f/equipes/2013/12/16/santos_30x30.png", "id": 277, "mercado": 1, "abreviacao": "san", "slug": "santos"}, "status_id": 6, "media": "-4.30", "pontos": "0.00", "apelido": "Vanderlei", "scout": [{"quantidade": 1, "nome": "PE"}, {"quantidade": 2, "nome": "GS"}], "preco": "10.84", "posicao": {"abreviacao": "GOL", "id": 1, "nome": "Goleiro"}, "partida_clube_visitante": {"nome": "santos", "escudo_pequeno": "http://s.glbimg.com/es/sde/f/equipes/2013/12/16/santos_30x30.png", "id": 277, "mercado": 1, "abreviacao": "san", "slug": "santos"}, "partida_data": "10/06/2015", "partida_clube_casa": {"nome": "atl\u00e9tico-mg", "escudo_pequeno": "http://s.glbimg.com/es/sde/f/equipes/2013/12/16/atletico_mg_30x30.png", "id": 282, "mercado": 1, "abreviacao": "atl", "slug": "atletico-mg"}, "jogos": 1, "variacao": "0.00", "id": 62121}, {"status": "Nulo", "foto": "http://s.glbimg.com/es/sde/f/2015/03/23/651aa4b2e78db19ac0a073898ddb98b6_FORMATO.jpeg", "clube": {"nome": "goi\u00e1s", "escudo_pequeno": "http://s.glbimg.com/es/sde/f/equipes/2013/12/16/goias_30x30.png", "id": 290, "mercado": 1, "abreviacao": "goi", "slug": "goias"}, "status_id": 6, "media": "1.23", "pontos": "0.00", "apelido": "Erik", "scout": [{"quantidade": 2, "nome": "FS"}, {"quantidade": 4, "nome": "PE"}, {"quantidade": 1, "nome": "RB"}, {"quantidade": 1, "nome": "FC"}, {"quantidade": 1, "nome": "FF"}, {"quantidade": 2, "nome": "FD"}], "preco": "10.84", "posicao": {"abreviacao": "ATA", "id": 5, "nome": "Atacante"}, "partida_clube_visitante": {"nome": "goi\u00e1s", "escudo_pequeno": "http://s.glbimg.com/es/sde/f/equipes/2013/12/16/goias_30x30.png", "id": 290, "mercado": 1, "abreviacao": "goi", "slug": "goias"}, "partida_data": "14/06/2015", "partida_clube_casa": {"nome": "ponte preta", "escudo_pequeno": "http://s.glbimg.com/es/sde/f/equipes/2013/12/16/ponte_preta_30x30.png", "id": 303, "mercado": 1, "abreviacao": "pon", "slug": "ponte-preta"}, "jogos": 3, "variacao": "0.00", "id": 84848}, {"status": "Contundido", "foto": "http://s.glbimg.com/es/sde/f/2015/01/19/b46920c6a85b8d6bd53687c85aba0143_FORMATO.jpeg", "clube": {"nome": "palmeiras", "escudo_pequeno": "http://s.glbimg.com/es/sde/f/equipes/2013/12/16/palmeiras_30x30.png", "id": 275, "mercado": 1, "abreviacao": "pal", "slug": "palmeiras"}, "status_id": 5, "media": "0.77", "pontos": "0.00", "apelido": "Robinho", "scout": [{"quantidade": 3, "nome": "FS"}, {"quantidade": 10, "nome": "PE"}, {"quantidade": 3, "nome": "RB"}, {"quantidade": 4, "nome": "FC"}, {"quantidade": 1, "nome": "CA"}, {"quantidade": 1, "nome": "FF"}, {"quantidade": 2, "nome": "FD"}], "preco": "10.81", "posicao": {"abreviacao": "MEI", "id": 4, "nome": "Meia"}, "partida_clube_visitante": {"nome": "fluminense", "escudo_pequeno": "http://s.glbimg.com/es/sde/f/equipes/2015/05/05/fluminense-escudo-30x30.png", "id": 266, "mercado": 1, "abreviacao": "flu", "slug": "fluminense"}, "partida_data": "14/06/2015", "partida_clube_casa": {"nome": "palmeiras", "escudo_pequeno": "http://s.glbimg.com/es/sde/f/equipes/2013/12/16/palmeiras_30x30.png", "id": 275, "mercado": 1, "abreviacao": "pal", "slug": "palmeiras"}, "jogos": 3, "variacao": "0.00", "id": 62104}]}