{"rodada_id": 26, "page": {"atual": "23", "total": "42"}, "atleta": [{"status": "Nulo", "foto": "http://s.glbimg.com/es/sde/f/2011/09/26/454f577aa260c89eea1ff053942a3fd9_FORMATO.jpeg", "clube": {"mercado": 1, "slug": "atletico-mg", "abreviacao": "atl", "id": 282, "nome": "atl\u00e9tico-mg"}, "status_id": 6, "jogos": 6, "scout": [{"quantidade": 3, "nome": "SG"}, {"quantidade": 2, "nome": "FS"}, {"quantidade": 16, "nome": "PE"}, {"quantidade": 7, "nome": "RB"}, {"quantidade": 8, "nome": "FC"}, {"quantidade": 3, "nome": "CA"}, {"quantidade": 2, "nome": "FF"}, {"quantidade": 1, "nome": "FD"}], "preco": "4.23", "partida_data": "16/09/2015", "variacao": "0.00", "id": 61211, "media": "2.58", "pontos": "0.00", "apelido": "Carlos Cesar", "posicao": {"abreviacao": "LAT", "id": 2, "nome": "Lateral"}, "partida_clube_visitante": {"mercado": 1, "slug": "atletico-mg", "abreviacao": "atl", "id": 282, "nome": "atl\u00e9tico-mg"}, "partida_clube_casa": {"mercado": 1, "slug": "santos", "abreviacao": "san", "id": 277, "nome": "santos"}}, {"status": "Nulo", "foto": "http://s.glbimg.com/es/sde/f/2015/07/21/d0fb689113c613e46b182da2e7f39520_FORMATO.jpeg", "clube": {"mercado": 1, "slug": "chapecoense", "abreviacao": "cha", "id": 315, "nome": "chapecoense"}, "status_id": 6, "jogos": 17, "scout": [{"quantidade": 24, "nome": "FS"}, {"quantidade": 31, "nome": "PE"}, {"quantidade": 1, "nome": "A"}, {"quantidade": 1, "nome": "I"}, {"quantidade": 20, "nome": "RB"}, {"quantidade": 20, "nome": "FC"}, {"quantidade": 4, "nome": "CA"}, {"quantidade": 9, "nome": "FF"}, {"quantidade": 2, "nome": "FD"}], "preco": "4.21", "partida_data": "17/09/2015", "variacao": "0.00", "id": 90872, "media": "1.85", "pontos": "0.00", "apelido": "Wagner", "posicao": {"abreviacao": "MEI", "id": 4, "nome": "Meia"}, "partida_clube_visitante": {"mercado": 1, "slug": "chapecoense", "abreviacao": "cha", "id": 315, "nome": "chapecoense"}, "partida_clube_casa": {"mercado": 1, "slug": "sao-paulo", "abreviacao": "sao", "id": 276, "nome": "s\u00e3o paulo"}}, {"status": "Nulo", "foto": "http://s.glbimg.com/es/sde/f/2015/07/21/a9170cf9fa7262623e7175d206c18637_FORMATO.jpeg", "clube": {"mercado": 1, "slug": "ponte-preta", "abreviacao": "pon", "id": 303, "nome": "ponte preta"}, "status_id": 6, "jogos": 1, "scout": [{"quantidade": 1, "nome": "I"}, {"quantidade": 1, "nome": "RB"}, {"quantidade": 2, "nome": "FC"}], "preco": "4.20", "partida_data": "16/09/2015", "variacao": "-0.80", "id": 53189, "media": "0.20", "pontos": "0.20", "apelido": "Alexandro", "posicao": {"abreviacao": "ATA", "id": 5, "nome": "Atacante"}, "partida_clube_visitante": {"mercado": 1, "slug": "ponte-preta", "abreviacao": "pon", "id": 303, "nome": "ponte preta"}, "partida_clube_casa": {"mercado": 1, "slug": "goias", "abreviacao": "goi", "id": 290, "nome": "goi\u00e1s"}}, {"status": "Nulo", "foto": null, "clube": {"mercado": 1, "slug": "joinville", "abreviacao": "jec", "id": 317, "nome": "joinville"}, "status_id": 6, "jogos": 1, "scout": [{"quantidade": 1, "nome": "FS"}, {"quantidade": 2, "nome": "I"}, {"quantidade": 1, "nome": "FF"}], "preco": "4.18", "partida_data": "16/09/2015", "variacao": "0.00", "id": 69141, "media": "0.20", "pontos": "0.00", "apelido": "Ricardo Bueno", "posicao": {"abreviacao": "ATA", "id": 5, "nome": "Atacante"}, "partida_clube_visitante": {"mercado": 1, "slug": "sport", "abreviacao": "spo", "id": 292, "nome": "sport"}, "partida_clube_casa": {"mercado": 1, "slug": "joinville", "abreviacao": "jec", "id": 317, "nome": "joinville"}}, {"status": "Nulo", "foto": null, "clube": {"mercado": 1, "slug": "fluminense", "abreviacao": "flu", "id": 266, "nome": "fluminense"}, "status_id": 6, "jogos": 2, "scout": [{"quantidade": 1, "nome": "FS"}, {"quantidade": 6, "nome": "PE"}, {"quantidade": 10, "nome": "RB"}, {"quantidade": 8, "nome": "FC"}, {"quantidade": 2, "nome": "CA"}, {"quantidade": 1, "nome": "FF"}], "preco": "4.18", "partida_data": "16/09/2015", "variacao": "0.00", "id": 92497, "media": "4.20", "pontos": "0.00", "apelido": "Douglas", "posicao": {"abreviacao": "MEI", "id": 4, "nome": "Meia"}, "partida_clube_visitante": {"mercado": 1, "slug": "palmeiras", "abreviacao": "pal", "id": 275, "nome": "palmeiras"}, "partida_clube_casa": {"mercado": 1, "slug": "fluminense", "abreviacao": "flu", "id": 266, "nome": "fluminense"}}, {"status": "D\u00favida", "foto": "http://s.glbimg.com/es/sde/f/2014/03/28/47391cb719e982c6271293d28bfb8d8f_FORMATO.png", "clube": {"mercado": 1, "slug": "atletico-pr", "abreviacao": "atl", "id": 293, "nome": "atl\u00e9tico-pr"}, "status_id": 2, "jogos": 7, "scout": [{"quantidade": 2, "nome": "FS"}, {"quantidade": 11, "nome": "PE"}, {"quantidade": 4, "nome": "RB"}, {"quantidade": 3, "nome": "FC"}, {"quantidade": 2, "nome": "FF"}, {"quantidade": 2, "nome": "FD"}], "preco": "4.17", "partida_data": "16/09/2015", "variacao": "0.00", "id": 86765, "media": "0.91", "pontos": "0.00", "apelido": "Bruno Mota", "posicao": {"abreviacao": "MEI", "id": 4, "nome": "Meia"}, "partida_clube_visitante": {"mercado": 1, "slug": "gremio", "abreviacao": "gre", "id": 284, "nome": "gr\u00eamio"}, "partida_clube_casa": {"mercado": 1, "slug": "atletico-pr", "abreviacao": "atl", "id": 293, "nome": "atl\u00e9tico-pr"}}, {"status": "Prov\u00e1vel", "foto": "http://s.glbimg.com/es/sde/f/2015/07/22/e3c209e2f9d3fdb5f94513fe9e0a4a12_FORMATO.jpeg", "clube": {"mercado": 1, "slug": "avai", "abreviacao": "ava", "id": 314, "nome": "ava\u00ed"}, "status_id": 7, "jogos": 21, "scout": [{"quantidade": 2, "nome": "SG"}, {"quantidade": 2, "nome": "FS"}, {"quantidade": 11, "nome": "PE"}, {"quantidade": 2, "nome": "CA"}, {"quantidade": 25, "nome": "DD"}, {"quantidade": 32, "nome": "GS"}], "preco": "4.16", "partida_data": "16/09/2015", "variacao": "0.82", "id": 78151, "media": "0.70", "pontos": "3.70", "apelido": "Vagner", "posicao": {"abreviacao": "GOL", "id": 1, "nome": "Goleiro"}, "partida_clube_visitante": {"mercado": 1, "slug": "avai", "abreviacao": "ava", "id": 314, "nome": "ava\u00ed"}, "partida_clube_casa": {"mercado": 1, "slug": "figueirense", "abreviacao": "fig", "id": 316, "nome": "figueirense"}}, {"status": "Nulo", "foto": "http://s.glbimg.com/es/sde/f/2015/07/22/0cc28545f0939001c929ecd674e8ee37_FORMATO.jpeg", "clube": {"mercado": 1, "slug": "chapecoense", "abreviacao": "cha", "id": 315, "nome": "chapecoense"}, "status_id": 6, "jogos": 2, "scout": [{"quantidade": 2, "nome": "FF"}], "preco": "4.16", "partida_data": "17/09/2015", "variacao": "-0.59", "id": 54250, "media": "0.70", "pontos": "1.40", "apelido": "Maylson", "posicao": {"abreviacao": "MEI", "id": 4, "nome": "Meia"}, "partida_clube_visitante": {"mercado": 1, "slug": "chapecoense", "abreviacao": "cha", "id": 315, "nome": "chapecoense"}, "partida_clube_casa": {"mercado": 1, "slug": "sao-paulo", "abreviacao": "sao", "id": 276, "nome": "s\u00e3o paulo"}}, {"status": "Nulo", "foto": "http://s.glbimg.com/es/sde/f/2015/07/27/68ec831080dc343882c7fb480f58c1a6_FORMATO.jpeg", "clube": {"mercado": 1, "slug": "joinville", "abreviacao": "jec", "id": 317, "nome": "joinville"}, "status_id": 6, "jogos": 20, "scout": [{"quantidade": 12, "nome": "FS"}, {"quantidade": 32, "nome": "PE"}, {"quantidade": 4, "nome": "G"}, {"quantidade": 10, "nome": "I"}, {"quantidade": 14, "nome": "RB"}, {"quantidade": 44, "nome": "FC"}, {"quantidade": 4, "nome": "CA"}, {"quantidade": 11, "nome": "FF"}, {"quantidade": 7, "nome": "FD"}], "preco": "4.16", "partida_data": "16/09/2015", "variacao": "0.00", "id": 62056, "media": "1.59", "pontos": "0.00", "apelido": "Kempes", "posicao": {"abreviacao": "ATA", "id": 5, "nome": "Atacante"}, "partida_clube_visitante": {"mercado": 1, "slug": "sport", "abreviacao": "spo", "id": 292, "nome": "sport"}, "partida_clube_casa": {"mercado": 1, "slug": "joinville", "abreviacao": "jec", "id": 317, "nome": "joinville"}}, {"status": "Nulo", "foto": "http://s.glbimg.com/es/sde/f/2015/07/23/7c15d085797b0e3f7980cfc24f668700_FORMATO.jpeg", "clube": {"mercado": 1, "slug": "fluminense", "abreviacao": "flu", "id": 266, "nome": "fluminense"}, "status_id": 6, "jogos": 17, "scout": [{"quantidade": 22, "nome": "FS"}, {"quantidade": 63, "nome": "PE"}, {"quantidade": 1, "nome": "A"}, {"quantidade": 2, "nome": "G"}, {"quantidade": 2, "nome": "I"}, {"quantidade": 17, "nome": "RB"}, {"quantidade": 16, "nome": "FC"}, {"quantidade": 2, "nome": "CA"}, {"quantidade": 3, "nome": "FF"}, {"quantidade": 7, "nome": "FD"}], "preco": "4.14", "partida_data": "16/09/2015", "variacao": "0.65", "id": 87999, "media": "2.24", "pontos": "1.30", "apelido": "Gustavo Scarpa", "posicao": {"abreviacao": "MEI", "id": 4, "nome": "Meia"}, "partida_clube_visitante": {"mercado": 1, "slug": "palmeiras", "abreviacao": "pal", "id": 275, "nome": "palmeiras"}, "partida_clube_casa": {"mercado": 1, "slug": "fluminense", "abreviacao": "flu", "id": 266, "nome": "fluminense"}}, {"status": "Nulo", "foto": "http://s.glbimg.com/es/sde/f/2015/07/22/bced270b5478677a69965bdaf2e15eb0_FORMATO.jpeg", "clube": {"mercado": 1, "slug": "avai", "abreviacao": "ava", "id": 314, "nome": "ava\u00ed"}, "status_id": 6, "jogos": 20, "scout": [{"quantidade": 24, "nome": "FS"}, {"quantidade": 23, "nome": "PE"}, {"quantidade": 1, "nome": "FT"}, {"quantidade": 2, "nome": "G"}, {"quantidade": 1, "nome": "I"}, {"quantidade": 14, "nome": "RB"}, {"quantidade": 15, "nome": "FC"}, {"quantidade": 3, "nome": "CA"}, {"quantidade": 14, "nome": "FF"}, {"quantidade": 8, "nome": "FD"}], "preco": "4.12", "partida_data": "16/09/2015", "variacao": "0.51", "id": 89696, "media": "2.62", "pontos": "5.00", "apelido": "Romulo", "posicao": {"abreviacao": "ATA", "id": 5, "nome": "Atacante"}, "partida_clube_visitante": {"mercado": 1, "slug": "avai", "abreviacao": "ava", "id": 314, "nome": "ava\u00ed"}, "partida_clube_casa": {"mercado": 1, "slug": "figueirense", "abreviacao": "fig", "id": 316, "nome": "figueirense"}}, {"status": "Nulo", "foto": "http://s.glbimg.com/es/sde/f/2015/07/22/58f7653b2d49816adcc64b41aa2cb913_FORMATO.jpeg", "clube": {"mercado": 1, "slug": "chapecoense", "abreviacao": "cha", "id": 315, "nome": "chapecoense"}, "status_id": 6, "jogos": 3, "scout": [{"quantidade": 4, "nome": "FS"}, {"quantidade": 3, "nome": "PE"}, {"quantidade": 6, "nome": "RB"}, {"quantidade": 2, "nome": "FC"}, {"quantidade": 1, "nome": "CA"}], "preco": "4.08", "partida_data": "17/09/2015", "variacao": "0.00", "id": 78458, "media": "2.77", "pontos": "0.00", "apelido": "Jo\u00e3o Afonso", "posicao": {"abreviacao": "MEI", "id": 4, "nome": "Meia"}, "partida_clube_visitante": {"mercado": 1, "slug": "chapecoense", "abreviacao": "cha", "id": 315, "nome": "chapecoense"}, "partida_clube_casa": {"mercado": 1, "slug": "sao-paulo", "abreviacao": "sao", "id": 276, "nome": "s\u00e3o paulo"}}, {"status": "D\u00favida", "foto": "http://s.glbimg.com/es/sde/f/2015/01/15/22db2fb1416970dab9b8cb5f5bf964a1_FORMATO.png", "clube": {"mercado": 1, "slug": "cruzeiro", "abreviacao": "cru", "id": 283, "nome": "cruzeiro"}, "status_id": 2, "jogos": 13, "scout": [{"quantidade": 2, "nome": "SG"}, {"quantidade": 3, "nome": "FS"}, {"quantidade": 19, "nome": "PE"}, {"quantidade": 8, "nome": "RB"}, {"quantidade": 14, "nome": "FC"}, {"quantidade": 4, "nome": "CA"}, {"quantidade": 4, "nome": "FF"}, {"quantidade": 1, "nome": "FD"}], "preco": "4.05", "partida_data": "16/09/2015", "variacao": "-1.05", "id": 51705, "media": "0.63", "pontos": "-1.10", "apelido": "Bruno Rodrigo", "posicao": {"abreviacao": "ZAG", "id": 3, "nome": "Zagueiro"}, "partida_clube_visitante": {"mercado": 1, "slug": "vasco", "abreviacao": "vas", "id": 267, "nome": "vasco"}, "partida_clube_casa": {"mercado": 1, "slug": "cruzeiro", "abreviacao": "cru", "id": 283, "nome": "cruzeiro"}}, {"status": "Contundido", "foto": "http://s.glbimg.com/es/sde/f/2015/01/28/1bc41d6c2df355b061a3f6cfa87c6222_FORMATO.jpeg", "clube": {"mercado": 1, "slug": "joinville", "abreviacao": "jec", "id": 317, "nome": "joinville"}, "status_id": 5, "jogos": 16, "scout": [{"quantidade": 7, "nome": "SG"}, {"quantidade": 19, "nome": "FS"}, {"quantidade": 45, "nome": "PE"}, {"quantidade": 1, "nome": "A"}, {"quantidade": 4, "nome": "I"}, {"quantidade": 18, "nome": "RB"}, {"quantidade": 27, "nome": "FC"}, {"quantidade": 2, "nome": "CA"}, {"quantidade": 2, "nome": "CV"}, {"quantidade": 3, "nome": "FF"}, {"quantidade": 4, "nome": "FD"}], "preco": "4.05", "partida_data": "16/09/2015", "variacao": "0.85", "id": 87754, "media": "2.71", "pontos": "4.80", "apelido": "Diego", "posicao": {"abreviacao": "LAT", "id": 2, "nome": "Lateral"}, "partida_clube_visitante": {"mercado": 1, "slug": "sport", "abreviacao": "spo", "id": 292, "nome": "sport"}, "partida_clube_casa": {"mercado": 1, "slug": "joinville", "abreviacao": "jec", "id": 317, "nome": "joinville"}}, {"status": "Nulo", "foto": "http://s.glbimg.com/es/sde/f/2015/07/22/764ec82d627ea3902422a595141c1e0a_FORMATO.jpeg", "clube": {"mercado": 1, "slug": "coritiba", "abreviacao": "cor", "id": 294, "nome": "coritiba"}, "status_id": 6, "jogos": 3, "scout": [{"quantidade": 4, "nome": "FS"}, {"quantidade": 2, "nome": "PE"}, {"quantidade": 2, "nome": "RB"}], "preco": "4.04", "partida_data": "17/09/2015", "variacao": "0.00", "id": 82503, "media": "1.60", "pontos": "0.00", "apelido": "Rodolfo", "posicao": {"abreviacao": "MEI", "id": 4, "nome": "Meia"}, "partida_clube_visitante": {"mercado": 1, "slug": "coritiba", "abreviacao": "cor", "id": 294, "nome": "coritiba"}, "partida_clube_casa": {"mercado": 1, "slug": "flamengo", "abreviacao": "fla", "id": 262, "nome": "flamengo"}}, {"status": "Prov\u00e1vel", "foto": "http://s.glbimg.com/es/sde/f/2014/03/12/87501ab3fee6736cc2b0298a77c89e5b_FORMATO.jpeg", "clube": {"mercado": 1, "slug": "figueirense", "abreviacao": "fig", "id": 316, "nome": "figueirense"}, "status_id": 7, "jogos": 15, "scout": [{"quantidade": 18, "nome": "FS"}, {"quantidade": 26, "nome": "PE"}, {"quantidade": 3, "nome": "A"}, {"quantidade": 12, "nome": "RB"}, {"quantidade": 13, "nome": "FC"}, {"quantidade": 4, "nome": "CA"}, {"quantidade": 3, "nome": "FF"}, {"quantidade": 2, "nome": "FD"}], "preco": "4.04", "partida_data": "16/09/2015", "variacao": "0.00", "id": 87747, "media": "1.74", "pontos": "0.00", "apelido": "Yago", "posicao": {"abreviacao": "MEI", "id": 4, "nome": "Meia"}, "partida_clube_visitante": {"mercado": 1, "slug": "avai", "abreviacao": "ava", "id": 314, "nome": "ava\u00ed"}, "partida_clube_casa": {"mercado": 1, "slug": "figueirense", "abreviacao": "fig", "id": 316, "nome": "figueirense"}}, {"status": "Contundido", "foto": null, "clube": {"mercado": 1, "slug": "vasco", "abreviacao": "vas", "id": 267, "nome": "vasco"}, "status_id": 5, "jogos": 2, "scout": [{"quantidade": 3, "nome": "FS"}, {"quantidade": 2, "nome": "PE"}], "preco": "4.04", "partida_data": "16/09/2015", "variacao": "0.00", "id": 38508, "media": "0.45", "pontos": "0.00", "apelido": "Eder Luis", "posicao": {"abreviacao": "ATA", "id": 5, "nome": "Atacante"}, "partida_clube_visitante": {"mercado": 1, "slug": "vasco", "abreviacao": "vas", "id": 267, "nome": "vasco"}, "partida_clube_casa": {"mercado": 1, "slug": "cruzeiro", "abreviacao": "cru", "id": 283, "nome": "cruzeiro"}}, {"status": "Nulo", "foto": "http://s.glbimg.com/es/sde/f/2015/07/21/8efd88aa2cd91a798a92c780347d8bcd_FORMATO.jpeg", "clube": {"mercado": 1, "slug": "cruzeiro", "abreviacao": "cru", "id": 283, "nome": "cruzeiro"}, "status_id": 6, "jogos": 10, "scout": [{"quantidade": 16, "nome": "FS"}, {"quantidade": 18, "nome": "PE"}, {"quantidade": 2, "nome": "I"}, {"quantidade": 12, "nome": "RB"}, {"quantidade": 13, "nome": "FC"}, {"quantidade": 2, "nome": "CA"}, {"quantidade": 6, "nome": "FF"}, {"quantidade": 5, "nome": "FD"}], "preco": "4.02", "partida_data": "16/09/2015", "variacao": "0.00", "id": 87391, "media": "2.07", "pontos": "0.00", "apelido": "Allano", "posicao": {"abreviacao": "ATA", "id": 5, "nome": "Atacante"}, "partida_clube_visitante": {"mercado": 1, "slug": "vasco", "abreviacao": "vas", "id": 267, "nome": "vasco"}, "partida_clube_casa": {"mercado": 1, "slug": "cruzeiro", "abreviacao": "cru", "id": 283, "nome": "cruzeiro"}}, {"status": "Nulo", "foto": "http://s.glbimg.com/es/sde/f/2015/07/22/84a529da9a83b8a5fa754436d6602b9a_FORMATO.jpeg", "clube": {"mercado": 1, "slug": "avai", "abreviacao": "ava", "id": 314, "nome": "ava\u00ed"}, "status_id": 6, "jogos": 0, "scout": [], "preco": "4.00", "partida_data": "16/09/2015", "variacao": "0.00", "id": 86391, "media": "0.00", "pontos": "0.00", "apelido": "Sander", "posicao": {"abreviacao": "LAT", "id": 2, "nome": "Lateral"}, "partida_clube_visitante": {"mercado": 1, "slug": "avai", "abreviacao": "ava", "id": 314, "nome": "ava\u00ed"}, "partida_clube_casa": {"mercado": 1, "slug": "figueirense", "abreviacao": "fig", "id": 316, "nome": "figueirense"}}, {"status": "Nulo", "foto": "http://s.glbimg.com/es/sde/f/2014/02/05/530f0d3bb14ee6792bf9b5a8106f9e7a_FORMATO.jpeg", "clube": {"mercado": 1, "slug": "chapecoense", "abreviacao": "cha", "id": 315, "nome": "chapecoense"}, "status_id": 6, "jogos": 0, "scout": [], "preco": "4.00", "partida_data": "17/09/2015", "variacao": "0.00", "id": 51168, "media": "0.00", "pontos": "0.00", "apelido": "Andr\u00e9 Paulino", "posicao": {"abreviacao": "ZAG", "id": 3, "nome": "Zagueiro"}, "partida_clube_visitante": {"mercado": 1, "slug": "chapecoense", "abreviacao": "cha", "id": 315, "nome": "chapecoense"}, "partida_clube_casa": {"mercado": 1, "slug": "sao-paulo", "abreviacao": "sao", "id": 276, "nome": "s\u00e3o paulo"}}]}