{"rodada_id": 35, "page": {"atual": "3", "total": "42"}, "atleta": [{"status": "Prov\u00e1vel", "foto": "http://s.glbimg.com/es/sde/f/2015/10/28/e21fb563c72e4ce6801e8893fee17245_FORMATO.jpeg", "clube": {"mercado": 1, "slug": "atletico-mg", "abreviacao": "atl", "id": 282, "nome": "atl\u00e9tico-mg"}, "status_id": 7, "jogos": 32, "scout": [], "preco": "15.41", "partida_data": "19/11/2015", "variacao": "0.51", "id": 40025, "media": "3.62", "pontos": "5.14", "apelido": "Levir Culpi", "posicao": {"abreviacao": "TEC", "id": 6, "nome": "T\u00e9cnico"}, "partida_clube_visitante": {"mercado": 1, "slug": "atletico-mg", "abreviacao": "atl", "id": 282, "nome": "atl\u00e9tico-mg"}, "partida_clube_casa": {"mercado": 1, "slug": "sao-paulo", "abreviacao": "sao", "id": 276, "nome": "s\u00e3o paulo"}}, {"status": "D\u00favida", "foto": "http://s.glbimg.com/es/sde/f/2015/05/01/67504eda1a5f8728a743715d11e9bf88_FORMATO.jpeg", "clube": {"mercado": 1, "slug": "sao-paulo", "abreviacao": "sao", "id": 276, "nome": "s\u00e3o paulo"}, "status_id": 2, "jogos": 18, "scout": [{"quantidade": 21, "nome": "FS"}, {"quantidade": 27, "nome": "PE"}, {"quantidade": 2, "nome": "A"}, {"quantidade": 4, "nome": "FT"}, {"quantidade": 6, "nome": "G"}, {"quantidade": 13, "nome": "I"}, {"quantidade": 6, "nome": "RB"}, {"quantidade": 30, "nome": "FC"}, {"quantidade": 6, "nome": "CA"}, {"quantidade": 1, "nome": "CV"}, {"quantidade": 16, "nome": "FF"}, {"quantidade": 7, "nome": "FD"}], "preco": "15.40", "partida_data": "19/11/2015", "variacao": "-1.41", "id": 37919, "media": "3.58", "pontos": "8.20", "apelido": "Luis Fabiano", "posicao": {"abreviacao": "ATA", "id": 5, "nome": "Atacante"}, "partida_clube_visitante": {"mercado": 1, "slug": "atletico-mg", "abreviacao": "atl", "id": 282, "nome": "atl\u00e9tico-mg"}, "partida_clube_casa": {"mercado": 1, "slug": "sao-paulo", "abreviacao": "sao", "id": 276, "nome": "s\u00e3o paulo"}}, {"status": "Nulo", "foto": "http://s.glbimg.com/es/sde/f/2015/10/28/f727f34836032875fa5eaa000743c601_FORMATO.jpeg", "clube": {"mercado": 1, "slug": "avai", "abreviacao": "ava", "id": 314, "nome": "ava\u00ed"}, "status_id": 6, "jogos": 12, "scout": [{"quantidade": 11, "nome": "FS"}, {"quantidade": 23, "nome": "PE"}, {"quantidade": 1, "nome": "A"}, {"quantidade": 1, "nome": "FT"}, {"quantidade": 4, "nome": "G"}, {"quantidade": 3, "nome": "I"}, {"quantidade": 7, "nome": "RB"}, {"quantidade": 15, "nome": "FC"}, {"quantidade": 1, "nome": "PP"}, {"quantidade": 4, "nome": "FF"}, {"quantidade": 9, "nome": "FD"}], "preco": "15.35", "partida_data": "18/11/2015", "variacao": "-0.20", "id": 53865, "media": "4.19", "pontos": "1.00", "apelido": "L\u00e9o Gamalho", "posicao": {"abreviacao": "ATA", "id": 5, "nome": "Atacante"}, "partida_clube_visitante": {"mercado": 1, "slug": "joinville", "abreviacao": "jec", "id": 317, "nome": "joinville"}, "partida_clube_casa": {"mercado": 1, "slug": "avai", "abreviacao": "ava", "id": 314, "nome": "ava\u00ed"}}, {"status": "Prov\u00e1vel", "foto": "http://s.glbimg.com/es/sde/f/2015/10/28/57f4b96be2a7585d04c9607a34cab11a_FORMATO.png", "clube": {"mercado": 1, "slug": "vasco", "abreviacao": "vas", "id": 267, "nome": "vasco"}, "status_id": 7, "jogos": 16, "scout": [{"quantidade": 47, "nome": "FS"}, {"quantidade": 80, "nome": "PE"}, {"quantidade": 3, "nome": "A"}, {"quantidade": 1, "nome": "FT"}, {"quantidade": 7, "nome": "G"}, {"quantidade": 1, "nome": "I"}, {"quantidade": 13, "nome": "RB"}, {"quantidade": 17, "nome": "FC"}, {"quantidade": 2, "nome": "CA"}, {"quantidade": 17, "nome": "FF"}, {"quantidade": 11, "nome": "FD"}], "preco": "15.34", "partida_data": "19/11/2015", "variacao": "3.59", "id": 38913, "media": "6.62", "pontos": "19.10", "apelido": "Nen\u00ea", "posicao": {"abreviacao": "ATA", "id": 5, "nome": "Atacante"}, "partida_clube_visitante": {"mercado": 1, "slug": "corinthians", "abreviacao": "cor", "id": 264, "nome": "corinthians"}, "partida_clube_casa": {"mercado": 1, "slug": "vasco", "abreviacao": "vas", "id": 267, "nome": "vasco"}}, {"status": "D\u00favida", "foto": "http://s.glbimg.com/es/sde/f/2015/07/21/30700915d9987dd132693f51e85e2d07_FORMATO.jpeg", "clube": {"mercado": 1, "slug": "fluminense", "abreviacao": "flu", "id": 266, "nome": "fluminense"}, "status_id": 2, "jogos": 31, "scout": [{"quantidade": 12, "nome": "FS"}, {"quantidade": 112, "nome": "PE"}, {"quantidade": 4, "nome": "G"}, {"quantidade": 43, "nome": "RB"}, {"quantidade": 27, "nome": "FC"}, {"quantidade": 4, "nome": "CA"}, {"quantidade": 19, "nome": "FF"}, {"quantidade": 9, "nome": "FD"}], "preco": "15.26", "partida_data": "19/11/2015", "variacao": "2.31", "id": 62047, "media": "2.53", "pontos": "12.10", "apelido": "Jean", "posicao": {"abreviacao": "MEI", "id": 4, "nome": "Meia"}, "partida_clube_visitante": {"mercado": 1, "slug": "fluminense", "abreviacao": "flu", "id": 266, "nome": "fluminense"}, "partida_clube_casa": {"mercado": 1, "slug": "gremio", "abreviacao": "gre", "id": 284, "nome": "gr\u00eamio"}}, {"status": "Prov\u00e1vel", "foto": "http://s.glbimg.com/es/sde/f/2015/10/29/7ab1e9157f285e638e99ff349a73b077_FORMATO.png", "clube": {"mercado": 1, "slug": "flamengo", "abreviacao": "fla", "id": 262, "nome": "flamengo"}, "status_id": 7, "jogos": 24, "scout": [{"quantidade": 6, "nome": "SG"}, {"quantidade": 33, "nome": "FS"}, {"quantidade": 69, "nome": "PE"}, {"quantidade": 1, "nome": "A"}, {"quantidade": 1, "nome": "FT"}, {"quantidade": 1, "nome": "G"}, {"quantidade": 1, "nome": "I"}, {"quantidade": 50, "nome": "RB"}, {"quantidade": 30, "nome": "FC"}, {"quantidade": 5, "nome": "CA"}, {"quantidade": 6, "nome": "FF"}, {"quantidade": 5, "nome": "FD"}], "preco": "14.82", "partida_data": "19/11/2015", "variacao": "-1.74", "id": 68958, "media": "4.62", "pontos": "2.10", "apelido": "Wallace", "posicao": {"abreviacao": "ZAG", "id": 3, "nome": "Zagueiro"}, "partida_clube_visitante": {"mercado": 1, "slug": "flamengo", "abreviacao": "fla", "id": 262, "nome": "flamengo"}, "partida_clube_casa": {"mercado": 1, "slug": "santos", "abreviacao": "san", "id": 277, "nome": "santos"}}, {"status": "Prov\u00e1vel", "foto": "http://s.glbimg.com/es/sde/f/2015/05/07/1af5521fa723ebef986d5fe572a1d338_FORMATO.jpeg", "clube": {"mercado": 1, "slug": "ponte-preta", "abreviacao": "pon", "id": 303, "nome": "ponte preta"}, "status_id": 7, "jogos": 31, "scout": [{"quantidade": 56, "nome": "FS"}, {"quantidade": 93, "nome": "PE"}, {"quantidade": 1, "nome": "A"}, {"quantidade": 3, "nome": "G"}, {"quantidade": 79, "nome": "RB"}, {"quantidade": 87, "nome": "FC"}, {"quantidade": 11, "nome": "CA"}, {"quantidade": 4, "nome": "FF"}, {"quantidade": 2, "nome": "FD"}], "preco": "14.70", "partida_data": "18/11/2015", "variacao": "0.67", "id": 42213, "media": "3.30", "pontos": "1.20", "apelido": "Fernando Bob", "posicao": {"abreviacao": "MEI", "id": 4, "nome": "Meia"}, "partida_clube_visitante": {"mercado": 1, "slug": "figueirense", "abreviacao": "fig", "id": 316, "nome": "figueirense"}, "partida_clube_casa": {"mercado": 1, "slug": "ponte-preta", "abreviacao": "pon", "id": 303, "nome": "ponte preta"}}, {"status": "Prov\u00e1vel", "foto": "http://s.glbimg.com/es/sde/f/2015/10/28/f8fcf490587d372c0373d2a15ceab56d_FORMATO.jpeg", "clube": {"mercado": 1, "slug": "gremio", "abreviacao": "gre", "id": 284, "nome": "gr\u00eamio"}, "status_id": 7, "jogos": 32, "scout": [{"quantidade": 25, "nome": "FS"}, {"quantidade": 117, "nome": "PE"}, {"quantidade": 7, "nome": "A"}, {"quantidade": 6, "nome": "G"}, {"quantidade": 3, "nome": "I"}, {"quantidade": 30, "nome": "RB"}, {"quantidade": 23, "nome": "FC"}, {"quantidade": 12, "nome": "FF"}, {"quantidade": 9, "nome": "FD"}], "preco": "14.48", "partida_data": "19/11/2015", "variacao": "0.27", "id": 51548, "media": "3.63", "pontos": "1.50", "apelido": "Giuliano", "posicao": {"abreviacao": "MEI", "id": 4, "nome": "Meia"}, "partida_clube_visitante": {"mercado": 1, "slug": "fluminense", "abreviacao": "flu", "id": 266, "nome": "fluminense"}, "partida_clube_casa": {"mercado": 1, "slug": "gremio", "abreviacao": "gre", "id": 284, "nome": "gr\u00eamio"}}, {"status": "Contundido", "foto": "http://s.glbimg.com/es/sde/f/2015/10/27/0dfda89da2b015a900c132b200449dcd_FORMATO.png", "clube": {"mercado": 1, "slug": "santos", "abreviacao": "san", "id": 277, "nome": "santos"}, "status_id": 5, "jogos": 26, "scout": [{"quantidade": 10, "nome": "SG"}, {"quantidade": 9, "nome": "FS"}, {"quantidade": 78, "nome": "PE"}, {"quantidade": 5, "nome": "A"}, {"quantidade": 1, "nome": "G"}, {"quantidade": 1, "nome": "I"}, {"quantidade": 38, "nome": "RB"}, {"quantidade": 22, "nome": "FC"}, {"quantidade": 1, "nome": "CA"}, {"quantidade": 4, "nome": "FF"}, {"quantidade": 3, "nome": "FD"}], "preco": "14.42", "partida_data": "19/11/2015", "variacao": "0.00", "id": 70046, "media": "4.64", "pontos": "0.00", "apelido": "Victor Ferraz", "posicao": {"abreviacao": "LAT", "id": 2, "nome": "Lateral"}, "partida_clube_visitante": {"mercado": 1, "slug": "flamengo", "abreviacao": "fla", "id": 262, "nome": "flamengo"}, "partida_clube_casa": {"mercado": 1, "slug": "santos", "abreviacao": "san", "id": 277, "nome": "santos"}}, {"status": "Nulo", "foto": "http://s.glbimg.com/es/sde/f/2015/10/27/6d63dcbc155f8321f296754b8001d03c_FORMATO.jpeg", "clube": {"mercado": 1, "slug": "palmeiras", "abreviacao": "pal", "id": 275, "nome": "palmeiras"}, "status_id": 6, "jogos": 28, "scout": [{"quantidade": 8, "nome": "SG"}, {"quantidade": 34, "nome": "FS"}, {"quantidade": 128, "nome": "PE"}, {"quantidade": 4, "nome": "A"}, {"quantidade": 1, "nome": "G"}, {"quantidade": 1, "nome": "I"}, {"quantidade": 59, "nome": "RB"}, {"quantidade": 31, "nome": "FC"}, {"quantidade": 9, "nome": "CA"}, {"quantidade": 10, "nome": "FF"}, {"quantidade": 6, "nome": "FD"}], "preco": "14.39", "partida_data": "18/11/2015", "variacao": "-0.11", "id": 42145, "media": "4.51", "pontos": "2.00", "apelido": "Eg\u00eddio", "posicao": {"abreviacao": "LAT", "id": 2, "nome": "Lateral"}, "partida_clube_visitante": {"mercado": 1, "slug": "palmeiras", "abreviacao": "pal", "id": 275, "nome": "palmeiras"}, "partida_clube_casa": {"mercado": 1, "slug": "atletico-pr", "abreviacao": "atl", "id": 293, "nome": "atl\u00e9tico-pr"}}, {"status": "Prov\u00e1vel", "foto": "http://s.glbimg.com/es/sde/f/2015/10/22/3aaddad5017c229f4be217aaa4c590aa_FORMATO.png", "clube": {"mercado": 1, "slug": "atletico-mg", "abreviacao": "atl", "id": 282, "nome": "atl\u00e9tico-mg"}, "status_id": 7, "jogos": 19, "scout": [{"quantidade": 5, "nome": "SG"}, {"quantidade": 12, "nome": "FS"}, {"quantidade": 61, "nome": "PE"}, {"quantidade": 5, "nome": "A"}, {"quantidade": 2, "nome": "G"}, {"quantidade": 15, "nome": "I"}, {"quantidade": 25, "nome": "RB"}, {"quantidade": 18, "nome": "FC"}, {"quantidade": 2, "nome": "CA"}, {"quantidade": 1, "nome": "CV"}, {"quantidade": 8, "nome": "FF"}, {"quantidade": 8, "nome": "FD"}], "preco": "14.30", "partida_data": "19/11/2015", "variacao": "0.70", "id": 60969, "media": "4.43", "pontos": "5.70", "apelido": "Patric", "posicao": {"abreviacao": "LAT", "id": 2, "nome": "Lateral"}, "partida_clube_visitante": {"mercado": 1, "slug": "atletico-mg", "abreviacao": "atl", "id": 282, "nome": "atl\u00e9tico-mg"}, "partida_clube_casa": {"mercado": 1, "slug": "sao-paulo", "abreviacao": "sao", "id": 276, "nome": "s\u00e3o paulo"}}, {"status": "Suspenso", "foto": "http://s.glbimg.com/es/sde/f/2015/10/28/8f91b5722a1c70daf2c91d706d3c347a_FORMATO.png", "clube": {"mercado": 1, "slug": "atletico-mg", "abreviacao": "atl", "id": 282, "nome": "atl\u00e9tico-mg"}, "status_id": 3, "jogos": 27, "scout": [{"quantidade": 10, "nome": "SG"}, {"quantidade": 29, "nome": "FS"}, {"quantidade": 68, "nome": "PE"}, {"quantidade": 1, "nome": "A"}, {"quantidade": 1, "nome": "FT"}, {"quantidade": 2, "nome": "G"}, {"quantidade": 5, "nome": "I"}, {"quantidade": 36, "nome": "RB"}, {"quantidade": 35, "nome": "FC"}, {"quantidade": 6, "nome": "CA"}, {"quantidade": 1, "nome": "CV"}, {"quantidade": 12, "nome": "FF"}, {"quantidade": 7, "nome": "FD"}], "preco": "14.22", "partida_data": "19/11/2015", "variacao": "0.35", "id": 68925, "media": "4.01", "pontos": "4.90", "apelido": "Leonardo Silva", "posicao": {"abreviacao": "ZAG", "id": 3, "nome": "Zagueiro"}, "partida_clube_visitante": {"mercado": 1, "slug": "atletico-mg", "abreviacao": "atl", "id": 282, "nome": "atl\u00e9tico-mg"}, "partida_clube_casa": {"mercado": 1, "slug": "sao-paulo", "abreviacao": "sao", "id": 276, "nome": "s\u00e3o paulo"}}, {"status": "Prov\u00e1vel", "foto": "http://s.glbimg.com/es/sde/f/2011/08/10/262ce37e4cce9e99302a33385da74127_FORMATO.jpeg", "clube": {"mercado": 1, "slug": "santos", "abreviacao": "san", "id": 277, "nome": "santos"}, "status_id": 7, "jogos": 22, "scout": [], "preco": "14.22", "partida_data": "19/11/2015", "variacao": "-0.03", "id": 40990, "media": "4.62", "pontos": "2.91", "apelido": "Dorival J\u00fanior", "posicao": {"abreviacao": "TEC", "id": 6, "nome": "T\u00e9cnico"}, "partida_clube_visitante": {"mercado": 1, "slug": "flamengo", "abreviacao": "fla", "id": 262, "nome": "flamengo"}, "partida_clube_casa": {"mercado": 1, "slug": "santos", "abreviacao": "san", "id": 277, "nome": "santos"}}, {"status": "Prov\u00e1vel", "foto": "http://s.glbimg.com/es/sde/f/2015/04/10/ce0c621e3622e200f1d115e9bacc39db_FORMATO.jpeg", "clube": {"mercado": 1, "slug": "goias", "abreviacao": "goi", "id": 290, "nome": "goi\u00e1s"}, "status_id": 7, "jogos": 29, "scout": [{"quantidade": 68, "nome": "FS"}, {"quantidade": 70, "nome": "PE"}, {"quantidade": 6, "nome": "A"}, {"quantidade": 6, "nome": "G"}, {"quantidade": 13, "nome": "I"}, {"quantidade": 28, "nome": "RB"}, {"quantidade": 49, "nome": "FC"}, {"quantidade": 10, "nome": "CA"}, {"quantidade": 1, "nome": "CV"}, {"quantidade": 26, "nome": "FF"}, {"quantidade": 24, "nome": "FD"}], "preco": "14.16", "partida_data": "18/11/2015", "variacao": "-1.95", "id": 90285, "media": "4.32", "pontos": "2.90", "apelido": "Bruno Henrique", "posicao": {"abreviacao": "ATA", "id": 5, "nome": "Atacante"}, "partida_clube_visitante": {"mercado": 1, "slug": "coritiba", "abreviacao": "cor", "id": 294, "nome": "coritiba"}, "partida_clube_casa": {"mercado": 1, "slug": "goias", "abreviacao": "goi", "id": 290, "nome": "goi\u00e1s"}}, {"status": "Contundido", "foto": "http://s.glbimg.com/es/sde/f/2015/01/08/377e71ac6d5204647e71ae143e5d7b6b_FORMATO.jpeg", "clube": {"mercado": 1, "slug": "fluminense", "abreviacao": "flu", "id": 266, "nome": "fluminense"}, "status_id": 5, "jogos": 12, "scout": [{"quantidade": 5, "nome": "SG"}, {"quantidade": 7, "nome": "FS"}, {"quantidade": 36, "nome": "PE"}, {"quantidade": 1, "nome": "I"}, {"quantidade": 17, "nome": "RB"}, {"quantidade": 11, "nome": "FC"}, {"quantidade": 1, "nome": "CV"}, {"quantidade": 3, "nome": "FF"}, {"quantidade": 2, "nome": "FD"}], "preco": "14.15", "partida_data": "19/11/2015", "variacao": "0.00", "id": 72097, "media": "3.31", "pontos": "0.00", "apelido": "Giovanni", "posicao": {"abreviacao": "LAT", "id": 2, "nome": "Lateral"}, "partida_clube_visitante": {"mercado": 1, "slug": "fluminense", "abreviacao": "flu", "id": 266, "nome": "fluminense"}, "partida_clube_casa": {"mercado": 1, "slug": "gremio", "abreviacao": "gre", "id": 284, "nome": "gr\u00eamio"}}, {"status": "Prov\u00e1vel", "foto": "http://s.glbimg.com/es/sde/f/2015/10/28/523c1eb8afc905768b8dd56bc853cfe8_FORMATO.png", "clube": {"mercado": 1, "slug": "atletico-mg", "abreviacao": "atl", "id": 282, "nome": "atl\u00e9tico-mg"}, "status_id": 7, "jogos": 18, "scout": [{"quantidade": 5, "nome": "SG"}, {"quantidade": 13, "nome": "FS"}, {"quantidade": 90, "nome": "PE"}, {"quantidade": 2, "nome": "A"}, {"quantidade": 1, "nome": "G"}, {"quantidade": 1, "nome": "I"}, {"quantidade": 39, "nome": "RB"}, {"quantidade": 31, "nome": "FC"}, {"quantidade": 5, "nome": "CA"}, {"quantidade": 1, "nome": "CV"}, {"quantidade": 3, "nome": "FF"}, {"quantidade": 5, "nome": "FD"}], "preco": "14.06", "partida_data": "19/11/2015", "variacao": "0.32", "id": 63013, "media": "3.61", "pontos": "2.50", "apelido": "Marcos Rocha", "posicao": {"abreviacao": "LAT", "id": 2, "nome": "Lateral"}, "partida_clube_visitante": {"mercado": 1, "slug": "atletico-mg", "abreviacao": "atl", "id": 282, "nome": "atl\u00e9tico-mg"}, "partida_clube_casa": {"mercado": 1, "slug": "sao-paulo", "abreviacao": "sao", "id": 276, "nome": "s\u00e3o paulo"}}, {"status": "Prov\u00e1vel", "foto": "http://s.glbimg.com/es/sde/f/2015/01/15/7865c308c2ef9ed40ac8749a0b2b54b5_FORMATO.jpeg", "clube": {"mercado": 1, "slug": "fluminense", "abreviacao": "flu", "id": 266, "nome": "fluminense"}, "status_id": 7, "jogos": 32, "scout": [{"quantidade": 11, "nome": "SG"}, {"quantidade": 3, "nome": "FS"}, {"quantidade": 13, "nome": "PE"}, {"quantidade": 3, "nome": "CA"}, {"quantidade": 54, "nome": "DD"}, {"quantidade": 1, "nome": "DP"}, {"quantidade": 42, "nome": "GS"}], "preco": "14.06", "partida_data": "19/11/2015", "variacao": "-2.69", "id": 38431, "media": "4.11", "pontos": "-6.30", "apelido": "Diego Cavalieri", "posicao": {"abreviacao": "GOL", "id": 1, "nome": "Goleiro"}, "partida_clube_visitante": {"mercado": 1, "slug": "fluminense", "abreviacao": "flu", "id": 266, "nome": "fluminense"}, "partida_clube_casa": {"mercado": 1, "slug": "gremio", "abreviacao": "gre", "id": 284, "nome": "gr\u00eamio"}}, {"status": "Nulo", "foto": "http://s.glbimg.com/es/sde/f/2015/10/27/8fd05b0c45186652587b0b474b38b216_FORMATO.png", "clube": {"mercado": 1, "slug": "sport", "abreviacao": "spo", "id": 292, "nome": "sport"}, "status_id": 6, "jogos": 32, "scout": [{"quantidade": 31, "nome": "FS"}, {"quantidade": 124, "nome": "PE"}, {"quantidade": 2, "nome": "A"}, {"quantidade": 1, "nome": "G"}, {"quantidade": 1, "nome": "I"}, {"quantidade": 65, "nome": "RB"}, {"quantidade": 60, "nome": "FC"}, {"quantidade": 7, "nome": "CA"}, {"quantidade": 16, "nome": "FF"}, {"quantidade": 5, "nome": "FD"}], "preco": "14.06", "partida_data": "15/11/2015", "variacao": "1.78", "id": 68834, "media": "2.45", "pontos": "7.40", "apelido": "Rithely", "posicao": {"abreviacao": "MEI", "id": 4, "nome": "Meia"}, "partida_clube_visitante": {"mercado": 1, "slug": "sport", "abreviacao": "spo", "id": 292, "nome": "sport"}, "partida_clube_casa": {"mercado": 1, "slug": "cruzeiro", "abreviacao": "cru", "id": 283, "nome": "cruzeiro"}}, {"status": "Prov\u00e1vel", "foto": "http://s.glbimg.com/es/sde/f/2015/10/27/0ebf9b3fe7cadaa0bd01fad77fc81737_FORMATO.jpeg", "clube": {"mercado": 1, "slug": "sao-paulo", "abreviacao": "sao", "id": 276, "nome": "s\u00e3o paulo"}, "status_id": 7, "jogos": 27, "scout": [{"quantidade": 49, "nome": "FS"}, {"quantidade": 104, "nome": "PE"}, {"quantidade": 8, "nome": "A"}, {"quantidade": 1, "nome": "FT"}, {"quantidade": 2, "nome": "G"}, {"quantidade": 6, "nome": "I"}, {"quantidade": 39, "nome": "RB"}, {"quantidade": 35, "nome": "FC"}, {"quantidade": 5, "nome": "CA"}, {"quantidade": 1, "nome": "CV"}, {"quantidade": 16, "nome": "FF"}, {"quantidade": 6, "nome": "FD"}], "preco": "14.02", "partida_data": "19/11/2015", "variacao": "-1.45", "id": 62977, "media": "3.73", "pontos": "0.50", "apelido": "Ganso", "posicao": {"abreviacao": "MEI", "id": 4, "nome": "Meia"}, "partida_clube_visitante": {"mercado": 1, "slug": "atletico-mg", "abreviacao": "atl", "id": 282, "nome": "atl\u00e9tico-mg"}, "partida_clube_casa": {"mercado": 1, "slug": "sao-paulo", "abreviacao": "sao", "id": 276, "nome": "s\u00e3o paulo"}}, {"status": "Nulo", "foto": "http://s.glbimg.com/es/sde/f/2015/10/28/9da2883645a1ea0c57c85426748a434c_FORMATO.png", "clube": {"mercado": 1, "slug": "vasco", "abreviacao": "vas", "id": 267, "nome": "vasco"}, "status_id": 6, "jogos": 20, "scout": [{"quantidade": 19, "nome": "FS"}, {"quantidade": 27, "nome": "PE"}, {"quantidade": 52, "nome": "RB"}, {"quantidade": 38, "nome": "FC"}, {"quantidade": 7, "nome": "CA"}, {"quantidade": 1, "nome": "CV"}, {"quantidade": 3, "nome": "FF"}], "preco": "14.00", "partida_data": "19/11/2015", "variacao": "0.00", "id": 50533, "media": "2.71", "pontos": "0.00", "apelido": "Gui\u00f1azu", "posicao": {"abreviacao": "MEI", "id": 4, "nome": "Meia"}, "partida_clube_visitante": {"mercado": 1, "slug": "corinthians", "abreviacao": "cor", "id": 264, "nome": "corinthians"}, "partida_clube_casa": {"mercado": 1, "slug": "vasco", "abreviacao": "vas", "id": 267, "nome": "vasco"}}]}