{"rodada_id": 15, "page": {"atual": "1", "total": "41"}, "atleta": [{"status": "Prov\u00e1vel", "foto": "http://s.glbimg.com/es/sde/f/2010/11/16/1a8619488e59272cfcd67e37c094f42c_FORMATO.jpeg", "clube": {"mercado": 1, "slug": "sport", "abreviacao": "spo", "id": 292, "nome": "sport"}, "status_id": 7, "jogos": 13, "scout": [{"quantidade": 18, "nome": "FS"}, {"quantidade": 51, "nome": "PE"}, {"quantidade": 3, "nome": "A"}, {"quantidade": 4, "nome": "G"}, {"quantidade": 3, "nome": "I"}, {"quantidade": 13, "nome": "RB"}, {"quantidade": 18, "nome": "FC"}, {"quantidade": 4, "nome": "CA"}, {"quantidade": 1, "nome": "GS"}, {"quantidade": 8, "nome": "FF"}, {"quantidade": 6, "nome": "FD"}], "preco": "27.20", "partida_data": "25/07/2015", "variacao": "-1.73", "id": 68911, "media": "4.15", "pontos": "0.60", "apelido": "Diego Souza", "posicao": {"abreviacao": "MEI", "id": 4, "nome": "Meia"}, "partida_clube_visitante": {"mercado": 1, "slug": "sport", "abreviacao": "spo", "id": 292, "nome": "sport"}, "partida_clube_casa": {"mercado": 1, "slug": "gremio", "abreviacao": "gre", "id": 284, "nome": "gr\u00eamio"}}, {"status": "Prov\u00e1vel", "foto": "http://s.glbimg.com/es/sde/f/2015/01/15/41b44e53bdb87f13c1741d961f4cf948_FORMATO.jpeg", "clube": {"mercado": 1, "slug": "gremio", "abreviacao": "gre", "id": 284, "nome": "gr\u00eamio"}, "status_id": 7, "jogos": 14, "scout": [{"quantidade": 53, "nome": "FS"}, {"quantidade": 50, "nome": "PE"}, {"quantidade": 4, "nome": "A"}, {"quantidade": 1, "nome": "FT"}, {"quantidade": 2, "nome": "G"}, {"quantidade": 8, "nome": "I"}, {"quantidade": 13, "nome": "RB"}, {"quantidade": 24, "nome": "FC"}, {"quantidade": 2, "nome": "CA"}, {"quantidade": 10, "nome": "FF"}, {"quantidade": 12, "nome": "FD"}], "preco": "27.07", "partida_data": "25/07/2015", "variacao": "-0.54", "id": 86759, "media": "5.16", "pontos": "-0.70", "apelido": "Luan", "posicao": {"abreviacao": "ATA", "id": 5, "nome": "Atacante"}, "partida_clube_visitante": {"mercado": 1, "slug": "sport", "abreviacao": "spo", "id": 292, "nome": "sport"}, "partida_clube_casa": {"mercado": 1, "slug": "gremio", "abreviacao": "gre", "id": 284, "nome": "gr\u00eamio"}}, {"status": "Nulo", "foto": "http://s.glbimg.com/es/sde/f/2015/01/16/1f353020166f7411ccb776b393896287_FORMATO.jpeg", "clube": {"mercado": 1, "slug": "palmeiras", "abreviacao": "pal", "id": 275, "nome": "palmeiras"}, "status_id": 6, "jogos": 12, "scout": [{"quantidade": 5, "nome": "SG"}, {"quantidade": 16, "nome": "FS"}, {"quantidade": 18, "nome": "PE"}, {"quantidade": 2, "nome": "A"}, {"quantidade": 1, "nome": "G"}, {"quantidade": 15, "nome": "RB"}, {"quantidade": 4, "nome": "FC"}, {"quantidade": 5, "nome": "FF"}, {"quantidade": 4, "nome": "FD"}], "preco": "26.43", "partida_data": "26/07/2015", "variacao": "0.00", "id": 36612, "media": "6.38", "pontos": "0.00", "apelido": "Z\u00e9 Roberto", "posicao": {"abreviacao": "LAT", "id": 2, "nome": "Lateral"}, "partida_clube_visitante": {"mercado": 1, "slug": "palmeiras", "abreviacao": "pal", "id": 275, "nome": "palmeiras"}, "partida_clube_casa": {"mercado": 1, "slug": "vasco", "abreviacao": "vas", "id": 267, "nome": "vasco"}}, {"status": "Contundido", "foto": "http://s.glbimg.com/es/sde/f/2015/01/19/e321ce47e7e74ec473f8bfb24f10fa17_FORMATO.jpeg", "clube": {"mercado": 1, "slug": "atletico-mg", "abreviacao": "atl", "id": 282, "nome": "atl\u00e9tico-mg"}, "status_id": 5, "jogos": 7, "scout": [{"quantidade": 4, "nome": "FS"}, {"quantidade": 26, "nome": "PE"}, {"quantidade": 2, "nome": "A"}, {"quantidade": 2, "nome": "G"}, {"quantidade": 4, "nome": "I"}, {"quantidade": 15, "nome": "RB"}, {"quantidade": 8, "nome": "FC"}, {"quantidade": 3, "nome": "FF"}, {"quantidade": 3, "nome": "FD"}], "preco": "24.89", "partida_data": "25/07/2015", "variacao": "-0.52", "id": 63219, "media": "6.40", "pontos": "0.20", "apelido": "Luan", "posicao": {"abreviacao": "ATA", "id": 5, "nome": "Atacante"}, "partida_clube_visitante": {"mercado": 1, "slug": "figueirense", "abreviacao": "fig", "id": 316, "nome": "figueirense"}, "partida_clube_casa": {"mercado": 1, "slug": "atletico-mg", "abreviacao": "atl", "id": 282, "nome": "atl\u00e9tico-mg"}}, {"status": "Prov\u00e1vel", "foto": "http://s.glbimg.com/es/sde/f/2010/11/16/26a2befe651824215d84a88996adb9d9_FORMATO.jpeg", "clube": {"mercado": 1, "slug": "sao-paulo", "abreviacao": "sao", "id": 276, "nome": "s\u00e3o paulo"}, "status_id": 7, "jogos": 13, "scout": [{"quantidade": 6, "nome": "SG"}, {"quantidade": 14, "nome": "PE"}, {"quantidade": 2, "nome": "G"}, {"quantidade": 1, "nome": "CA"}, {"quantidade": 16, "nome": "DD"}, {"quantidade": 1, "nome": "DP"}, {"quantidade": 13, "nome": "GS"}], "preco": "24.63", "partida_data": "26/07/2015", "variacao": "0.01", "id": 38055, "media": "5.30", "pontos": "-1.60", "apelido": "Rog\u00e9rio Ceni", "posicao": {"abreviacao": "GOL", "id": 1, "nome": "Goleiro"}, "partida_clube_visitante": {"mercado": 1, "slug": "cruzeiro", "abreviacao": "cru", "id": 283, "nome": "cruzeiro"}, "partida_clube_casa": {"mercado": 1, "slug": "sao-paulo", "abreviacao": "sao", "id": 276, "nome": "s\u00e3o paulo"}}, {"status": "Prov\u00e1vel", "foto": "http://s.glbimg.com/es/sde/f/2014/06/11/558840826d114d32d4785adf70f69146_FORMATO.jpeg", "clube": {"mercado": 1, "slug": "fluminense", "abreviacao": "flu", "id": 266, "nome": "fluminense"}, "status_id": 7, "jogos": 12, "scout": [{"quantidade": 37, "nome": "FS"}, {"quantidade": 34, "nome": "PE"}, {"quantidade": 3, "nome": "A"}, {"quantidade": 1, "nome": "FT"}, {"quantidade": 5, "nome": "G"}, {"quantidade": 5, "nome": "I"}, {"quantidade": 2, "nome": "RB"}, {"quantidade": 20, "nome": "FC"}, {"quantidade": 1, "nome": "CA"}, {"quantidade": 6, "nome": "FF"}, {"quantidade": 11, "nome": "FD"}], "preco": "24.50", "partida_data": "26/07/2015", "variacao": "-2.24", "id": 38162, "media": "5.90", "pontos": "-0.20", "apelido": "Fred", "posicao": {"abreviacao": "ATA", "id": 5, "nome": "Atacante"}, "partida_clube_visitante": {"mercado": 1, "slug": "fluminense", "abreviacao": "flu", "id": 266, "nome": "fluminense"}, "partida_clube_casa": {"mercado": 1, "slug": "chapecoense", "abreviacao": "cha", "id": 315, "nome": "chapecoense"}}, {"status": "Prov\u00e1vel", "foto": "http://s.glbimg.com/es/sde/f/2015/07/09/1794a20985c424c3ab6a310bb31bcd2b_FORMATO.jpeg", "clube": {"mercado": 1, "slug": "flamengo", "abreviacao": "fla", "id": 262, "nome": "flamengo"}, "status_id": 7, "jogos": 4, "scout": [{"quantidade": 13, "nome": "FS"}, {"quantidade": 5, "nome": "PE"}, {"quantidade": 1, "nome": "A"}, {"quantidade": 2, "nome": "G"}, {"quantidade": 4, "nome": "I"}, {"quantidade": 3, "nome": "RB"}, {"quantidade": 8, "nome": "FC"}, {"quantidade": 5, "nome": "FF"}, {"quantidade": 2, "nome": "FD"}], "preco": "23.01", "partida_data": "26/07/2015", "variacao": "-0.24", "id": 75295, "media": "7.65", "pontos": "10.90", "apelido": "Paolo Guerrero", "posicao": {"abreviacao": "ATA", "id": 5, "nome": "Atacante"}, "partida_clube_visitante": {"mercado": 1, "slug": "flamengo", "abreviacao": "fla", "id": 262, "nome": "flamengo"}, "partida_clube_casa": {"mercado": 1, "slug": "goias", "abreviacao": "goi", "id": 290, "nome": "goi\u00e1s"}}, {"status": "Prov\u00e1vel", "foto": "http://s.glbimg.com/es/sde/f/2015/01/15/04123fe6d4dc83b6ecf6f00bd9aef208_FORMATO.jpeg", "clube": {"mercado": 1, "slug": "fluminense", "abreviacao": "flu", "id": 266, "nome": "fluminense"}, "status_id": 7, "jogos": 13, "scout": [{"quantidade": 21, "nome": "FS"}, {"quantidade": 39, "nome": "PE"}, {"quantidade": 1, "nome": "FT"}, {"quantidade": 1, "nome": "G"}, {"quantidade": 1, "nome": "I"}, {"quantidade": 40, "nome": "RB"}, {"quantidade": 21, "nome": "FC"}, {"quantidade": 4, "nome": "CA"}, {"quantidade": 9, "nome": "FF"}, {"quantidade": 2, "nome": "FD"}], "preco": "22.44", "partida_data": "26/07/2015", "variacao": "-0.36", "id": 80370, "media": "5.20", "pontos": "1.90", "apelido": "Edson", "posicao": {"abreviacao": "MEI", "id": 4, "nome": "Meia"}, "partida_clube_visitante": {"mercado": 1, "slug": "fluminense", "abreviacao": "flu", "id": 266, "nome": "fluminense"}, "partida_clube_casa": {"mercado": 1, "slug": "chapecoense", "abreviacao": "cha", "id": 315, "nome": "chapecoense"}}, {"status": "Prov\u00e1vel", "foto": "http://s.glbimg.com/es/sde/f/2014/05/27/5ab68a075e745fd583991e89e48ed7ab_FORMATO.jpeg", "clube": {"mercado": 1, "slug": "atletico-mg", "abreviacao": "atl", "id": 282, "nome": "atl\u00e9tico-mg"}, "status_id": 7, "jogos": 12, "scout": [{"quantidade": 13, "nome": "FS"}, {"quantidade": 33, "nome": "PE"}, {"quantidade": 1, "nome": "A"}, {"quantidade": 2, "nome": "FT"}, {"quantidade": 3, "nome": "G"}, {"quantidade": 5, "nome": "I"}, {"quantidade": 4, "nome": "RB"}, {"quantidade": 14, "nome": "FC"}, {"quantidade": 10, "nome": "FF"}, {"quantidade": 19, "nome": "FD"}], "preco": "21.97", "partida_data": "25/07/2015", "variacao": "1.04", "id": 73649, "media": "4.66", "pontos": "5.50", "apelido": "Lucas Pratto", "posicao": {"abreviacao": "ATA", "id": 5, "nome": "Atacante"}, "partida_clube_visitante": {"mercado": 1, "slug": "figueirense", "abreviacao": "fig", "id": 316, "nome": "figueirense"}, "partida_clube_casa": {"mercado": 1, "slug": "atletico-mg", "abreviacao": "atl", "id": 282, "nome": "atl\u00e9tico-mg"}}, {"status": "Prov\u00e1vel", "foto": "http://s.glbimg.com/es/sde/f/2015/03/04/be979300c75e0d1bbbd0203881eb8af8_FORMATO.png", "clube": {"mercado": 1, "slug": "atletico-pr", "abreviacao": "atl", "id": 293, "nome": "atl\u00e9tico-pr"}, "status_id": 7, "jogos": 13, "scout": [{"quantidade": 5, "nome": "SG"}, {"quantidade": 7, "nome": "FS"}, {"quantidade": 15, "nome": "PE"}, {"quantidade": 3, "nome": "CA"}, {"quantidade": 20, "nome": "DD"}, {"quantidade": 14, "nome": "GS"}], "preco": "21.94", "partida_data": "25/07/2015", "variacao": "1.76", "id": 71631, "media": "3.85", "pontos": "8.00", "apelido": "Weverton", "posicao": {"abreviacao": "GOL", "id": 1, "nome": "Goleiro"}, "partida_clube_visitante": {"mercado": 1, "slug": "atletico-pr", "abreviacao": "atl", "id": 293, "nome": "atl\u00e9tico-pr"}, "partida_clube_casa": {"mercado": 1, "slug": "avai", "abreviacao": "ava", "id": 314, "nome": "ava\u00ed"}}, {"status": "Prov\u00e1vel", "foto": "http://s.glbimg.com/es/sde/f/2012/06/12/d42019108f0818dcf21213898cf8c711_FORMATO.png", "clube": {"mercado": 1, "slug": "ponte-preta", "abreviacao": "pon", "id": 303, "nome": "ponte preta"}, "status_id": 7, "jogos": 14, "scout": [{"quantidade": 4, "nome": "SG"}, {"quantidade": 12, "nome": "FS"}, {"quantidade": 32, "nome": "PE"}, {"quantidade": 4, "nome": "A"}, {"quantidade": 2, "nome": "I"}, {"quantidade": 29, "nome": "RB"}, {"quantidade": 12, "nome": "FC"}, {"quantidade": 2, "nome": "FF"}, {"quantidade": 1, "nome": "FD"}], "preco": "21.93", "partida_data": "26/07/2015", "variacao": "-1.02", "id": 73992, "media": "5.79", "pontos": "-0.60", "apelido": "Rodinei", "posicao": {"abreviacao": "LAT", "id": 2, "nome": "Lateral"}, "partida_clube_visitante": {"mercado": 1, "slug": "internacional", "abreviacao": "int", "id": 285, "nome": "internacional"}, "partida_clube_casa": {"mercado": 1, "slug": "ponte-preta", "abreviacao": "pon", "id": 303, "nome": "ponte preta"}}, {"status": "Prov\u00e1vel", "foto": "http://s.glbimg.com/es/sde/f/2015/01/15/210bd6815119826cf3f44b175d9ff09d_FORMATO.jpeg", "clube": {"mercado": 1, "slug": "corinthians", "abreviacao": "cor", "id": 264, "nome": "corinthians"}, "status_id": 7, "jogos": 13, "scout": [{"quantidade": 8, "nome": "SG"}, {"quantidade": 1, "nome": "FS"}, {"quantidade": 11, "nome": "PE"}, {"quantidade": 1, "nome": "CA"}, {"quantidade": 18, "nome": "DD"}, {"quantidade": 8, "nome": "GS"}], "preco": "21.48", "partida_data": "26/07/2015", "variacao": "0.00", "id": 42234, "media": "5.63", "pontos": "0.00", "apelido": "C\u00e1ssio", "posicao": {"abreviacao": "GOL", "id": 1, "nome": "Goleiro"}, "partida_clube_visitante": {"mercado": 1, "slug": "corinthians", "abreviacao": "cor", "id": 264, "nome": "corinthians"}, "partida_clube_casa": {"mercado": 1, "slug": "coritiba", "abreviacao": "cor", "id": 294, "nome": "coritiba"}}, {"status": "Prov\u00e1vel", "foto": "http://s.glbimg.com/es/sde/f/2015/01/15/3e69d11d0318f680bf3b3f14653ec742_FORMATO.jpeg", "clube": {"mercado": 1, "slug": "flamengo", "abreviacao": "fla", "id": 262, "nome": "flamengo"}, "status_id": 7, "jogos": 13, "scout": [{"quantidade": 21, "nome": "FS"}, {"quantidade": 49, "nome": "PE"}, {"quantidade": 3, "nome": "G"}, {"quantidade": 15, "nome": "I"}, {"quantidade": 19, "nome": "RB"}, {"quantidade": 16, "nome": "FC"}, {"quantidade": 3, "nome": "CA"}, {"quantidade": 4, "nome": "FF"}, {"quantidade": 6, "nome": "FD"}], "preco": "21.44", "partida_data": "26/07/2015", "variacao": "0.97", "id": 50301, "media": "3.03", "pontos": "4.60", "apelido": "Everton", "posicao": {"abreviacao": "MEI", "id": 4, "nome": "Meia"}, "partida_clube_visitante": {"mercado": 1, "slug": "flamengo", "abreviacao": "fla", "id": 262, "nome": "flamengo"}, "partida_clube_casa": {"mercado": 1, "slug": "goias", "abreviacao": "goi", "id": 290, "nome": "goi\u00e1s"}}, {"status": "Nulo", "foto": "http://s.glbimg.com/es/sde/f/2015/01/15/408ea81f655217e1f98e651fe059d2eb_FORMATO.jpeg", "clube": {"mercado": 1, "slug": "internacional", "abreviacao": "int", "id": 285, "nome": "internacional"}, "status_id": 6, "jogos": 3, "scout": [{"quantidade": 8, "nome": "FS"}, {"quantidade": 17, "nome": "PE"}, {"quantidade": 1, "nome": "I"}, {"quantidade": 3, "nome": "RB"}, {"quantidade": 1, "nome": "CA"}, {"quantidade": 3, "nome": "FF"}], "preco": "21.44", "partida_data": "26/07/2015", "variacao": "0.00", "id": 62023, "media": "1.20", "pontos": "0.00", "apelido": "D'Alessandro", "posicao": {"abreviacao": "MEI", "id": 4, "nome": "Meia"}, "partida_clube_visitante": {"mercado": 1, "slug": "internacional", "abreviacao": "int", "id": 285, "nome": "internacional"}, "partida_clube_casa": {"mercado": 1, "slug": "ponte-preta", "abreviacao": "pon", "id": 303, "nome": "ponte preta"}}, {"status": "D\u00favida", "foto": "http://s.glbimg.com/es/sde/f/2015/01/15/dbd13ccdd67375c925969fce5d9d1bda_FORMATO.jpeg", "clube": {"mercado": 1, "slug": "cruzeiro", "abreviacao": "cru", "id": 283, "nome": "cruzeiro"}, "status_id": 2, "jogos": 9, "scout": [{"quantidade": 14, "nome": "FS"}, {"quantidade": 21, "nome": "PE"}, {"quantidade": 1, "nome": "A"}, {"quantidade": 2, "nome": "G"}, {"quantidade": 2, "nome": "I"}, {"quantidade": 5, "nome": "RB"}, {"quantidade": 12, "nome": "FC"}, {"quantidade": 3, "nome": "CA"}, {"quantidade": 5, "nome": "FF"}, {"quantidade": 5, "nome": "FD"}], "preco": "19.78", "partida_data": "26/07/2015", "variacao": "0.10", "id": 68953, "media": "2.86", "pontos": "0.50", "apelido": "Leandro Dami\u00e3o", "posicao": {"abreviacao": "ATA", "id": 5, "nome": "Atacante"}, "partida_clube_visitante": {"mercado": 1, "slug": "cruzeiro", "abreviacao": "cru", "id": 283, "nome": "cruzeiro"}, "partida_clube_casa": {"mercado": 1, "slug": "sao-paulo", "abreviacao": "sao", "id": 276, "nome": "s\u00e3o paulo"}}, {"status": "Prov\u00e1vel", "foto": "http://s.glbimg.com/es/sde/f/2010/11/18/d4c557ca26c062f0b9991a8d8e4067fa_FORMATO.jpeg", "clube": {"mercado": 1, "slug": "vasco", "abreviacao": "vas", "id": 267, "nome": "vasco"}, "status_id": 7, "jogos": 13, "scout": [{"quantidade": 4, "nome": "SG"}, {"quantidade": 12, "nome": "FS"}, {"quantidade": 48, "nome": "PE"}, {"quantidade": 1, "nome": "G"}, {"quantidade": 22, "nome": "RB"}, {"quantidade": 10, "nome": "FC"}, {"quantidade": 4, "nome": "CA"}, {"quantidade": 5, "nome": "FF"}, {"quantidade": 10, "nome": "FD"}], "preco": "19.62", "partida_data": "26/07/2015", "variacao": "0.45", "id": 37644, "media": "4.42", "pontos": "4.10", "apelido": "Rodrigo", "posicao": {"abreviacao": "ZAG", "id": 3, "nome": "Zagueiro"}, "partida_clube_visitante": {"mercado": 1, "slug": "palmeiras", "abreviacao": "pal", "id": 275, "nome": "palmeiras"}, "partida_clube_casa": {"mercado": 1, "slug": "vasco", "abreviacao": "vas", "id": 267, "nome": "vasco"}}, {"status": "Contundido", "foto": "http://s.glbimg.com/es/sde/f/2015/01/09/15e3f0ac07b5afade8a57f5b260a98c6_FORMATO.jpeg", "clube": {"mercado": 1, "slug": "palmeiras", "abreviacao": "pal", "id": 275, "nome": "palmeiras"}, "status_id": 5, "jogos": 12, "scout": [{"quantidade": 6, "nome": "SG"}, {"quantidade": 7, "nome": "FS"}, {"quantidade": 19, "nome": "PE"}, {"quantidade": 1, "nome": "FT"}, {"quantidade": 2, "nome": "G"}, {"quantidade": 17, "nome": "RB"}, {"quantidade": 14, "nome": "FC"}, {"quantidade": 5, "nome": "FF"}, {"quantidade": 3, "nome": "FD"}], "preco": "19.58", "partida_data": "26/07/2015", "variacao": "0.00", "id": 72605, "media": "6.31", "pontos": "0.00", "apelido": "Vitor Hugo", "posicao": {"abreviacao": "ZAG", "id": 3, "nome": "Zagueiro"}, "partida_clube_visitante": {"mercado": 1, "slug": "palmeiras", "abreviacao": "pal", "id": 275, "nome": "palmeiras"}, "partida_clube_casa": {"mercado": 1, "slug": "vasco", "abreviacao": "vas", "id": 267, "nome": "vasco"}}, {"status": "Suspenso", "foto": "http://s.glbimg.com/es/sde/f/2015/01/15/03fc334cdc2283ad2a8614b53cdc9816_FORMATO.jpeg", "clube": {"mercado": 1, "slug": "corinthians", "abreviacao": "cor", "id": 264, "nome": "corinthians"}, "status_id": 3, "jogos": 13, "scout": [{"quantidade": 8, "nome": "SG"}, {"quantidade": 3, "nome": "FS"}, {"quantidade": 16, "nome": "PE"}, {"quantidade": 1, "nome": "FT"}, {"quantidade": 1, "nome": "I"}, {"quantidade": 8, "nome": "RB"}, {"quantidade": 8, "nome": "FC"}, {"quantidade": 3, "nome": "CA"}, {"quantidade": 3, "nome": "FF"}, {"quantidade": 1, "nome": "FD"}], "preco": "19.21", "partida_data": "26/07/2015", "variacao": "-0.18", "id": 68923, "media": "3.58", "pontos": "2.70", "apelido": "Gil", "posicao": {"abreviacao": "ZAG", "id": 3, "nome": "Zagueiro"}, "partida_clube_visitante": {"mercado": 1, "slug": "corinthians", "abreviacao": "cor", "id": 264, "nome": "corinthians"}, "partida_clube_casa": {"mercado": 1, "slug": "coritiba", "abreviacao": "cor", "id": 294, "nome": "coritiba"}}, {"status": "Nulo", "foto": "http://s.glbimg.com/es/sde/f/2014/06/07/d8823e4f6219769756eb6b65c4c77d60_FORMATO.jpeg", "clube": {"mercado": 1, "slug": "internacional", "abreviacao": "int", "id": 285, "nome": "internacional"}, "status_id": 6, "jogos": 0, "scout": [], "preco": "19.00", "partida_data": "26/07/2015", "variacao": "0.00", "id": 69325, "media": "0.00", "pontos": "0.00", "apelido": "Ar\u00e1nguiz", "posicao": {"abreviacao": "MEI", "id": 4, "nome": "Meia"}, "partida_clube_visitante": {"mercado": 1, "slug": "internacional", "abreviacao": "int", "id": 285, "nome": "internacional"}, "partida_clube_casa": {"mercado": 1, "slug": "ponte-preta", "abreviacao": "pon", "id": 303, "nome": "ponte preta"}}, {"status": "Prov\u00e1vel", "foto": "http://s.glbimg.com/es/sde/f/2015/05/07/c617183d096aa584576435e1d179a129_FORMATO.jpeg", "clube": {"mercado": 1, "slug": "ponte-preta", "abreviacao": "pon", "id": 303, "nome": "ponte preta"}, "status_id": 7, "jogos": 14, "scout": [{"quantidade": 4, "nome": "SG"}, {"quantidade": 2, "nome": "FS"}, {"quantidade": 5, "nome": "PE"}, {"quantidade": 32, "nome": "DD"}, {"quantidade": 1, "nome": "DP"}, {"quantidade": 17, "nome": "GS"}], "preco": "18.90", "partida_data": "26/07/2015", "variacao": "-0.78", "id": 68872, "media": "6.32", "pontos": "-2.00", "apelido": "Marcelo Lomba", "posicao": {"abreviacao": "GOL", "id": 1, "nome": "Goleiro"}, "partida_clube_visitante": {"mercado": 1, "slug": "internacional", "abreviacao": "int", "id": 285, "nome": "internacional"}, "partida_clube_casa": {"mercado": 1, "slug": "ponte-preta", "abreviacao": "pon", "id": 303, "nome": "ponte preta"}}]}