{"rodada_id": 26, "page": {"atual": "1", "total": "42"}, "atleta": [{"status": "Prov\u00e1vel", "foto": "http://s.glbimg.com/es/sde/f/2010/11/16/26a2befe651824215d84a88996adb9d9_FORMATO.jpeg", "clube": {"mercado": 1, "slug": "sao-paulo", "abreviacao": "sao", "id": 276, "nome": "s\u00e3o paulo"}, "status_id": 7, "jogos": 16, "scout": [{"quantidade": 8, "nome": "SG"}, {"quantidade": 1, "nome": "FS"}, {"quantidade": 15, "nome": "PE"}, {"quantidade": 3, "nome": "G"}, {"quantidade": 1, "nome": "CA"}, {"quantidade": 19, "nome": "DD"}, {"quantidade": 1, "nome": "DP"}, {"quantidade": 14, "nome": "GS"}], "preco": "28.20", "partida_data": "17/09/2015", "variacao": "0.00", "id": 38055, "media": "5.89", "pontos": "0.00", "apelido": "Rog\u00e9rio Ceni", "posicao": {"abreviacao": "GOL", "id": 1, "nome": "Goleiro"}, "partida_clube_visitante": {"mercado": 1, "slug": "chapecoense", "abreviacao": "cha", "id": 315, "nome": "chapecoense"}, "partida_clube_casa": {"mercado": 1, "slug": "sao-paulo", "abreviacao": "sao", "id": 276, "nome": "s\u00e3o paulo"}}, {"status": "Prov\u00e1vel", "foto": "http://s.glbimg.com/es/sde/f/2015/01/16/1f353020166f7411ccb776b393896287_FORMATO.jpeg", "clube": {"mercado": 1, "slug": "palmeiras", "abreviacao": "pal", "id": 275, "nome": "palmeiras"}, "status_id": 7, "jogos": 18, "scout": [{"quantidade": 6, "nome": "SG"}, {"quantidade": 23, "nome": "FS"}, {"quantidade": 26, "nome": "PE"}, {"quantidade": 3, "nome": "A"}, {"quantidade": 2, "nome": "G"}, {"quantidade": 26, "nome": "RB"}, {"quantidade": 7, "nome": "FC"}, {"quantidade": 8, "nome": "FF"}, {"quantidade": 6, "nome": "FD"}], "preco": "27.43", "partida_data": "16/09/2015", "variacao": "2.45", "id": 36612, "media": "6.50", "pontos": "15.60", "apelido": "Z\u00e9 Roberto", "posicao": {"abreviacao": "LAT", "id": 2, "nome": "Lateral"}, "partida_clube_visitante": {"mercado": 1, "slug": "palmeiras", "abreviacao": "pal", "id": 275, "nome": "palmeiras"}, "partida_clube_casa": {"mercado": 1, "slug": "fluminense", "abreviacao": "flu", "id": 266, "nome": "fluminense"}}, {"status": "Prov\u00e1vel", "foto": "http://s.glbimg.com/es/sde/f/2015/07/22/e41afa12b4fd05085d1302afcbf9e45b_FORMATO.jpeg", "clube": {"mercado": 1, "slug": "gremio", "abreviacao": "gre", "id": 284, "nome": "gr\u00eamio"}, "status_id": 7, "jogos": 21, "scout": [{"quantidade": 75, "nome": "FS"}, {"quantidade": 62, "nome": "PE"}, {"quantidade": 4, "nome": "A"}, {"quantidade": 2, "nome": "FT"}, {"quantidade": 5, "nome": "G"}, {"quantidade": 12, "nome": "I"}, {"quantidade": 19, "nome": "RB"}, {"quantidade": 30, "nome": "FC"}, {"quantidade": 3, "nome": "CA"}, {"quantidade": 18, "nome": "FF"}, {"quantidade": 16, "nome": "FD"}], "preco": "27.21", "partida_data": "16/09/2015", "variacao": "-0.73", "id": 86759, "media": "5.71", "pontos": "3.40", "apelido": "Luan", "posicao": {"abreviacao": "ATA", "id": 5, "nome": "Atacante"}, "partida_clube_visitante": {"mercado": 1, "slug": "gremio", "abreviacao": "gre", "id": 284, "nome": "gr\u00eamio"}, "partida_clube_casa": {"mercado": 1, "slug": "atletico-pr", "abreviacao": "atl", "id": 293, "nome": "atl\u00e9tico-pr"}}, {"status": "Prov\u00e1vel", "foto": "http://s.glbimg.com/es/sde/f/2010/11/16/1a8619488e59272cfcd67e37c094f42c_FORMATO.jpeg", "clube": {"mercado": 1, "slug": "sport", "abreviacao": "spo", "id": 292, "nome": "sport"}, "status_id": 7, "jogos": 24, "scout": [{"quantidade": 33, "nome": "FS"}, {"quantidade": 101, "nome": "PE"}, {"quantidade": 5, "nome": "A"}, {"quantidade": 6, "nome": "G"}, {"quantidade": 6, "nome": "I"}, {"quantidade": 21, "nome": "RB"}, {"quantidade": 33, "nome": "FC"}, {"quantidade": 5, "nome": "CA"}, {"quantidade": 1, "nome": "GS"}, {"quantidade": 15, "nome": "FF"}, {"quantidade": 10, "nome": "FD"}], "preco": "25.77", "partida_data": "16/09/2015", "variacao": "-0.19", "id": 68911, "media": "3.51", "pontos": "0.70", "apelido": "Diego Souza", "posicao": {"abreviacao": "MEI", "id": 4, "nome": "Meia"}, "partida_clube_visitante": {"mercado": 1, "slug": "sport", "abreviacao": "spo", "id": 292, "nome": "sport"}, "partida_clube_casa": {"mercado": 1, "slug": "joinville", "abreviacao": "jec", "id": 317, "nome": "joinville"}}, {"status": "Contundido", "foto": "http://s.glbimg.com/es/sde/f/2015/07/09/1794a20985c424c3ab6a310bb31bcd2b_FORMATO.jpeg", "clube": {"mercado": 1, "slug": "flamengo", "abreviacao": "fla", "id": 262, "nome": "flamengo"}, "status_id": 5, "jogos": 9, "scout": [{"quantidade": 23, "nome": "FS"}, {"quantidade": 13, "nome": "PE"}, {"quantidade": 2, "nome": "A"}, {"quantidade": 1, "nome": "FT"}, {"quantidade": 3, "nome": "G"}, {"quantidade": 10, "nome": "I"}, {"quantidade": 5, "nome": "RB"}, {"quantidade": 17, "nome": "FC"}, {"quantidade": 3, "nome": "CA"}, {"quantidade": 14, "nome": "FF"}, {"quantidade": 13, "nome": "FD"}], "preco": "23.80", "partida_data": "17/09/2015", "variacao": "0.00", "id": 75295, "media": "6.32", "pontos": "0.00", "apelido": "Paolo Guerrero", "posicao": {"abreviacao": "ATA", "id": 5, "nome": "Atacante"}, "partida_clube_visitante": {"mercado": 1, "slug": "coritiba", "abreviacao": "cor", "id": 294, "nome": "coritiba"}, "partida_clube_casa": {"mercado": 1, "slug": "flamengo", "abreviacao": "fla", "id": 262, "nome": "flamengo"}}, {"status": "Prov\u00e1vel", "foto": "http://s.glbimg.com/es/sde/f/2015/01/19/e321ce47e7e74ec473f8bfb24f10fa17_FORMATO.jpeg", "clube": {"mercado": 1, "slug": "atletico-mg", "abreviacao": "atl", "id": 282, "nome": "atl\u00e9tico-mg"}, "status_id": 7, "jogos": 14, "scout": [{"quantidade": 13, "nome": "FS"}, {"quantidade": 58, "nome": "PE"}, {"quantidade": 3, "nome": "A"}, {"quantidade": 3, "nome": "G"}, {"quantidade": 9, "nome": "I"}, {"quantidade": 23, "nome": "RB"}, {"quantidade": 18, "nome": "FC"}, {"quantidade": 3, "nome": "CA"}, {"quantidade": 7, "nome": "FF"}, {"quantidade": 4, "nome": "FD"}], "preco": "23.49", "partida_data": "16/09/2015", "variacao": "-1.49", "id": 63219, "media": "4.04", "pontos": "4.30", "apelido": "Luan", "posicao": {"abreviacao": "ATA", "id": 5, "nome": "Atacante"}, "partida_clube_visitante": {"mercado": 1, "slug": "atletico-mg", "abreviacao": "atl", "id": 282, "nome": "atl\u00e9tico-mg"}, "partida_clube_casa": {"mercado": 1, "slug": "santos", "abreviacao": "san", "id": 277, "nome": "santos"}}, {"status": "Prov\u00e1vel", "foto": "http://s.glbimg.com/es/sde/f/2014/06/11/558840826d114d32d4785adf70f69146_FORMATO.jpeg", "clube": {"mercado": 1, "slug": "fluminense", "abreviacao": "flu", "id": 266, "nome": "fluminense"}, "status_id": 7, "jogos": 16, "scout": [{"quantidade": 45, "nome": "FS"}, {"quantidade": 42, "nome": "PE"}, {"quantidade": 3, "nome": "A"}, {"quantidade": 1, "nome": "FT"}, {"quantidade": 6, "nome": "G"}, {"quantidade": 6, "nome": "I"}, {"quantidade": 5, "nome": "RB"}, {"quantidade": 26, "nome": "FC"}, {"quantidade": 1, "nome": "CA"}, {"quantidade": 11, "nome": "FF"}, {"quantidade": 12, "nome": "FD"}], "preco": "22.71", "partida_data": "16/09/2015", "variacao": "-1.16", "id": 38162, "media": "5.41", "pontos": "-1.40", "apelido": "Fred", "posicao": {"abreviacao": "ATA", "id": 5, "nome": "Atacante"}, "partida_clube_visitante": {"mercado": 1, "slug": "palmeiras", "abreviacao": "pal", "id": 275, "nome": "palmeiras"}, "partida_clube_casa": {"mercado": 1, "slug": "fluminense", "abreviacao": "flu", "id": 266, "nome": "fluminense"}}, {"status": "Prov\u00e1vel", "foto": "http://s.glbimg.com/es/sde/f/2015/03/04/be979300c75e0d1bbbd0203881eb8af8_FORMATO.png", "clube": {"mercado": 1, "slug": "atletico-pr", "abreviacao": "atl", "id": 293, "nome": "atl\u00e9tico-pr"}, "status_id": 7, "jogos": 24, "scout": [{"quantidade": 10, "nome": "SG"}, {"quantidade": 10, "nome": "FS"}, {"quantidade": 24, "nome": "PE"}, {"quantidade": 5, "nome": "CA"}, {"quantidade": 36, "nome": "DD"}, {"quantidade": 3, "nome": "DP"}, {"quantidade": 24, "nome": "GS"}], "preco": "22.55", "partida_data": "16/09/2015", "variacao": "1.23", "id": 71631, "media": "4.95", "pontos": "7.70", "apelido": "Weverton", "posicao": {"abreviacao": "GOL", "id": 1, "nome": "Goleiro"}, "partida_clube_visitante": {"mercado": 1, "slug": "gremio", "abreviacao": "gre", "id": 284, "nome": "gr\u00eamio"}, "partida_clube_casa": {"mercado": 1, "slug": "atletico-pr", "abreviacao": "atl", "id": 293, "nome": "atl\u00e9tico-pr"}}, {"status": "Prov\u00e1vel", "foto": "http://s.glbimg.com/es/sde/f/2015/07/22/3ee27b784c87bfb5b52d2e0e029b9623_FORMATO.jpeg", "clube": {"mercado": 1, "slug": "atletico-mg", "abreviacao": "atl", "id": 282, "nome": "atl\u00e9tico-mg"}, "status_id": 7, "jogos": 21, "scout": [{"quantidade": 32, "nome": "FS"}, {"quantidade": 64, "nome": "PE"}, {"quantidade": 1, "nome": "A"}, {"quantidade": 4, "nome": "FT"}, {"quantidade": 7, "nome": "G"}, {"quantidade": 10, "nome": "I"}, {"quantidade": 14, "nome": "RB"}, {"quantidade": 22, "nome": "FC"}, {"quantidade": 1, "nome": "CA"}, {"quantidade": 25, "nome": "FF"}, {"quantidade": 24, "nome": "FD"}], "preco": "22.51", "partida_data": "16/09/2015", "variacao": "0.06", "id": 73649, "media": "5.67", "pontos": "4.40", "apelido": "Lucas Pratto", "posicao": {"abreviacao": "ATA", "id": 5, "nome": "Atacante"}, "partida_clube_visitante": {"mercado": 1, "slug": "atletico-mg", "abreviacao": "atl", "id": 282, "nome": "atl\u00e9tico-mg"}, "partida_clube_casa": {"mercado": 1, "slug": "santos", "abreviacao": "san", "id": 277, "nome": "santos"}}, {"status": "Prov\u00e1vel", "foto": "http://s.glbimg.com/es/sde/f/2015/05/07/c617183d096aa584576435e1d179a129_FORMATO.jpeg", "clube": {"mercado": 1, "slug": "ponte-preta", "abreviacao": "pon", "id": 303, "nome": "ponte preta"}, "status_id": 7, "jogos": 25, "scout": [{"quantidade": 9, "nome": "SG"}, {"quantidade": 4, "nome": "FS"}, {"quantidade": 14, "nome": "PE"}, {"quantidade": 55, "nome": "DD"}, {"quantidade": 1, "nome": "DP"}, {"quantidade": 28, "nome": "GS"}], "preco": "22.15", "partida_data": "16/09/2015", "variacao": "2.12", "id": 68872, "media": "6.36", "pontos": "13.00", "apelido": "Marcelo Lomba", "posicao": {"abreviacao": "GOL", "id": 1, "nome": "Goleiro"}, "partida_clube_visitante": {"mercado": 1, "slug": "ponte-preta", "abreviacao": "pon", "id": 303, "nome": "ponte preta"}, "partida_clube_casa": {"mercado": 1, "slug": "goias", "abreviacao": "goi", "id": 290, "nome": "goi\u00e1s"}}, {"status": "Prov\u00e1vel", "foto": "http://s.glbimg.com/es/sde/f/2012/06/12/d42019108f0818dcf21213898cf8c711_FORMATO.png", "clube": {"mercado": 1, "slug": "ponte-preta", "abreviacao": "pon", "id": 303, "nome": "ponte preta"}, "status_id": 7, "jogos": 25, "scout": [{"quantidade": 9, "nome": "SG"}, {"quantidade": 23, "nome": "FS"}, {"quantidade": 65, "nome": "PE"}, {"quantidade": 4, "nome": "A"}, {"quantidade": 1, "nome": "FT"}, {"quantidade": 3, "nome": "I"}, {"quantidade": 44, "nome": "RB"}, {"quantidade": 27, "nome": "FC"}, {"quantidade": 7, "nome": "FF"}, {"quantidade": 3, "nome": "FD"}], "preco": "22.10", "partida_data": "16/09/2015", "variacao": "-0.37", "id": 73992, "media": "5.12", "pontos": "2.20", "apelido": "Rodinei", "posicao": {"abreviacao": "LAT", "id": 2, "nome": "Lateral"}, "partida_clube_visitante": {"mercado": 1, "slug": "ponte-preta", "abreviacao": "pon", "id": 303, "nome": "ponte preta"}, "partida_clube_casa": {"mercado": 1, "slug": "goias", "abreviacao": "goi", "id": 290, "nome": "goi\u00e1s"}}, {"status": "Prov\u00e1vel", "foto": "http://s.glbimg.com/es/sde/f/2015/01/15/3e69d11d0318f680bf3b3f14653ec742_FORMATO.jpeg", "clube": {"mercado": 1, "slug": "flamengo", "abreviacao": "fla", "id": 262, "nome": "flamengo"}, "status_id": 7, "jogos": 23, "scout": [{"quantidade": 44, "nome": "FS"}, {"quantidade": 77, "nome": "PE"}, {"quantidade": 2, "nome": "A"}, {"quantidade": 4, "nome": "G"}, {"quantidade": 19, "nome": "I"}, {"quantidade": 39, "nome": "RB"}, {"quantidade": 32, "nome": "FC"}, {"quantidade": 5, "nome": "CA"}, {"quantidade": 1, "nome": "CV"}, {"quantidade": 7, "nome": "FF"}, {"quantidade": 10, "nome": "FD"}], "preco": "22.04", "partida_data": "17/09/2015", "variacao": "2.40", "id": 50301, "media": "3.54", "pontos": "10.80", "apelido": "Everton", "posicao": {"abreviacao": "MEI", "id": 4, "nome": "Meia"}, "partida_clube_visitante": {"mercado": 1, "slug": "coritiba", "abreviacao": "cor", "id": 294, "nome": "coritiba"}, "partida_clube_casa": {"mercado": 1, "slug": "flamengo", "abreviacao": "fla", "id": 262, "nome": "flamengo"}}, {"status": "Prov\u00e1vel", "foto": "http://s.glbimg.com/es/sde/f/2010/11/18/d4c557ca26c062f0b9991a8d8e4067fa_FORMATO.jpeg", "clube": {"mercado": 1, "slug": "vasco", "abreviacao": "vas", "id": 267, "nome": "vasco"}, "status_id": 7, "jogos": 22, "scout": [{"quantidade": 7, "nome": "SG"}, {"quantidade": 26, "nome": "FS"}, {"quantidade": 72, "nome": "PE"}, {"quantidade": 1, "nome": "G"}, {"quantidade": 2, "nome": "I"}, {"quantidade": 44, "nome": "RB"}, {"quantidade": 21, "nome": "FC"}, {"quantidade": 5, "nome": "CA"}, {"quantidade": 1, "nome": "CV"}, {"quantidade": 15, "nome": "FF"}, {"quantidade": 15, "nome": "FD"}], "preco": "21.35", "partida_data": "16/09/2015", "variacao": "1.40", "id": 37644, "media": "4.92", "pontos": "15.00", "apelido": "Rodrigo", "posicao": {"abreviacao": "ZAG", "id": 3, "nome": "Zagueiro"}, "partida_clube_visitante": {"mercado": 1, "slug": "vasco", "abreviacao": "vas", "id": 267, "nome": "vasco"}, "partida_clube_casa": {"mercado": 1, "slug": "cruzeiro", "abreviacao": "cru", "id": 283, "nome": "cruzeiro"}}, {"status": "Prov\u00e1vel", "foto": "http://s.glbimg.com/es/sde/f/2015/01/15/210bd6815119826cf3f44b175d9ff09d_FORMATO.jpeg", "clube": {"mercado": 1, "slug": "corinthians", "abreviacao": "cor", "id": 264, "nome": "corinthians"}, "status_id": 7, "jogos": 23, "scout": [{"quantidade": 11, "nome": "SG"}, {"quantidade": 2, "nome": "FS"}, {"quantidade": 14, "nome": "PE"}, {"quantidade": 2, "nome": "CA"}, {"quantidade": 34, "nome": "DD"}, {"quantidade": 19, "nome": "GS"}], "preco": "21.34", "partida_data": "16/09/2015", "variacao": "1.63", "id": 42234, "media": "4.85", "pontos": "8.00", "apelido": "C\u00e1ssio", "posicao": {"abreviacao": "GOL", "id": 1, "nome": "Goleiro"}, "partida_clube_visitante": {"mercado": 1, "slug": "corinthians", "abreviacao": "cor", "id": 264, "nome": "corinthians"}, "partida_clube_casa": {"mercado": 1, "slug": "internacional", "abreviacao": "int", "id": 285, "nome": "internacional"}}, {"status": "Prov\u00e1vel", "foto": "http://s.glbimg.com/es/sde/f/2015/01/15/04123fe6d4dc83b6ecf6f00bd9aef208_FORMATO.jpeg", "clube": {"mercado": 1, "slug": "fluminense", "abreviacao": "flu", "id": 266, "nome": "fluminense"}, "status_id": 7, "jogos": 22, "scout": [{"quantidade": 33, "nome": "FS"}, {"quantidade": 56, "nome": "PE"}, {"quantidade": 1, "nome": "FT"}, {"quantidade": 2, "nome": "G"}, {"quantidade": 2, "nome": "I"}, {"quantidade": 57, "nome": "RB"}, {"quantidade": 41, "nome": "FC"}, {"quantidade": 7, "nome": "CA"}, {"quantidade": 15, "nome": "FF"}, {"quantidade": 3, "nome": "FD"}], "preco": "20.82", "partida_data": "16/09/2015", "variacao": "-0.40", "id": 80370, "media": "4.27", "pontos": "-1.70", "apelido": "Edson", "posicao": {"abreviacao": "MEI", "id": 4, "nome": "Meia"}, "partida_clube_visitante": {"mercado": 1, "slug": "palmeiras", "abreviacao": "pal", "id": 275, "nome": "palmeiras"}, "partida_clube_casa": {"mercado": 1, "slug": "fluminense", "abreviacao": "flu", "id": 266, "nome": "fluminense"}}, {"status": "Contundido", "foto": "http://s.glbimg.com/es/sde/f/2015/08/31/19c4446032c672320264b450e0c790a1_FORMATO.jpeg", "clube": {"mercado": 1, "slug": "cruzeiro", "abreviacao": "cru", "id": 283, "nome": "cruzeiro"}, "status_id": 5, "jogos": 15, "scout": [{"quantidade": 19, "nome": "FS"}, {"quantidade": 23, "nome": "PE"}, {"quantidade": 2, "nome": "A"}, {"quantidade": 2, "nome": "G"}, {"quantidade": 5, "nome": "I"}, {"quantidade": 7, "nome": "RB"}, {"quantidade": 14, "nome": "FC"}, {"quantidade": 3, "nome": "CA"}, {"quantidade": 7, "nome": "FF"}, {"quantidade": 10, "nome": "FD"}], "preco": "19.68", "partida_data": "16/09/2015", "variacao": "0.00", "id": 68953, "media": "2.66", "pontos": "0.00", "apelido": "Leandro Dami\u00e3o", "posicao": {"abreviacao": "ATA", "id": 5, "nome": "Atacante"}, "partida_clube_visitante": {"mercado": 1, "slug": "vasco", "abreviacao": "vas", "id": 267, "nome": "vasco"}, "partida_clube_casa": {"mercado": 1, "slug": "cruzeiro", "abreviacao": "cru", "id": 283, "nome": "cruzeiro"}}, {"status": "Prov\u00e1vel", "foto": "http://s.glbimg.com/es/sde/f/2015/01/19/410656f70157606547aad852b5090adb_FORMATO.jpeg", "clube": {"mercado": 1, "slug": "palmeiras", "abreviacao": "pal", "id": 275, "nome": "palmeiras"}, "status_id": 7, "jogos": 23, "scout": [{"quantidade": 36, "nome": "FS"}, {"quantidade": 85, "nome": "PE"}, {"quantidade": 4, "nome": "A"}, {"quantidade": 6, "nome": "G"}, {"quantidade": 8, "nome": "I"}, {"quantidade": 20, "nome": "RB"}, {"quantidade": 19, "nome": "FC"}, {"quantidade": 15, "nome": "FF"}, {"quantidade": 11, "nome": "FD"}], "preco": "19.46", "partida_data": "16/09/2015", "variacao": "2.51", "id": 38957, "media": "4.45", "pontos": "12.70", "apelido": "Rafael Marques", "posicao": {"abreviacao": "ATA", "id": 5, "nome": "Atacante"}, "partida_clube_visitante": {"mercado": 1, "slug": "palmeiras", "abreviacao": "pal", "id": 275, "nome": "palmeiras"}, "partida_clube_casa": {"mercado": 1, "slug": "fluminense", "abreviacao": "flu", "id": 266, "nome": "fluminense"}}, {"status": "Prov\u00e1vel", "foto": "http://s.glbimg.com/es/sde/f/2015/01/15/408ea81f655217e1f98e651fe059d2eb_FORMATO.jpeg", "clube": {"mercado": 1, "slug": "internacional", "abreviacao": "int", "id": 285, "nome": "internacional"}, "status_id": 7, "jogos": 8, "scout": [{"quantidade": 20, "nome": "FS"}, {"quantidade": 50, "nome": "PE"}, {"quantidade": 2, "nome": "A"}, {"quantidade": 1, "nome": "I"}, {"quantidade": 7, "nome": "RB"}, {"quantidade": 3, "nome": "FC"}, {"quantidade": 4, "nome": "CA"}, {"quantidade": 1, "nome": "PP"}, {"quantidade": 4, "nome": "FF"}, {"quantidade": 2, "nome": "FD"}], "preco": "19.41", "partida_data": "16/09/2015", "variacao": "0.00", "id": 62023, "media": "1.02", "pontos": "0.00", "apelido": "D'Alessandro", "posicao": {"abreviacao": "MEI", "id": 4, "nome": "Meia"}, "partida_clube_visitante": {"mercado": 1, "slug": "corinthians", "abreviacao": "cor", "id": 264, "nome": "corinthians"}, "partida_clube_casa": {"mercado": 1, "slug": "internacional", "abreviacao": "int", "id": 285, "nome": "internacional"}}, {"status": "Prov\u00e1vel", "foto": "http://s.glbimg.com/es/sde/f/2015/01/15/03fc334cdc2283ad2a8614b53cdc9816_FORMATO.jpeg", "clube": {"mercado": 1, "slug": "corinthians", "abreviacao": "cor", "id": 264, "nome": "corinthians"}, "status_id": 7, "jogos": 21, "scout": [{"quantidade": 11, "nome": "SG"}, {"quantidade": 7, "nome": "FS"}, {"quantidade": 27, "nome": "PE"}, {"quantidade": 1, "nome": "FT"}, {"quantidade": 1, "nome": "I"}, {"quantidade": 16, "nome": "RB"}, {"quantidade": 14, "nome": "FC"}, {"quantidade": 6, "nome": "CA"}, {"quantidade": 3, "nome": "FF"}, {"quantidade": 4, "nome": "FD"}], "preco": "18.90", "partida_data": "16/09/2015", "variacao": "1.07", "id": 68923, "media": "3.23", "pontos": "7.20", "apelido": "Gil", "posicao": {"abreviacao": "ZAG", "id": 3, "nome": "Zagueiro"}, "partida_clube_visitante": {"mercado": 1, "slug": "corinthians", "abreviacao": "cor", "id": 264, "nome": "corinthians"}, "partida_clube_casa": {"mercado": 1, "slug": "internacional", "abreviacao": "int", "id": 285, "nome": "internacional"}}, {"status": "Prov\u00e1vel", "foto": "http://s.glbimg.com/es/sde/f/2015/07/22/0b1e40820556ff66c00e75f7298a0372_FORMATO.jpeg", "clube": {"mercado": 1, "slug": "goias", "abreviacao": "goi", "id": 290, "nome": "goi\u00e1s"}, "status_id": 7, "jogos": 25, "scout": [{"quantidade": 11, "nome": "SG"}, {"quantidade": 4, "nome": "FS"}, {"quantidade": 13, "nome": "PE"}, {"quantidade": 2, "nome": "CA"}, {"quantidade": 35, "nome": "DD"}, {"quantidade": 23, "nome": "GS"}], "preco": "18.87", "partida_data": "16/09/2015", "variacao": "-3.10", "id": 37899, "media": "4.33", "pontos": "-3.50", "apelido": "Renan", "posicao": {"abreviacao": "GOL", "id": 1, "nome": "Goleiro"}, "partida_clube_visitante": {"mercado": 1, "slug": "ponte-preta", "abreviacao": "pon", "id": 303, "nome": "ponte preta"}, "partida_clube_casa": {"mercado": 1, "slug": "goias", "abreviacao": "goi", "id": 290, "nome": "goi\u00e1s"}}]}