{"rodada_id": 28, "page": {"atual": "11", "total": "41"}, "atleta": [{"status": "D\u00favida", "foto": "http://s.glbimg.com/es/sde/f/2012/07/12/536fb0478a765ef0c7917c3eb86ba89f_FORMATO.jpeg", "clube": {"mercado": 1, "slug": "flamengo", "abreviacao": "fla", "id": 262, "nome": "flamengo"}, "status_id": 2, "jogos": 18, "scout": [{"quantidade": 23, "nome": "FS"}, {"quantidade": 48, "nome": "PE"}, {"quantidade": 2, "nome": "A"}, {"quantidade": 1, "nome": "FT"}, {"quantidade": 1, "nome": "G"}, {"quantidade": 9, "nome": "I"}, {"quantidade": 10, "nome": "RB"}, {"quantidade": 12, "nome": "FC"}, {"quantidade": 3, "nome": "CA"}, {"quantidade": 2, "nome": "FF"}, {"quantidade": 7, "nome": "FD"}], "preco": "8.56", "partida_data": "27/09/2015", "variacao": "0.87", "id": 69022, "media": "1.53", "pontos": "3.30", "apelido": "Marcelo Cirino", "posicao": {"abreviacao": "ATA", "id": 5, "nome": "Atacante"}, "partida_clube_visitante": {"mercado": 1, "slug": "vasco", "abreviacao": "vas", "id": 267, "nome": "vasco"}, "partida_clube_casa": {"mercado": 1, "slug": "flamengo", "abreviacao": "fla", "id": 262, "nome": "flamengo"}}, {"status": "Nulo", "foto": "http://s.glbimg.com/es/sde/f/2015/07/22/1f84da649fbd0a95baa6434003f934c5_FORMATO.jpeg", "clube": {"mercado": 1, "slug": "goias", "abreviacao": "goi", "id": 290, "nome": "goi\u00e1s"}, "status_id": 6, "jogos": 11, "scout": [{"quantidade": 5, "nome": "SG"}, {"quantidade": 11, "nome": "FS"}, {"quantidade": 36, "nome": "PE"}, {"quantidade": 1, "nome": "I"}, {"quantidade": 18, "nome": "RB"}, {"quantidade": 14, "nome": "FC"}, {"quantidade": 4, "nome": "CA"}, {"quantidade": 2, "nome": "FD"}], "preco": "8.56", "partida_data": "26/09/2015", "variacao": "1.95", "id": 82764, "media": "3.34", "pontos": "13.10", "apelido": "Rafael Forster", "posicao": {"abreviacao": "LAT", "id": 2, "nome": "Lateral"}, "partida_clube_visitante": {"mercado": 1, "slug": "goias", "abreviacao": "goi", "id": 290, "nome": "goi\u00e1s"}, "partida_clube_casa": {"mercado": 1, "slug": "fluminense", "abreviacao": "flu", "id": 266, "nome": "fluminense"}}, {"status": "Nulo", "foto": null, "clube": {"mercado": 1, "slug": "cruzeiro", "abreviacao": "cru", "id": 283, "nome": "cruzeiro"}, "status_id": 6, "jogos": 11, "scout": [{"quantidade": 32, "nome": "FS"}, {"quantidade": 29, "nome": "PE"}, {"quantidade": 1, "nome": "G"}, {"quantidade": 1, "nome": "I"}, {"quantidade": 7, "nome": "RB"}, {"quantidade": 16, "nome": "FC"}, {"quantidade": 3, "nome": "CA"}, {"quantidade": 1, "nome": "PP"}, {"quantidade": 10, "nome": "FF"}, {"quantidade": 7, "nome": "FD"}], "preco": "8.55", "partida_data": "27/09/2015", "variacao": "0.00", "id": 68952, "media": "2.11", "pontos": "0.00", "apelido": "Marinho", "posicao": {"abreviacao": "ATA", "id": 5, "nome": "Atacante"}, "partida_clube_visitante": {"mercado": 1, "slug": "coritiba", "abreviacao": "cor", "id": 294, "nome": "coritiba"}, "partida_clube_casa": {"mercado": 1, "slug": "cruzeiro", "abreviacao": "cru", "id": 283, "nome": "cruzeiro"}}, {"status": "Prov\u00e1vel", "foto": "http://s.glbimg.com/es/sde/f/2015/07/21/c750358e74595bab29c0f4a5a3e52da7_FORMATO.jpeg", "clube": {"mercado": 1, "slug": "joinville", "abreviacao": "jec", "id": 317, "nome": "joinville"}, "status_id": 7, "jogos": 20, "scout": [{"quantidade": 11, "nome": "FS"}, {"quantidade": 73, "nome": "PE"}, {"quantidade": 2, "nome": "A"}, {"quantidade": 1, "nome": "FT"}, {"quantidade": 4, "nome": "G"}, {"quantidade": 6, "nome": "I"}, {"quantidade": 15, "nome": "RB"}, {"quantidade": 18, "nome": "FC"}, {"quantidade": 2, "nome": "CA"}, {"quantidade": 14, "nome": "FF"}, {"quantidade": 6, "nome": "FD"}], "preco": "8.49", "partida_data": "27/09/2015", "variacao": "-0.36", "id": 41859, "media": "2.73", "pontos": "1.30", "apelido": "Marcelinho Para\u00edba", "posicao": {"abreviacao": "MEI", "id": 4, "nome": "Meia"}, "partida_clube_visitante": {"mercado": 1, "slug": "atletico-mg", "abreviacao": "atl", "id": 282, "nome": "atl\u00e9tico-mg"}, "partida_clube_casa": {"mercado": 1, "slug": "joinville", "abreviacao": "jec", "id": 317, "nome": "joinville"}}, {"status": "Contundido", "foto": "http://s.glbimg.com/es/sde/f/2014/06/13/ca164fbfcf1703ffdb43965605a92135_FORMATO.jpeg", "clube": {"mercado": 1, "slug": "flamengo", "abreviacao": "fla", "id": 262, "nome": "flamengo"}, "status_id": 5, "jogos": 4, "scout": [{"quantidade": 1, "nome": "SG"}, {"quantidade": 5, "nome": "FS"}, {"quantidade": 17, "nome": "PE"}, {"quantidade": 2, "nome": "A"}, {"quantidade": 1, "nome": "I"}, {"quantidade": 1, "nome": "RB"}, {"quantidade": 6, "nome": "FC"}, {"quantidade": 1, "nome": "CA"}, {"quantidade": 1, "nome": "FF"}], "preco": "8.48", "partida_data": "27/09/2015", "variacao": "0.00", "id": 68693, "media": "2.32", "pontos": "0.00", "apelido": "Armero", "posicao": {"abreviacao": "LAT", "id": 2, "nome": "Lateral"}, "partida_clube_visitante": {"mercado": 1, "slug": "vasco", "abreviacao": "vas", "id": 267, "nome": "vasco"}, "partida_clube_casa": {"mercado": 1, "slug": "flamengo", "abreviacao": "fla", "id": 262, "nome": "flamengo"}}, {"status": "Nulo", "foto": "http://s.glbimg.com/es/sde/f/2015/01/15/74de7feaa529a7c31e5ce24b209f031a_FORMATO.jpeg", "clube": {"mercado": 1, "slug": "corinthians", "abreviacao": "cor", "id": 264, "nome": "corinthians"}, "status_id": 6, "jogos": 8, "scout": [{"quantidade": 2, "nome": "FS"}, {"quantidade": 17, "nome": "PE"}, {"quantidade": 9, "nome": "RB"}, {"quantidade": 6, "nome": "FC"}, {"quantidade": 1, "nome": "CA"}, {"quantidade": 2, "nome": "FF"}, {"quantidade": 3, "nome": "FD"}], "preco": "8.47", "partida_data": "27/09/2015", "variacao": "0.05", "id": 37608, "media": "1.33", "pontos": "0.00", "apelido": "Cristian", "posicao": {"abreviacao": "MEI", "id": 4, "nome": "Meia"}, "partida_clube_visitante": {"mercado": 1, "slug": "corinthians", "abreviacao": "cor", "id": 264, "nome": "corinthians"}, "partida_clube_casa": {"mercado": 1, "slug": "figueirense", "abreviacao": "fig", "id": 316, "nome": "figueirense"}}, {"status": "Nulo", "foto": "http://s.glbimg.com/es/sde/f/2013/03/23/4e1045ce8d8428e86a7ec9300e706241_FORMATO.jpeg", "clube": {"mercado": 1, "slug": "atletico-mg", "abreviacao": "atl", "id": 282, "nome": "atl\u00e9tico-mg"}, "status_id": 6, "jogos": 9, "scout": [{"quantidade": 6, "nome": "FS"}, {"quantidade": 1, "nome": "A"}, {"quantidade": 7, "nome": "RB"}, {"quantidade": 6, "nome": "FC"}, {"quantidade": 2, "nome": "CA"}], "preco": "8.39", "partida_data": "27/09/2015", "variacao": "0.36", "id": 36790, "media": "1.43", "pontos": "0.00", "apelido": "Josu\u00e9", "posicao": {"abreviacao": "MEI", "id": 4, "nome": "Meia"}, "partida_clube_visitante": {"mercado": 1, "slug": "atletico-mg", "abreviacao": "atl", "id": 282, "nome": "atl\u00e9tico-mg"}, "partida_clube_casa": {"mercado": 1, "slug": "joinville", "abreviacao": "jec", "id": 317, "nome": "joinville"}}, {"status": "Prov\u00e1vel", "foto": "http://s.glbimg.com/es/sde/f/2014/07/24/259ef04176ef71caa22df209bd63746c_FORMATO.jpeg", "clube": {"mercado": 1, "slug": "gremio", "abreviacao": "gre", "id": 284, "nome": "gr\u00eamio"}, "status_id": 7, "jogos": 24, "scout": [{"quantidade": 20, "nome": "FS"}, {"quantidade": 90, "nome": "PE"}, {"quantidade": 1, "nome": "A"}, {"quantidade": 56, "nome": "RB"}, {"quantidade": 38, "nome": "FC"}, {"quantidade": 8, "nome": "CA"}, {"quantidade": 1, "nome": "CV"}, {"quantidade": 6, "nome": "FF"}, {"quantidade": 5, "nome": "FD"}], "preco": "8.39", "partida_data": "26/09/2015", "variacao": "-0.75", "id": 88479, "media": "2.18", "pontos": "-3.80", "apelido": "Walace", "posicao": {"abreviacao": "MEI", "id": 4, "nome": "Meia"}, "partida_clube_visitante": {"mercado": 1, "slug": "avai", "abreviacao": "ava", "id": 314, "nome": "ava\u00ed"}, "partida_clube_casa": {"mercado": 1, "slug": "gremio", "abreviacao": "gre", "id": 284, "nome": "gr\u00eamio"}}, {"status": "Prov\u00e1vel", "foto": "http://s.glbimg.com/es/sde/f/2012/06/26/390e95211c0d3e494b9fda8fba601053_FORMATO.png", "clube": {"mercado": 1, "slug": "figueirense", "abreviacao": "fig", "id": 316, "nome": "figueirense"}, "status_id": 7, "jogos": 19, "scout": [{"quantidade": 3, "nome": "SG"}, {"quantidade": 34, "nome": "FS"}, {"quantidade": 51, "nome": "PE"}, {"quantidade": 1, "nome": "A"}, {"quantidade": 1, "nome": "G"}, {"quantidade": 32, "nome": "RB"}, {"quantidade": 26, "nome": "FC"}, {"quantidade": 4, "nome": "CA"}, {"quantidade": 1, "nome": "FF"}, {"quantidade": 3, "nome": "FD"}], "preco": "8.24", "partida_data": "27/09/2015", "variacao": "-0.20", "id": 80552, "media": "3.51", "pontos": "1.60", "apelido": "Marquinhos Pedroso", "posicao": {"abreviacao": "LAT", "id": 2, "nome": "Lateral"}, "partida_clube_visitante": {"mercado": 1, "slug": "corinthians", "abreviacao": "cor", "id": 264, "nome": "corinthians"}, "partida_clube_casa": {"mercado": 1, "slug": "figueirense", "abreviacao": "fig", "id": 316, "nome": "figueirense"}}, {"status": "Prov\u00e1vel", "foto": "http://s.glbimg.com/es/sde/f/2015/03/18/29209d424012df98a96a80929e9364c4_FORMATO.jpeg", "clube": {"mercado": 1, "slug": "corinthians", "abreviacao": "cor", "id": 264, "nome": "corinthians"}, "status_id": 7, "jogos": 20, "scout": [{"quantidade": 42, "nome": "FS"}, {"quantidade": 60, "nome": "PE"}, {"quantidade": 2, "nome": "A"}, {"quantidade": 2, "nome": "FT"}, {"quantidade": 3, "nome": "G"}, {"quantidade": 4, "nome": "I"}, {"quantidade": 18, "nome": "RB"}, {"quantidade": 18, "nome": "FC"}, {"quantidade": 2, "nome": "CA"}, {"quantidade": 8, "nome": "FF"}, {"quantidade": 12, "nome": "FD"}], "preco": "8.18", "partida_data": "27/09/2015", "variacao": "-1.82", "id": 88056, "media": "3.85", "pontos": "-1.40", "apelido": "Malcom", "posicao": {"abreviacao": "ATA", "id": 5, "nome": "Atacante"}, "partida_clube_visitante": {"mercado": 1, "slug": "corinthians", "abreviacao": "cor", "id": 264, "nome": "corinthians"}, "partida_clube_casa": {"mercado": 1, "slug": "figueirense", "abreviacao": "fig", "id": 316, "nome": "figueirense"}}, {"status": "Nulo", "foto": "http://s.glbimg.com/es/sde/f/2015/01/15/d91f7f14592d75485a079649cb2be933_FORMATO.jpeg", "clube": {"mercado": 1, "slug": "internacional", "abreviacao": "int", "id": 285, "nome": "internacional"}, "status_id": 6, "jogos": 19, "scout": [{"quantidade": 14, "nome": "FS"}, {"quantidade": 16, "nome": "PE"}, {"quantidade": 1, "nome": "A"}, {"quantidade": 1, "nome": "FT"}, {"quantidade": 1, "nome": "G"}, {"quantidade": 5, "nome": "I"}, {"quantidade": 6, "nome": "RB"}, {"quantidade": 23, "nome": "FC"}, {"quantidade": 3, "nome": "CA"}, {"quantidade": 10, "nome": "FF"}, {"quantidade": 8, "nome": "FD"}], "preco": "8.18", "partida_data": "27/09/2015", "variacao": "0.48", "id": 37655, "media": "1.26", "pontos": "2.00", "apelido": "Rafael Moura", "posicao": {"abreviacao": "ATA", "id": 5, "nome": "Atacante"}, "partida_clube_visitante": {"mercado": 1, "slug": "internacional", "abreviacao": "int", "id": 285, "nome": "internacional"}, "partida_clube_casa": {"mercado": 1, "slug": "santos", "abreviacao": "san", "id": 277, "nome": "santos"}}, {"status": "Nulo", "foto": "http://s.glbimg.com/es/sde/f/2013/01/21/cb3a47b7e4cb8f51dc9682402d42b1e2_FORMATO.jpeg", "clube": {"mercado": 1, "slug": "internacional", "abreviacao": "int", "id": 285, "nome": "internacional"}, "status_id": 6, "jogos": 8, "scout": [{"quantidade": 4, "nome": "SG"}, {"quantidade": 10, "nome": "PE"}, {"quantidade": 1, "nome": "I"}, {"quantidade": 9, "nome": "RB"}, {"quantidade": 4, "nome": "FC"}, {"quantidade": 1, "nome": "CA"}, {"quantidade": 4, "nome": "FF"}], "preco": "8.11", "partida_data": "27/09/2015", "variacao": "0.00", "id": 82613, "media": "3.82", "pontos": "0.00", "apelido": "Alan Costa", "posicao": {"abreviacao": "ZAG", "id": 3, "nome": "Zagueiro"}, "partida_clube_visitante": {"mercado": 1, "slug": "internacional", "abreviacao": "int", "id": 285, "nome": "internacional"}, "partida_clube_casa": {"mercado": 1, "slug": "santos", "abreviacao": "san", "id": 277, "nome": "santos"}}, {"status": "Prov\u00e1vel", "foto": "http://s.glbimg.com/es/sde/f/2011/08/22/f832d1177b5b7439da6dd308f2123132_FORMATO.jpeg", "clube": {"mercado": 1, "slug": "cruzeiro", "abreviacao": "cru", "id": 283, "nome": "cruzeiro"}, "status_id": 7, "jogos": 19, "scout": [{"quantidade": 14, "nome": "FS"}, {"quantidade": 49, "nome": "PE"}, {"quantidade": 1, "nome": "FT"}, {"quantidade": 2, "nome": "G"}, {"quantidade": 30, "nome": "RB"}, {"quantidade": 32, "nome": "FC"}, {"quantidade": 4, "nome": "CA"}, {"quantidade": 8, "nome": "FF"}, {"quantidade": 4, "nome": "FD"}], "preco": "8.09", "partida_data": "27/09/2015", "variacao": "0.27", "id": 50382, "media": "2.55", "pontos": "2.10", "apelido": "Charles", "posicao": {"abreviacao": "MEI", "id": 4, "nome": "Meia"}, "partida_clube_visitante": {"mercado": 1, "slug": "coritiba", "abreviacao": "cor", "id": 294, "nome": "coritiba"}, "partida_clube_casa": {"mercado": 1, "slug": "cruzeiro", "abreviacao": "cru", "id": 283, "nome": "cruzeiro"}}, {"status": "D\u00favida", "foto": "http://s.glbimg.com/es/sde/f/2015/05/01/6a7d26a52d32ef51ce113911fa075e6d_FORMATO.jpeg", "clube": {"mercado": 1, "slug": "sao-paulo", "abreviacao": "sao", "id": 276, "nome": "s\u00e3o paulo"}, "status_id": 2, "jogos": 23, "scout": [{"quantidade": 29, "nome": "FS"}, {"quantidade": 61, "nome": "PE"}, {"quantidade": 2, "nome": "A"}, {"quantidade": 4, "nome": "I"}, {"quantidade": 51, "nome": "RB"}, {"quantidade": 32, "nome": "FC"}, {"quantidade": 5, "nome": "CA"}, {"quantidade": 6, "nome": "FF"}, {"quantidade": 3, "nome": "FD"}], "preco": "8.08", "partida_data": "27/09/2015", "variacao": "0.96", "id": 71123, "media": "3.13", "pontos": "5.20", "apelido": "Thiago Mendes", "posicao": {"abreviacao": "MEI", "id": 4, "nome": "Meia"}, "partida_clube_visitante": {"mercado": 1, "slug": "palmeiras", "abreviacao": "pal", "id": 275, "nome": "palmeiras"}, "partida_clube_casa": {"mercado": 1, "slug": "sao-paulo", "abreviacao": "sao", "id": 276, "nome": "s\u00e3o paulo"}}, {"status": "Prov\u00e1vel", "foto": "http://s.glbimg.com/es/sde/f/2015/01/15/8fdcddfc3d240d72930b694ccbfe8720_FORMATO.png", "clube": {"mercado": 1, "slug": "cruzeiro", "abreviacao": "cru", "id": 283, "nome": "cruzeiro"}, "status_id": 7, "jogos": 13, "scout": [{"quantidade": 14, "nome": "FS"}, {"quantidade": 21, "nome": "PE"}, {"quantidade": 3, "nome": "A"}, {"quantidade": 2, "nome": "G"}, {"quantidade": 5, "nome": "I"}, {"quantidade": 13, "nome": "RB"}, {"quantidade": 9, "nome": "FC"}, {"quantidade": 8, "nome": "FF"}, {"quantidade": 6, "nome": "FD"}], "preco": "8.04", "partida_data": "27/09/2015", "variacao": "-0.64", "id": 81845, "media": "4.48", "pontos": "2.30", "apelido": "Alisson", "posicao": {"abreviacao": "ATA", "id": 5, "nome": "Atacante"}, "partida_clube_visitante": {"mercado": 1, "slug": "coritiba", "abreviacao": "cor", "id": 294, "nome": "coritiba"}, "partida_clube_casa": {"mercado": 1, "slug": "cruzeiro", "abreviacao": "cru", "id": 283, "nome": "cruzeiro"}}, {"status": "Nulo", "foto": "http://s.glbimg.com/es/sde/f/2011/08/10/e321416d30cd2e9e13698424269a48e6_FORMATO.jpeg", "clube": {"mercado": 1, "slug": "figueirense", "abreviacao": "fig", "id": 316, "nome": "figueirense"}, "status_id": 6, "jogos": 3, "scout": [{"quantidade": 2, "nome": "FS"}, {"quantidade": 5, "nome": "PE"}, {"quantidade": 2, "nome": "RB"}, {"quantidade": 2, "nome": "FC"}], "preco": "8.04", "partida_data": "27/09/2015", "variacao": "0.00", "id": 63119, "media": "0.63", "pontos": "0.00", "apelido": "Juninho", "posicao": {"abreviacao": "MEI", "id": 4, "nome": "Meia"}, "partida_clube_visitante": {"mercado": 1, "slug": "corinthians", "abreviacao": "cor", "id": 264, "nome": "corinthians"}, "partida_clube_casa": {"mercado": 1, "slug": "figueirense", "abreviacao": "fig", "id": 316, "nome": "figueirense"}}, {"status": "Contundido", "foto": "http://s.glbimg.com/es/sde/f/2012/06/06/03231c81da317e9bd240573bd74af03d_FORMATO.png", "clube": {"mercado": 1, "slug": "atletico-pr", "abreviacao": "atl", "id": 293, "nome": "atl\u00e9tico-pr"}, "status_id": 5, "jogos": 0, "scout": [], "preco": "8.00", "partida_data": "27/09/2015", "variacao": "0.00", "id": 80281, "media": "0.00", "pontos": "0.00", "apelido": "Cleberson", "posicao": {"abreviacao": "ZAG", "id": 3, "nome": "Zagueiro"}, "partida_clube_visitante": {"mercado": 1, "slug": "ponte-preta", "abreviacao": "pon", "id": 303, "nome": "ponte preta"}, "partida_clube_casa": {"mercado": 1, "slug": "atletico-pr", "abreviacao": "atl", "id": 293, "nome": "atl\u00e9tico-pr"}}, {"status": "Contundido", "foto": "http://s.glbimg.com/es/sde/f/2015/07/22/9d234797b895cc1b361b3ea6c0ca915f_FORMATO.jpeg", "clube": {"mercado": 1, "slug": "gremio", "abreviacao": "gre", "id": 284, "nome": "gr\u00eamio"}, "status_id": 5, "jogos": 0, "scout": [], "preco": "8.00", "partida_data": "26/09/2015", "variacao": "0.00", "id": 78715, "media": "0.00", "pontos": "0.00", "apelido": "Ramiro", "posicao": {"abreviacao": "MEI", "id": 4, "nome": "Meia"}, "partida_clube_visitante": {"mercado": 1, "slug": "avai", "abreviacao": "ava", "id": 314, "nome": "ava\u00ed"}, "partida_clube_casa": {"mercado": 1, "slug": "gremio", "abreviacao": "gre", "id": 284, "nome": "gr\u00eamio"}}, {"status": "Contundido", "foto": "http://s.glbimg.com/es/sde/f/2011/08/14/72f0cad7fcc31c2caccd21ee1d42fb38_FORMATO.jpeg", "clube": {"mercado": 1, "slug": "internacional", "abreviacao": "int", "id": 285, "nome": "internacional"}, "status_id": 5, "jogos": 0, "scout": [], "preco": "8.00", "partida_data": "27/09/2015", "variacao": "0.00", "id": 63354, "media": "0.00", "pontos": "0.00", "apelido": "Rodrigo Moledo", "posicao": {"abreviacao": "ZAG", "id": 3, "nome": "Zagueiro"}, "partida_clube_visitante": {"mercado": 1, "slug": "internacional", "abreviacao": "int", "id": 285, "nome": "internacional"}, "partida_clube_casa": {"mercado": 1, "slug": "santos", "abreviacao": "san", "id": 277, "nome": "santos"}}, {"status": "Nulo", "foto": "http://s.glbimg.com/es/sde/f/2015/05/19/7813bf0c822b824d2bcd1bb1a0dc062c_FORMATO.png", "clube": {"mercado": 1, "slug": "santos", "abreviacao": "san", "id": 277, "nome": "santos"}, "status_id": 6, "jogos": 0, "scout": [], "preco": "8.00", "partida_data": "27/09/2015", "variacao": "0.00", "id": 70515, "media": "0.00", "pontos": "0.00", "apelido": "Ledesma", "posicao": {"abreviacao": "MEI", "id": 4, "nome": "Meia"}, "partida_clube_visitante": {"mercado": 1, "slug": "internacional", "abreviacao": "int", "id": 285, "nome": "internacional"}, "partida_clube_casa": {"mercado": 1, "slug": "santos", "abreviacao": "san", "id": 277, "nome": "santos"}}]}