{"rodada_id": 28, "page": {"atual": "5", "total": "41"}, "atleta": [{"status": "Contundido", "foto": "http://s.glbimg.com/es/sde/f/2012/01/10/8b177fe0eb6bb18b1b8e2ca6296158f2_FORMATO.jpeg", "clube": {"mercado": 1, "slug": "palmeiras", "abreviacao": "pal", "id": 275, "nome": "palmeiras"}, "status_id": 5, "jogos": 10, "scout": [{"quantidade": 9, "nome": "FS"}, {"quantidade": 26, "nome": "PE"}, {"quantidade": 1, "nome": "A"}, {"quantidade": 5, "nome": "RB"}, {"quantidade": 5, "nome": "FC"}, {"quantidade": 2, "nome": "FF"}, {"quantidade": 1, "nome": "FD"}], "preco": "12.92", "partida_data": "27/09/2015", "variacao": "0.00", "id": 38530, "media": "1.01", "pontos": "0.00", "apelido": "Cleiton Xavier", "posicao": {"abreviacao": "MEI", "id": 4, "nome": "Meia"}, "partida_clube_visitante": {"mercado": 1, "slug": "palmeiras", "abreviacao": "pal", "id": 275, "nome": "palmeiras"}, "partida_clube_casa": {"mercado": 1, "slug": "sao-paulo", "abreviacao": "sao", "id": 276, "nome": "s\u00e3o paulo"}}, {"status": "Prov\u00e1vel", "foto": "http://s.glbimg.com/es/sde/f/2015/07/22/d6975e8596bfd79679adaf0bb7a6e54a_FORMATO.jpeg", "clube": {"mercado": 1, "slug": "chapecoense", "abreviacao": "cha", "id": 315, "nome": "chapecoense"}, "status_id": 7, "jogos": 24, "scout": [{"quantidade": 9, "nome": "SG"}, {"quantidade": 42, "nome": "FS"}, {"quantidade": 86, "nome": "PE"}, {"quantidade": 2, "nome": "G"}, {"quantidade": 5, "nome": "I"}, {"quantidade": 33, "nome": "RB"}, {"quantidade": 27, "nome": "FC"}, {"quantidade": 3, "nome": "CA"}, {"quantidade": 1, "nome": "CV"}, {"quantidade": 9, "nome": "FF"}, {"quantidade": 11, "nome": "FD"}], "preco": "12.90", "partida_data": "27/09/2015", "variacao": "0.00", "id": 51042, "media": "4.27", "pontos": "0.00", "apelido": "Apodi", "posicao": {"abreviacao": "LAT", "id": 2, "nome": "Lateral"}, "partida_clube_visitante": {"mercado": 1, "slug": "chapecoense", "abreviacao": "cha", "id": 315, "nome": "chapecoense"}, "partida_clube_casa": {"mercado": 1, "slug": "sport", "abreviacao": "spo", "id": 292, "nome": "sport"}}, {"status": "Prov\u00e1vel", "foto": "http://s.glbimg.com/es/sde/f/2015/05/07/5c4327c9c16d80eec8bef248ade36ddd_FORMATO.jpeg", "clube": {"mercado": 1, "slug": "ponte-preta", "abreviacao": "pon", "id": 303, "nome": "ponte preta"}, "status_id": 7, "jogos": 19, "scout": [{"quantidade": 8, "nome": "FS"}, {"quantidade": 17, "nome": "PE"}, {"quantidade": 5, "nome": "G"}, {"quantidade": 8, "nome": "I"}, {"quantidade": 4, "nome": "RB"}, {"quantidade": 16, "nome": "FC"}, {"quantidade": 2, "nome": "CA"}, {"quantidade": 1, "nome": "PP"}, {"quantidade": 13, "nome": "FF"}, {"quantidade": 8, "nome": "FD"}], "preco": "12.69", "partida_data": "27/09/2015", "variacao": "1.21", "id": 37941, "media": "2.28", "pontos": "6.70", "apelido": "Borges", "posicao": {"abreviacao": "ATA", "id": 5, "nome": "Atacante"}, "partida_clube_visitante": {"mercado": 1, "slug": "ponte-preta", "abreviacao": "pon", "id": 303, "nome": "ponte preta"}, "partida_clube_casa": {"mercado": 1, "slug": "atletico-pr", "abreviacao": "atl", "id": 293, "nome": "atl\u00e9tico-pr"}}, {"status": "Prov\u00e1vel", "foto": "http://s.glbimg.com/es/sde/f/2011/08/10/28d44e5a03389161427795b15a3acaf7_FORMATO.jpeg", "clube": {"mercado": 1, "slug": "palmeiras", "abreviacao": "pal", "id": 275, "nome": "palmeiras"}, "status_id": 7, "jogos": 24, "scout": [], "preco": "12.68", "partida_data": "27/09/2015", "variacao": "0.34", "id": 62136, "media": "3.90", "pontos": "5.05", "apelido": "Marcelo Oliveira", "posicao": {"abreviacao": "TEC", "id": 6, "nome": "T\u00e9cnico"}, "partida_clube_visitante": {"mercado": 1, "slug": "palmeiras", "abreviacao": "pal", "id": 275, "nome": "palmeiras"}, "partida_clube_casa": {"mercado": 1, "slug": "sao-paulo", "abreviacao": "sao", "id": 276, "nome": "s\u00e3o paulo"}}, {"status": "Contundido", "foto": "http://s.glbimg.com/es/sde/f/2015/01/15/e6df282b24c0691210fdfbe01867b360_FORMATO.jpeg", "clube": {"mercado": 1, "slug": "corinthians", "abreviacao": "cor", "id": 264, "nome": "corinthians"}, "status_id": 5, "jogos": 15, "scout": [{"quantidade": 8, "nome": "SG"}, {"quantidade": 3, "nome": "FS"}, {"quantidade": 27, "nome": "PE"}, {"quantidade": 4, "nome": "A"}, {"quantidade": 2, "nome": "G"}, {"quantidade": 21, "nome": "RB"}, {"quantidade": 9, "nome": "FC"}, {"quantidade": 1, "nome": "CA"}, {"quantidade": 1, "nome": "FF"}], "preco": "12.67", "partida_data": "27/09/2015", "variacao": "0.00", "id": 60852, "media": "6.62", "pontos": "0.00", "apelido": "Uendel", "posicao": {"abreviacao": "LAT", "id": 2, "nome": "Lateral"}, "partida_clube_visitante": {"mercado": 1, "slug": "corinthians", "abreviacao": "cor", "id": 264, "nome": "corinthians"}, "partida_clube_casa": {"mercado": 1, "slug": "figueirense", "abreviacao": "fig", "id": 316, "nome": "figueirense"}}, {"status": "Prov\u00e1vel", "foto": "http://s.glbimg.com/es/sde/f/2012/09/24/37819b05f70b05b636587c4ef584fee6_FORMATO.jpeg", "clube": {"mercado": 1, "slug": "chapecoense", "abreviacao": "cha", "id": 315, "nome": "chapecoense"}, "status_id": 7, "jogos": 17, "scout": [], "preco": "12.62", "partida_data": "27/09/2015", "variacao": "0.00", "id": 37245, "media": "3.84", "pontos": "0.00", "apelido": "Guto Ferreira", "posicao": {"abreviacao": "TEC", "id": 6, "nome": "T\u00e9cnico"}, "partida_clube_visitante": {"mercado": 1, "slug": "chapecoense", "abreviacao": "cha", "id": 315, "nome": "chapecoense"}, "partida_clube_casa": {"mercado": 1, "slug": "sport", "abreviacao": "spo", "id": 292, "nome": "sport"}}, {"status": "Prov\u00e1vel", "foto": "http://s.glbimg.com/es/sde/f/2013/04/12/1434aaddcd52bad77fe3ff9e97631627_FORMATO.jpeg", "clube": {"mercado": 1, "slug": "corinthians", "abreviacao": "cor", "id": 264, "nome": "corinthians"}, "status_id": 7, "jogos": 21, "scout": [{"quantidade": 24, "nome": "FS"}, {"quantidade": 101, "nome": "PE"}, {"quantidade": 4, "nome": "A"}, {"quantidade": 2, "nome": "FT"}, {"quantidade": 1, "nome": "G"}, {"quantidade": 4, "nome": "I"}, {"quantidade": 19, "nome": "RB"}, {"quantidade": 17, "nome": "FC"}, {"quantidade": 2, "nome": "CA"}, {"quantidade": 15, "nome": "FF"}, {"quantidade": 14, "nome": "FD"}], "preco": "12.41", "partida_data": "27/09/2015", "variacao": "0.24", "id": 38398, "media": "2.80", "pontos": "4.80", "apelido": "Renato Augusto", "posicao": {"abreviacao": "MEI", "id": 4, "nome": "Meia"}, "partida_clube_visitante": {"mercado": 1, "slug": "corinthians", "abreviacao": "cor", "id": 264, "nome": "corinthians"}, "partida_clube_casa": {"mercado": 1, "slug": "figueirense", "abreviacao": "fig", "id": 316, "nome": "figueirense"}}, {"status": "Prov\u00e1vel", "foto": "http://s.glbimg.com/es/sde/f/2015/01/15/81411d0e9b0d130086c1397da30ea99b_FORMATO.jpeg", "clube": {"mercado": 1, "slug": "corinthians", "abreviacao": "cor", "id": 264, "nome": "corinthians"}, "status_id": 7, "jogos": 16, "scout": [{"quantidade": 18, "nome": "FS"}, {"quantidade": 64, "nome": "PE"}, {"quantidade": 4, "nome": "A"}, {"quantidade": 3, "nome": "G"}, {"quantidade": 24, "nome": "RB"}, {"quantidade": 11, "nome": "FC"}, {"quantidade": 1, "nome": "CA"}, {"quantidade": 3, "nome": "FF"}, {"quantidade": 2, "nome": "FD"}], "preco": "12.34", "partida_data": "27/09/2015", "variacao": "0.88", "id": 54395, "media": "4.45", "pontos": "3.80", "apelido": "Elias", "posicao": {"abreviacao": "MEI", "id": 4, "nome": "Meia"}, "partida_clube_visitante": {"mercado": 1, "slug": "corinthians", "abreviacao": "cor", "id": 264, "nome": "corinthians"}, "partida_clube_casa": {"mercado": 1, "slug": "figueirense", "abreviacao": "fig", "id": 316, "nome": "figueirense"}}, {"status": "D\u00favida", "foto": "http://s.glbimg.com/es/sde/f/2015/07/22/5776f844811c61088b33383c3d1eed2b_FORMATO.jpeg", "clube": {"mercado": 1, "slug": "goias", "abreviacao": "goi", "id": 290, "nome": "goi\u00e1s"}, "status_id": 2, "jogos": 19, "scout": [{"quantidade": 25, "nome": "FS"}, {"quantidade": 92, "nome": "PE"}, {"quantidade": 4, "nome": "A"}, {"quantidade": 5, "nome": "G"}, {"quantidade": 2, "nome": "I"}, {"quantidade": 14, "nome": "RB"}, {"quantidade": 7, "nome": "FC"}, {"quantidade": 2, "nome": "CA"}, {"quantidade": 1, "nome": "PP"}, {"quantidade": 8, "nome": "FF"}, {"quantidade": 18, "nome": "FD"}], "preco": "12.31", "partida_data": "26/09/2015", "variacao": "-2.17", "id": 50295, "media": "4.23", "pontos": "1.30", "apelido": "Felipe Menezes", "posicao": {"abreviacao": "MEI", "id": 4, "nome": "Meia"}, "partida_clube_visitante": {"mercado": 1, "slug": "goias", "abreviacao": "goi", "id": 290, "nome": "goi\u00e1s"}, "partida_clube_casa": {"mercado": 1, "slug": "fluminense", "abreviacao": "flu", "id": 266, "nome": "fluminense"}}, {"status": "Nulo", "foto": "http://s.glbimg.com/es/sde/f/2015/07/21/bd81e9f0b60e7b7c67db7970bfe22872_FORMATO.jpeg", "clube": {"mercado": 1, "slug": "chapecoense", "abreviacao": "cha", "id": 315, "nome": "chapecoense"}, "status_id": 6, "jogos": 20, "scout": [{"quantidade": 26, "nome": "FS"}, {"quantidade": 65, "nome": "PE"}, {"quantidade": 2, "nome": "A"}, {"quantidade": 1, "nome": "G"}, {"quantidade": 8, "nome": "I"}, {"quantidade": 16, "nome": "RB"}, {"quantidade": 11, "nome": "FC"}, {"quantidade": 13, "nome": "FF"}, {"quantidade": 5, "nome": "FD"}], "preco": "12.24", "partida_data": "27/09/2015", "variacao": "0.37", "id": 62009, "media": "2.16", "pontos": "2.90", "apelido": "Camilo", "posicao": {"abreviacao": "MEI", "id": 4, "nome": "Meia"}, "partida_clube_visitante": {"mercado": 1, "slug": "chapecoense", "abreviacao": "cha", "id": 315, "nome": "chapecoense"}, "partida_clube_casa": {"mercado": 1, "slug": "sport", "abreviacao": "spo", "id": 292, "nome": "sport"}}, {"status": "D\u00favida", "foto": "http://s.glbimg.com/es/sde/f/2015/05/01/72c39d55711a506400e8229d3d83c022_FORMATO.jpeg", "clube": {"mercado": 1, "slug": "sao-paulo", "abreviacao": "sao", "id": 276, "nome": "s\u00e3o paulo"}, "status_id": 2, "jogos": 22, "scout": [{"quantidade": 9, "nome": "FS"}, {"quantidade": 102, "nome": "PE"}, {"quantidade": 1, "nome": "FT"}, {"quantidade": 5, "nome": "G"}, {"quantidade": 14, "nome": "I"}, {"quantidade": 15, "nome": "RB"}, {"quantidade": 14, "nome": "FC"}, {"quantidade": 3, "nome": "CA"}, {"quantidade": 24, "nome": "FF"}, {"quantidade": 5, "nome": "FD"}], "preco": "12.17", "partida_data": "27/09/2015", "variacao": "0.00", "id": 37607, "media": "2.03", "pontos": "0.00", "apelido": "Michel Bastos", "posicao": {"abreviacao": "MEI", "id": 4, "nome": "Meia"}, "partida_clube_visitante": {"mercado": 1, "slug": "palmeiras", "abreviacao": "pal", "id": 275, "nome": "palmeiras"}, "partida_clube_casa": {"mercado": 1, "slug": "sao-paulo", "abreviacao": "sao", "id": 276, "nome": "s\u00e3o paulo"}}, {"status": "Nulo", "foto": "http://s.glbimg.com/es/sde/f/2015/01/15/415d67731ec8f8bb45230424934d13e0_FORMATO.jpeg", "clube": {"mercado": 1, "slug": "palmeiras", "abreviacao": "pal", "id": 275, "nome": "palmeiras"}, "status_id": 6, "jogos": 16, "scout": [{"quantidade": 21, "nome": "FS"}, {"quantidade": 32, "nome": "PE"}, {"quantidade": 3, "nome": "A"}, {"quantidade": 2, "nome": "G"}, {"quantidade": 8, "nome": "I"}, {"quantidade": 5, "nome": "RB"}, {"quantidade": 16, "nome": "FC"}, {"quantidade": 2, "nome": "CA"}, {"quantidade": 7, "nome": "FF"}, {"quantidade": 12, "nome": "FD"}], "preco": "12.15", "partida_data": "27/09/2015", "variacao": "0.00", "id": 37673, "media": "2.58", "pontos": "0.00", "apelido": "Alecsandro", "posicao": {"abreviacao": "ATA", "id": 5, "nome": "Atacante"}, "partida_clube_visitante": {"mercado": 1, "slug": "palmeiras", "abreviacao": "pal", "id": 275, "nome": "palmeiras"}, "partida_clube_casa": {"mercado": 1, "slug": "sao-paulo", "abreviacao": "sao", "id": 276, "nome": "s\u00e3o paulo"}}, {"status": "Prov\u00e1vel", "foto": "http://s.glbimg.com/es/sde/f/2015/07/22/57cd38fc6d4efe7a36aab0cca062d6b7_FORMATO.png", "clube": {"mercado": 1, "slug": "santos", "abreviacao": "san", "id": 277, "nome": "santos"}, "status_id": 7, "jogos": 18, "scout": [{"quantidade": 8, "nome": "SG"}, {"quantidade": 1, "nome": "FS"}, {"quantidade": 6, "nome": "PE"}, {"quantidade": 1, "nome": "CA"}, {"quantidade": 22, "nome": "DD"}, {"quantidade": 21, "nome": "GS"}], "preco": "12.09", "partida_data": "27/09/2015", "variacao": "-0.23", "id": 62121, "media": "3.36", "pontos": "8.00", "apelido": "Vanderlei", "posicao": {"abreviacao": "GOL", "id": 1, "nome": "Goleiro"}, "partida_clube_visitante": {"mercado": 1, "slug": "internacional", "abreviacao": "int", "id": 285, "nome": "internacional"}, "partida_clube_casa": {"mercado": 1, "slug": "santos", "abreviacao": "san", "id": 277, "nome": "santos"}}, {"status": "D\u00favida", "foto": "http://s.glbimg.com/es/sde/f/2015/07/20/0e273d5ced437c737ff3d5a1c961454d_FORMATO.jpeg", "clube": {"mercado": 1, "slug": "flamengo", "abreviacao": "fla", "id": 262, "nome": "flamengo"}, "status_id": 2, "jogos": 6, "scout": [{"quantidade": 7, "nome": "FS"}, {"quantidade": 8, "nome": "PE"}, {"quantidade": 1, "nome": "A"}, {"quantidade": 3, "nome": "G"}, {"quantidade": 8, "nome": "FC"}, {"quantidade": 3, "nome": "FF"}, {"quantidade": 1, "nome": "FD"}], "preco": "12.07", "partida_data": "27/09/2015", "variacao": "-0.41", "id": 70173, "media": "4.87", "pontos": "-0.80", "apelido": "Ederson", "posicao": {"abreviacao": "MEI", "id": 4, "nome": "Meia"}, "partida_clube_visitante": {"mercado": 1, "slug": "vasco", "abreviacao": "vas", "id": 267, "nome": "vasco"}, "partida_clube_casa": {"mercado": 1, "slug": "flamengo", "abreviacao": "fla", "id": 262, "nome": "flamengo"}}, {"status": "Contundido", "foto": "http://s.glbimg.com/es/sde/f/2010/11/12/0d756cda1f29b47e379325b85c09faba_FORMATO.jpeg", "clube": {"mercado": 1, "slug": "cruzeiro", "abreviacao": "cru", "id": 283, "nome": "cruzeiro"}, "status_id": 5, "jogos": 0, "scout": [], "preco": "12.00", "partida_data": "27/09/2015", "variacao": "0.00", "id": 60819, "media": "0.00", "pontos": "0.00", "apelido": "Ded\u00e9", "posicao": {"abreviacao": "ZAG", "id": 3, "nome": "Zagueiro"}, "partida_clube_visitante": {"mercado": 1, "slug": "coritiba", "abreviacao": "cor", "id": 294, "nome": "coritiba"}, "partida_clube_casa": {"mercado": 1, "slug": "cruzeiro", "abreviacao": "cru", "id": 283, "nome": "cruzeiro"}}, {"status": "Nulo", "foto": "http://s.glbimg.com/es/sde/f/2015/07/22/e5cccfc2941e44370d25191f0a7aad21_FORMATO.jpeg", "clube": {"mercado": 1, "slug": "atletico-mg", "abreviacao": "atl", "id": 282, "nome": "atl\u00e9tico-mg"}, "status_id": 6, "jogos": 22, "scout": [{"quantidade": 19, "nome": "FS"}, {"quantidade": 70, "nome": "PE"}, {"quantidade": 1, "nome": "A"}, {"quantidade": 6, "nome": "G"}, {"quantidade": 9, "nome": "I"}, {"quantidade": 10, "nome": "RB"}, {"quantidade": 18, "nome": "FC"}, {"quantidade": 3, "nome": "CA"}, {"quantidade": 14, "nome": "FF"}, {"quantidade": 12, "nome": "FD"}], "preco": "11.96", "partida_data": "27/09/2015", "variacao": "-0.17", "id": 68929, "media": "2.77", "pontos": "1.80", "apelido": "Thiago Ribeiro", "posicao": {"abreviacao": "ATA", "id": 5, "nome": "Atacante"}, "partida_clube_visitante": {"mercado": 1, "slug": "atletico-mg", "abreviacao": "atl", "id": 282, "nome": "atl\u00e9tico-mg"}, "partida_clube_casa": {"mercado": 1, "slug": "joinville", "abreviacao": "jec", "id": 317, "nome": "joinville"}}, {"status": "Prov\u00e1vel", "foto": "http://s.glbimg.com/es/sde/f/2015/07/22/8e8d71184687192fea090e7a5048b8e3_FORMATO.jpeg", "clube": {"mercado": 1, "slug": "corinthians", "abreviacao": "cor", "id": 264, "nome": "corinthians"}, "status_id": 7, "jogos": 20, "scout": [{"quantidade": 35, "nome": "FS"}, {"quantidade": 34, "nome": "PE"}, {"quantidade": 1, "nome": "A"}, {"quantidade": 8, "nome": "G"}, {"quantidade": 11, "nome": "I"}, {"quantidade": 14, "nome": "RB"}, {"quantidade": 13, "nome": "FC"}, {"quantidade": 1, "nome": "CA"}, {"quantidade": 8, "nome": "FF"}, {"quantidade": 9, "nome": "FD"}], "preco": "11.93", "partida_data": "27/09/2015", "variacao": "1.08", "id": 38959, "media": "5.04", "pontos": "7.70", "apelido": "Vagner Love", "posicao": {"abreviacao": "ATA", "id": 5, "nome": "Atacante"}, "partida_clube_visitante": {"mercado": 1, "slug": "corinthians", "abreviacao": "cor", "id": 264, "nome": "corinthians"}, "partida_clube_casa": {"mercado": 1, "slug": "figueirense", "abreviacao": "fig", "id": 316, "nome": "figueirense"}}, {"status": "Prov\u00e1vel", "foto": "http://s.glbimg.com/es/sde/f/2015/06/04/762a61acf454f9a7cd44e808234a29be_FORMATO.jpeg", "clube": {"mercado": 1, "slug": "atletico-pr", "abreviacao": "atl", "id": 293, "nome": "atl\u00e9tico-pr"}, "status_id": 7, "jogos": 27, "scout": [], "preco": "11.92", "partida_data": "27/09/2015", "variacao": "-0.38", "id": 86486, "media": "3.29", "pontos": "0.46", "apelido": "Milton Mendes", "posicao": {"abreviacao": "TEC", "id": 6, "nome": "T\u00e9cnico"}, "partida_clube_visitante": {"mercado": 1, "slug": "ponte-preta", "abreviacao": "pon", "id": 303, "nome": "ponte preta"}, "partida_clube_casa": {"mercado": 1, "slug": "atletico-pr", "abreviacao": "atl", "id": 293, "nome": "atl\u00e9tico-pr"}}, {"status": "Prov\u00e1vel", "foto": "http://s.glbimg.com/es/sde/f/2012/09/09/7ed7876d86d249681ff06534b51c377d_FORMATO.jpeg", "clube": {"mercado": 1, "slug": "cruzeiro", "abreviacao": "cru", "id": 283, "nome": "cruzeiro"}, "status_id": 7, "jogos": 5, "scout": [], "preco": "11.91", "partida_data": "27/09/2015", "variacao": "0.71", "id": 37281, "media": "3.53", "pontos": "4.29", "apelido": "Mano Menezes", "posicao": {"abreviacao": "TEC", "id": 6, "nome": "T\u00e9cnico"}, "partida_clube_visitante": {"mercado": 1, "slug": "coritiba", "abreviacao": "cor", "id": 294, "nome": "coritiba"}, "partida_clube_casa": {"mercado": 1, "slug": "cruzeiro", "abreviacao": "cru", "id": 283, "nome": "cruzeiro"}}, {"status": "Nulo", "foto": "http://s.glbimg.com/es/sde/f/2015/05/01/89e386536f51b9f647d57194621870a4_FORMATO.jpeg", "clube": {"mercado": 1, "slug": "sao-paulo", "abreviacao": "sao", "id": 276, "nome": "s\u00e3o paulo"}, "status_id": 6, "jogos": 12, "scout": [{"quantidade": 5, "nome": "SG"}, {"quantidade": 6, "nome": "FS"}, {"quantidade": 35, "nome": "PE"}, {"quantidade": 1, "nome": "I"}, {"quantidade": 17, "nome": "RB"}, {"quantidade": 15, "nome": "FC"}, {"quantidade": 1, "nome": "CA"}, {"quantidade": 1, "nome": "FF"}, {"quantidade": 1, "nome": "FD"}], "preco": "11.85", "partida_data": "27/09/2015", "variacao": "0.00", "id": 63008, "media": "3.18", "pontos": "0.00", "apelido": "Rafael Toloi", "posicao": {"abreviacao": "ZAG", "id": 3, "nome": "Zagueiro"}, "partida_clube_visitante": {"mercado": 1, "slug": "palmeiras", "abreviacao": "pal", "id": 275, "nome": "palmeiras"}, "partida_clube_casa": {"mercado": 1, "slug": "sao-paulo", "abreviacao": "sao", "id": 276, "nome": "s\u00e3o paulo"}}]}