{"rodada_id": 28, "page": {"atual": "8", "total": "41"}, "atleta": [{"status": "Prov\u00e1vel", "foto": "http://s.glbimg.com/es/sde/f/2014/12/17/b0e34c8b3b3b1730dfe88cfef867572c_FORMATO.jpeg", "clube": {"mercado": 1, "slug": "palmeiras", "abreviacao": "pal", "id": 275, "nome": "palmeiras"}, "status_id": 7, "jogos": 8, "scout": [{"quantidade": 3, "nome": "FS"}, {"quantidade": 10, "nome": "PE"}, {"quantidade": 1, "nome": "FT"}, {"quantidade": 4, "nome": "G"}, {"quantidade": 5, "nome": "I"}, {"quantidade": 1, "nome": "RB"}, {"quantidade": 5, "nome": "FC"}, {"quantidade": 2, "nome": "FF"}, {"quantidade": 4, "nome": "FD"}], "preco": "10.37", "partida_data": "27/09/2015", "variacao": "-2.20", "id": 69282, "media": "4.51", "pontos": "8.50", "apelido": "Lucas Barrios", "posicao": {"abreviacao": "ATA", "id": 5, "nome": "Atacante"}, "partida_clube_visitante": {"mercado": 1, "slug": "palmeiras", "abreviacao": "pal", "id": 275, "nome": "palmeiras"}, "partida_clube_casa": {"mercado": 1, "slug": "sao-paulo", "abreviacao": "sao", "id": 276, "nome": "s\u00e3o paulo"}}, {"status": "Suspenso", "foto": "http://s.glbimg.com/es/sde/f/2014/12/20/92326fbbdb0bf255032e4e6f52de5174_FORMATO.jpeg", "clube": {"mercado": 1, "slug": "gremio", "abreviacao": "gre", "id": 284, "nome": "gr\u00eamio"}, "status_id": 3, "jogos": 23, "scout": [{"quantidade": 9, "nome": "SG"}, {"quantidade": 35, "nome": "FS"}, {"quantidade": 61, "nome": "PE"}, {"quantidade": 2, "nome": "A"}, {"quantidade": 1, "nome": "FT"}, {"quantidade": 1, "nome": "G"}, {"quantidade": 2, "nome": "I"}, {"quantidade": 27, "nome": "RB"}, {"quantidade": 43, "nome": "FC"}, {"quantidade": 6, "nome": "CA"}, {"quantidade": 8, "nome": "FF"}, {"quantidade": 4, "nome": "FD"}], "preco": "10.36", "partida_data": "26/09/2015", "variacao": "0.52", "id": 50328, "media": "3.77", "pontos": "3.10", "apelido": "Marcelo Oliveira", "posicao": {"abreviacao": "LAT", "id": 2, "nome": "Lateral"}, "partida_clube_visitante": {"mercado": 1, "slug": "avai", "abreviacao": "ava", "id": 314, "nome": "ava\u00ed"}, "partida_clube_casa": {"mercado": 1, "slug": "gremio", "abreviacao": "gre", "id": 284, "nome": "gr\u00eamio"}}, {"status": "Prov\u00e1vel", "foto": "http://s.glbimg.com/es/sde/f/2015/01/19/4d21e9468610c33ac3086cce8f0afa08_FORMATO.jpeg", "clube": {"mercado": 1, "slug": "santos", "abreviacao": "san", "id": 277, "nome": "santos"}, "status_id": 7, "jogos": 17, "scout": [{"quantidade": 11, "nome": "FS"}, {"quantidade": 32, "nome": "PE"}, {"quantidade": 25, "nome": "RB"}, {"quantidade": 11, "nome": "FC"}, {"quantidade": 2, "nome": "FF"}], "preco": "10.33", "partida_data": "27/09/2015", "variacao": "-0.41", "id": 38908, "media": "2.02", "pontos": "2.00", "apelido": "Renato", "posicao": {"abreviacao": "MEI", "id": 4, "nome": "Meia"}, "partida_clube_visitante": {"mercado": 1, "slug": "internacional", "abreviacao": "int", "id": 285, "nome": "internacional"}, "partida_clube_casa": {"mercado": 1, "slug": "santos", "abreviacao": "san", "id": 277, "nome": "santos"}}, {"status": "Prov\u00e1vel", "foto": "http://s.glbimg.com/es/sde/f/2011/08/11/80ccba7af3c84c48ad435bacedf44ce5_FORMATO.jpeg", "clube": {"mercado": 1, "slug": "sport", "abreviacao": "spo", "id": 292, "nome": "sport"}, "status_id": 7, "jogos": 25, "scout": [{"quantidade": 8, "nome": "SG"}, {"quantidade": 4, "nome": "FS"}, {"quantidade": 19, "nome": "PE"}, {"quantidade": 43, "nome": "DD"}, {"quantidade": 26, "nome": "GS"}], "preco": "10.33", "partida_data": "27/09/2015", "variacao": "-0.82", "id": 69051, "media": "4.55", "pontos": "-1.00", "apelido": "Danilo Fernandes", "posicao": {"abreviacao": "GOL", "id": 1, "nome": "Goleiro"}, "partida_clube_visitante": {"mercado": 1, "slug": "chapecoense", "abreviacao": "cha", "id": 315, "nome": "chapecoense"}, "partida_clube_casa": {"mercado": 1, "slug": "sport", "abreviacao": "spo", "id": 292, "nome": "sport"}}, {"status": "Prov\u00e1vel", "foto": "http://s.glbimg.com/es/sde/f/2010/11/16/b6a79bca9f76b494eb3e2ab131cdd7ed_FORMATO.jpeg", "clube": {"mercado": 1, "slug": "internacional", "abreviacao": "int", "id": 285, "nome": "internacional"}, "status_id": 7, "jogos": 12, "scout": [{"quantidade": 6, "nome": "SG"}, {"quantidade": 11, "nome": "FS"}, {"quantidade": 23, "nome": "PE"}, {"quantidade": 2, "nome": "G"}, {"quantidade": 2, "nome": "I"}, {"quantidade": 8, "nome": "RB"}, {"quantidade": 4, "nome": "FC"}, {"quantidade": 1, "nome": "GC"}, {"quantidade": 1, "nome": "CA"}, {"quantidade": 1, "nome": "FD"}], "preco": "10.32", "partida_data": "27/09/2015", "variacao": "-1.16", "id": 52253, "media": "4.02", "pontos": "0.70", "apelido": "R\u00e9ver", "posicao": {"abreviacao": "ZAG", "id": 3, "nome": "Zagueiro"}, "partida_clube_visitante": {"mercado": 1, "slug": "internacional", "abreviacao": "int", "id": 285, "nome": "internacional"}, "partida_clube_casa": {"mercado": 1, "slug": "santos", "abreviacao": "san", "id": 277, "nome": "santos"}}, {"status": "Prov\u00e1vel", "foto": "http://s.glbimg.com/es/sde/f/2015/07/22/72b33a5afe958ab60662c3ba95f6a92d_FORMATO.jpeg", "clube": {"mercado": 1, "slug": "chapecoense", "abreviacao": "cha", "id": 315, "nome": "chapecoense"}, "status_id": 7, "jogos": 25, "scout": [{"quantidade": 10, "nome": "SG"}, {"quantidade": 31, "nome": "FS"}, {"quantidade": 112, "nome": "PE"}, {"quantidade": 1, "nome": "A"}, {"quantidade": 1, "nome": "FT"}, {"quantidade": 2, "nome": "I"}, {"quantidade": 43, "nome": "RB"}, {"quantidade": 39, "nome": "FC"}, {"quantidade": 4, "nome": "CA"}, {"quantidade": 7, "nome": "FF"}, {"quantidade": 2, "nome": "FD"}], "preco": "10.30", "partida_data": "27/09/2015", "variacao": "-1.44", "id": 69782, "media": "3.66", "pontos": "-1.30", "apelido": "Dener Assun\u00e7\u00e3o", "posicao": {"abreviacao": "LAT", "id": 2, "nome": "Lateral"}, "partida_clube_visitante": {"mercado": 1, "slug": "chapecoense", "abreviacao": "cha", "id": 315, "nome": "chapecoense"}, "partida_clube_casa": {"mercado": 1, "slug": "sport", "abreviacao": "spo", "id": 292, "nome": "sport"}}, {"status": "Prov\u00e1vel", "foto": "http://s.glbimg.com/es/sde/f/2015/01/15/33ffe678b5ba456a6e0fc74723d11752_FORMATO.jpeg", "clube": {"mercado": 1, "slug": "fluminense", "abreviacao": "flu", "id": 266, "nome": "fluminense"}, "status_id": 7, "jogos": 9, "scout": [{"quantidade": 18, "nome": "FS"}, {"quantidade": 30, "nome": "PE"}, {"quantidade": 1, "nome": "A"}, {"quantidade": 1, "nome": "FT"}, {"quantidade": 2, "nome": "G"}, {"quantidade": 3, "nome": "I"}, {"quantidade": 6, "nome": "RB"}, {"quantidade": 11, "nome": "FC"}, {"quantidade": 2, "nome": "CA"}, {"quantidade": 4, "nome": "FF"}, {"quantidade": 6, "nome": "FD"}], "preco": "10.30", "partida_data": "26/09/2015", "variacao": "-0.78", "id": 37688, "media": "3.61", "pontos": "-1.80", "apelido": "C\u00edcero", "posicao": {"abreviacao": "MEI", "id": 4, "nome": "Meia"}, "partida_clube_visitante": {"mercado": 1, "slug": "goias", "abreviacao": "goi", "id": 290, "nome": "goi\u00e1s"}, "partida_clube_casa": {"mercado": 1, "slug": "fluminense", "abreviacao": "flu", "id": 266, "nome": "fluminense"}}, {"status": "Prov\u00e1vel", "foto": "http://s.glbimg.com/es/sde/f/2015/07/22/dd03748e5a122e167a5a96c45da7cd4e_FORMATO.jpeg", "clube": {"mercado": 1, "slug": "chapecoense", "abreviacao": "cha", "id": 315, "nome": "chapecoense"}, "status_id": 7, "jogos": 15, "scout": [{"quantidade": 29, "nome": "FS"}, {"quantidade": 49, "nome": "PE"}, {"quantidade": 1, "nome": "G"}, {"quantidade": 2, "nome": "I"}, {"quantidade": 31, "nome": "RB"}, {"quantidade": 22, "nome": "FC"}, {"quantidade": 4, "nome": "CA"}, {"quantidade": 9, "nome": "FF"}, {"quantidade": 1, "nome": "FD"}], "preco": "10.29", "partida_data": "27/09/2015", "variacao": "-0.57", "id": 63014, "media": "3.18", "pontos": "2.10", "apelido": "Gil", "posicao": {"abreviacao": "MEI", "id": 4, "nome": "Meia"}, "partida_clube_visitante": {"mercado": 1, "slug": "chapecoense", "abreviacao": "cha", "id": 315, "nome": "chapecoense"}, "partida_clube_casa": {"mercado": 1, "slug": "sport", "abreviacao": "spo", "id": 292, "nome": "sport"}}, {"status": "Contundido", "foto": "http://s.glbimg.com/es/sde/f/2015/01/15/62b71b7989fcac2e60e68df58b9f3d78_FORMATO.jpeg", "clube": {"mercado": 1, "slug": "corinthians", "abreviacao": "cor", "id": 264, "nome": "corinthians"}, "status_id": 5, "jogos": 5, "scout": [{"quantidade": 8, "nome": "FS"}, {"quantidade": 15, "nome": "PE"}, {"quantidade": 1, "nome": "FT"}, {"quantidade": 5, "nome": "G"}, {"quantidade": 4, "nome": "I"}, {"quantidade": 8, "nome": "RB"}, {"quantidade": 9, "nome": "FC"}, {"quantidade": 1, "nome": "CA"}, {"quantidade": 3, "nome": "FF"}, {"quantidade": 3, "nome": "FD"}], "preco": "10.26", "partida_data": "27/09/2015", "variacao": "0.00", "id": 80287, "media": "10.64", "pontos": "0.00", "apelido": "Luciano", "posicao": {"abreviacao": "ATA", "id": 5, "nome": "Atacante"}, "partida_clube_visitante": {"mercado": 1, "slug": "corinthians", "abreviacao": "cor", "id": 264, "nome": "corinthians"}, "partida_clube_casa": {"mercado": 1, "slug": "figueirense", "abreviacao": "fig", "id": 316, "nome": "figueirense"}}, {"status": "D\u00favida", "foto": "http://s.glbimg.com/es/sde/f/2015/04/30/86bb139b6de0d8720efba5af34e4a182_FORMATO.jpeg", "clube": {"mercado": 1, "slug": "internacional", "abreviacao": "int", "id": 285, "nome": "internacional"}, "status_id": 2, "jogos": 14, "scout": [{"quantidade": 18, "nome": "FS"}, {"quantidade": 22, "nome": "PE"}, {"quantidade": 1, "nome": "A"}, {"quantidade": 1, "nome": "FT"}, {"quantidade": 3, "nome": "G"}, {"quantidade": 11, "nome": "I"}, {"quantidade": 2, "nome": "RB"}, {"quantidade": 12, "nome": "FC"}, {"quantidade": 3, "nome": "CA"}, {"quantidade": 1, "nome": "CV"}, {"quantidade": 7, "nome": "FF"}, {"quantidade": 6, "nome": "FD"}], "preco": "10.20", "partida_data": "27/09/2015", "variacao": "-0.41", "id": 71495, "media": "1.92", "pontos": "-0.20", "apelido": "Lisandro L\u00f3pez", "posicao": {"abreviacao": "ATA", "id": 5, "nome": "Atacante"}, "partida_clube_visitante": {"mercado": 1, "slug": "internacional", "abreviacao": "int", "id": 285, "nome": "internacional"}, "partida_clube_casa": {"mercado": 1, "slug": "santos", "abreviacao": "san", "id": 277, "nome": "santos"}}, {"status": "Contundido", "foto": "http://s.glbimg.com/es/sde/f/2015/08/04/c7ce7463276d30275bd7a4120767092e_FORMATO.jpeg", "clube": {"mercado": 1, "slug": "figueirense", "abreviacao": "fig", "id": 316, "nome": "figueirense"}, "status_id": 5, "jogos": 15, "scout": [{"quantidade": 2, "nome": "SG"}, {"quantidade": 10, "nome": "FS"}, {"quantidade": 26, "nome": "PE"}, {"quantidade": 1, "nome": "A"}, {"quantidade": 3, "nome": "G"}, {"quantidade": 3, "nome": "I"}, {"quantidade": 20, "nome": "RB"}, {"quantidade": 19, "nome": "FC"}, {"quantidade": 7, "nome": "CA"}, {"quantidade": 2, "nome": "FF"}, {"quantidade": 5, "nome": "FD"}], "preco": "10.18", "partida_data": "27/09/2015", "variacao": "0.00", "id": 38515, "media": "3.44", "pontos": "0.00", "apelido": "Marquinhos", "posicao": {"abreviacao": "ZAG", "id": 3, "nome": "Zagueiro"}, "partida_clube_visitante": {"mercado": 1, "slug": "corinthians", "abreviacao": "cor", "id": 264, "nome": "corinthians"}, "partida_clube_casa": {"mercado": 1, "slug": "figueirense", "abreviacao": "fig", "id": 316, "nome": "figueirense"}}, {"status": "Prov\u00e1vel", "foto": "http://s.glbimg.com/es/sde/f/2015/01/15/b73490c95f1f4168e4c86364c0eef18a_FORMATO.jpeg", "clube": {"mercado": 1, "slug": "flamengo", "abreviacao": "fla", "id": 262, "nome": "flamengo"}, "status_id": 7, "jogos": 24, "scout": [{"quantidade": 15, "nome": "FS"}, {"quantidade": 99, "nome": "PE"}, {"quantidade": 4, "nome": "A"}, {"quantidade": 2, "nome": "G"}, {"quantidade": 5, "nome": "I"}, {"quantidade": 46, "nome": "RB"}, {"quantidade": 34, "nome": "FC"}, {"quantidade": 7, "nome": "CA"}, {"quantidade": 1, "nome": "CV"}, {"quantidade": 12, "nome": "FF"}, {"quantidade": 7, "nome": "FD"}], "preco": "10.17", "partida_data": "27/09/2015", "variacao": "0.87", "id": 73918, "media": "2.87", "pontos": "3.20", "apelido": "Canteros", "posicao": {"abreviacao": "MEI", "id": 4, "nome": "Meia"}, "partida_clube_visitante": {"mercado": 1, "slug": "vasco", "abreviacao": "vas", "id": 267, "nome": "vasco"}, "partida_clube_casa": {"mercado": 1, "slug": "flamengo", "abreviacao": "fla", "id": 262, "nome": "flamengo"}}, {"status": "Prov\u00e1vel", "foto": "http://s.glbimg.com/es/sde/f/2010/11/17/dc125f0aa1d1d2f1708793bc891bef12_FORMATO.jpeg", "clube": {"mercado": 1, "slug": "figueirense", "abreviacao": "fig", "id": 316, "nome": "figueirense"}, "status_id": 7, "jogos": 14, "scout": [{"quantidade": 2, "nome": "SG"}, {"quantidade": 9, "nome": "FS"}, {"quantidade": 34, "nome": "PE"}, {"quantidade": 23, "nome": "RB"}, {"quantidade": 16, "nome": "FC"}, {"quantidade": 4, "nome": "CA"}, {"quantidade": 4, "nome": "FF"}], "preco": "10.10", "partida_data": "27/09/2015", "variacao": "-1.15", "id": 38394, "media": "2.15", "pontos": "-3.00", "apelido": "Thiago Heleno", "posicao": {"abreviacao": "ZAG", "id": 3, "nome": "Zagueiro"}, "partida_clube_visitante": {"mercado": 1, "slug": "corinthians", "abreviacao": "cor", "id": 264, "nome": "corinthians"}, "partida_clube_casa": {"mercado": 1, "slug": "figueirense", "abreviacao": "fig", "id": 316, "nome": "figueirense"}}, {"status": "Prov\u00e1vel", "foto": "http://s.glbimg.com/es/sde/f/2015/01/19/cd038e8d015c5118f8356c1c61835271_FORMATO.jpeg", "clube": {"mercado": 1, "slug": "santos", "abreviacao": "san", "id": 277, "nome": "santos"}, "status_id": 7, "jogos": 22, "scout": [{"quantidade": 31, "nome": "FS"}, {"quantidade": 52, "nome": "PE"}, {"quantidade": 1, "nome": "A"}, {"quantidade": 4, "nome": "FT"}, {"quantidade": 6, "nome": "G"}, {"quantidade": 17, "nome": "I"}, {"quantidade": 19, "nome": "RB"}, {"quantidade": 16, "nome": "FC"}, {"quantidade": 2, "nome": "CA"}, {"quantidade": 15, "nome": "FF"}, {"quantidade": 13, "nome": "FD"}], "preco": "10.07", "partida_data": "27/09/2015", "variacao": "-2.65", "id": 83257, "media": "4.64", "pontos": "1.80", "apelido": "Gabriel", "posicao": {"abreviacao": "ATA", "id": 5, "nome": "Atacante"}, "partida_clube_visitante": {"mercado": 1, "slug": "internacional", "abreviacao": "int", "id": 285, "nome": "internacional"}, "partida_clube_casa": {"mercado": 1, "slug": "santos", "abreviacao": "san", "id": 277, "nome": "santos"}}, {"status": "Contundido", "foto": "http://s.glbimg.com/es/sde/f/2010/11/16/9243d24ad7803da2b6fb00e11a6c8fa7_FORMATO.jpeg", "clube": {"mercado": 1, "slug": "chapecoense", "abreviacao": "cha", "id": 315, "nome": "chapecoense"}, "status_id": 5, "jogos": 0, "scout": [], "preco": "10.00", "partida_data": "27/09/2015", "variacao": "0.00", "id": 38069, "media": "0.00", "pontos": "0.00", "apelido": "Richarlyson", "posicao": {"abreviacao": "MEI", "id": 4, "nome": "Meia"}, "partida_clube_visitante": {"mercado": 1, "slug": "chapecoense", "abreviacao": "cha", "id": 315, "nome": "chapecoense"}, "partida_clube_casa": {"mercado": 1, "slug": "sport", "abreviacao": "spo", "id": 292, "nome": "sport"}}, {"status": "Nulo", "foto": "http://s.glbimg.com/es/sde/f/2015/01/15/6a454db32cbe7cad7185c8d765df91e3_FORMATO.png", "clube": {"mercado": 1, "slug": "cruzeiro", "abreviacao": "cru", "id": 283, "nome": "cruzeiro"}, "status_id": 6, "jogos": 0, "scout": [], "preco": "10.00", "partida_data": "27/09/2015", "variacao": "0.00", "id": 38921, "media": "0.00", "pontos": "0.00", "apelido": "J\u00falio Baptista", "posicao": {"abreviacao": "MEI", "id": 4, "nome": "Meia"}, "partida_clube_visitante": {"mercado": 1, "slug": "coritiba", "abreviacao": "cor", "id": 294, "nome": "coritiba"}, "partida_clube_casa": {"mercado": 1, "slug": "cruzeiro", "abreviacao": "cru", "id": 283, "nome": "cruzeiro"}}, {"status": "Contundido", "foto": "http://s.glbimg.com/es/sde/f/2012/01/10/eb809a7c917447b965ef56061f694481_FORMATO.jpeg", "clube": {"mercado": 1, "slug": "palmeiras", "abreviacao": "pal", "id": 275, "nome": "palmeiras"}, "status_id": 5, "jogos": 0, "scout": [], "preco": "10.00", "partida_data": "27/09/2015", "variacao": "0.00", "id": 38187, "media": "0.00", "pontos": "0.00", "apelido": "Fellype Gabriel", "posicao": {"abreviacao": "MEI", "id": 4, "nome": "Meia"}, "partida_clube_visitante": {"mercado": 1, "slug": "palmeiras", "abreviacao": "pal", "id": 275, "nome": "palmeiras"}, "partida_clube_casa": {"mercado": 1, "slug": "sao-paulo", "abreviacao": "sao", "id": 276, "nome": "s\u00e3o paulo"}}, {"status": "Prov\u00e1vel", "foto": "http://s.glbimg.com/es/sde/f/2015/07/22/8e60e75476439bc362da544aa754b550_FORMATO.png", "clube": {"mercado": 1, "slug": "atletico-pr", "abreviacao": "atl", "id": 293, "nome": "atl\u00e9tico-pr"}, "status_id": 7, "jogos": 24, "scout": [{"quantidade": 8, "nome": "SG"}, {"quantidade": 23, "nome": "FS"}, {"quantidade": 113, "nome": "PE"}, {"quantidade": 1, "nome": "A"}, {"quantidade": 1, "nome": "I"}, {"quantidade": 41, "nome": "RB"}, {"quantidade": 41, "nome": "FC"}, {"quantidade": 4, "nome": "CA"}, {"quantidade": 8, "nome": "FF"}, {"quantidade": 2, "nome": "FD"}], "preco": "9.92", "partida_data": "27/09/2015", "variacao": "0.88", "id": 50645, "media": "2.95", "pontos": "4.20", "apelido": "Eduardo", "posicao": {"abreviacao": "LAT", "id": 2, "nome": "Lateral"}, "partida_clube_visitante": {"mercado": 1, "slug": "ponte-preta", "abreviacao": "pon", "id": 303, "nome": "ponte preta"}, "partida_clube_casa": {"mercado": 1, "slug": "atletico-pr", "abreviacao": "atl", "id": 293, "nome": "atl\u00e9tico-pr"}}, {"status": "Nulo", "foto": "http://s.glbimg.com/es/sde/f/2015/01/19/b1d587126e6951033b1c2d89a9e2c90e_FORMATO.jpeg", "clube": {"mercado": 1, "slug": "atletico-mg", "abreviacao": "atl", "id": 282, "nome": "atl\u00e9tico-mg"}, "status_id": 6, "jogos": 14, "scout": [{"quantidade": 10, "nome": "FS"}, {"quantidade": 20, "nome": "PE"}, {"quantidade": 1, "nome": "A"}, {"quantidade": 3, "nome": "G"}, {"quantidade": 5, "nome": "I"}, {"quantidade": 7, "nome": "RB"}, {"quantidade": 10, "nome": "FC"}, {"quantidade": 2, "nome": "CA"}, {"quantidade": 7, "nome": "FF"}, {"quantidade": 2, "nome": "FD"}], "preco": "9.90", "partida_data": "27/09/2015", "variacao": "-0.72", "id": 85027, "media": "2.53", "pontos": "0.00", "apelido": "Carlos", "posicao": {"abreviacao": "ATA", "id": 5, "nome": "Atacante"}, "partida_clube_visitante": {"mercado": 1, "slug": "atletico-mg", "abreviacao": "atl", "id": 282, "nome": "atl\u00e9tico-mg"}, "partida_clube_casa": {"mercado": 1, "slug": "joinville", "abreviacao": "jec", "id": 317, "nome": "joinville"}}, {"status": "Nulo", "foto": "http://s.glbimg.com/es/sde/f/2010/11/17/8a658791303c38d50cb95ee483075e3a_FORMATO.jpeg", "clube": {"mercado": 1, "slug": "corinthians", "abreviacao": "cor", "id": 264, "nome": "corinthians"}, "status_id": 6, "jogos": 13, "scout": [{"quantidade": 5, "nome": "SG"}, {"quantidade": 2, "nome": "FS"}, {"quantidade": 12, "nome": "PE"}, {"quantidade": 3, "nome": "I"}, {"quantidade": 8, "nome": "RB"}, {"quantidade": 8, "nome": "FC"}, {"quantidade": 4, "nome": "FF"}, {"quantidade": 2, "nome": "FD"}], "preco": "9.88", "partida_data": "27/09/2015", "variacao": "0.00", "id": 37657, "media": "2.71", "pontos": "0.00", "apelido": "Edu Dracena", "posicao": {"abreviacao": "ZAG", "id": 3, "nome": "Zagueiro"}, "partida_clube_visitante": {"mercado": 1, "slug": "corinthians", "abreviacao": "cor", "id": 264, "nome": "corinthians"}, "partida_clube_casa": {"mercado": 1, "slug": "figueirense", "abreviacao": "fig", "id": 316, "nome": "figueirense"}}]}