{"rodada_id": 37, "page": {"atual": "31", "total": "42"}, "atleta": [{"status": "Nulo", "foto": "http://s.glbimg.com/es/sde/f/2014/07/23/7b0c4d7e5c6bacc19cda92a86704f756_FORMATO.jpeg", "clube": {"mercado": 1, "slug": "ponte-preta", "abreviacao": "pon", "id": 303, "nome": "ponte preta"}, "status_id": 6, "jogos": 17, "scout": [{"quantidade": 26, "nome": "FS"}, {"quantidade": 33, "nome": "PE"}, {"quantidade": 1, "nome": "A"}, {"quantidade": 5, "nome": "I"}, {"quantidade": 7, "nome": "RB"}, {"quantidade": 17, "nome": "FC"}, {"quantidade": 3, "nome": "CA"}, {"quantidade": 6, "nome": "FF"}, {"quantidade": 4, "nome": "FD"}], "preco": "2.69", "partida_data": "28/11/2015", "variacao": "0.00", "id": 80381, "media": "0.66", "pontos": "0.00", "apelido": "Cesinha", "posicao": {"abreviacao": "ATA", "id": 5, "nome": "Atacante"}, "partida_clube_visitante": {"mercado": 1, "slug": "ponte-preta", "abreviacao": "pon", "id": 303, "nome": "ponte preta"}, "partida_clube_casa": {"mercado": 1, "slug": "avai", "abreviacao": "ava", "id": 314, "nome": "ava\u00ed"}}, {"status": "Nulo", "foto": "http://s.glbimg.com/es/sde/f/2015/07/22/9400bbf3562e12103610536c500d41ac_FORMATO.jpeg", "clube": {"mercado": 1, "slug": "chapecoense", "abreviacao": "cha", "id": 315, "nome": "chapecoense"}, "status_id": 6, "jogos": 10, "scout": [{"quantidade": 8, "nome": "FS"}, {"quantidade": 9, "nome": "PE"}, {"quantidade": 3, "nome": "RB"}, {"quantidade": 5, "nome": "FC"}, {"quantidade": 2, "nome": "CA"}, {"quantidade": 1, "nome": "FF"}], "preco": "2.66", "partida_data": "29/11/2015", "variacao": "0.41", "id": 79892, "media": "0.06", "pontos": "0.50", "apelido": "Nen\u00e9n", "posicao": {"abreviacao": "MEI", "id": 4, "nome": "Meia"}, "partida_clube_visitante": {"mercado": 1, "slug": "goias", "abreviacao": "goi", "id": 290, "nome": "goi\u00e1s"}, "partida_clube_casa": {"mercado": 1, "slug": "chapecoense", "abreviacao": "cha", "id": 315, "nome": "chapecoense"}}, {"status": "Prov\u00e1vel", "foto": "http://s.glbimg.com/es/sde/f/2015/10/19/4c04352a267e32c3412886e05ff58919_FORMATO.jpeg", "clube": {"mercado": 1, "slug": "joinville", "abreviacao": "jec", "id": 317, "nome": "joinville"}, "status_id": 7, "jogos": 18, "scout": [{"quantidade": 10, "nome": "FS"}, {"quantidade": 46, "nome": "PE"}, {"quantidade": 1, "nome": "G"}, {"quantidade": 29, "nome": "RB"}, {"quantidade": 41, "nome": "FC"}, {"quantidade": 7, "nome": "CA"}, {"quantidade": 1, "nome": "CV"}, {"quantidade": 5, "nome": "FF"}, {"quantidade": 2, "nome": "FD"}], "preco": "2.64", "partida_data": "29/11/2015", "variacao": "-0.10", "id": 90321, "media": "0.80", "pontos": "0.00", "apelido": "Kadu", "posicao": {"abreviacao": "MEI", "id": 4, "nome": "Meia"}, "partida_clube_visitante": {"mercado": 1, "slug": "joinville", "abreviacao": "jec", "id": 317, "nome": "joinville"}, "partida_clube_casa": {"mercado": 1, "slug": "cruzeiro", "abreviacao": "cru", "id": 283, "nome": "cruzeiro"}}, {"status": "Nulo", "foto": "http://s.glbimg.com/es/sde/f/2015/07/21/64da67a7d5dd7a62a4ba0dd2f71973d7_FORMATO.png", "clube": {"mercado": 1, "slug": "cruzeiro", "abreviacao": "cru", "id": 283, "nome": "cruzeiro"}, "status_id": 6, "jogos": 11, "scout": [{"quantidade": 1, "nome": "SG"}, {"quantidade": 15, "nome": "FS"}, {"quantidade": 40, "nome": "PE"}, {"quantidade": 1, "nome": "A"}, {"quantidade": 12, "nome": "RB"}, {"quantidade": 15, "nome": "FC"}, {"quantidade": 2, "nome": "CA"}, {"quantidade": 1, "nome": "FF"}], "preco": "2.59", "partida_data": "29/11/2015", "variacao": "0.00", "id": 87213, "media": "1.37", "pontos": "0.00", "apelido": "Par\u00e1", "posicao": {"abreviacao": "LAT", "id": 2, "nome": "Lateral"}, "partida_clube_visitante": {"mercado": 1, "slug": "joinville", "abreviacao": "jec", "id": 317, "nome": "joinville"}, "partida_clube_casa": {"mercado": 1, "slug": "cruzeiro", "abreviacao": "cru", "id": 283, "nome": "cruzeiro"}}, {"status": "Nulo", "foto": "http://s.glbimg.com/es/sde/f/2015/07/22/104fbe183dffb08ffbb2f94426d025cf_FORMATO.jpeg", "clube": {"mercado": 1, "slug": "avai", "abreviacao": "ava", "id": 314, "nome": "ava\u00ed"}, "status_id": 6, "jogos": 5, "scout": [{"quantidade": 8, "nome": "FS"}, {"quantidade": 12, "nome": "PE"}, {"quantidade": 6, "nome": "RB"}, {"quantidade": 6, "nome": "FC"}, {"quantidade": 1, "nome": "FF"}, {"quantidade": 1, "nome": "FD"}], "preco": "2.56", "partida_data": "28/11/2015", "variacao": "0.00", "id": 62107, "media": "1.86", "pontos": "0.00", "apelido": "Rudnei", "posicao": {"abreviacao": "MEI", "id": 4, "nome": "Meia"}, "partida_clube_visitante": {"mercado": 1, "slug": "ponte-preta", "abreviacao": "pon", "id": 303, "nome": "ponte preta"}, "partida_clube_casa": {"mercado": 1, "slug": "avai", "abreviacao": "ava", "id": 314, "nome": "ava\u00ed"}}, {"status": "Nulo", "foto": "http://s.glbimg.com/es/sde/f/2015/10/29/8bc41ce21ec9d0ecddf01fd0e13173ee_FORMATO.png", "clube": {"mercado": 1, "slug": "flamengo", "abreviacao": "fla", "id": 262, "nome": "flamengo"}, "status_id": 6, "jogos": 1, "scout": [{"quantidade": 1, "nome": "FS"}, {"quantidade": 1, "nome": "PE"}], "preco": "2.53", "partida_data": "29/11/2015", "variacao": "0.00", "id": 91264, "media": "0.20", "pontos": "0.00", "apelido": "Matheus S\u00e1vio", "posicao": {"abreviacao": "ATA", "id": 5, "nome": "Atacante"}, "partida_clube_visitante": {"mercado": 1, "slug": "flamengo", "abreviacao": "fla", "id": 262, "nome": "flamengo"}, "partida_clube_casa": {"mercado": 1, "slug": "atletico-pr", "abreviacao": "atl", "id": 293, "nome": "atl\u00e9tico-pr"}}, {"status": "Prov\u00e1vel", "foto": "http://s.glbimg.com/es/sde/f/2015/10/27/b8b7f6e74933d2c1c3052127bc393f9a_FORMATO.jpeg", "clube": {"mercado": 1, "slug": "palmeiras", "abreviacao": "pal", "id": 275, "nome": "palmeiras"}, "status_id": 7, "jogos": 4, "scout": [{"quantidade": 13, "nome": "PE"}, {"quantidade": 2, "nome": "RB"}, {"quantidade": 6, "nome": "FC"}, {"quantidade": 1, "nome": "CA"}, {"quantidade": 2, "nome": "FD"}], "preco": "2.53", "partida_data": "29/11/2015", "variacao": "-0.25", "id": 70106, "media": "-0.88", "pontos": "-3.00", "apelido": "Mouche", "posicao": {"abreviacao": "ATA", "id": 5, "nome": "Atacante"}, "partida_clube_visitante": {"mercado": 1, "slug": "coritiba", "abreviacao": "cor", "id": 294, "nome": "coritiba"}, "partida_clube_casa": {"mercado": 1, "slug": "palmeiras", "abreviacao": "pal", "id": 275, "nome": "palmeiras"}}, {"status": "Nulo", "foto": "http://s.glbimg.com/es/sde/f/2014/09/16/2c99d29c3f435ef3b4e318b183f936a5_FORMATO.jpeg", "clube": {"mercado": 1, "slug": "palmeiras", "abreviacao": "pal", "id": 275, "nome": "palmeiras"}, "status_id": 6, "jogos": 3, "scout": [{"quantidade": 1, "nome": "FS"}, {"quantidade": 7, "nome": "PE"}, {"quantidade": 1, "nome": "FT"}, {"quantidade": 5, "nome": "RB"}, {"quantidade": 5, "nome": "FC"}, {"quantidade": 1, "nome": "CA"}, {"quantidade": 2, "nome": "FF"}], "preco": "2.51", "partida_data": "29/11/2015", "variacao": "0.00", "id": 89285, "media": "2.43", "pontos": "0.00", "apelido": "Matheus Sales", "posicao": {"abreviacao": "MEI", "id": 4, "nome": "Meia"}, "partida_clube_visitante": {"mercado": 1, "slug": "coritiba", "abreviacao": "cor", "id": 294, "nome": "coritiba"}, "partida_clube_casa": {"mercado": 1, "slug": "palmeiras", "abreviacao": "pal", "id": 275, "nome": "palmeiras"}}, {"status": "Nulo", "foto": "http://s.glbimg.com/es/sde/f/2015/10/28/75a2903255f56b0d2e70fbdf43970b44_FORMATO.png", "clube": {"mercado": 1, "slug": "fluminense", "abreviacao": "flu", "id": 266, "nome": "fluminense"}, "status_id": 6, "jogos": 3, "scout": [{"quantidade": 5, "nome": "FS"}, {"quantidade": 8, "nome": "PE"}, {"quantidade": 2, "nome": "RB"}, {"quantidade": 4, "nome": "FC"}, {"quantidade": 1, "nome": "FF"}, {"quantidade": 1, "nome": "FD"}], "preco": "2.48", "partida_data": "28/11/2015", "variacao": "-0.42", "id": 88393, "media": "1.07", "pontos": "-0.30", "apelido": "Ayrton ", "posicao": {"abreviacao": "LAT", "id": 2, "nome": "Lateral"}, "partida_clube_visitante": {"mercado": 1, "slug": "internacional", "abreviacao": "int", "id": 285, "nome": "internacional"}, "partida_clube_casa": {"mercado": 1, "slug": "fluminense", "abreviacao": "flu", "id": 266, "nome": "fluminense"}}, {"status": "Nulo", "foto": "http://s.glbimg.com/es/sde/f/2015/10/30/aa5577d9432ff9e937c96f07384eb8af_FORMATO.png", "clube": {"mercado": 1, "slug": "chapecoense", "abreviacao": "cha", "id": 315, "nome": "chapecoense"}, "status_id": 6, "jogos": 1, "scout": [{"quantidade": 3, "nome": "FS"}, {"quantidade": 3, "nome": "PE"}, {"quantidade": 2, "nome": "RB"}, {"quantidade": 4, "nome": "FC"}, {"quantidade": 1, "nome": "CA"}], "preco": "2.47", "partida_data": "29/11/2015", "variacao": "0.00", "id": 71885, "media": "0.00", "pontos": "0.00", "apelido": "Tiago Costa", "posicao": {"abreviacao": "LAT", "id": 2, "nome": "Lateral"}, "partida_clube_visitante": {"mercado": 1, "slug": "goias", "abreviacao": "goi", "id": 290, "nome": "goi\u00e1s"}, "partida_clube_casa": {"mercado": 1, "slug": "chapecoense", "abreviacao": "cha", "id": 315, "nome": "chapecoense"}}, {"status": "Contundido", "foto": "http://s.glbimg.com/es/sde/f/2015/10/23/63b53731313ae2d64d5214f30b919127_FORMATO.png", "clube": {"mercado": 1, "slug": "atletico-pr", "abreviacao": "atl", "id": 293, "nome": "atl\u00e9tico-pr"}, "status_id": 5, "jogos": 10, "scout": [{"quantidade": 8, "nome": "FS"}, {"quantidade": 16, "nome": "PE"}, {"quantidade": 6, "nome": "RB"}, {"quantidade": 12, "nome": "FC"}, {"quantidade": 1, "nome": "CA"}, {"quantidade": 1, "nome": "CV"}, {"quantidade": 2, "nome": "FF"}, {"quantidade": 1, "nome": "FD"}], "preco": "2.46", "partida_data": "29/11/2015", "variacao": "0.00", "id": 80129, "media": "-0.12", "pontos": "0.00", "apelido": "Jadson", "posicao": {"abreviacao": "MEI", "id": 4, "nome": "Meia"}, "partida_clube_visitante": {"mercado": 1, "slug": "flamengo", "abreviacao": "fla", "id": 262, "nome": "flamengo"}, "partida_clube_casa": {"mercado": 1, "slug": "atletico-pr", "abreviacao": "atl", "id": 293, "nome": "atl\u00e9tico-pr"}}, {"status": "Nulo", "foto": "http://s.glbimg.com/es/sde/f/2015/10/28/4c63f9bbc4e2a48cce6757fd5f1f8eb9_FORMATO.jpeg", "clube": {"mercado": 1, "slug": "internacional", "abreviacao": "int", "id": 285, "nome": "internacional"}, "status_id": 6, "jogos": 10, "scout": [{"quantidade": 11, "nome": "FS"}, {"quantidade": 9, "nome": "PE"}, {"quantidade": 1, "nome": "I"}, {"quantidade": 3, "nome": "RB"}, {"quantidade": 5, "nome": "FC"}, {"quantidade": 2, "nome": "CA"}, {"quantidade": 3, "nome": "FF"}, {"quantidade": 1, "nome": "FD"}], "preco": "2.43", "partida_data": "28/11/2015", "variacao": "0.08", "id": 90481, "media": "0.40", "pontos": "0.50", "apelido": "Alisson Farias", "posicao": {"abreviacao": "MEI", "id": 4, "nome": "Meia"}, "partida_clube_visitante": {"mercado": 1, "slug": "internacional", "abreviacao": "int", "id": 285, "nome": "internacional"}, "partida_clube_casa": {"mercado": 1, "slug": "fluminense", "abreviacao": "flu", "id": 266, "nome": "fluminense"}}, {"status": "Nulo", "foto": "http://s.glbimg.com/es/sde/f/2015/10/28/b6245be76901a1a29350a9c3a6693528_FORMATO.jpeg", "clube": {"mercado": 1, "slug": "figueirense", "abreviacao": "fig", "id": 316, "nome": "figueirense"}, "status_id": 6, "jogos": 13, "scout": [{"quantidade": 6, "nome": "FS"}, {"quantidade": 43, "nome": "PE"}, {"quantidade": 21, "nome": "RB"}, {"quantidade": 27, "nome": "FC"}, {"quantidade": 2, "nome": "CA"}, {"quantidade": 2, "nome": "FF"}], "preco": "2.42", "partida_data": "28/11/2015", "variacao": "0.00", "id": 84887, "media": "0.75", "pontos": "0.00", "apelido": "Dener", "posicao": {"abreviacao": "MEI", "id": 4, "nome": "Meia"}, "partida_clube_visitante": {"mercado": 1, "slug": "figueirense", "abreviacao": "fig", "id": 316, "nome": "figueirense"}, "partida_clube_casa": {"mercado": 1, "slug": "sao-paulo", "abreviacao": "sao", "id": 276, "nome": "s\u00e3o paulo"}}, {"status": "Prov\u00e1vel", "foto": "http://s.glbimg.com/es/sde/f/2015/10/27/dc21fd35bf15e017cb2626e65ee313b2_FORMATO.png", "clube": {"mercado": 1, "slug": "santos", "abreviacao": "san", "id": 277, "nome": "santos"}, "status_id": 7, "jogos": 12, "scout": [{"quantidade": 10, "nome": "FS"}, {"quantidade": 17, "nome": "PE"}, {"quantidade": 1, "nome": "A"}, {"quantidade": 1, "nome": "G"}, {"quantidade": 3, "nome": "I"}, {"quantidade": 4, "nome": "RB"}, {"quantidade": 7, "nome": "FC"}, {"quantidade": 2, "nome": "FF"}, {"quantidade": 5, "nome": "FD"}], "preco": "2.42", "partida_data": "29/11/2015", "variacao": "-0.02", "id": 70018, "media": "1.77", "pontos": "0.00", "apelido": "Nilson", "posicao": {"abreviacao": "ATA", "id": 5, "nome": "Atacante"}, "partida_clube_visitante": {"mercado": 1, "slug": "santos", "abreviacao": "san", "id": 277, "nome": "santos"}, "partida_clube_casa": {"mercado": 1, "slug": "vasco", "abreviacao": "vas", "id": 267, "nome": "vasco"}}, {"status": "Nulo", "foto": "http://s.glbimg.com/es/sde/f/2015/07/22/3329f2421da514131cfe07e7cc6a3441_FORMATO.jpeg", "clube": {"mercado": 1, "slug": "avai", "abreviacao": "ava", "id": 314, "nome": "ava\u00ed"}, "status_id": 6, "jogos": 5, "scout": [{"quantidade": 3, "nome": "FS"}, {"quantidade": 8, "nome": "PE"}, {"quantidade": 1, "nome": "A"}, {"quantidade": 1, "nome": "I"}, {"quantidade": 1, "nome": "RB"}, {"quantidade": 6, "nome": "FC"}, {"quantidade": 2, "nome": "CA"}, {"quantidade": 3, "nome": "FD"}], "preco": "2.42", "partida_data": "28/11/2015", "variacao": "0.00", "id": 81772, "media": "0.26", "pontos": "0.00", "apelido": "Tau\u00e3", "posicao": {"abreviacao": "ATA", "id": 5, "nome": "Atacante"}, "partida_clube_visitante": {"mercado": 1, "slug": "ponte-preta", "abreviacao": "pon", "id": 303, "nome": "ponte preta"}, "partida_clube_casa": {"mercado": 1, "slug": "avai", "abreviacao": "ava", "id": 314, "nome": "ava\u00ed"}}, {"status": "Nulo", "foto": "http://s.glbimg.com/es/sde/f/2015/10/30/5db061c51234f9c2cbd4bc1c214af713_FORMATO.png", "clube": {"mercado": 1, "slug": "coritiba", "abreviacao": "cor", "id": 294, "nome": "coritiba"}, "status_id": 6, "jogos": 1, "scout": [], "preco": "2.37", "partida_data": "29/11/2015", "variacao": "0.00", "id": 91575, "media": "0.00", "pontos": "0.00", "apelido": "Mateus Oliveira", "posicao": {"abreviacao": "ATA", "id": 5, "nome": "Atacante"}, "partida_clube_visitante": {"mercado": 1, "slug": "coritiba", "abreviacao": "cor", "id": 294, "nome": "coritiba"}, "partida_clube_casa": {"mercado": 1, "slug": "palmeiras", "abreviacao": "pal", "id": 275, "nome": "palmeiras"}}, {"status": "Nulo", "foto": "http://s.glbimg.com/es/sde/f/2013/08/27/db481323c390baee4113e883ea86a874_FORMATO.jpeg", "clube": {"mercado": 1, "slug": "goias", "abreviacao": "goi", "id": 290, "nome": "goi\u00e1s"}, "status_id": 6, "jogos": 1, "scout": [], "preco": "2.37", "partida_data": "29/11/2015", "variacao": "0.00", "id": 84997, "media": "0.00", "pontos": "0.00", "apelido": "Paulo", "posicao": {"abreviacao": "ATA", "id": 5, "nome": "Atacante"}, "partida_clube_visitante": {"mercado": 1, "slug": "goias", "abreviacao": "goi", "id": 290, "nome": "goi\u00e1s"}, "partida_clube_casa": {"mercado": 1, "slug": "chapecoense", "abreviacao": "cha", "id": 315, "nome": "chapecoense"}}, {"status": "Suspenso", "foto": "http://s.glbimg.com/es/sde/f/2015/10/28/5c21b3287957e8de0ec0aa9f415ba1bd_FORMATO.jpeg", "clube": {"mercado": 1, "slug": "joinville", "abreviacao": "jec", "id": 317, "nome": "joinville"}, "status_id": 3, "jogos": 20, "scout": [{"quantidade": 41, "nome": "FS"}, {"quantidade": 54, "nome": "PE"}, {"quantidade": 1, "nome": "A"}, {"quantidade": 1, "nome": "FT"}, {"quantidade": 3, "nome": "I"}, {"quantidade": 14, "nome": "RB"}, {"quantidade": 21, "nome": "FC"}, {"quantidade": 3, "nome": "CA"}, {"quantidade": 1, "nome": "CV"}, {"quantidade": 4, "nome": "FF"}, {"quantidade": 5, "nome": "FD"}], "preco": "2.37", "partida_data": "29/11/2015", "variacao": "-1.24", "id": 88597, "media": "1.07", "pontos": "-4.90", "apelido": "Lucas Crispim", "posicao": {"abreviacao": "MEI", "id": 4, "nome": "Meia"}, "partida_clube_visitante": {"mercado": 1, "slug": "joinville", "abreviacao": "jec", "id": 317, "nome": "joinville"}, "partida_clube_casa": {"mercado": 1, "slug": "cruzeiro", "abreviacao": "cru", "id": 283, "nome": "cruzeiro"}}, {"status": "Nulo", "foto": "http://s.glbimg.com/es/sde/f/2015/07/22/4b0ff28fb34d6bdc315bef569a2f7031_FORMATO.jpeg", "clube": {"mercado": 1, "slug": "avai", "abreviacao": "ava", "id": 314, "nome": "ava\u00ed"}, "status_id": 6, "jogos": 5, "scout": [{"quantidade": 1, "nome": "SG"}, {"quantidade": 7, "nome": "DD"}, {"quantidade": 12, "nome": "GS"}], "preco": "2.34", "partida_data": "28/11/2015", "variacao": "0.00", "id": 37695, "media": "0.40", "pontos": "0.00", "apelido": "Diego", "posicao": {"abreviacao": "GOL", "id": 1, "nome": "Goleiro"}, "partida_clube_visitante": {"mercado": 1, "slug": "ponte-preta", "abreviacao": "pon", "id": 303, "nome": "ponte preta"}, "partida_clube_casa": {"mercado": 1, "slug": "avai", "abreviacao": "ava", "id": 314, "nome": "ava\u00ed"}}, {"status": "Suspenso", "foto": "http://s.glbimg.com/es/sde/f/2015/10/27/8f57bbbfea830af5f31e63c750bf4034_FORMATO.png", "clube": {"mercado": 1, "slug": "santos", "abreviacao": "san", "id": 277, "nome": "santos"}, "status_id": 3, "jogos": 11, "scout": [{"quantidade": 4, "nome": "SG"}, {"quantidade": 5, "nome": "FS"}, {"quantidade": 22, "nome": "PE"}, {"quantidade": 13, "nome": "RB"}, {"quantidade": 6, "nome": "FC"}, {"quantidade": 3, "nome": "CA"}, {"quantidade": 3, "nome": "FF"}, {"quantidade": 1, "nome": "FD"}], "preco": "2.34", "partida_data": "29/11/2015", "variacao": "-0.31", "id": 88224, "media": "2.92", "pontos": "-0.90", "apelido": "Paulo Ricardo", "posicao": {"abreviacao": "ZAG", "id": 3, "nome": "Zagueiro"}, "partida_clube_visitante": {"mercado": 1, "slug": "santos", "abreviacao": "san", "id": 277, "nome": "santos"}, "partida_clube_casa": {"mercado": 1, "slug": "vasco", "abreviacao": "vas", "id": 267, "nome": "vasco"}}]}