{"rodada_id": 2, "page": {"atual": "19", "total": "40"}, "atleta": [{"status": "Prov\u00e1vel", "foto": "http://s.glbimg.com/es/sde/f/2014/11/18/4ba10de0cbe624d4ab529be77b504fe6_FORMATO.jpeg", "clube": {"nome": "flamengo", "escudo_pequeno": "http://s.glbimg.com/es/sde/f/equipes/2013/12/16/flamengo_30x30.png", "id": 262, "mercado": 1, "abreviacao": "fla", "slug": "flamengo"}, "status_id": 7, "media": "1.40", "pontos": "1.40", "apelido": "Paulo Victor", "scout": [{"quantidade": 2, "nome": "PE"}, {"quantidade": 2, "nome": "DD"}, {"quantidade": 2, "nome": "GS"}], "preco": "5.06", "posicao": {"abreviacao": "GOL", "id": 1, "nome": "Goleiro"}, "partida_clube_visitante": {"nome": "sport", "escudo_pequeno": "http://s.glbimg.com/es/sde/f/equipes/2014/09/15/sport_30x30.png", "id": 292, "mercado": 1, "abreviacao": "spo", "slug": "sport"}, "partida_data": "17/05/2015", "partida_clube_casa": {"nome": "flamengo", "escudo_pequeno": "http://s.glbimg.com/es/sde/f/equipes/2013/12/16/flamengo_30x30.png", "id": 262, "mercado": 1, "abreviacao": "fla", "slug": "flamengo"}, "jogos": 1, "variacao": "0.06", "id": 68873}, {"status": "Prov\u00e1vel", "foto": "http://s.glbimg.com/es/sde/f/2010/11/17/fb30943f3b166d9e96583c98ff7021a8_FORMATO.jpeg", "clube": {"nome": "santos", "escudo_pequeno": "http://s.glbimg.com/es/sde/f/equipes/2013/12/16/santos_30x30.png", "id": 277, "mercado": 1, "abreviacao": "san", "slug": "santos"}, "status_id": 7, "media": "0.40", "pontos": "0.40", "apelido": "Vladimir", "scout": [{"quantidade": 2, "nome": "PE"}, {"quantidade": 1, "nome": "DD"}, {"quantidade": 1, "nome": "GS"}], "preco": "5.06", "posicao": {"abreviacao": "GOL", "id": 1, "nome": "Goleiro"}, "partida_clube_visitante": {"nome": "cruzeiro", "escudo_pequeno": "http://s.glbimg.com/es/sde/f/equipes/2015/04/29/cruzeiro_30.png", "id": 283, "mercado": 1, "abreviacao": "cru", "slug": "cruzeiro"}, "partida_data": "17/05/2015", "partida_clube_casa": {"nome": "santos", "escudo_pequeno": "http://s.glbimg.com/es/sde/f/equipes/2013/12/16/santos_30x30.png", "id": 277, "mercado": 1, "abreviacao": "san", "slug": "santos"}, "jogos": 1, "variacao": "-0.94", "id": 69040}, {"status": "Nulo", "foto": "http://s.glbimg.com/es/sde/f/2014/02/07/3c2b3cc2ee8cda0eb89ae3397f362043_FORMATO.jpeg", "clube": {"nome": "ava\u00ed", "escudo_pequeno": "http://s.glbimg.com/es/sde/f/equipes/2013/12/16/avai_30x30.png", "id": 314, "mercado": 1, "abreviacao": "ava", "slug": "avai"}, "status_id": 6, "media": "0.00", "pontos": "0.00", "apelido": "Marrone", "scout": [], "preco": "5.00", "posicao": {"abreviacao": "LAT", "id": 2, "nome": "Lateral"}, "partida_clube_visitante": {"nome": "ava\u00ed", "escudo_pequeno": "http://s.glbimg.com/es/sde/f/equipes/2013/12/16/avai_30x30.png", "id": 314, "mercado": 1, "abreviacao": "ava", "slug": "avai"}, "partida_data": "17/05/2015", "partida_clube_casa": {"nome": "internacional", "escudo_pequeno": "http://s.glbimg.com/es/sde/f/equipes/2014/04/14/internacional_30x30.png", "id": 285, "mercado": 1, "abreviacao": "int", "slug": "internacional"}, "jogos": 0, "variacao": "0.00", "id": 80323}, {"status": "Nulo", "foto": "http://s.glbimg.com/es/sde/f/2014/08/01/8921a5cfe16491ea6766d98c7f24ff76_FORMATO.jpeg", "clube": {"nome": "cruzeiro", "escudo_pequeno": "http://s.glbimg.com/es/sde/f/equipes/2015/04/29/cruzeiro_30.png", "id": 283, "mercado": 1, "abreviacao": "cru", "slug": "cruzeiro"}, "status_id": 6, "media": "0.00", "pontos": "0.00", "apelido": "Douglas Grolli", "scout": [], "preco": "5.00", "posicao": {"abreviacao": "ZAG", "id": 3, "nome": "Zagueiro"}, "partida_clube_visitante": {"nome": "cruzeiro", "escudo_pequeno": "http://s.glbimg.com/es/sde/f/equipes/2015/04/29/cruzeiro_30.png", "id": 283, "mercado": 1, "abreviacao": "cru", "slug": "cruzeiro"}, "partida_data": "17/05/2015", "partida_clube_casa": {"nome": "santos", "escudo_pequeno": "http://s.glbimg.com/es/sde/f/equipes/2013/12/16/santos_30x30.png", "id": 277, "mercado": 1, "abreviacao": "san", "slug": "santos"}, "jogos": 0, "variacao": "0.00", "id": 78407}, {"status": "Nulo", "foto": "http://s.glbimg.com/es/sde/f/2012/09/19/06be1e033deab6e4bb4ab9a8fb14e2fe_FORMATO.jpeg", "clube": {"nome": "ava\u00ed", "escudo_pequeno": "http://s.glbimg.com/es/sde/f/equipes/2013/12/16/avai_30x30.png", "id": 314, "mercado": 1, "abreviacao": "ava", "slug": "avai"}, "status_id": 6, "media": "0.00", "pontos": "0.00", "apelido": "Nino Para\u00edba", "scout": [], "preco": "5.00", "posicao": {"abreviacao": "LAT", "id": 2, "nome": "Lateral"}, "partida_clube_visitante": {"nome": "ava\u00ed", "escudo_pequeno": "http://s.glbimg.com/es/sde/f/equipes/2013/12/16/avai_30x30.png", "id": 314, "mercado": 1, "abreviacao": "ava", "slug": "avai"}, "partida_data": "17/05/2015", "partida_clube_casa": {"nome": "internacional", "escudo_pequeno": "http://s.glbimg.com/es/sde/f/equipes/2014/04/14/internacional_30x30.png", "id": 285, "mercado": 1, "abreviacao": "int", "slug": "internacional"}, "jogos": 0, "variacao": "0.00", "id": 68808}, {"status": "Nulo", "foto": "http://s.glbimg.com/es/sde/f/2012/09/13/c44d29f4098b368843a2bdffe6b303f6_FORMATO.jpeg", "clube": {"nome": "ava\u00ed", "escudo_pequeno": "http://s.glbimg.com/es/sde/f/equipes/2013/12/16/avai_30x30.png", "id": 314, "mercado": 1, "abreviacao": "ava", "slug": "avai"}, "status_id": 6, "media": "0.00", "pontos": "0.00", "apelido": "Bruno Mendes", "scout": [], "preco": "5.00", "posicao": {"abreviacao": "ATA", "id": 5, "nome": "Atacante"}, "partida_clube_visitante": {"nome": "ava\u00ed", "escudo_pequeno": "http://s.glbimg.com/es/sde/f/equipes/2013/12/16/avai_30x30.png", "id": 314, "mercado": 1, "abreviacao": "ava", "slug": "avai"}, "partida_data": "17/05/2015", "partida_clube_casa": {"nome": "internacional", "escudo_pequeno": "http://s.glbimg.com/es/sde/f/equipes/2014/04/14/internacional_30x30.png", "id": 285, "mercado": 1, "abreviacao": "int", "slug": "internacional"}, "jogos": 0, "variacao": "0.00", "id": 78977}, {"status": "Prov\u00e1vel", "foto": "http://s.glbimg.com/es/sde/f/2015/02/03/9bccd44ea5c30321b2f7e3ce33a25d93_FORMATO.jpeg", "clube": {"nome": "ava\u00ed", "escudo_pequeno": "http://s.glbimg.com/es/sde/f/equipes/2013/12/16/avai_30x30.png", "id": 314, "mercado": 1, "abreviacao": "ava", "slug": "avai"}, "status_id": 7, "media": "0.00", "pontos": "0.00", "apelido": "Hugo", "scout": [], "preco": "5.00", "posicao": {"abreviacao": "ATA", "id": 5, "nome": "Atacante"}, "partida_clube_visitante": {"nome": "ava\u00ed", "escudo_pequeno": "http://s.glbimg.com/es/sde/f/equipes/2013/12/16/avai_30x30.png", "id": 314, "mercado": 1, "abreviacao": "ava", "slug": "avai"}, "partida_data": "17/05/2015", "partida_clube_casa": {"nome": "internacional", "escudo_pequeno": "http://s.glbimg.com/es/sde/f/equipes/2014/04/14/internacional_30x30.png", "id": 285, "mercado": 1, "abreviacao": "int", "slug": "internacional"}, "jogos": 0, "variacao": "0.00", "id": 71995}, {"status": "Nulo", "foto": "http://s.glbimg.com/es/sde/f/2011/08/10/edff25408c13d9f732756bec72ac6e89_FORMATO.jpeg", "clube": {"nome": "atl\u00e9tico-mg", "escudo_pequeno": "http://s.glbimg.com/es/sde/f/equipes/2013/12/16/atletico_mg_30x30.png", "id": 282, "mercado": 1, "abreviacao": "atl", "slug": "atletico-mg"}, "status_id": 6, "media": "0.00", "pontos": "0.00", "apelido": "Andr\u00e9", "scout": [], "preco": "5.00", "posicao": {"abreviacao": "ATA", "id": 5, "nome": "Atacante"}, "partida_clube_visitante": {"nome": "fluminense", "escudo_pequeno": "http://s.glbimg.com/es/sde/f/equipes/2015/05/05/fluminense-escudo-30x30.png", "id": 266, "mercado": 1, "abreviacao": "flu", "slug": "fluminense"}, "partida_data": "17/05/2015", "partida_clube_casa": {"nome": "atl\u00e9tico-mg", "escudo_pequeno": "http://s.glbimg.com/es/sde/f/equipes/2013/12/16/atletico_mg_30x30.png", "id": 282, "mercado": 1, "abreviacao": "atl", "slug": "atletico-mg"}, "jogos": 0, "variacao": "0.00", "id": 68690}, {"status": "Nulo", "foto": "http://s.glbimg.com/es/sde/f/2011/08/10/2987840837eafe3aa0347aba1daa7179_FORMATO.jpeg", "clube": {"nome": "palmeiras", "escudo_pequeno": "http://s.glbimg.com/es/sde/f/equipes/2013/12/16/palmeiras_30x30.png", "id": 275, "mercado": 1, "abreviacao": "pal", "slug": "palmeiras"}, "status_id": 6, "media": "0.00", "pontos": "0.00", "apelido": "Leandro", "scout": [], "preco": "5.00", "posicao": {"abreviacao": "ATA", "id": 5, "nome": "Atacante"}, "partida_clube_visitante": {"nome": "palmeiras", "escudo_pequeno": "http://s.glbimg.com/es/sde/f/equipes/2013/12/16/palmeiras_30x30.png", "id": 275, "mercado": 1, "abreviacao": "pal", "slug": "palmeiras"}, "partida_data": "17/05/2015", "partida_clube_casa": {"nome": "joinville", "escudo_pequeno": "http://s.glbimg.com/es/sde/f/organizacoes/2015/01/08/Joinville30.png", "id": 317, "mercado": 1, "abreviacao": "jec", "slug": "joinville"}, "jogos": 0, "variacao": "0.00", "id": 73085}, {"status": "Nulo", "foto": "http://s.glbimg.com/es/sde/f/2015/01/20/b088b3c467fde6691287df16d2fca4a4_FORMATO.jpeg", "clube": {"nome": "ava\u00ed", "escudo_pequeno": "http://s.glbimg.com/es/sde/f/equipes/2013/12/16/avai_30x30.png", "id": 314, "mercado": 1, "abreviacao": "ava", "slug": "avai"}, "status_id": 6, "media": "0.00", "pontos": "0.00", "apelido": "Claudinei", "scout": [], "preco": "5.00", "posicao": {"abreviacao": "MEI", "id": 4, "nome": "Meia"}, "partida_clube_visitante": {"nome": "ava\u00ed", "escudo_pequeno": "http://s.glbimg.com/es/sde/f/equipes/2013/12/16/avai_30x30.png", "id": 314, "mercado": 1, "abreviacao": "ava", "slug": "avai"}, "partida_data": "17/05/2015", "partida_clube_casa": {"nome": "internacional", "escudo_pequeno": "http://s.glbimg.com/es/sde/f/equipes/2014/04/14/internacional_30x30.png", "id": 285, "mercado": 1, "abreviacao": "int", "slug": "internacional"}, "jogos": 0, "variacao": "0.00", "id": 73863}, {"status": "D\u00favida", "foto": "http://s.glbimg.com/es/sde/f/2014/06/15/f909f2955229b20f3a2840265909f94a_FORMATO.png", "clube": {"nome": "gr\u00eamio", "escudo_pequeno": "http://s.glbimg.com/es/sde/f/equipes/2013/12/16/gremio_30x30.png", "id": 284, "mercado": 1, "abreviacao": "gre", "slug": "gremio"}, "status_id": 2, "media": "0.00", "pontos": "0.00", "apelido": "Erazo", "scout": [], "preco": "5.00", "posicao": {"abreviacao": "ZAG", "id": 3, "nome": "Zagueiro"}, "partida_clube_visitante": {"nome": "gr\u00eamio", "escudo_pequeno": "http://s.glbimg.com/es/sde/f/equipes/2013/12/16/gremio_30x30.png", "id": 284, "mercado": 1, "abreviacao": "gre", "slug": "gremio"}, "partida_data": "16/05/2015", "partida_clube_casa": {"nome": "coritiba", "escudo_pequeno": "http://s.glbimg.com/es/sde/f/equipes/2013/12/16/coritiba_30x30.png", "id": 294, "mercado": 1, "abreviacao": "cor", "slug": "coritiba"}, "jogos": 0, "variacao": "0.00", "id": 81223}, {"status": "Nulo", "foto": "http://s.glbimg.com/es/sde/f/2015/01/15/b37458155dfb82675403193346471712_FORMATO.jpeg", "clube": {"nome": "internacional", "escudo_pequeno": "http://s.glbimg.com/es/sde/f/equipes/2014/04/14/internacional_30x30.png", "id": 285, "mercado": 1, "abreviacao": "int", "slug": "internacional"}, "status_id": 6, "media": "0.00", "pontos": "0.00", "apelido": "Dida", "scout": [], "preco": "5.00", "posicao": {"abreviacao": "GOL", "id": 1, "nome": "Goleiro"}, "partida_clube_visitante": {"nome": "ava\u00ed", "escudo_pequeno": "http://s.glbimg.com/es/sde/f/equipes/2013/12/16/avai_30x30.png", "id": 314, "mercado": 1, "abreviacao": "ava", "slug": "avai"}, "partida_data": "17/05/2015", "partida_clube_casa": {"nome": "internacional", "escudo_pequeno": "http://s.glbimg.com/es/sde/f/equipes/2014/04/14/internacional_30x30.png", "id": 285, "mercado": 1, "abreviacao": "int", "slug": "internacional"}, "jogos": 0, "variacao": "0.00", "id": 36443}, {"status": "Prov\u00e1vel", "foto": "http://s.glbimg.com/es/sde/f/2015/04/30/a4290d8b5db5aeb4c1fa78565a8f822e_FORMATO.jpeg", "clube": {"nome": "internacional", "escudo_pequeno": "http://s.glbimg.com/es/sde/f/equipes/2014/04/14/internacional_30x30.png", "id": 285, "mercado": 1, "abreviacao": "int", "slug": "internacional"}, "status_id": 7, "media": "0.00", "pontos": "0.00", "apelido": "Nicol\u00e1s Freitas", "scout": [], "preco": "5.00", "posicao": {"abreviacao": "MEI", "id": 4, "nome": "Meia"}, "partida_clube_visitante": {"nome": "ava\u00ed", "escudo_pequeno": "http://s.glbimg.com/es/sde/f/equipes/2013/12/16/avai_30x30.png", "id": 314, "mercado": 1, "abreviacao": "ava", "slug": "avai"}, "partida_data": "17/05/2015", "partida_clube_casa": {"nome": "internacional", "escudo_pequeno": "http://s.glbimg.com/es/sde/f/equipes/2014/04/14/internacional_30x30.png", "id": 285, "mercado": 1, "abreviacao": "int", "slug": "internacional"}, "jogos": 0, "variacao": "0.00", "id": 73750}, {"status": "Contundido", "foto": "http://s.glbimg.com/es/sde/f/2010/11/17/547a6acf7e52e757591d13c52b544856_FORMATO.jpeg", "clube": {"nome": "palmeiras", "escudo_pequeno": "http://s.glbimg.com/es/sde/f/equipes/2013/12/16/palmeiras_30x30.png", "id": 275, "mercado": 1, "abreviacao": "pal", "slug": "palmeiras"}, "status_id": 5, "media": "0.00", "pontos": "0.00", "apelido": "Arouca", "scout": [], "preco": "5.00", "posicao": {"abreviacao": "MEI", "id": 4, "nome": "Meia"}, "partida_clube_visitante": {"nome": "palmeiras", "escudo_pequeno": "http://s.glbimg.com/es/sde/f/equipes/2013/12/16/palmeiras_30x30.png", "id": 275, "mercado": 1, "abreviacao": "pal", "slug": "palmeiras"}, "partida_data": "17/05/2015", "partida_clube_casa": {"nome": "joinville", "escudo_pequeno": "http://s.glbimg.com/es/sde/f/organizacoes/2015/01/08/Joinville30.png", "id": 317, "mercado": 1, "abreviacao": "jec", "slug": "joinville"}, "jogos": 0, "variacao": "0.00", "id": 37718}, {"status": "Nulo", "foto": "http://s.glbimg.com/es/sde/f/2015/01/19/2aa8c69602dd7a01254b509886e4319a_FORMATO.jpeg", "clube": {"nome": "palmeiras", "escudo_pequeno": "http://s.glbimg.com/es/sde/f/equipes/2013/12/16/palmeiras_30x30.png", "id": 275, "mercado": 1, "abreviacao": "pal", "slug": "palmeiras"}, "status_id": 6, "media": "0.00", "pontos": "0.00", "apelido": "Victor Luis", "scout": [], "preco": "5.00", "posicao": {"abreviacao": "MEI", "id": 4, "nome": "Meia"}, "partida_clube_visitante": {"nome": "palmeiras", "escudo_pequeno": "http://s.glbimg.com/es/sde/f/equipes/2013/12/16/palmeiras_30x30.png", "id": 275, "mercado": 1, "abreviacao": "pal", "slug": "palmeiras"}, "partida_data": "17/05/2015", "partida_clube_casa": {"nome": "joinville", "escudo_pequeno": "http://s.glbimg.com/es/sde/f/organizacoes/2015/01/08/Joinville30.png", "id": 317, "mercado": 1, "abreviacao": "jec", "slug": "joinville"}, "jogos": 0, "variacao": "0.00", "id": 86410}, {"status": "Contundido", "foto": "http://s.glbimg.com/es/sde/f/2013/04/21/f488fa771ce9599d8bb8ff911172f44a_FORMATO.jpeg", "clube": {"nome": "internacional", "escudo_pequeno": "http://s.glbimg.com/es/sde/f/equipes/2014/04/14/internacional_30x30.png", "id": 285, "mercado": 1, "abreviacao": "int", "slug": "internacional"}, "status_id": 5, "media": "0.00", "pontos": "0.00", "apelido": "Matheus Bertotto", "scout": [], "preco": "5.00", "posicao": {"abreviacao": "MEI", "id": 4, "nome": "Meia"}, "partida_clube_visitante": {"nome": "ava\u00ed", "escudo_pequeno": "http://s.glbimg.com/es/sde/f/equipes/2013/12/16/avai_30x30.png", "id": 314, "mercado": 1, "abreviacao": "ava", "slug": "avai"}, "partida_data": "17/05/2015", "partida_clube_casa": {"nome": "internacional", "escudo_pequeno": "http://s.glbimg.com/es/sde/f/equipes/2014/04/14/internacional_30x30.png", "id": 285, "mercado": 1, "abreviacao": "int", "slug": "internacional"}, "jogos": 0, "variacao": "0.00", "id": 78530}, {"status": "Nulo", "foto": "http://s.glbimg.com/es/sde/f/2014/08/29/761228613d42f2d82cf223c82ad47e04_FORMATO.jpeg", "clube": {"nome": "palmeiras", "escudo_pequeno": "http://s.glbimg.com/es/sde/f/equipes/2013/12/16/palmeiras_30x30.png", "id": 275, "mercado": 1, "abreviacao": "pal", "slug": "palmeiras"}, "status_id": 6, "media": "0.00", "pontos": "0.00", "apelido": "Nathan", "scout": [], "preco": "5.00", "posicao": {"abreviacao": "ZAG", "id": 3, "nome": "Zagueiro"}, "partida_clube_visitante": {"nome": "palmeiras", "escudo_pequeno": "http://s.glbimg.com/es/sde/f/equipes/2013/12/16/palmeiras_30x30.png", "id": 275, "mercado": 1, "abreviacao": "pal", "slug": "palmeiras"}, "partida_data": "17/05/2015", "partida_clube_casa": {"nome": "joinville", "escudo_pequeno": "http://s.glbimg.com/es/sde/f/organizacoes/2015/01/08/Joinville30.png", "id": 317, "mercado": 1, "abreviacao": "jec", "slug": "joinville"}, "jogos": 0, "variacao": "0.00", "id": 89156}, {"status": "Nulo", "foto": "http://s.glbimg.com/es/sde/f/2015/01/11/ec2256fa0d471e1683932dbd77e1e5fc_FORMATO.jpeg", "clube": {"nome": "joinville", "escudo_pequeno": "http://s.glbimg.com/es/sde/f/organizacoes/2015/01/08/Joinville30.png", "id": 317, "mercado": 1, "abreviacao": "jec", "slug": "joinville"}, "status_id": 6, "media": "0.00", "pontos": "0.00", "apelido": "Dr\u00e1usio", "scout": [], "preco": "5.00", "posicao": {"abreviacao": "ZAG", "id": 3, "nome": "Zagueiro"}, "partida_clube_visitante": {"nome": "palmeiras", "escudo_pequeno": "http://s.glbimg.com/es/sde/f/equipes/2013/12/16/palmeiras_30x30.png", "id": 275, "mercado": 1, "abreviacao": "pal", "slug": "palmeiras"}, "partida_data": "17/05/2015", "partida_clube_casa": {"nome": "joinville", "escudo_pequeno": "http://s.glbimg.com/es/sde/f/organizacoes/2015/01/08/Joinville30.png", "id": 317, "mercado": 1, "abreviacao": "jec", "slug": "joinville"}, "jogos": 0, "variacao": "0.00", "id": 78648}, {"status": "Contundido", "foto": "http://s.glbimg.com/es/sde/f/2015/01/05/6ccbba60986fe41cc8e5bbfbef085326_FORMATO.jpeg", "clube": {"nome": "coritiba", "escudo_pequeno": "http://s.glbimg.com/es/sde/f/equipes/2013/12/16/coritiba_30x30.png", "id": 294, "mercado": 1, "abreviacao": "cor", "slug": "coritiba"}, "status_id": 5, "media": "0.00", "pontos": "0.00", "apelido": "Giva", "scout": [], "preco": "5.00", "posicao": {"abreviacao": "ATA", "id": 5, "nome": "Atacante"}, "partida_clube_visitante": {"nome": "gr\u00eamio", "escudo_pequeno": "http://s.glbimg.com/es/sde/f/equipes/2013/12/16/gremio_30x30.png", "id": 284, "mercado": 1, "abreviacao": "gre", "slug": "gremio"}, "partida_data": "16/05/2015", "partida_clube_casa": {"nome": "coritiba", "escudo_pequeno": "http://s.glbimg.com/es/sde/f/equipes/2013/12/16/coritiba_30x30.png", "id": 294, "mercado": 1, "abreviacao": "cor", "slug": "coritiba"}, "jogos": 0, "variacao": "0.00", "id": 83255}, {"status": "Nulo", "foto": "http://s.glbimg.com/es/sde/f/2012/09/27/7183f11f1cf93d38b08b350ee4e375d9_FORMATO.png", "clube": {"nome": "coritiba", "escudo_pequeno": "http://s.glbimg.com/es/sde/f/equipes/2013/12/16/coritiba_30x30.png", "id": 294, "mercado": 1, "abreviacao": "cor", "slug": "coritiba"}, "status_id": 6, "media": "0.00", "pontos": "0.00", "apelido": "Van\u00e1", "scout": [], "preco": "5.00", "posicao": {"abreviacao": "GOL", "id": 1, "nome": "Goleiro"}, "partida_clube_visitante": {"nome": "gr\u00eamio", "escudo_pequeno": "http://s.glbimg.com/es/sde/f/equipes/2013/12/16/gremio_30x30.png", "id": 284, "mercado": 1, "abreviacao": "gre", "slug": "gremio"}, "partida_data": "16/05/2015", "partida_clube_casa": {"nome": "coritiba", "escudo_pequeno": "http://s.glbimg.com/es/sde/f/equipes/2013/12/16/coritiba_30x30.png", "id": 294, "mercado": 1, "abreviacao": "cor", "slug": "coritiba"}, "jogos": 0, "variacao": "0.00", "id": 79535}]}