{"rodada_id": 30, "page": {"atual": "10", "total": "42"}, "atleta": [{"status": "Nulo", "foto": "http://s.glbimg.com/es/sde/f/2015/01/15/60166331e9ffc63419f453a00742516d_FORMATO.jpeg", "clube": {"mercado": 1, "slug": "corinthians", "abreviacao": "cor", "id": 264, "nome": "corinthians"}, "status_id": 6, "jogos": 2, "scout": [{"quantidade": 2, "nome": "SG"}, {"quantidade": 3, "nome": "PE"}, {"quantidade": 6, "nome": "DD"}], "preco": "8.99", "partida_data": "15/10/2015", "variacao": "0.00", "id": 51413, "media": "13.55", "pontos": "0.00", "apelido": "Walter", "posicao": {"abreviacao": "GOL", "id": 1, "nome": "Goleiro"}, "partida_clube_visitante": {"mercado": 1, "slug": "goias", "abreviacao": "goi", "id": 290, "nome": "goi\u00e1s"}, "partida_clube_casa": {"mercado": 1, "slug": "corinthians", "abreviacao": "cor", "id": 264, "nome": "corinthians"}}, {"status": "Prov\u00e1vel", "foto": "http://s.glbimg.com/es/sde/f/2015/07/28/99b3e143cc52f3f40c917f4345746d30_FORMATO.jpeg", "clube": {"mercado": 1, "slug": "figueirense", "abreviacao": "fig", "id": 316, "nome": "figueirense"}, "status_id": 7, "jogos": 20, "scout": [{"quantidade": 26, "nome": "FS"}, {"quantidade": 61, "nome": "PE"}, {"quantidade": 6, "nome": "A"}, {"quantidade": 3, "nome": "G"}, {"quantidade": 20, "nome": "I"}, {"quantidade": 11, "nome": "RB"}, {"quantidade": 25, "nome": "FC"}, {"quantidade": 4, "nome": "CA"}, {"quantidade": 1, "nome": "CV"}, {"quantidade": 13, "nome": "FF"}, {"quantidade": 9, "nome": "FD"}], "preco": "8.98", "partida_data": "14/10/2015", "variacao": "1.61", "id": 81770, "media": "2.51", "pontos": "8.70", "apelido": "Clayton", "posicao": {"abreviacao": "ATA", "id": 5, "nome": "Atacante"}, "partida_clube_visitante": {"mercado": 1, "slug": "flamengo", "abreviacao": "fla", "id": 262, "nome": "flamengo"}, "partida_clube_casa": {"mercado": 1, "slug": "figueirense", "abreviacao": "fig", "id": 316, "nome": "figueirense"}}, {"status": "Prov\u00e1vel", "foto": "http://s.glbimg.com/es/sde/f/2014/08/14/529c68e1d8c96eea828d6c939d03fd48_FORMATO.jpeg", "clube": {"mercado": 1, "slug": "joinville", "abreviacao": "jec", "id": 317, "nome": "joinville"}, "status_id": 7, "jogos": 22, "scout": [{"quantidade": 19, "nome": "FS"}, {"quantidade": 63, "nome": "PE"}, {"quantidade": 1, "nome": "A"}, {"quantidade": 57, "nome": "RB"}, {"quantidade": 35, "nome": "FC"}, {"quantidade": 8, "nome": "CA"}, {"quantidade": 9, "nome": "FF"}, {"quantidade": 3, "nome": "FD"}], "preco": "8.98", "partida_data": "14/10/2015", "variacao": "-0.61", "id": 68910, "media": "3.10", "pontos": "5.10", "apelido": "Anselmo", "posicao": {"abreviacao": "MEI", "id": 4, "nome": "Meia"}, "partida_clube_visitante": {"mercado": 1, "slug": "coritiba", "abreviacao": "cor", "id": 294, "nome": "coritiba"}, "partida_clube_casa": {"mercado": 1, "slug": "joinville", "abreviacao": "jec", "id": 317, "nome": "joinville"}}, {"status": "Prov\u00e1vel", "foto": "http://s.glbimg.com/es/sde/f/2012/04/04/8d57e6d6786410d790730ca1daf9a85b_FORMATO.jpeg", "clube": {"mercado": 1, "slug": "internacional", "abreviacao": "int", "id": 285, "nome": "internacional"}, "status_id": 7, "jogos": 20, "scout": [{"quantidade": 17, "nome": "FS"}, {"quantidade": 38, "nome": "PE"}, {"quantidade": 2, "nome": "A"}, {"quantidade": 1, "nome": "G"}, {"quantidade": 2, "nome": "I"}, {"quantidade": 55, "nome": "RB"}, {"quantidade": 39, "nome": "FC"}, {"quantidade": 3, "nome": "CA"}, {"quantidade": 6, "nome": "FF"}, {"quantidade": 1, "nome": "FD"}], "preco": "8.95", "partida_data": "14/10/2015", "variacao": "1.35", "id": 78865, "media": "4.38", "pontos": "12.30", "apelido": "Rodrigo Dourado", "posicao": {"abreviacao": "MEI", "id": 4, "nome": "Meia"}, "partida_clube_visitante": {"mercado": 1, "slug": "internacional", "abreviacao": "int", "id": 285, "nome": "internacional"}, "partida_clube_casa": {"mercado": 1, "slug": "atletico-mg", "abreviacao": "atl", "id": 282, "nome": "atl\u00e9tico-mg"}}, {"status": "Prov\u00e1vel", "foto": "http://s.glbimg.com/es/sde/f/2014/07/24/259ef04176ef71caa22df209bd63746c_FORMATO.jpeg", "clube": {"mercado": 1, "slug": "gremio", "abreviacao": "gre", "id": 284, "nome": "gr\u00eamio"}, "status_id": 7, "jogos": 26, "scout": [{"quantidade": 21, "nome": "FS"}, {"quantidade": 96, "nome": "PE"}, {"quantidade": 1, "nome": "A"}, {"quantidade": 59, "nome": "RB"}, {"quantidade": 44, "nome": "FC"}, {"quantidade": 8, "nome": "CA"}, {"quantidade": 1, "nome": "CV"}, {"quantidade": 6, "nome": "FF"}, {"quantidade": 5, "nome": "FD"}], "preco": "8.85", "partida_data": "15/10/2015", "variacao": "-0.33", "id": 88479, "media": "2.04", "pontos": "-0.50", "apelido": "Walace", "posicao": {"abreviacao": "MEI", "id": 4, "nome": "Meia"}, "partida_clube_visitante": {"mercado": 1, "slug": "santos", "abreviacao": "san", "id": 277, "nome": "santos"}, "partida_clube_casa": {"mercado": 1, "slug": "gremio", "abreviacao": "gre", "id": 284, "nome": "gr\u00eamio"}}, {"status": "Suspenso", "foto": "http://s.glbimg.com/es/sde/f/2015/07/22/8e60e75476439bc362da544aa754b550_FORMATO.png", "clube": {"mercado": 1, "slug": "atletico-pr", "abreviacao": "atl", "id": 293, "nome": "atl\u00e9tico-pr"}, "status_id": 3, "jogos": 26, "scout": [{"quantidade": 8, "nome": "SG"}, {"quantidade": 25, "nome": "FS"}, {"quantidade": 122, "nome": "PE"}, {"quantidade": 1, "nome": "A"}, {"quantidade": 1, "nome": "I"}, {"quantidade": 45, "nome": "RB"}, {"quantidade": 44, "nome": "FC"}, {"quantidade": 6, "nome": "CA"}, {"quantidade": 8, "nome": "FF"}, {"quantidade": 2, "nome": "FD"}], "preco": "8.83", "partida_data": "14/10/2015", "variacao": "-0.66", "id": 50645, "media": "2.71", "pontos": "-2.00", "apelido": "Eduardo", "posicao": {"abreviacao": "LAT", "id": 2, "nome": "Lateral"}, "partida_clube_visitante": {"mercado": 1, "slug": "cruzeiro", "abreviacao": "cru", "id": 283, "nome": "cruzeiro"}, "partida_clube_casa": {"mercado": 1, "slug": "atletico-pr", "abreviacao": "atl", "id": 293, "nome": "atl\u00e9tico-pr"}}, {"status": "Prov\u00e1vel", "foto": "http://s.glbimg.com/es/sde/f/2012/05/22/ee71acb811899b46733e2e2c8055cb90_FORMATO.jpeg", "clube": {"mercado": 1, "slug": "internacional", "abreviacao": "int", "id": 285, "nome": "internacional"}, "status_id": 7, "jogos": 28, "scout": [], "preco": "8.82", "partida_data": "14/10/2015", "variacao": "0.57", "id": 73317, "media": "3.27", "pontos": "3.35", "apelido": "Argel Fucks", "posicao": {"abreviacao": "TEC", "id": 6, "nome": "T\u00e9cnico"}, "partida_clube_visitante": {"mercado": 1, "slug": "internacional", "abreviacao": "int", "id": 285, "nome": "internacional"}, "partida_clube_casa": {"mercado": 1, "slug": "atletico-mg", "abreviacao": "atl", "id": 282, "nome": "atl\u00e9tico-mg"}}, {"status": "Prov\u00e1vel", "foto": "http://s.glbimg.com/es/sde/f/2015/01/15/0e9335eeaba18e7c4a7fc222a1e59faa_FORMATO.jpeg", "clube": {"mercado": 1, "slug": "sao-paulo", "abreviacao": "sao", "id": 276, "nome": "s\u00e3o paulo"}, "status_id": 7, "jogos": 21, "scout": [{"quantidade": 9, "nome": "SG"}, {"quantidade": 15, "nome": "FS"}, {"quantidade": 55, "nome": "PE"}, {"quantidade": 1, "nome": "A"}, {"quantidade": 1, "nome": "I"}, {"quantidade": 20, "nome": "RB"}, {"quantidade": 26, "nome": "FC"}, {"quantidade": 4, "nome": "CA"}, {"quantidade": 2, "nome": "FF"}], "preco": "8.81", "partida_data": "14/10/2015", "variacao": "0.62", "id": 42499, "media": "2.62", "pontos": "4.70", "apelido": "Bruno", "posicao": {"abreviacao": "LAT", "id": 2, "nome": "Lateral"}, "partida_clube_visitante": {"mercado": 1, "slug": "sao-paulo", "abreviacao": "sao", "id": 276, "nome": "s\u00e3o paulo"}, "partida_clube_casa": {"mercado": 1, "slug": "fluminense", "abreviacao": "flu", "id": 266, "nome": "fluminense"}}, {"status": "Prov\u00e1vel", "foto": "http://s.glbimg.com/es/sde/f/2014/12/17/b0e34c8b3b3b1730dfe88cfef867572c_FORMATO.jpeg", "clube": {"mercado": 1, "slug": "palmeiras", "abreviacao": "pal", "id": 275, "nome": "palmeiras"}, "status_id": 7, "jogos": 10, "scout": [{"quantidade": 6, "nome": "FS"}, {"quantidade": 13, "nome": "PE"}, {"quantidade": 1, "nome": "FT"}, {"quantidade": 4, "nome": "G"}, {"quantidade": 6, "nome": "I"}, {"quantidade": 1, "nome": "RB"}, {"quantidade": 7, "nome": "FC"}, {"quantidade": 2, "nome": "FF"}, {"quantidade": 4, "nome": "FD"}], "preco": "8.81", "partida_data": "14/10/2015", "variacao": "0.04", "id": 69282, "media": "3.52", "pontos": "-0.10", "apelido": "Lucas Barrios", "posicao": {"abreviacao": "ATA", "id": 5, "nome": "Atacante"}, "partida_clube_visitante": {"mercado": 1, "slug": "ponte-preta", "abreviacao": "pon", "id": 303, "nome": "ponte preta"}, "partida_clube_casa": {"mercado": 1, "slug": "palmeiras", "abreviacao": "pal", "id": 275, "nome": "palmeiras"}}, {"status": "Contundido", "foto": "http://s.glbimg.com/es/sde/f/2011/08/12/383b871472294fc18ceeee9621c73e90_FORMATO.jpeg", "clube": {"mercado": 1, "slug": "figueirense", "abreviacao": "fig", "id": 316, "nome": "figueirense"}, "status_id": 5, "jogos": 20, "scout": [{"quantidade": 24, "nome": "FS"}, {"quantidade": 57, "nome": "PE"}, {"quantidade": 1, "nome": "G"}, {"quantidade": 45, "nome": "RB"}, {"quantidade": 25, "nome": "FC"}, {"quantidade": 2, "nome": "CA"}, {"quantidade": 10, "nome": "FF"}, {"quantidade": 2, "nome": "FD"}], "preco": "8.80", "partida_data": "14/10/2015", "variacao": "0.00", "id": 69047, "media": "3.59", "pontos": "0.00", "apelido": "Paulo Roberto", "posicao": {"abreviacao": "MEI", "id": 4, "nome": "Meia"}, "partida_clube_visitante": {"mercado": 1, "slug": "flamengo", "abreviacao": "fla", "id": 262, "nome": "flamengo"}, "partida_clube_casa": {"mercado": 1, "slug": "figueirense", "abreviacao": "fig", "id": 316, "nome": "figueirense"}}, {"status": "Prov\u00e1vel", "foto": "http://s.glbimg.com/es/sde/f/2015/03/18/29209d424012df98a96a80929e9364c4_FORMATO.jpeg", "clube": {"mercado": 1, "slug": "corinthians", "abreviacao": "cor", "id": 264, "nome": "corinthians"}, "status_id": 7, "jogos": 22, "scout": [{"quantidade": 45, "nome": "FS"}, {"quantidade": 64, "nome": "PE"}, {"quantidade": 2, "nome": "A"}, {"quantidade": 2, "nome": "FT"}, {"quantidade": 3, "nome": "G"}, {"quantidade": 4, "nome": "I"}, {"quantidade": 20, "nome": "RB"}, {"quantidade": 22, "nome": "FC"}, {"quantidade": 2, "nome": "CA"}, {"quantidade": 9, "nome": "FF"}, {"quantidade": 14, "nome": "FD"}], "preco": "8.76", "partida_data": "15/10/2015", "variacao": "-0.06", "id": 88056, "media": "3.70", "pontos": "1.90", "apelido": "Malcom", "posicao": {"abreviacao": "ATA", "id": 5, "nome": "Atacante"}, "partida_clube_visitante": {"mercado": 1, "slug": "goias", "abreviacao": "goi", "id": 290, "nome": "goi\u00e1s"}, "partida_clube_casa": {"mercado": 1, "slug": "corinthians", "abreviacao": "cor", "id": 264, "nome": "corinthians"}}, {"status": "Nulo", "foto": "http://s.glbimg.com/es/sde/f/2011/08/22/f832d1177b5b7439da6dd308f2123132_FORMATO.jpeg", "clube": {"mercado": 1, "slug": "cruzeiro", "abreviacao": "cru", "id": 283, "nome": "cruzeiro"}, "status_id": 6, "jogos": 20, "scout": [{"quantidade": 14, "nome": "FS"}, {"quantidade": 52, "nome": "PE"}, {"quantidade": 1, "nome": "A"}, {"quantidade": 1, "nome": "FT"}, {"quantidade": 2, "nome": "G"}, {"quantidade": 31, "nome": "RB"}, {"quantidade": 34, "nome": "FC"}, {"quantidade": 4, "nome": "CA"}, {"quantidade": 9, "nome": "FF"}, {"quantidade": 4, "nome": "FD"}], "preco": "8.74", "partida_data": "14/10/2015", "variacao": "0.00", "id": 50382, "media": "2.70", "pontos": "0.00", "apelido": "Charles", "posicao": {"abreviacao": "MEI", "id": 4, "nome": "Meia"}, "partida_clube_visitante": {"mercado": 1, "slug": "cruzeiro", "abreviacao": "cru", "id": 283, "nome": "cruzeiro"}, "partida_clube_casa": {"mercado": 1, "slug": "atletico-pr", "abreviacao": "atl", "id": 293, "nome": "atl\u00e9tico-pr"}}, {"status": "Nulo", "foto": "http://s.glbimg.com/es/sde/f/2015/04/30/9ac2cacedd5d1440c0379d6b54d2e7b2_FORMATO.jpeg", "clube": {"mercado": 1, "slug": "internacional", "abreviacao": "int", "id": 285, "nome": "internacional"}, "status_id": 6, "jogos": 20, "scout": [{"quantidade": 17, "nome": "FS"}, {"quantidade": 64, "nome": "PE"}, {"quantidade": 1, "nome": "A"}, {"quantidade": 2, "nome": "I"}, {"quantidade": 29, "nome": "RB"}, {"quantidade": 23, "nome": "FC"}, {"quantidade": 3, "nome": "CA"}, {"quantidade": 1, "nome": "CV"}, {"quantidade": 3, "nome": "FF"}, {"quantidade": 5, "nome": "FD"}], "preco": "8.72", "partida_data": "14/10/2015", "variacao": "-0.61", "id": 38852, "media": "1.35", "pontos": "-1.10", "apelido": "Anderson", "posicao": {"abreviacao": "MEI", "id": 4, "nome": "Meia"}, "partida_clube_visitante": {"mercado": 1, "slug": "internacional", "abreviacao": "int", "id": 285, "nome": "internacional"}, "partida_clube_casa": {"mercado": 1, "slug": "atletico-mg", "abreviacao": "atl", "id": 282, "nome": "atl\u00e9tico-mg"}}, {"status": "Prov\u00e1vel", "foto": "http://s.glbimg.com/es/sde/f/2011/10/06/942984fb95297a6ad232e7be8fbb9a25_FORMATO.jpeg", "clube": {"mercado": 1, "slug": "coritiba", "abreviacao": "cor", "id": 294, "nome": "coritiba"}, "status_id": 7, "jogos": 23, "scout": [], "preco": "8.69", "partida_data": "14/10/2015", "variacao": "0.18", "id": 37246, "media": "3.32", "pontos": "0.99", "apelido": "Ney Franco", "posicao": {"abreviacao": "TEC", "id": 6, "nome": "T\u00e9cnico"}, "partida_clube_visitante": {"mercado": 1, "slug": "coritiba", "abreviacao": "cor", "id": 294, "nome": "coritiba"}, "partida_clube_casa": {"mercado": 1, "slug": "joinville", "abreviacao": "jec", "id": 317, "nome": "joinville"}}, {"status": "Prov\u00e1vel", "foto": "http://s.glbimg.com/es/sde/f/2010/11/12/1cd947a2c7fb36fcabbfdb298fb2165d_FORMATO.jpeg", "clube": {"mercado": 1, "slug": "vasco", "abreviacao": "vas", "id": 267, "nome": "vasco"}, "status_id": 7, "jogos": 10, "scout": [{"quantidade": 9, "nome": "FS"}, {"quantidade": 16, "nome": "PE"}, {"quantidade": 2, "nome": "FT"}, {"quantidade": 6, "nome": "I"}, {"quantidade": 4, "nome": "RB"}, {"quantidade": 10, "nome": "FC"}, {"quantidade": 3, "nome": "CA"}, {"quantidade": 2, "nome": "FF"}, {"quantidade": 3, "nome": "FD"}], "preco": "8.61", "partida_data": "15/10/2015", "variacao": "0.00", "id": 37784, "media": "0.39", "pontos": "0.00", "apelido": "Herrera", "posicao": {"abreviacao": "ATA", "id": 5, "nome": "Atacante"}, "partida_clube_visitante": {"mercado": 1, "slug": "chapecoense", "abreviacao": "cha", "id": 315, "nome": "chapecoense"}, "partida_clube_casa": {"mercado": 1, "slug": "vasco", "abreviacao": "vas", "id": 267, "nome": "vasco"}}, {"status": "D\u00favida", "foto": "http://s.glbimg.com/es/sde/f/2010/11/16/6971489dda12175042c8faebedfc38e0_FORMATO.jpeg", "clube": {"mercado": 1, "slug": "santos", "abreviacao": "san", "id": 277, "nome": "santos"}, "status_id": 2, "jogos": 15, "scout": [{"quantidade": 4, "nome": "SG"}, {"quantidade": 9, "nome": "FS"}, {"quantidade": 44, "nome": "PE"}, {"quantidade": 1, "nome": "FT"}, {"quantidade": 1, "nome": "G"}, {"quantidade": 16, "nome": "RB"}, {"quantidade": 14, "nome": "FC"}, {"quantidade": 5, "nome": "CA"}, {"quantidade": 2, "nome": "FF"}], "preco": "8.59", "partida_data": "15/10/2015", "variacao": "-0.50", "id": 62974, "media": "2.30", "pontos": "1.20", "apelido": "Werley", "posicao": {"abreviacao": "ZAG", "id": 3, "nome": "Zagueiro"}, "partida_clube_visitante": {"mercado": 1, "slug": "santos", "abreviacao": "san", "id": 277, "nome": "santos"}, "partida_clube_casa": {"mercado": 1, "slug": "gremio", "abreviacao": "gre", "id": 284, "nome": "gr\u00eamio"}}, {"status": "Suspenso", "foto": "http://s.glbimg.com/es/sde/f/2015/01/15/29b548438de60310b95834e8d4a4bd51_FORMATO.jpeg", "clube": {"mercado": 1, "slug": "corinthians", "abreviacao": "cor", "id": 264, "nome": "corinthians"}, "status_id": 3, "jogos": 18, "scout": [{"quantidade": 8, "nome": "SG"}, {"quantidade": 10, "nome": "FS"}, {"quantidade": 32, "nome": "PE"}, {"quantidade": 1, "nome": "A"}, {"quantidade": 1, "nome": "G"}, {"quantidade": 1, "nome": "I"}, {"quantidade": 20, "nome": "RB"}, {"quantidade": 17, "nome": "FC"}, {"quantidade": 6, "nome": "CA"}, {"quantidade": 1, "nome": "CV"}, {"quantidade": 7, "nome": "FF"}, {"quantidade": 4, "nome": "FD"}], "preco": "8.58", "partida_data": "15/10/2015", "variacao": "0.09", "id": 73375, "media": "3.63", "pontos": "0.10", "apelido": "Felipe", "posicao": {"abreviacao": "ZAG", "id": 3, "nome": "Zagueiro"}, "partida_clube_visitante": {"mercado": 1, "slug": "goias", "abreviacao": "goi", "id": 290, "nome": "goi\u00e1s"}, "partida_clube_casa": {"mercado": 1, "slug": "corinthians", "abreviacao": "cor", "id": 264, "nome": "corinthians"}}, {"status": "Prov\u00e1vel", "foto": null, "clube": {"mercado": 1, "slug": "cruzeiro", "abreviacao": "cru", "id": 283, "nome": "cruzeiro"}, "status_id": 7, "jogos": 11, "scout": [{"quantidade": 32, "nome": "FS"}, {"quantidade": 29, "nome": "PE"}, {"quantidade": 1, "nome": "G"}, {"quantidade": 1, "nome": "I"}, {"quantidade": 7, "nome": "RB"}, {"quantidade": 16, "nome": "FC"}, {"quantidade": 3, "nome": "CA"}, {"quantidade": 1, "nome": "PP"}, {"quantidade": 10, "nome": "FF"}, {"quantidade": 7, "nome": "FD"}], "preco": "8.55", "partida_data": "14/10/2015", "variacao": "0.00", "id": 68952, "media": "2.11", "pontos": "0.00", "apelido": "Marinho", "posicao": {"abreviacao": "ATA", "id": 5, "nome": "Atacante"}, "partida_clube_visitante": {"mercado": 1, "slug": "cruzeiro", "abreviacao": "cru", "id": 283, "nome": "cruzeiro"}, "partida_clube_casa": {"mercado": 1, "slug": "atletico-pr", "abreviacao": "atl", "id": 293, "nome": "atl\u00e9tico-pr"}}, {"status": "Prov\u00e1vel", "foto": "http://s.glbimg.com/es/sde/f/2011/08/10/e4edd132843071ef543818a82136e24d_FORMATO.jpeg", "clube": {"mercado": 1, "slug": "vasco", "abreviacao": "vas", "id": 267, "nome": "vasco"}, "status_id": 7, "jogos": 10, "scout": [], "preco": "8.49", "partida_data": "15/10/2015", "variacao": "-0.38", "id": 70323, "media": "2.45", "pontos": "-0.45", "apelido": "Jorginho", "posicao": {"abreviacao": "TEC", "id": 6, "nome": "T\u00e9cnico"}, "partida_clube_visitante": {"mercado": 1, "slug": "chapecoense", "abreviacao": "cha", "id": 315, "nome": "chapecoense"}, "partida_clube_casa": {"mercado": 1, "slug": "vasco", "abreviacao": "vas", "id": 267, "nome": "vasco"}}, {"status": "Contundido", "foto": "http://s.glbimg.com/es/sde/f/2014/06/13/ca164fbfcf1703ffdb43965605a92135_FORMATO.jpeg", "clube": {"mercado": 1, "slug": "flamengo", "abreviacao": "fla", "id": 262, "nome": "flamengo"}, "status_id": 5, "jogos": 4, "scout": [{"quantidade": 1, "nome": "SG"}, {"quantidade": 5, "nome": "FS"}, {"quantidade": 17, "nome": "PE"}, {"quantidade": 2, "nome": "A"}, {"quantidade": 1, "nome": "I"}, {"quantidade": 1, "nome": "RB"}, {"quantidade": 6, "nome": "FC"}, {"quantidade": 1, "nome": "CA"}, {"quantidade": 1, "nome": "FF"}], "preco": "8.48", "partida_data": "14/10/2015", "variacao": "0.00", "id": 68693, "media": "2.32", "pontos": "0.00", "apelido": "Armero", "posicao": {"abreviacao": "LAT", "id": 2, "nome": "Lateral"}, "partida_clube_visitante": {"mercado": 1, "slug": "flamengo", "abreviacao": "fla", "id": 262, "nome": "flamengo"}, "partida_clube_casa": {"mercado": 1, "slug": "figueirense", "abreviacao": "fig", "id": 316, "nome": "figueirense"}}]}