{"rodada_id": 30, "page": {"atual": "15", "total": "42"}, "atleta": [{"status": "Prov\u00e1vel", "foto": "http://s.glbimg.com/es/sde/f/2015/01/20/d37042d3b8d245b2cfec8e6e7dbaf04b_FORMATO.jpeg", "clube": {"mercado": 1, "slug": "vasco", "abreviacao": "vas", "id": 267, "nome": "vasco"}, "status_id": 7, "jogos": 6, "scout": [{"quantidade": 6, "nome": "FS"}, {"quantidade": 16, "nome": "PE"}, {"quantidade": 1, "nome": "FT"}, {"quantidade": 1, "nome": "G"}, {"quantidade": 1, "nome": "I"}, {"quantidade": 3, "nome": "RB"}, {"quantidade": 9, "nome": "FC"}, {"quantidade": 3, "nome": "FF"}, {"quantidade": 6, "nome": "FD"}], "preco": "6.54", "partida_data": "15/10/2015", "variacao": "0.17", "id": 40758, "media": "2.98", "pontos": "1.80", "apelido": "Leandr\u00e3o", "posicao": {"abreviacao": "ATA", "id": 5, "nome": "Atacante"}, "partida_clube_visitante": {"mercado": 1, "slug": "chapecoense", "abreviacao": "cha", "id": 315, "nome": "chapecoense"}, "partida_clube_casa": {"mercado": 1, "slug": "vasco", "abreviacao": "vas", "id": 267, "nome": "vasco"}}, {"status": "Nulo", "foto": "http://s.glbimg.com/es/sde/f/2015/01/15/0141d097c80c9cdff17b50f7839922d9_FORMATO.jpeg", "clube": {"mercado": 1, "slug": "flamengo", "abreviacao": "fla", "id": 262, "nome": "flamengo"}, "status_id": 6, "jogos": 4, "scout": [{"quantidade": 3, "nome": "FS"}, {"quantidade": 18, "nome": "PE"}, {"quantidade": 5, "nome": "RB"}, {"quantidade": 3, "nome": "FC"}, {"quantidade": 1, "nome": "FF"}, {"quantidade": 1, "nome": "FD"}], "preco": "6.53", "partida_data": "14/10/2015", "variacao": "0.00", "id": 50453, "media": "1.20", "pontos": "0.00", "apelido": "Anderson Pico", "posicao": {"abreviacao": "LAT", "id": 2, "nome": "Lateral"}, "partida_clube_visitante": {"mercado": 1, "slug": "flamengo", "abreviacao": "fla", "id": 262, "nome": "flamengo"}, "partida_clube_casa": {"mercado": 1, "slug": "figueirense", "abreviacao": "fig", "id": 316, "nome": "figueirense"}}, {"status": "Nulo", "foto": "http://s.glbimg.com/es/sde/f/2015/07/22/2c82c52707a05eff00972ce7ffe0c370_FORMATO.jpeg", "clube": {"mercado": 1, "slug": "gremio", "abreviacao": "gre", "id": 284, "nome": "gr\u00eamio"}, "status_id": 6, "jogos": 13, "scout": [{"quantidade": 9, "nome": "FS"}, {"quantidade": 2, "nome": "PE"}, {"quantidade": 1, "nome": "G"}, {"quantidade": 2, "nome": "I"}, {"quantidade": 5, "nome": "RB"}, {"quantidade": 4, "nome": "FC"}, {"quantidade": 2, "nome": "CA"}, {"quantidade": 3, "nome": "FF"}, {"quantidade": 3, "nome": "FD"}], "preco": "6.50", "partida_data": "15/10/2015", "variacao": "0.00", "id": 83028, "media": "1.41", "pontos": "0.00", "apelido": "Braian Rodr\u00edguez", "posicao": {"abreviacao": "ATA", "id": 5, "nome": "Atacante"}, "partida_clube_visitante": {"mercado": 1, "slug": "santos", "abreviacao": "san", "id": 277, "nome": "santos"}, "partida_clube_casa": {"mercado": 1, "slug": "gremio", "abreviacao": "gre", "id": 284, "nome": "gr\u00eamio"}}, {"status": "Nulo", "foto": "http://s.glbimg.com/es/sde/f/2015/07/21/9ef895d8c95a1f8240a9e0f4c2b301bb_FORMATO.jpeg", "clube": {"mercado": 1, "slug": "palmeiras", "abreviacao": "pal", "id": 275, "nome": "palmeiras"}, "status_id": 6, "jogos": 12, "scout": [{"quantidade": 14, "nome": "FS"}, {"quantidade": 24, "nome": "PE"}, {"quantidade": 3, "nome": "A"}, {"quantidade": 7, "nome": "RB"}, {"quantidade": 14, "nome": "FC"}, {"quantidade": 3, "nome": "CA"}, {"quantidade": 5, "nome": "FF"}, {"quantidade": 7, "nome": "FD"}], "preco": "6.50", "partida_data": "14/10/2015", "variacao": "0.00", "id": 71549, "media": "2.02", "pontos": "0.00", "apelido": "Kelvin", "posicao": {"abreviacao": "ATA", "id": 5, "nome": "Atacante"}, "partida_clube_visitante": {"mercado": 1, "slug": "ponte-preta", "abreviacao": "pon", "id": 303, "nome": "ponte preta"}, "partida_clube_casa": {"mercado": 1, "slug": "palmeiras", "abreviacao": "pal", "id": 275, "nome": "palmeiras"}}, {"status": "Contundido", "foto": "http://s.glbimg.com/es/sde/f/2015/07/22/af25b4e6e00d5e49f725249cc00a1a0d_FORMATO.png", "clube": {"mercado": 1, "slug": "santos", "abreviacao": "san", "id": 277, "nome": "santos"}, "status_id": 5, "jogos": 2, "scout": [{"quantidade": 1, "nome": "FS"}, {"quantidade": 1, "nome": "PE"}, {"quantidade": 3, "nome": "RB"}, {"quantidade": 4, "nome": "FC"}], "preco": "6.50", "partida_data": "15/10/2015", "variacao": "0.00", "id": 50417, "media": "1.65", "pontos": "0.00", "apelido": "Valencia", "posicao": {"abreviacao": "MEI", "id": 4, "nome": "Meia"}, "partida_clube_visitante": {"mercado": 1, "slug": "santos", "abreviacao": "san", "id": 277, "nome": "santos"}, "partida_clube_casa": {"mercado": 1, "slug": "gremio", "abreviacao": "gre", "id": 284, "nome": "gr\u00eamio"}}, {"status": "Prov\u00e1vel", "foto": "http://s.glbimg.com/es/sde/f/2015/07/22/1f84da649fbd0a95baa6434003f934c5_FORMATO.jpeg", "clube": {"mercado": 1, "slug": "goias", "abreviacao": "goi", "id": 290, "nome": "goi\u00e1s"}, "status_id": 7, "jogos": 13, "scout": [{"quantidade": 5, "nome": "SG"}, {"quantidade": 14, "nome": "FS"}, {"quantidade": 49, "nome": "PE"}, {"quantidade": 1, "nome": "I"}, {"quantidade": 20, "nome": "RB"}, {"quantidade": 16, "nome": "FC"}, {"quantidade": 4, "nome": "CA"}, {"quantidade": 2, "nome": "FD"}], "preco": "6.50", "partida_data": "15/10/2015", "variacao": "0.20", "id": 82764, "media": "2.82", "pontos": "0.60", "apelido": "Rafael Forster", "posicao": {"abreviacao": "LAT", "id": 2, "nome": "Lateral"}, "partida_clube_visitante": {"mercado": 1, "slug": "goias", "abreviacao": "goi", "id": 290, "nome": "goi\u00e1s"}, "partida_clube_casa": {"mercado": 1, "slug": "corinthians", "abreviacao": "cor", "id": 264, "nome": "corinthians"}}, {"status": "Prov\u00e1vel", "foto": "http://s.glbimg.com/es/sde/f/2010/11/12/838d17bd4f79621009710f2aade60801_FORMATO.jpeg", "clube": {"mercado": 1, "slug": "atletico-mg", "abreviacao": "atl", "id": 282, "nome": "atl\u00e9tico-mg"}, "status_id": 7, "jogos": 25, "scout": [{"quantidade": 38, "nome": "FS"}, {"quantidade": 60, "nome": "PE"}, {"quantidade": 1, "nome": "A"}, {"quantidade": 36, "nome": "RB"}, {"quantidade": 18, "nome": "FC"}, {"quantidade": 3, "nome": "CA"}, {"quantidade": 6, "nome": "FF"}, {"quantidade": 2, "nome": "FD"}], "preco": "6.45", "partida_data": "14/10/2015", "variacao": "-0.73", "id": 60784, "media": "2.33", "pontos": "-1.60", "apelido": "Rafael Carioca", "posicao": {"abreviacao": "MEI", "id": 4, "nome": "Meia"}, "partida_clube_visitante": {"mercado": 1, "slug": "internacional", "abreviacao": "int", "id": 285, "nome": "internacional"}, "partida_clube_casa": {"mercado": 1, "slug": "atletico-mg", "abreviacao": "atl", "id": 282, "nome": "atl\u00e9tico-mg"}}, {"status": "Nulo", "foto": "http://s.glbimg.com/es/sde/f/2015/07/22/2dce2e3411814f7bd7f6baaeebab2627_FORMATO.jpeg", "clube": {"mercado": 1, "slug": "coritiba", "abreviacao": "cor", "id": 294, "nome": "coritiba"}, "status_id": 6, "jogos": 13, "scout": [{"quantidade": 22, "nome": "FS"}, {"quantidade": 37, "nome": "PE"}, {"quantidade": 2, "nome": "A"}, {"quantidade": 1, "nome": "I"}, {"quantidade": 14, "nome": "RB"}, {"quantidade": 4, "nome": "FC"}, {"quantidade": 1, "nome": "CA"}, {"quantidade": 3, "nome": "FF"}, {"quantidade": 4, "nome": "FD"}], "preco": "6.44", "partida_data": "14/10/2015", "variacao": "0.00", "id": 63283, "media": "2.71", "pontos": "0.00", "apelido": "Esquerdinha", "posicao": {"abreviacao": "MEI", "id": 4, "nome": "Meia"}, "partida_clube_visitante": {"mercado": 1, "slug": "coritiba", "abreviacao": "cor", "id": 294, "nome": "coritiba"}, "partida_clube_casa": {"mercado": 1, "slug": "joinville", "abreviacao": "jec", "id": 317, "nome": "joinville"}}, {"status": "Nulo", "foto": "http://s.glbimg.com/es/sde/f/2011/08/11/a1ff96b0c4000cfb75b5b803d175a708_FORMATO.jpeg", "clube": {"mercado": 1, "slug": "figueirense", "abreviacao": "fig", "id": 316, "nome": "figueirense"}, "status_id": 6, "jogos": 20, "scout": [{"quantidade": 21, "nome": "FS"}, {"quantidade": 21, "nome": "PE"}, {"quantidade": 2, "nome": "G"}, {"quantidade": 12, "nome": "I"}, {"quantidade": 9, "nome": "RB"}, {"quantidade": 29, "nome": "FC"}, {"quantidade": 4, "nome": "CA"}, {"quantidade": 7, "nome": "FF"}, {"quantidade": 8, "nome": "FD"}], "preco": "6.43", "partida_data": "14/10/2015", "variacao": "0.00", "id": 68974, "media": "0.98", "pontos": "0.00", "apelido": "Marc\u00e3o", "posicao": {"abreviacao": "ATA", "id": 5, "nome": "Atacante"}, "partida_clube_visitante": {"mercado": 1, "slug": "flamengo", "abreviacao": "fla", "id": 262, "nome": "flamengo"}, "partida_clube_casa": {"mercado": 1, "slug": "figueirense", "abreviacao": "fig", "id": 316, "nome": "figueirense"}}, {"status": "Prov\u00e1vel", "foto": "http://s.glbimg.com/es/sde/f/2015/07/22/9263451baf0fde02fdbb975c2ef1bcb0_FORMATO.jpeg", "clube": {"mercado": 1, "slug": "avai", "abreviacao": "ava", "id": 314, "nome": "ava\u00ed"}, "status_id": 7, "jogos": 15, "scout": [{"quantidade": 28, "nome": "FS"}, {"quantidade": 26, "nome": "PE"}, {"quantidade": 1, "nome": "FT"}, {"quantidade": 17, "nome": "RB"}, {"quantidade": 16, "nome": "FC"}, {"quantidade": 1, "nome": "CA"}, {"quantidade": 3, "nome": "FF"}], "preco": "6.38", "partida_data": "14/10/2015", "variacao": "-0.34", "id": 63020, "media": "2.04", "pontos": "1.80", "apelido": "Tinga", "posicao": {"abreviacao": "MEI", "id": 4, "nome": "Meia"}, "partida_clube_visitante": {"mercado": 1, "slug": "avai", "abreviacao": "ava", "id": 314, "nome": "ava\u00ed"}, "partida_clube_casa": {"mercado": 1, "slug": "sport", "abreviacao": "spo", "id": 292, "nome": "sport"}}, {"status": "Contundido", "foto": "http://s.glbimg.com/es/sde/f/2015/05/07/645b4034b5e3f557c7ad218a95fb4d32_FORMATO.jpeg", "clube": {"mercado": 1, "slug": "ponte-preta", "abreviacao": "pon", "id": 303, "nome": "ponte preta"}, "status_id": 5, "jogos": 17, "scout": [{"quantidade": 17, "nome": "FS"}, {"quantidade": 59, "nome": "PE"}, {"quantidade": 1, "nome": "A"}, {"quantidade": 30, "nome": "RB"}, {"quantidade": 34, "nome": "FC"}, {"quantidade": 6, "nome": "CA"}, {"quantidade": 6, "nome": "FF"}, {"quantidade": 2, "nome": "FD"}], "preco": "6.37", "partida_data": "14/10/2015", "variacao": "0.00", "id": 68951, "media": "1.41", "pontos": "0.00", "apelido": "Josimar", "posicao": {"abreviacao": "MEI", "id": 4, "nome": "Meia"}, "partida_clube_visitante": {"mercado": 1, "slug": "ponte-preta", "abreviacao": "pon", "id": 303, "nome": "ponte preta"}, "partida_clube_casa": {"mercado": 1, "slug": "palmeiras", "abreviacao": "pal", "id": 275, "nome": "palmeiras"}}, {"status": "Suspenso", "foto": "http://s.glbimg.com/es/sde/f/2014/09/17/29c7a5605a63840574dfa5f18066b198_FORMATO.jpeg", "clube": {"mercado": 1, "slug": "internacional", "abreviacao": "int", "id": 285, "nome": "internacional"}, "status_id": 3, "jogos": 20, "scout": [{"quantidade": 10, "nome": "SG"}, {"quantidade": 22, "nome": "FS"}, {"quantidade": 70, "nome": "PE"}, {"quantidade": 1, "nome": "A"}, {"quantidade": 40, "nome": "RB"}, {"quantidade": 32, "nome": "FC"}, {"quantidade": 6, "nome": "CA"}, {"quantidade": 1, "nome": "FF"}, {"quantidade": 2, "nome": "FD"}], "preco": "6.35", "partida_data": "14/10/2015", "variacao": "0.01", "id": 89275, "media": "4.39", "pontos": "-3.30", "apelido": "William", "posicao": {"abreviacao": "LAT", "id": 2, "nome": "Lateral"}, "partida_clube_visitante": {"mercado": 1, "slug": "internacional", "abreviacao": "int", "id": 285, "nome": "internacional"}, "partida_clube_casa": {"mercado": 1, "slug": "atletico-mg", "abreviacao": "atl", "id": 282, "nome": "atl\u00e9tico-mg"}}, {"status": "Prov\u00e1vel", "foto": "http://s.glbimg.com/es/sde/f/2015/01/27/8a8ff85a495c12010c5008039aa2911a_FORMATO.jpeg", "clube": {"mercado": 1, "slug": "joinville", "abreviacao": "jec", "id": 317, "nome": "joinville"}, "status_id": 7, "jogos": 7, "scout": [{"quantidade": 2, "nome": "SG"}, {"quantidade": 14, "nome": "FS"}, {"quantidade": 16, "nome": "PE"}, {"quantidade": 1, "nome": "I"}, {"quantidade": 9, "nome": "RB"}, {"quantidade": 5, "nome": "FC"}, {"quantidade": 1, "nome": "CA"}, {"quantidade": 1, "nome": "CV"}, {"quantidade": 2, "nome": "FF"}, {"quantidade": 1, "nome": "FD"}], "preco": "6.35", "partida_data": "14/10/2015", "variacao": "-0.05", "id": 51869, "media": "2.84", "pontos": "1.70", "apelido": "Edson Ratinho", "posicao": {"abreviacao": "LAT", "id": 2, "nome": "Lateral"}, "partida_clube_visitante": {"mercado": 1, "slug": "coritiba", "abreviacao": "cor", "id": 294, "nome": "coritiba"}, "partida_clube_casa": {"mercado": 1, "slug": "joinville", "abreviacao": "jec", "id": 317, "nome": "joinville"}}, {"status": "Nulo", "foto": "http://s.glbimg.com/es/sde/f/2015/07/22/68f5b4efa85079ddc10e53005d7b29c8_FORMATO.jpeg", "clube": {"mercado": 1, "slug": "goias", "abreviacao": "goi", "id": 290, "nome": "goi\u00e1s"}, "status_id": 6, "jogos": 21, "scout": [{"quantidade": 8, "nome": "SG"}, {"quantidade": 24, "nome": "FS"}, {"quantidade": 71, "nome": "PE"}, {"quantidade": 2, "nome": "I"}, {"quantidade": 31, "nome": "RB"}, {"quantidade": 19, "nome": "FC"}, {"quantidade": 3, "nome": "CA"}, {"quantidade": 1, "nome": "CV"}, {"quantidade": 8, "nome": "FF"}, {"quantidade": 2, "nome": "FD"}], "preco": "6.32", "partida_data": "15/10/2015", "variacao": "0.00", "id": 70916, "media": "3.31", "pontos": "0.00", "apelido": "Diogo Barbosa", "posicao": {"abreviacao": "LAT", "id": 2, "nome": "Lateral"}, "partida_clube_visitante": {"mercado": 1, "slug": "goias", "abreviacao": "goi", "id": 290, "nome": "goi\u00e1s"}, "partida_clube_casa": {"mercado": 1, "slug": "corinthians", "abreviacao": "cor", "id": 264, "nome": "corinthians"}}, {"status": "Prov\u00e1vel", "foto": "http://s.glbimg.com/es/sde/f/2012/01/14/f939c2fe85de2659bb50a2260dd4755f_FORMATO.jpeg", "clube": {"mercado": 1, "slug": "avai", "abreviacao": "ava", "id": 314, "nome": "ava\u00ed"}, "status_id": 7, "jogos": 29, "scout": [], "preco": "6.30", "partida_data": "14/10/2015", "variacao": "-0.22", "id": 37306, "media": "2.27", "pontos": "0.47", "apelido": "Gilson Kleina", "posicao": {"abreviacao": "TEC", "id": 6, "nome": "T\u00e9cnico"}, "partida_clube_visitante": {"mercado": 1, "slug": "avai", "abreviacao": "ava", "id": 314, "nome": "ava\u00ed"}, "partida_clube_casa": {"mercado": 1, "slug": "sport", "abreviacao": "spo", "id": 292, "nome": "sport"}}, {"status": "Suspenso", "foto": "http://s.glbimg.com/es/sde/f/2015/07/21/6173f1d830bd09c60fe858abaf3ded5b_FORMATO.jpeg", "clube": {"mercado": 1, "slug": "ponte-preta", "abreviacao": "pon", "id": 303, "nome": "ponte preta"}, "status_id": 3, "jogos": 8, "scout": [{"quantidade": 1, "nome": "SG"}, {"quantidade": 6, "nome": "FS"}, {"quantidade": 10, "nome": "PE"}, {"quantidade": 1, "nome": "G"}, {"quantidade": 1, "nome": "I"}, {"quantidade": 6, "nome": "RB"}, {"quantidade": 8, "nome": "FC"}, {"quantidade": 3, "nome": "CA"}, {"quantidade": 2, "nome": "FF"}, {"quantidade": 2, "nome": "FD"}], "preco": "6.30", "partida_data": "14/10/2015", "variacao": "0.39", "id": 72039, "media": "2.01", "pontos": "1.60", "apelido": "Ferron", "posicao": {"abreviacao": "ZAG", "id": 3, "nome": "Zagueiro"}, "partida_clube_visitante": {"mercado": 1, "slug": "ponte-preta", "abreviacao": "pon", "id": 303, "nome": "ponte preta"}, "partida_clube_casa": {"mercado": 1, "slug": "palmeiras", "abreviacao": "pal", "id": 275, "nome": "palmeiras"}}, {"status": "Nulo", "foto": "http://s.glbimg.com/es/sde/f/2015/01/19/aaa223a132b6a8fbaec91560dd956d84_FORMATO.jpeg", "clube": {"mercado": 1, "slug": "palmeiras", "abreviacao": "pal", "id": 275, "nome": "palmeiras"}, "status_id": 6, "jogos": 5, "scout": [{"quantidade": 2, "nome": "FS"}, {"quantidade": 4, "nome": "PE"}, {"quantidade": 2, "nome": "RB"}, {"quantidade": 4, "nome": "FC"}, {"quantidade": 1, "nome": "CA"}, {"quantidade": 1, "nome": "FD"}], "preco": "6.30", "partida_data": "14/10/2015", "variacao": "-0.16", "id": 84585, "media": "0.04", "pontos": "-0.50", "apelido": "Allione", "posicao": {"abreviacao": "MEI", "id": 4, "nome": "Meia"}, "partida_clube_visitante": {"mercado": 1, "slug": "ponte-preta", "abreviacao": "pon", "id": 303, "nome": "ponte preta"}, "partida_clube_casa": {"mercado": 1, "slug": "palmeiras", "abreviacao": "pal", "id": 275, "nome": "palmeiras"}}, {"status": "Prov\u00e1vel", "foto": "http://s.glbimg.com/es/sde/f/2014/09/05/e891eae1305013f05d120f398a6e5309_FORMATO.jpeg", "clube": {"mercado": 1, "slug": "internacional", "abreviacao": "int", "id": 285, "nome": "internacional"}, "status_id": 7, "jogos": 18, "scout": [{"quantidade": 9, "nome": "SG"}, {"quantidade": 9, "nome": "PE"}, {"quantidade": 1, "nome": "FC"}, {"quantidade": 2, "nome": "CA"}, {"quantidade": 22, "nome": "DD"}, {"quantidade": 20, "nome": "GS"}], "preco": "6.28", "partida_data": "14/10/2015", "variacao": "0.14", "id": 82896, "media": "3.55", "pontos": "-2.00", "apelido": "Alisson", "posicao": {"abreviacao": "GOL", "id": 1, "nome": "Goleiro"}, "partida_clube_visitante": {"mercado": 1, "slug": "internacional", "abreviacao": "int", "id": 285, "nome": "internacional"}, "partida_clube_casa": {"mercado": 1, "slug": "atletico-mg", "abreviacao": "atl", "id": 282, "nome": "atl\u00e9tico-mg"}}, {"status": "Nulo", "foto": "http://s.glbimg.com/es/sde/f/2014/12/26/d26f4485dd1e7093ab68423e5cfeeecd_FORMATO.jpeg", "clube": {"mercado": 1, "slug": "vasco", "abreviacao": "vas", "id": 267, "nome": "vasco"}, "status_id": 6, "jogos": 1, "scout": [{"quantidade": 2, "nome": "PE"}, {"quantidade": 3, "nome": "FC"}, {"quantidade": 1, "nome": "FF"}], "preco": "6.27", "partida_data": "15/10/2015", "variacao": "0.00", "id": 69099, "media": "-1.40", "pontos": "0.00", "apelido": "Seymour", "posicao": {"abreviacao": "MEI", "id": 4, "nome": "Meia"}, "partida_clube_visitante": {"mercado": 1, "slug": "chapecoense", "abreviacao": "cha", "id": 315, "nome": "chapecoense"}, "partida_clube_casa": {"mercado": 1, "slug": "vasco", "abreviacao": "vas", "id": 267, "nome": "vasco"}}, {"status": "Prov\u00e1vel", "foto": "http://s.glbimg.com/es/sde/f/2014/05/04/a76c9538d80114ef0bc56d3ecd89ed94_FORMATO.jpeg", "clube": {"mercado": 1, "slug": "ponte-preta", "abreviacao": "pon", "id": 303, "nome": "ponte preta"}, "status_id": 7, "jogos": 4, "scout": [{"quantidade": 4, "nome": "FS"}, {"quantidade": 11, "nome": "PE"}, {"quantidade": 1, "nome": "A"}, {"quantidade": 1, "nome": "I"}, {"quantidade": 6, "nome": "RB"}, {"quantidade": 7, "nome": "FC"}, {"quantidade": 2, "nome": "FF"}], "preco": "6.25", "partida_data": "14/10/2015", "variacao": "0.65", "id": 37837, "media": "2.83", "pontos": "2.60", "apelido": "Cristian", "posicao": {"abreviacao": "MEI", "id": 4, "nome": "Meia"}, "partida_clube_visitante": {"mercado": 1, "slug": "ponte-preta", "abreviacao": "pon", "id": 303, "nome": "ponte preta"}, "partida_clube_casa": {"mercado": 1, "slug": "palmeiras", "abreviacao": "pal", "id": 275, "nome": "palmeiras"}}]}