{"rodada_id": 16, "page": {"atual": "11", "total": "42"}, "atleta": [{"status": "Suspenso", "foto": "http://s.glbimg.com/es/sde/f/2014/08/14/529c68e1d8c96eea828d6c939d03fd48_FORMATO.jpeg", "clube": {"mercado": 1, "slug": "joinville", "abreviacao": "jec", "id": 317, "nome": "joinville"}, "status_id": 3, "jogos": 14, "scout": [{"quantidade": 15, "nome": "FS"}, {"quantidade": 43, "nome": "PE"}, {"quantidade": 1, "nome": "A"}, {"quantidade": 35, "nome": "RB"}, {"quantidade": 21, "nome": "FC"}, {"quantidade": 6, "nome": "CA"}, {"quantidade": 6, "nome": "FF"}, {"quantidade": 1, "nome": "FD"}], "preco": "8.92", "partida_data": "02/08/2015", "variacao": "0.99", "id": 68910, "media": "2.99", "pontos": "6.70", "apelido": "Anselmo", "posicao": {"abreviacao": "MEI", "id": 4, "nome": "Meia"}, "partida_clube_visitante": {"mercado": 1, "slug": "avai", "abreviacao": "ava", "id": 314, "nome": "ava\u00ed"}, "partida_clube_casa": {"mercado": 1, "slug": "joinville", "abreviacao": "jec", "id": 317, "nome": "joinville"}}, {"status": "Nulo", "foto": "http://s.glbimg.com/es/sde/f/2015/07/22/b0c3edec93089c37a1df53d4c38cf8f3_FORMATO.jpeg", "clube": {"mercado": 1, "slug": "avai", "abreviacao": "ava", "id": 314, "nome": "ava\u00ed"}, "status_id": 6, "jogos": 5, "scout": [{"quantidade": 2, "nome": "FS"}, {"quantidade": 3, "nome": "PE"}, {"quantidade": 2, "nome": "G"}, {"quantidade": 1, "nome": "I"}, {"quantidade": 5, "nome": "RB"}, {"quantidade": 5, "nome": "FC"}, {"quantidade": 1, "nome": "CA"}, {"quantidade": 4, "nome": "FD"}], "preco": "8.83", "partida_data": "02/08/2015", "variacao": "0.00", "id": 71995, "media": "4.72", "pontos": "0.00", "apelido": "Hugo", "posicao": {"abreviacao": "ATA", "id": 5, "nome": "Atacante"}, "partida_clube_visitante": {"mercado": 1, "slug": "avai", "abreviacao": "ava", "id": 314, "nome": "ava\u00ed"}, "partida_clube_casa": {"mercado": 1, "slug": "joinville", "abreviacao": "jec", "id": 317, "nome": "joinville"}}, {"status": "Prov\u00e1vel", "foto": "http://s.glbimg.com/es/sde/f/2015/07/21/4354158d42e18c9f7a2b8bcc93dd49f9_FORMATO.jpeg", "clube": {"mercado": 1, "slug": "figueirense", "abreviacao": "fig", "id": 316, "nome": "figueirense"}, "status_id": 7, "jogos": 7, "scout": [{"quantidade": 1, "nome": "SG"}, {"quantidade": 7, "nome": "FS"}, {"quantidade": 13, "nome": "PE"}, {"quantidade": 1, "nome": "A"}, {"quantidade": 3, "nome": "RB"}, {"quantidade": 3, "nome": "FC"}], "preco": "8.80", "partida_data": "02/08/2015", "variacao": "-0.53", "id": 72023, "media": "1.88", "pontos": "1.00", "apelido": "Sueliton", "posicao": {"abreviacao": "LAT", "id": 2, "nome": "Lateral"}, "partida_clube_visitante": {"mercado": 1, "slug": "ponte-preta", "abreviacao": "pon", "id": 303, "nome": "ponte preta"}, "partida_clube_casa": {"mercado": 1, "slug": "figueirense", "abreviacao": "fig", "id": 316, "nome": "figueirense"}}, {"status": "Prov\u00e1vel", "foto": "http://s.glbimg.com/es/sde/f/2015/07/23/ee760e9ba259a859f9936ee215f5e1fd_FORMATO.jpeg", "clube": {"mercado": 1, "slug": "fluminense", "abreviacao": "flu", "id": 266, "nome": "fluminense"}, "status_id": 7, "jogos": 2, "scout": [{"quantidade": 7, "nome": "PE"}, {"quantidade": 2, "nome": "FC"}, {"quantidade": 1, "nome": "FF"}], "preco": "8.79", "partida_data": "01/08/2015", "variacao": "-0.52", "id": 42222, "media": "-1.20", "pontos": "-0.80", "apelido": "Osvaldo", "posicao": {"abreviacao": "ATA", "id": 5, "nome": "Atacante"}, "partida_clube_visitante": {"mercado": 1, "slug": "gremio", "abreviacao": "gre", "id": 284, "nome": "gr\u00eamio"}, "partida_clube_casa": {"mercado": 1, "slug": "fluminense", "abreviacao": "flu", "id": 266, "nome": "fluminense"}}, {"status": "Prov\u00e1vel", "foto": "http://s.glbimg.com/es/sde/f/2015/07/22/060ac8b8d16ac74fc9d3be681ba06631_FORMATO.jpeg", "clube": {"mercado": 1, "slug": "avai", "abreviacao": "ava", "id": 314, "nome": "ava\u00ed"}, "status_id": 7, "jogos": 8, "scout": [{"quantidade": 5, "nome": "FS"}, {"quantidade": 28, "nome": "PE"}, {"quantidade": 1, "nome": "A"}, {"quantidade": 3, "nome": "I"}, {"quantidade": 8, "nome": "RB"}, {"quantidade": 5, "nome": "FC"}, {"quantidade": 9, "nome": "FF"}, {"quantidade": 1, "nome": "FD"}], "preco": "8.77", "partida_data": "02/08/2015", "variacao": "-0.17", "id": 60822, "media": "2.00", "pontos": "-1.10", "apelido": "Renan Oliveira", "posicao": {"abreviacao": "MEI", "id": 4, "nome": "Meia"}, "partida_clube_visitante": {"mercado": 1, "slug": "avai", "abreviacao": "ava", "id": 314, "nome": "ava\u00ed"}, "partida_clube_casa": {"mercado": 1, "slug": "joinville", "abreviacao": "jec", "id": 317, "nome": "joinville"}}, {"status": "Nulo", "foto": "http://s.glbimg.com/es/sde/f/2015/01/05/8f31425ed36f79e5f8d2b2252af18299_FORMATO.jpeg", "clube": {"mercado": 1, "slug": "vasco", "abreviacao": "vas", "id": 267, "nome": "vasco"}, "status_id": 6, "jogos": 11, "scout": [{"quantidade": 16, "nome": "FS"}, {"quantidade": 22, "nome": "PE"}, {"quantidade": 3, "nome": "G"}, {"quantidade": 2, "nome": "I"}, {"quantidade": 5, "nome": "RB"}, {"quantidade": 8, "nome": "FC"}, {"quantidade": 10, "nome": "FF"}, {"quantidade": 4, "nome": "FD"}], "preco": "8.77", "partida_data": "29/07/2015", "variacao": "1.52", "id": 83189, "media": "3.62", "pontos": "7.90", "apelido": "Riascos", "posicao": {"abreviacao": "ATA", "id": 5, "nome": "Atacante"}, "partida_clube_visitante": {"mercado": 1, "slug": "vasco", "abreviacao": "vas", "id": 267, "nome": "vasco"}, "partida_clube_casa": {"mercado": 1, "slug": "corinthians", "abreviacao": "cor", "id": 264, "nome": "corinthians"}}, {"status": "Prov\u00e1vel", "foto": "http://s.glbimg.com/es/sde/f/2011/09/21/73023ecad6834318792698e5cb28a4ce_FORMATO.jpeg", "clube": {"mercado": 1, "slug": "joinville", "abreviacao": "jec", "id": 317, "nome": "joinville"}, "status_id": 7, "jogos": 14, "scout": [{"quantidade": 2, "nome": "SG"}, {"quantidade": 7, "nome": "FS"}, {"quantidade": 17, "nome": "PE"}, {"quantidade": 16, "nome": "RB"}, {"quantidade": 10, "nome": "FC"}, {"quantidade": 4, "nome": "CA"}, {"quantidade": 1, "nome": "FF"}], "preco": "8.71", "partida_data": "02/08/2015", "variacao": "0.71", "id": 73528, "media": "1.66", "pontos": "3.10", "apelido": "Guti", "posicao": {"abreviacao": "ZAG", "id": 3, "nome": "Zagueiro"}, "partida_clube_visitante": {"mercado": 1, "slug": "avai", "abreviacao": "ava", "id": 314, "nome": "ava\u00ed"}, "partida_clube_casa": {"mercado": 1, "slug": "joinville", "abreviacao": "jec", "id": 317, "nome": "joinville"}}, {"status": "Prov\u00e1vel", "foto": "http://s.glbimg.com/es/sde/f/2015/07/22/24e5bc708b24ae1a4a317d9e9b69bdac_FORMATO.jpeg", "clube": {"mercado": 1, "slug": "coritiba", "abreviacao": "cor", "id": 294, "nome": "coritiba"}, "status_id": 7, "jogos": 5, "scout": [{"quantidade": 3, "nome": "SG"}, {"quantidade": 2, "nome": "FS"}, {"quantidade": 1, "nome": "PE"}, {"quantidade": 8, "nome": "DD"}, {"quantidade": 4, "nome": "GS"}], "preco": "8.69", "partida_data": "02/08/2015", "variacao": "-0.12", "id": 50284, "media": "6.34", "pontos": "4.00", "apelido": "Wilson", "posicao": {"abreviacao": "GOL", "id": 1, "nome": "Goleiro"}, "partida_clube_visitante": {"mercado": 1, "slug": "goias", "abreviacao": "goi", "id": 290, "nome": "goi\u00e1s"}, "partida_clube_casa": {"mercado": 1, "slug": "coritiba", "abreviacao": "cor", "id": 294, "nome": "coritiba"}}, {"status": "Prov\u00e1vel", "foto": "http://s.glbimg.com/es/sde/f/2014/09/05/e891eae1305013f05d120f398a6e5309_FORMATO.jpeg", "clube": {"mercado": 1, "slug": "internacional", "abreviacao": "int", "id": 285, "nome": "internacional"}, "status_id": 7, "jogos": 7, "scout": [{"quantidade": 4, "nome": "SG"}, {"quantidade": 1, "nome": "CA"}, {"quantidade": 10, "nome": "DD"}, {"quantidade": 6, "nome": "GS"}], "preco": "8.69", "partida_data": "02/08/2015", "variacao": "2.52", "id": 82896, "media": "5.15", "pontos": "17.00", "apelido": "Alisson", "posicao": {"abreviacao": "GOL", "id": 1, "nome": "Goleiro"}, "partida_clube_visitante": {"mercado": 1, "slug": "chapecoense", "abreviacao": "cha", "id": 315, "nome": "chapecoense"}, "partida_clube_casa": {"mercado": 1, "slug": "internacional", "abreviacao": "int", "id": 285, "nome": "internacional"}}, {"status": "Nulo", "foto": "http://s.glbimg.com/es/sde/f/2015/01/15/d313865896b0e6bff59cea5b31feee15_FORMATO.jpeg", "clube": {"mercado": 1, "slug": "internacional", "abreviacao": "int", "id": 285, "nome": "internacional"}, "status_id": 6, "jogos": 7, "scout": [{"quantidade": 9, "nome": "FS"}, {"quantidade": 16, "nome": "PE"}, {"quantidade": 1, "nome": "G"}, {"quantidade": 2, "nome": "RB"}, {"quantidade": 1, "nome": "FC"}, {"quantidade": 5, "nome": "FF"}, {"quantidade": 5, "nome": "FD"}], "preco": "8.64", "partida_data": "02/08/2015", "variacao": "-0.33", "id": 85423, "media": "2.73", "pontos": "1.40", "apelido": "Valdivia", "posicao": {"abreviacao": "MEI", "id": 4, "nome": "Meia"}, "partida_clube_visitante": {"mercado": 1, "slug": "chapecoense", "abreviacao": "cha", "id": 315, "nome": "chapecoense"}, "partida_clube_casa": {"mercado": 1, "slug": "internacional", "abreviacao": "int", "id": 285, "nome": "internacional"}}, {"status": "Contundido", "foto": "http://s.glbimg.com/es/sde/f/2015/01/15/0e9335eeaba18e7c4a7fc222a1e59faa_FORMATO.jpeg", "clube": {"mercado": 1, "slug": "sao-paulo", "abreviacao": "sao", "id": 276, "nome": "s\u00e3o paulo"}, "status_id": 5, "jogos": 9, "scout": [{"quantidade": 4, "nome": "SG"}, {"quantidade": 11, "nome": "FS"}, {"quantidade": 35, "nome": "PE"}, {"quantidade": 1, "nome": "A"}, {"quantidade": 8, "nome": "RB"}, {"quantidade": 14, "nome": "FC"}, {"quantidade": 2, "nome": "CA"}, {"quantidade": 1, "nome": "FF"}], "preco": "8.58", "partida_data": "29/07/2015", "variacao": "0.00", "id": 42499, "media": "2.59", "pontos": "0.00", "apelido": "Bruno", "posicao": {"abreviacao": "LAT", "id": 2, "nome": "Lateral"}, "partida_clube_visitante": {"mercado": 1, "slug": "sao-paulo", "abreviacao": "sao", "id": 276, "nome": "s\u00e3o paulo"}, "partida_clube_casa": {"mercado": 1, "slug": "atletico-mg", "abreviacao": "atl", "id": 282, "nome": "atl\u00e9tico-mg"}}, {"status": "Prov\u00e1vel", "foto": "http://s.glbimg.com/es/sde/f/2014/07/23/a671104ebb3b8f6fa919c6f183d0efa0_FORMATO.jpeg", "clube": {"mercado": 1, "slug": "sport", "abreviacao": "spo", "id": 292, "nome": "sport"}, "status_id": 7, "jogos": 14, "scout": [{"quantidade": 5, "nome": "SG"}, {"quantidade": 14, "nome": "FS"}, {"quantidade": 44, "nome": "PE"}, {"quantidade": 1, "nome": "A"}, {"quantidade": 1, "nome": "G"}, {"quantidade": 16, "nome": "RB"}, {"quantidade": 9, "nome": "FC"}, {"quantidade": 1, "nome": "GC"}, {"quantidade": 2, "nome": "CA"}, {"quantidade": 2, "nome": "FF"}], "preco": "8.44", "partida_data": "02/08/2015", "variacao": "-0.27", "id": 73384, "media": "3.27", "pontos": "3.00", "apelido": "Samuel Xavier", "posicao": {"abreviacao": "LAT", "id": 2, "nome": "Lateral"}, "partida_clube_visitante": {"mercado": 1, "slug": "cruzeiro", "abreviacao": "cru", "id": 283, "nome": "cruzeiro"}, "partida_clube_casa": {"mercado": 1, "slug": "sport", "abreviacao": "spo", "id": 292, "nome": "sport"}}, {"status": "Nulo", "foto": "http://s.glbimg.com/es/sde/f/2014/12/17/b0e34c8b3b3b1730dfe88cfef867572c_FORMATO.jpeg", "clube": {"mercado": 1, "slug": "palmeiras", "abreviacao": "pal", "id": 275, "nome": "palmeiras"}, "status_id": 6, "jogos": 2, "scout": [{"quantidade": 2, "nome": "PE"}, {"quantidade": 3, "nome": "I"}, {"quantidade": 2, "nome": "FC"}], "preco": "8.42", "partida_data": "02/08/2015", "variacao": "-1.74", "id": 69282, "media": "-1.55", "pontos": "-2.10", "apelido": "Lucas Barrios", "posicao": {"abreviacao": "ATA", "id": 5, "nome": "Atacante"}, "partida_clube_visitante": {"mercado": 1, "slug": "atletico-pr", "abreviacao": "atl", "id": 293, "nome": "atl\u00e9tico-pr"}, "partida_clube_casa": {"mercado": 1, "slug": "palmeiras", "abreviacao": "pal", "id": 275, "nome": "palmeiras"}}, {"status": "Prov\u00e1vel", "foto": "http://s.glbimg.com/es/sde/f/2015/07/22/c67f699faa68c13e25739246d2406c6b_FORMATO.jpeg", "clube": {"mercado": 1, "slug": "goias", "abreviacao": "goi", "id": 290, "nome": "goi\u00e1s"}, "status_id": 7, "jogos": 5, "scout": [{"quantidade": 3, "nome": "FS"}, {"quantidade": 9, "nome": "PE"}, {"quantidade": 5, "nome": "RB"}, {"quantidade": 3, "nome": "FC"}, {"quantidade": 1, "nome": "FF"}], "preco": "8.40", "partida_data": "02/08/2015", "variacao": "-0.45", "id": 38695, "media": "1.30", "pontos": "2.40", "apelido": "David", "posicao": {"abreviacao": "MEI", "id": 4, "nome": "Meia"}, "partida_clube_visitante": {"mercado": 1, "slug": "goias", "abreviacao": "goi", "id": 290, "nome": "goi\u00e1s"}, "partida_clube_casa": {"mercado": 1, "slug": "coritiba", "abreviacao": "cor", "id": 294, "nome": "coritiba"}}, {"status": "D\u00favida", "foto": "http://s.glbimg.com/es/sde/f/2015/07/22/7976f09352709df98a5699a2459a031d_FORMATO.jpeg", "clube": {"mercado": 1, "slug": "coritiba", "abreviacao": "cor", "id": 294, "nome": "coritiba"}, "status_id": 2, "jogos": 9, "scout": [{"quantidade": 8, "nome": "FS"}, {"quantidade": 35, "nome": "PE"}, {"quantidade": 2, "nome": "A"}, {"quantidade": 1, "nome": "G"}, {"quantidade": 3, "nome": "I"}, {"quantidade": 3, "nome": "RB"}, {"quantidade": 6, "nome": "FC"}, {"quantidade": 12, "nome": "FF"}, {"quantidade": 8, "nome": "FD"}], "preco": "8.37", "partida_data": "02/08/2015", "variacao": "-0.16", "id": 38482, "media": "3.17", "pontos": "1.00", "apelido": "Marcos Aur\u00e9lio", "posicao": {"abreviacao": "MEI", "id": 4, "nome": "Meia"}, "partida_clube_visitante": {"mercado": 1, "slug": "goias", "abreviacao": "goi", "id": 290, "nome": "goi\u00e1s"}, "partida_clube_casa": {"mercado": 1, "slug": "coritiba", "abreviacao": "cor", "id": 294, "nome": "coritiba"}}, {"status": "Prov\u00e1vel", "foto": "http://s.glbimg.com/es/sde/f/2015/05/07/3e6ff80f382512abf9a089c6483515ae_FORMATO.jpeg", "clube": {"mercado": 1, "slug": "ponte-preta", "abreviacao": "pon", "id": 303, "nome": "ponte preta"}, "status_id": 7, "jogos": 13, "scout": [{"quantidade": 4, "nome": "SG"}, {"quantidade": 15, "nome": "FS"}, {"quantidade": 22, "nome": "PE"}, {"quantidade": 1, "nome": "I"}, {"quantidade": 24, "nome": "RB"}, {"quantidade": 24, "nome": "FC"}, {"quantidade": 6, "nome": "CA"}, {"quantidade": 2, "nome": "FF"}, {"quantidade": 2, "nome": "FD"}], "preco": "8.31", "partida_data": "02/08/2015", "variacao": "0.00", "id": 69165, "media": "3.12", "pontos": "0.00", "apelido": "Pablo", "posicao": {"abreviacao": "ZAG", "id": 3, "nome": "Zagueiro"}, "partida_clube_visitante": {"mercado": 1, "slug": "ponte-preta", "abreviacao": "pon", "id": 303, "nome": "ponte preta"}, "partida_clube_casa": {"mercado": 1, "slug": "figueirense", "abreviacao": "fig", "id": 316, "nome": "figueirense"}}, {"status": "Prov\u00e1vel", "foto": null, "clube": {"mercado": 1, "slug": "goias", "abreviacao": "goi", "id": 290, "nome": "goi\u00e1s"}, "status_id": 7, "jogos": 3, "scout": [], "preco": "8.31", "partida_data": "02/08/2015", "variacao": "0.08", "id": 72767, "media": "2.18", "pontos": "2.27", "apelido": "Julinho Camargo", "posicao": {"abreviacao": "TEC", "id": 6, "nome": "T\u00e9cnico"}, "partida_clube_visitante": {"mercado": 1, "slug": "goias", "abreviacao": "goi", "id": 290, "nome": "goi\u00e1s"}, "partida_clube_casa": {"mercado": 1, "slug": "coritiba", "abreviacao": "cor", "id": 294, "nome": "coritiba"}}, {"status": "Prov\u00e1vel", "foto": "http://s.glbimg.com/es/sde/f/2015/07/22/69a1640d5aca93e8a73bd20552869583_FORMATO.jpeg", "clube": {"mercado": 1, "slug": "chapecoense", "abreviacao": "cha", "id": 315, "nome": "chapecoense"}, "status_id": 7, "jogos": 13, "scout": [{"quantidade": 6, "nome": "FS"}, {"quantidade": 33, "nome": "PE"}, {"quantidade": 1, "nome": "G"}, {"quantidade": 4, "nome": "I"}, {"quantidade": 20, "nome": "RB"}, {"quantidade": 19, "nome": "FC"}, {"quantidade": 4, "nome": "CA"}, {"quantidade": 3, "nome": "FF"}, {"quantidade": 4, "nome": "FD"}], "preco": "8.20", "partida_data": "02/08/2015", "variacao": "-1.28", "id": 68698, "media": "1.66", "pontos": "-4.40", "apelido": "Bruno Silva", "posicao": {"abreviacao": "MEI", "id": 4, "nome": "Meia"}, "partida_clube_visitante": {"mercado": 1, "slug": "chapecoense", "abreviacao": "cha", "id": 315, "nome": "chapecoense"}, "partida_clube_casa": {"mercado": 1, "slug": "internacional", "abreviacao": "int", "id": 285, "nome": "internacional"}}, {"status": "Prov\u00e1vel", "foto": "http://s.glbimg.com/es/sde/f/2012/01/11/2f1ae4c9c01cf84db670261cfa957a55_FORMATO.jpeg", "clube": {"mercado": 1, "slug": "sport", "abreviacao": "spo", "id": 292, "nome": "sport"}, "status_id": 7, "jogos": 14, "scout": [{"quantidade": 5, "nome": "SG"}, {"quantidade": 14, "nome": "FS"}, {"quantidade": 61, "nome": "PE"}, {"quantidade": 3, "nome": "A"}, {"quantidade": 30, "nome": "RB"}, {"quantidade": 17, "nome": "FC"}, {"quantidade": 1, "nome": "GC"}, {"quantidade": 3, "nome": "CA"}, {"quantidade": 1, "nome": "FF"}, {"quantidade": 2, "nome": "FD"}], "preco": "8.15", "partida_data": "02/08/2015", "variacao": "0.00", "id": 78445, "media": "4.42", "pontos": "0.00", "apelido": "Ren\u00ea", "posicao": {"abreviacao": "LAT", "id": 2, "nome": "Lateral"}, "partida_clube_visitante": {"mercado": 1, "slug": "cruzeiro", "abreviacao": "cru", "id": 283, "nome": "cruzeiro"}, "partida_clube_casa": {"mercado": 1, "slug": "sport", "abreviacao": "spo", "id": 292, "nome": "sport"}}, {"status": "Nulo", "foto": "http://s.glbimg.com/es/sde/f/2015/01/15/441285c9c42cde560b3e6b7d8fdd7588_FORMATO.jpeg", "clube": {"mercado": 1, "slug": "corinthians", "abreviacao": "cor", "id": 264, "nome": "corinthians"}, "status_id": 6, "jogos": 6, "scout": [{"quantidade": 13, "nome": "FS"}, {"quantidade": 14, "nome": "PE"}, {"quantidade": 1, "nome": "G"}, {"quantidade": 2, "nome": "I"}, {"quantidade": 2, "nome": "RB"}, {"quantidade": 7, "nome": "FC"}, {"quantidade": 2, "nome": "FF"}, {"quantidade": 1, "nome": "FD"}], "preco": "8.12", "partida_data": "29/07/2015", "variacao": "0.00", "id": 88323, "media": "1.93", "pontos": "0.00", "apelido": "\u00c1ngel Romero", "posicao": {"abreviacao": "ATA", "id": 5, "nome": "Atacante"}, "partida_clube_visitante": {"mercado": 1, "slug": "vasco", "abreviacao": "vas", "id": 267, "nome": "vasco"}, "partida_clube_casa": {"mercado": 1, "slug": "corinthians", "abreviacao": "cor", "id": 264, "nome": "corinthians"}}]}