{"rodada_id": 16, "page": {"atual": "17", "total": "42"}, "atleta": [{"status": "Contundido", "foto": "http://s.glbimg.com/es/sde/f/2011/09/14/ce1c40e833e06791f2aca0315e29b0d5_FORMATO.jpeg", "clube": {"mercado": 1, "slug": "santos", "abreviacao": "san", "id": 277, "nome": "santos"}, "status_id": 5, "jogos": 0, "scout": [], "preco": "6.00", "partida_data": "02/08/2015", "variacao": "0.00", "id": 73974, "media": "0.00", "pontos": "0.00", "apelido": "Alison", "posicao": {"abreviacao": "MEI", "id": 4, "nome": "Meia"}, "partida_clube_visitante": {"mercado": 1, "slug": "santos", "abreviacao": "san", "id": 277, "nome": "santos"}, "partida_clube_casa": {"mercado": 1, "slug": "flamengo", "abreviacao": "fla", "id": 262, "nome": "flamengo"}}, {"status": "Nulo", "foto": "http://s.glbimg.com/es/sde/f/2015/07/28/caccee9606462945cf6268c72cab6785_FORMATO.jpeg", "clube": {"mercado": 1, "slug": "atletico-pr", "abreviacao": "atl", "id": 293, "nome": "atl\u00e9tico-pr"}, "status_id": 6, "jogos": 0, "scout": [], "preco": "6.00", "partida_data": "02/08/2015", "variacao": "0.00", "id": 85984, "media": "0.00", "pontos": "0.00", "apelido": "Barrientos", "posicao": {"abreviacao": "MEI", "id": 4, "nome": "Meia"}, "partida_clube_visitante": {"mercado": 1, "slug": "atletico-pr", "abreviacao": "atl", "id": 293, "nome": "atl\u00e9tico-pr"}, "partida_clube_casa": {"mercado": 1, "slug": "palmeiras", "abreviacao": "pal", "id": 275, "nome": "palmeiras"}}, {"status": "Nulo", "foto": "http://s.glbimg.com/es/sde/f/2014/07/28/a801d0ad1070a197a3e39f947df0a9da_FORMATO.jpeg", "clube": {"mercado": 1, "slug": "vasco", "abreviacao": "vas", "id": 267, "nome": "vasco"}, "status_id": 6, "jogos": 0, "scout": [], "preco": "6.00", "partida_data": "29/07/2015", "variacao": "0.00", "id": 88379, "media": "0.00", "pontos": "0.00", "apelido": "Jean Patrick", "posicao": {"abreviacao": "MEI", "id": 4, "nome": "Meia"}, "partida_clube_visitante": {"mercado": 1, "slug": "vasco", "abreviacao": "vas", "id": 267, "nome": "vasco"}, "partida_clube_casa": {"mercado": 1, "slug": "corinthians", "abreviacao": "cor", "id": 264, "nome": "corinthians"}}, {"status": "Nulo", "foto": "http://s.glbimg.com/es/sde/f/2011/09/14/f8384a5567ea4f1f815a9207c3f01171_FORMATO.jpeg", "clube": {"mercado": 1, "slug": "gremio", "abreviacao": "gre", "id": 284, "nome": "gr\u00eamio"}, "status_id": 6, "jogos": 0, "scout": [], "preco": "6.00", "partida_data": "01/08/2015", "variacao": "0.00", "id": 38139, "media": "0.00", "pontos": "0.00", "apelido": "Bob\u00f4", "posicao": {"abreviacao": "ATA", "id": 5, "nome": "Atacante"}, "partida_clube_visitante": {"mercado": 1, "slug": "gremio", "abreviacao": "gre", "id": 284, "nome": "gr\u00eamio"}, "partida_clube_casa": {"mercado": 1, "slug": "fluminense", "abreviacao": "flu", "id": 266, "nome": "fluminense"}}, {"status": "Contundido", "foto": "http://s.glbimg.com/es/sde/f/2015/01/15/2ef0f49bbdf5ebc114eb671aa81bdacf_FORMATO.jpeg", "clube": {"mercado": 1, "slug": "sao-paulo", "abreviacao": "sao", "id": 276, "nome": "s\u00e3o paulo"}, "status_id": 5, "jogos": 0, "scout": [], "preco": "6.00", "partida_data": "29/07/2015", "variacao": "0.00", "id": 85629, "media": "0.00", "pontos": "0.00", "apelido": "Daniel", "posicao": {"abreviacao": "MEI", "id": 4, "nome": "Meia"}, "partida_clube_visitante": {"mercado": 1, "slug": "sao-paulo", "abreviacao": "sao", "id": 276, "nome": "s\u00e3o paulo"}, "partida_clube_casa": {"mercado": 1, "slug": "atletico-mg", "abreviacao": "atl", "id": 282, "nome": "atl\u00e9tico-mg"}}, {"status": "Nulo", "foto": "http://s.glbimg.com/es/sde/f/2010/11/16/29edd57d71463b95027cabace9775785_FORMATO.jpeg", "clube": {"mercado": 1, "slug": "palmeiras", "abreviacao": "pal", "id": 275, "nome": "palmeiras"}, "status_id": 6, "jogos": 0, "scout": [], "preco": "6.00", "partida_data": "02/08/2015", "variacao": "0.00", "id": 37984, "media": "0.00", "pontos": "0.00", "apelido": "Aranha", "posicao": {"abreviacao": "GOL", "id": 1, "nome": "Goleiro"}, "partida_clube_visitante": {"mercado": 1, "slug": "atletico-pr", "abreviacao": "atl", "id": 293, "nome": "atl\u00e9tico-pr"}, "partida_clube_casa": {"mercado": 1, "slug": "palmeiras", "abreviacao": "pal", "id": 275, "nome": "palmeiras"}}, {"status": "Contundido", "foto": "http://s.glbimg.com/es/sde/f/2015/07/21/c8c58f276cf6ac676f7da00d4948705c_FORMATO.jpeg", "clube": {"mercado": 1, "slug": "flamengo", "abreviacao": "fla", "id": 262, "nome": "flamengo"}, "status_id": 5, "jogos": 0, "scout": [], "preco": "6.00", "partida_data": "02/08/2015", "variacao": "0.00", "id": 80913, "media": "0.00", "pontos": "0.00", "apelido": "Nixon", "posicao": {"abreviacao": "ATA", "id": 5, "nome": "Atacante"}, "partida_clube_visitante": {"mercado": 1, "slug": "santos", "abreviacao": "san", "id": 277, "nome": "santos"}, "partida_clube_casa": {"mercado": 1, "slug": "flamengo", "abreviacao": "fla", "id": 262, "nome": "flamengo"}}, {"status": "Contundido", "foto": "http://s.glbimg.com/es/sde/f/2015/01/08/953b9f99dd8eef4354a90179735acbfb_FORMATO.jpeg", "clube": {"mercado": 1, "slug": "joinville", "abreviacao": "jec", "id": 317, "nome": "joinville"}, "status_id": 5, "jogos": 0, "scout": [], "preco": "6.00", "partida_data": "02/08/2015", "variacao": "0.00", "id": 82337, "media": "0.00", "pontos": "0.00", "apelido": "Geandro", "posicao": {"abreviacao": "MEI", "id": 4, "nome": "Meia"}, "partida_clube_visitante": {"mercado": 1, "slug": "avai", "abreviacao": "ava", "id": 314, "nome": "ava\u00ed"}, "partida_clube_casa": {"mercado": 1, "slug": "joinville", "abreviacao": "jec", "id": 317, "nome": "joinville"}}, {"status": "Nulo", "foto": "http://s.glbimg.com/es/sde/f/2010/11/12/7e37b92d664f9ad1ab6950da11a39dcb_FORMATO.jpeg", "clube": {"mercado": 1, "slug": "avai", "abreviacao": "ava", "id": 314, "nome": "ava\u00ed"}, "status_id": 6, "jogos": 0, "scout": [], "preco": "6.00", "partida_data": "02/08/2015", "variacao": "0.00", "id": 42489, "media": "0.00", "pontos": "0.00", "apelido": "C\u00e1ssio", "posicao": {"abreviacao": "ZAG", "id": 3, "nome": "Zagueiro"}, "partida_clube_visitante": {"mercado": 1, "slug": "avai", "abreviacao": "ava", "id": 314, "nome": "ava\u00ed"}, "partida_clube_casa": {"mercado": 1, "slug": "joinville", "abreviacao": "jec", "id": 317, "nome": "joinville"}}, {"status": "Nulo", "foto": "http://s.glbimg.com/es/sde/f/2015/01/08/9e6abca2e6a30df89df9bfb204b90929_FORMATO.jpeg", "clube": {"mercado": 1, "slug": "fluminense", "abreviacao": "flu", "id": 266, "nome": "fluminense"}, "status_id": 6, "jogos": 0, "scout": [], "preco": "6.00", "partida_data": "01/08/2015", "variacao": "0.00", "id": 71090, "media": "0.00", "pontos": "0.00", "apelido": "Jo\u00e3o Filipe", "posicao": {"abreviacao": "ZAG", "id": 3, "nome": "Zagueiro"}, "partida_clube_visitante": {"mercado": 1, "slug": "gremio", "abreviacao": "gre", "id": 284, "nome": "gr\u00eamio"}, "partida_clube_casa": {"mercado": 1, "slug": "fluminense", "abreviacao": "flu", "id": 266, "nome": "fluminense"}}, {"status": "Nulo", "foto": "http://s.glbimg.com/es/sde/f/2010/11/17/fb30943f3b166d9e96583c98ff7021a8_FORMATO.jpeg", "clube": {"mercado": 1, "slug": "santos", "abreviacao": "san", "id": 277, "nome": "santos"}, "status_id": 6, "jogos": 9, "scout": [{"quantidade": 2, "nome": "SG"}, {"quantidade": 1, "nome": "FS"}, {"quantidade": 5, "nome": "PE"}, {"quantidade": 1, "nome": "CA"}, {"quantidade": 8, "nome": "DD"}, {"quantidade": 10, "nome": "GS"}], "preco": "5.95", "partida_data": "02/08/2015", "variacao": "0.00", "id": 69040, "media": "1.22", "pontos": "0.00", "apelido": "Vladimir", "posicao": {"abreviacao": "GOL", "id": 1, "nome": "Goleiro"}, "partida_clube_visitante": {"mercado": 1, "slug": "santos", "abreviacao": "san", "id": 277, "nome": "santos"}, "partida_clube_casa": {"mercado": 1, "slug": "flamengo", "abreviacao": "fla", "id": 262, "nome": "flamengo"}}, {"status": "Prov\u00e1vel", "foto": "http://s.glbimg.com/es/sde/f/2015/07/22/fc8dd0a8203542591f01552a661fb473_FORMATO.jpeg", "clube": {"mercado": 1, "slug": "avai", "abreviacao": "ava", "id": 314, "nome": "ava\u00ed"}, "status_id": 7, "jogos": 8, "scout": [{"quantidade": 11, "nome": "FS"}, {"quantidade": 17, "nome": "PE"}, {"quantidade": 1, "nome": "A"}, {"quantidade": 1, "nome": "FT"}, {"quantidade": 1, "nome": "G"}, {"quantidade": 1, "nome": "I"}, {"quantidade": 5, "nome": "RB"}, {"quantidade": 7, "nome": "FC"}, {"quantidade": 4, "nome": "CA"}, {"quantidade": 3, "nome": "FF"}, {"quantidade": 2, "nome": "FD"}], "preco": "5.86", "partida_data": "02/08/2015", "variacao": "-0.16", "id": 38178, "media": "2.19", "pontos": "3.60", "apelido": "Roberto", "posicao": {"abreviacao": "ATA", "id": 5, "nome": "Atacante"}, "partida_clube_visitante": {"mercado": 1, "slug": "avai", "abreviacao": "ava", "id": 314, "nome": "ava\u00ed"}, "partida_clube_casa": {"mercado": 1, "slug": "joinville", "abreviacao": "jec", "id": 317, "nome": "joinville"}}, {"status": "Nulo", "foto": "http://s.glbimg.com/es/sde/f/2015/01/15/92346aa28e09c42d1b605a0ebee548c5_FORMATO.jpeg", "clube": {"mercado": 1, "slug": "flamengo", "abreviacao": "fla", "id": 262, "nome": "flamengo"}, "status_id": 6, "jogos": 5, "scout": [{"quantidade": 4, "nome": "FS"}, {"quantidade": 16, "nome": "PE"}, {"quantidade": 2, "nome": "I"}, {"quantidade": 12, "nome": "RB"}, {"quantidade": 11, "nome": "FC"}, {"quantidade": 1, "nome": "CA"}, {"quantidade": 2, "nome": "FF"}, {"quantidade": 3, "nome": "FD"}], "preco": "5.82", "partida_data": "02/08/2015", "variacao": "0.11", "id": 69268, "media": "2.70", "pontos": "2.80", "apelido": "V\u00edctor C\u00e1ceres", "posicao": {"abreviacao": "MEI", "id": 4, "nome": "Meia"}, "partida_clube_visitante": {"mercado": 1, "slug": "santos", "abreviacao": "san", "id": 277, "nome": "santos"}, "partida_clube_casa": {"mercado": 1, "slug": "flamengo", "abreviacao": "fla", "id": 262, "nome": "flamengo"}}, {"status": "Nulo", "foto": "http://s.glbimg.com/es/sde/f/2015/01/15/5e526cc763aac6c7bee7b30a6d400e95_FORMATO.jpeg", "clube": {"mercado": 1, "slug": "corinthians", "abreviacao": "cor", "id": 264, "nome": "corinthians"}, "status_id": 6, "jogos": 13, "scout": [{"quantidade": 11, "nome": "FS"}, {"quantidade": 41, "nome": "PE"}, {"quantidade": 1, "nome": "FT"}, {"quantidade": 2, "nome": "I"}, {"quantidade": 23, "nome": "RB"}, {"quantidade": 26, "nome": "FC"}, {"quantidade": 2, "nome": "CA"}, {"quantidade": 7, "nome": "FF"}, {"quantidade": 5, "nome": "FD"}], "preco": "5.82", "partida_data": "29/07/2015", "variacao": "1.30", "id": 70944, "media": "2.14", "pontos": "5.60", "apelido": "Bruno Henrique", "posicao": {"abreviacao": "MEI", "id": 4, "nome": "Meia"}, "partida_clube_visitante": {"mercado": 1, "slug": "vasco", "abreviacao": "vas", "id": 267, "nome": "vasco"}, "partida_clube_casa": {"mercado": 1, "slug": "corinthians", "abreviacao": "cor", "id": 264, "nome": "corinthians"}}, {"status": "Prov\u00e1vel", "foto": "http://s.glbimg.com/es/sde/f/2015/07/22/a9c3c65752fd7e0b8ed199fe75f1a9c0_FORMATO.jpeg", "clube": {"mercado": 1, "slug": "coritiba", "abreviacao": "cor", "id": 294, "nome": "coritiba"}, "status_id": 7, "jogos": 4, "scout": [{"quantidade": 3, "nome": "FS"}, {"quantidade": 10, "nome": "PE"}, {"quantidade": 4, "nome": "RB"}, {"quantidade": 8, "nome": "FC"}, {"quantidade": 2, "nome": "CA"}, {"quantidade": 2, "nome": "FF"}], "preco": "5.79", "partida_data": "02/08/2015", "variacao": "-0.89", "id": 70132, "media": "-0.32", "pontos": "-1.00", "apelido": "Alan Santos", "posicao": {"abreviacao": "MEI", "id": 4, "nome": "Meia"}, "partida_clube_visitante": {"mercado": 1, "slug": "goias", "abreviacao": "goi", "id": 290, "nome": "goi\u00e1s"}, "partida_clube_casa": {"mercado": 1, "slug": "coritiba", "abreviacao": "cor", "id": 294, "nome": "coritiba"}}, {"status": "D\u00favida", "foto": "http://s.glbimg.com/es/sde/f/2015/07/21/53f24249ae5026e5b0a833574eff68bf_FORMATO.jpeg", "clube": {"mercado": 1, "slug": "goias", "abreviacao": "goi", "id": 290, "nome": "goi\u00e1s"}, "status_id": 2, "jogos": 4, "scout": [{"quantidade": 3, "nome": "FS"}, {"quantidade": 10, "nome": "PE"}, {"quantidade": 1, "nome": "I"}, {"quantidade": 3, "nome": "RB"}, {"quantidade": 2, "nome": "FC"}, {"quantidade": 3, "nome": "FF"}, {"quantidade": 1, "nome": "FD"}], "preco": "5.77", "partida_data": "02/08/2015", "variacao": "-0.19", "id": 88917, "media": "1.30", "pontos": "0.40", "apelido": "Murilo Henrique", "posicao": {"abreviacao": "MEI", "id": 4, "nome": "Meia"}, "partida_clube_visitante": {"mercado": 1, "slug": "goias", "abreviacao": "goi", "id": 290, "nome": "goi\u00e1s"}, "partida_clube_casa": {"mercado": 1, "slug": "coritiba", "abreviacao": "cor", "id": 294, "nome": "coritiba"}}, {"status": "Nulo", "foto": "http://s.glbimg.com/es/sde/f/2015/07/21/4b8da4da780675b150da7799b2f33f63_FORMATO.jpeg", "clube": {"mercado": 1, "slug": "chapecoense", "abreviacao": "cha", "id": 315, "nome": "chapecoense"}, "status_id": 6, "jogos": 2, "scout": [{"quantidade": 3, "nome": "FS"}, {"quantidade": 4, "nome": "PE"}, {"quantidade": 1, "nome": "I"}, {"quantidade": 1, "nome": "RB"}, {"quantidade": 1, "nome": "FC"}, {"quantidade": 1, "nome": "CA"}, {"quantidade": 1, "nome": "FD"}], "preco": "5.76", "partida_data": "02/08/2015", "variacao": "0.00", "id": 72099, "media": "0.00", "pontos": "0.00", "apelido": "Wiliam Barbio", "posicao": {"abreviacao": "ATA", "id": 5, "nome": "Atacante"}, "partida_clube_visitante": {"mercado": 1, "slug": "chapecoense", "abreviacao": "cha", "id": 315, "nome": "chapecoense"}, "partida_clube_casa": {"mercado": 1, "slug": "internacional", "abreviacao": "int", "id": 285, "nome": "internacional"}}, {"status": "Nulo", "foto": "http://s.glbimg.com/es/sde/f/2010/11/18/a3c32e0abdf4657c4748d7acc2f6b94f_FORMATO.jpeg", "clube": {"mercado": 1, "slug": "fluminense", "abreviacao": "flu", "id": 266, "nome": "fluminense"}, "status_id": 6, "jogos": 9, "scout": [{"quantidade": 5, "nome": "FS"}, {"quantidade": 5, "nome": "PE"}, {"quantidade": 12, "nome": "RB"}, {"quantidade": 15, "nome": "FC"}, {"quantidade": 1, "nome": "CA"}, {"quantidade": 1, "nome": "FF"}], "preco": "5.74", "partida_data": "01/08/2015", "variacao": "0.00", "id": 38440, "media": "1.39", "pontos": "0.00", "apelido": "Pierre", "posicao": {"abreviacao": "MEI", "id": 4, "nome": "Meia"}, "partida_clube_visitante": {"mercado": 1, "slug": "gremio", "abreviacao": "gre", "id": 284, "nome": "gr\u00eamio"}, "partida_clube_casa": {"mercado": 1, "slug": "fluminense", "abreviacao": "flu", "id": 266, "nome": "fluminense"}}, {"status": "Prov\u00e1vel", "foto": "http://s.glbimg.com/es/sde/f/2015/01/15/dfe264e1bf87787108c4d9893ff397f5_FORMATO.jpeg", "clube": {"mercado": 1, "slug": "flamengo", "abreviacao": "fla", "id": 262, "nome": "flamengo"}, "status_id": 7, "jogos": 8, "scout": [{"quantidade": 3, "nome": "SG"}, {"quantidade": 1, "nome": "FS"}, {"quantidade": 7, "nome": "PE"}, {"quantidade": 8, "nome": "DD"}, {"quantidade": 9, "nome": "GS"}], "preco": "5.74", "partida_data": "02/08/2015", "variacao": "0.98", "id": 78086, "media": "2.42", "pontos": "11.00", "apelido": "C\u00e9sar", "posicao": {"abreviacao": "GOL", "id": 1, "nome": "Goleiro"}, "partida_clube_visitante": {"mercado": 1, "slug": "santos", "abreviacao": "san", "id": 277, "nome": "santos"}, "partida_clube_casa": {"mercado": 1, "slug": "flamengo", "abreviacao": "fla", "id": 262, "nome": "flamengo"}}, {"status": "Prov\u00e1vel", "foto": "http://s.glbimg.com/es/sde/f/2012/05/24/3bc801f6cc7a45341aa2fbb00b30937d_FORMATO.png", "clube": {"mercado": 1, "slug": "flamengo", "abreviacao": "fla", "id": 262, "nome": "flamengo"}, "status_id": 7, "jogos": 9, "scout": [{"quantidade": 5, "nome": "SG"}, {"quantidade": 10, "nome": "FS"}, {"quantidade": 30, "nome": "PE"}, {"quantidade": 1, "nome": "I"}, {"quantidade": 4, "nome": "RB"}, {"quantidade": 9, "nome": "FC"}, {"quantidade": 1, "nome": "CA"}, {"quantidade": 1, "nome": "FF"}, {"quantidade": 2, "nome": "FD"}], "preco": "5.73", "partida_data": "02/08/2015", "variacao": "-0.19", "id": 72334, "media": "2.62", "pontos": "4.50", "apelido": "Ayrton", "posicao": {"abreviacao": "LAT", "id": 2, "nome": "Lateral"}, "partida_clube_visitante": {"mercado": 1, "slug": "santos", "abreviacao": "san", "id": 277, "nome": "santos"}, "partida_clube_casa": {"mercado": 1, "slug": "flamengo", "abreviacao": "fla", "id": 262, "nome": "flamengo"}}]}