{"rodada_id": 12, "page": {"atual": "28", "total": "41"}, "atleta": [{"status": "Nulo", "foto": "http://s.glbimg.com/es/sde/f/2012/01/04/35918d5862fc7a39f8ccb60a11377943_FORMATO.jpeg", "clube": {"mercado": 1, "slug": "joinville", "abreviacao": "jec", "id": 317, "nome": "joinville"}, "status_id": 6, "jogos": 0, "scout": [], "preco": "3.00", "partida_data": "08/07/2015", "variacao": "0.00", "id": 78414, "media": "0.00", "pontos": "0.00", "apelido": "Rafael Donato", "posicao": {"abreviacao": "ZAG", "id": 3, "nome": "Zagueiro"}, "partida_clube_visitante": {"mercado": 1, "slug": "joinville", "abreviacao": "jec", "id": 317, "nome": "joinville"}, "partida_clube_casa": {"mercado": 1, "slug": "figueirense", "abreviacao": "fig", "id": 316, "nome": "figueirense"}}, {"status": "Nulo", "foto": "http://s.glbimg.com/es/sde/f/2011/08/12/8fd443a8ddd48c27d33b04099dfcdb41_FORMATO.jpeg", "clube": {"mercado": 1, "slug": "santos", "abreviacao": "san", "id": 277, "nome": "santos"}, "status_id": 6, "jogos": 0, "scout": [], "preco": "3.00", "partida_data": "08/07/2015", "variacao": "0.00", "id": 36591, "media": "0.00", "pontos": "0.00", "apelido": "Leonardo", "posicao": {"abreviacao": "ZAG", "id": 3, "nome": "Zagueiro"}, "partida_clube_visitante": {"mercado": 1, "slug": "santos", "abreviacao": "san", "id": 277, "nome": "santos"}, "partida_clube_casa": {"mercado": 1, "slug": "goias", "abreviacao": "goi", "id": 290, "nome": "goi\u00e1s"}}, {"status": "Nulo", "foto": "http://s.glbimg.com/es/sde/f/2014/04/15/7959f1466d591c5144888846a4414108_FORMATO.jpeg", "clube": {"mercado": 1, "slug": "chapecoense", "abreviacao": "cha", "id": 315, "nome": "chapecoense"}, "status_id": 6, "jogos": 0, "scout": [], "preco": "3.00", "partida_data": "08/07/2015", "variacao": "0.00", "id": 71885, "media": "0.00", "pontos": "0.00", "apelido": "Tiago Costa", "posicao": {"abreviacao": "LAT", "id": 2, "nome": "Lateral"}, "partida_clube_visitante": {"mercado": 1, "slug": "gremio", "abreviacao": "gre", "id": 284, "nome": "gr\u00eamio"}, "partida_clube_casa": {"mercado": 1, "slug": "chapecoense", "abreviacao": "cha", "id": 315, "nome": "chapecoense"}}, {"status": "Nulo", "foto": "http://s.glbimg.com/es/sde/f/2011/08/10/62e6f512bbdcac864b4827a060f28930_FORMATO.jpeg", "clube": {"mercado": 1, "slug": "figueirense", "abreviacao": "fig", "id": 316, "nome": "figueirense"}, "status_id": 6, "jogos": 0, "scout": [], "preco": "3.00", "partida_data": "08/07/2015", "variacao": "0.00", "id": 73529, "media": "0.00", "pontos": "0.00", "apelido": "Jackson", "posicao": {"abreviacao": "MEI", "id": 4, "nome": "Meia"}, "partida_clube_visitante": {"mercado": 1, "slug": "joinville", "abreviacao": "jec", "id": 317, "nome": "joinville"}, "partida_clube_casa": {"mercado": 1, "slug": "figueirense", "abreviacao": "fig", "id": 316, "nome": "figueirense"}}, {"status": "Nulo", "foto": null, "clube": {"mercado": 1, "slug": "ponte-preta", "abreviacao": "pon", "id": 303, "nome": "ponte preta"}, "status_id": 6, "jogos": 0, "scout": [], "preco": "3.00", "partida_data": "08/07/2015", "variacao": "0.00", "id": 82636, "media": "0.00", "pontos": "0.00", "apelido": "Jefferson Recife", "posicao": {"abreviacao": "LAT", "id": 2, "nome": "Lateral"}, "partida_clube_visitante": {"mercado": 1, "slug": "ponte-preta", "abreviacao": "pon", "id": 303, "nome": "ponte preta"}, "partida_clube_casa": {"mercado": 1, "slug": "coritiba", "abreviacao": "cor", "id": 294, "nome": "coritiba"}}, {"status": "Nulo", "foto": "http://s.glbimg.com/es/sde/f/2014/02/19/850cc531599166ede934d7b1f04374dd_FORMATO.jpeg", "clube": {"mercado": 1, "slug": "avai", "abreviacao": "ava", "id": 314, "nome": "ava\u00ed"}, "status_id": 6, "jogos": 0, "scout": [], "preco": "3.00", "partida_data": "08/07/2015", "variacao": "0.00", "id": 81772, "media": "0.00", "pontos": "0.00", "apelido": "Tau\u00e3", "posicao": {"abreviacao": "ATA", "id": 5, "nome": "Atacante"}, "partida_clube_visitante": {"mercado": 1, "slug": "avai", "abreviacao": "ava", "id": 314, "nome": "ava\u00ed"}, "partida_clube_casa": {"mercado": 1, "slug": "palmeiras", "abreviacao": "pal", "id": 275, "nome": "palmeiras"}}, {"status": "Nulo", "foto": "http://s.glbimg.com/es/sde/f/2012/01/11/a610db65ead1bb14d4fffe76bea232fa_FORMATO.jpeg", "clube": {"mercado": 1, "slug": "sport", "abreviacao": "spo", "id": 292, "nome": "sport"}, "status_id": 6, "jogos": 0, "scout": [], "preco": "3.00", "partida_data": "08/07/2015", "variacao": "0.00", "id": 44857, "media": "0.00", "pontos": "0.00", "apelido": "Naldinho", "posicao": {"abreviacao": "MEI", "id": 4, "nome": "Meia"}, "partida_clube_visitante": {"mercado": 1, "slug": "sport", "abreviacao": "spo", "id": 292, "nome": "sport"}, "partida_clube_casa": {"mercado": 1, "slug": "atletico-mg", "abreviacao": "atl", "id": 282, "nome": "atl\u00e9tico-mg"}}, {"status": "Nulo", "foto": "http://s.glbimg.com/es/sde/f/2011/08/11/db370fee2362f04312f16509fe611078_FORMATO.jpeg", "clube": {"mercado": 1, "slug": "avai", "abreviacao": "ava", "id": 314, "nome": "ava\u00ed"}, "status_id": 6, "jogos": 0, "scout": [], "preco": "3.00", "partida_data": "08/07/2015", "variacao": "0.00", "id": 62107, "media": "0.00", "pontos": "0.00", "apelido": "Rudnei", "posicao": {"abreviacao": "MEI", "id": 4, "nome": "Meia"}, "partida_clube_visitante": {"mercado": 1, "slug": "avai", "abreviacao": "ava", "id": 314, "nome": "ava\u00ed"}, "partida_clube_casa": {"mercado": 1, "slug": "palmeiras", "abreviacao": "pal", "id": 275, "nome": "palmeiras"}}, {"status": "Nulo", "foto": "http://s.glbimg.com/es/sde/f/2014/07/27/6e02e854771ae1af601787b5c12bad62_FORMATO.jpeg", "clube": {"mercado": 1, "slug": "sport", "abreviacao": "spo", "id": 292, "nome": "sport"}, "status_id": 6, "jogos": 0, "scout": [], "preco": "3.00", "partida_data": "08/07/2015", "variacao": "0.00", "id": 85149, "media": "0.00", "pontos": "0.00", "apelido": "Ronaldo", "posicao": {"abreviacao": "MEI", "id": 4, "nome": "Meia"}, "partida_clube_visitante": {"mercado": 1, "slug": "sport", "abreviacao": "spo", "id": 292, "nome": "sport"}, "partida_clube_casa": {"mercado": 1, "slug": "atletico-mg", "abreviacao": "atl", "id": 282, "nome": "atl\u00e9tico-mg"}}, {"status": "Nulo", "foto": "http://s.glbimg.com/es/sde/f/2013/01/28/f2802b4993cc433552503563313c1df4_FORMATO.jpeg", "clube": {"mercado": 1, "slug": "cruzeiro", "abreviacao": "cru", "id": 283, "nome": "cruzeiro"}, "status_id": 6, "jogos": 0, "scout": [], "preco": "3.00", "partida_data": "09/07/2015", "variacao": "0.00", "id": 82767, "media": "0.00", "pontos": "0.00", "apelido": "Vin\u00edcius Ara\u00fajo", "posicao": {"abreviacao": "ATA", "id": 5, "nome": "Atacante"}, "partida_clube_visitante": {"mercado": 1, "slug": "cruzeiro", "abreviacao": "cru", "id": 283, "nome": "cruzeiro"}, "partida_clube_casa": {"mercado": 1, "slug": "fluminense", "abreviacao": "flu", "id": 266, "nome": "fluminense"}}, {"status": "Nulo", "foto": "http://s.glbimg.com/es/sde/f/2015/02/13/ad660943b6fd13564e853bc5f4e01411_FORMATO.jpeg", "clube": {"mercado": 1, "slug": "sport", "abreviacao": "spo", "id": 292, "nome": "sport"}, "status_id": 6, "jogos": 0, "scout": [], "preco": "3.00", "partida_data": "08/07/2015", "variacao": "0.00", "id": 91001, "media": "0.00", "pontos": "0.00", "apelido": "Evandro", "posicao": {"abreviacao": "LAT", "id": 2, "nome": "Lateral"}, "partida_clube_visitante": {"mercado": 1, "slug": "sport", "abreviacao": "spo", "id": 292, "nome": "sport"}, "partida_clube_casa": {"mercado": 1, "slug": "atletico-mg", "abreviacao": "atl", "id": 282, "nome": "atl\u00e9tico-mg"}}, {"status": "Nulo", "foto": "http://s.glbimg.com/es/sde/f/2013/03/13/8b964d97976dd82437d693ad523a1d3f_FORMATO.jpeg", "clube": {"mercado": 1, "slug": "sport", "abreviacao": "spo", "id": 292, "nome": "sport"}, "status_id": 6, "jogos": 0, "scout": [], "preco": "3.00", "partida_data": "08/07/2015", "variacao": "0.00", "id": 83511, "media": "0.00", "pontos": "0.00", "apelido": "\u00c9rico J\u00fanior", "posicao": {"abreviacao": "ATA", "id": 5, "nome": "Atacante"}, "partida_clube_visitante": {"mercado": 1, "slug": "sport", "abreviacao": "spo", "id": 292, "nome": "sport"}, "partida_clube_casa": {"mercado": 1, "slug": "atletico-mg", "abreviacao": "atl", "id": 282, "nome": "atl\u00e9tico-mg"}}, {"status": "Nulo", "foto": "http://s.glbimg.com/es/sde/f/2014/12/05/a9a1ad2db0fadd4421e93f57f3e4924e_FORMATO.jpeg", "clube": {"mercado": 1, "slug": "joinville", "abreviacao": "jec", "id": 317, "nome": "joinville"}, "status_id": 6, "jogos": 0, "scout": [], "preco": "3.00", "partida_data": "08/07/2015", "variacao": "0.00", "id": 62120, "media": "0.00", "pontos": "0.00", "apelido": "Tr\u00edpodi", "posicao": {"abreviacao": "ATA", "id": 5, "nome": "Atacante"}, "partida_clube_visitante": {"mercado": 1, "slug": "joinville", "abreviacao": "jec", "id": 317, "nome": "joinville"}, "partida_clube_casa": {"mercado": 1, "slug": "figueirense", "abreviacao": "fig", "id": 316, "nome": "figueirense"}}, {"status": "Nulo", "foto": "http://s.glbimg.com/es/sde/f/2015/02/13/4a947c382e4434ca28894472d595d2d0_FORMATO.jpeg", "clube": {"mercado": 1, "slug": "sport", "abreviacao": "spo", "id": 292, "nome": "sport"}, "status_id": 6, "jogos": 0, "scout": [], "preco": "3.00", "partida_data": "08/07/2015", "variacao": "0.00", "id": 88430, "media": "0.00", "pontos": "0.00", "apelido": "Luiz Carlos ", "posicao": {"abreviacao": "GOL", "id": 1, "nome": "Goleiro"}, "partida_clube_visitante": {"mercado": 1, "slug": "sport", "abreviacao": "spo", "id": 292, "nome": "sport"}, "partida_clube_casa": {"mercado": 1, "slug": "atletico-mg", "abreviacao": "atl", "id": 282, "nome": "atl\u00e9tico-mg"}}, {"status": "Nulo", "foto": null, "clube": {"mercado": 1, "slug": "atletico-pr", "abreviacao": "atl", "id": 293, "nome": "atl\u00e9tico-pr"}, "status_id": 6, "jogos": 0, "scout": [], "preco": "3.00", "partida_data": "09/07/2015", "variacao": "0.00", "id": 82397, "media": "0.00", "pontos": "0.00", "apelido": "N\u00fabio Fl\u00e1vio ", "posicao": {"abreviacao": "ATA", "id": 5, "nome": "Atacante"}, "partida_clube_visitante": {"mercado": 1, "slug": "atletico-pr", "abreviacao": "atl", "id": 293, "nome": "atl\u00e9tico-pr"}, "partida_clube_casa": {"mercado": 1, "slug": "corinthians", "abreviacao": "cor", "id": 264, "nome": "corinthians"}}, {"status": "Nulo", "foto": "http://s.glbimg.com/es/sde/f/2015/05/06/598035e9cb3554c16749dd3137a11115_FORMATO.jpeg", "clube": {"mercado": 1, "slug": "goias", "abreviacao": "goi", "id": 290, "nome": "goi\u00e1s"}, "status_id": 6, "jogos": 0, "scout": [], "preco": "3.00", "partida_data": "08/07/2015", "variacao": "0.00", "id": 73890, "media": "0.00", "pontos": "0.00", "apelido": "M\u00e1rio S\u00e9rgio", "posicao": {"abreviacao": "LAT", "id": 2, "nome": "Lateral"}, "partida_clube_visitante": {"mercado": 1, "slug": "santos", "abreviacao": "san", "id": 277, "nome": "santos"}, "partida_clube_casa": {"mercado": 1, "slug": "goias", "abreviacao": "goi", "id": 290, "nome": "goi\u00e1s"}}, {"status": "Nulo", "foto": "http://s.glbimg.com/es/sde/f/2014/12/18/25dd167a1216de02d42a2271dc01c07a_FORMATO.jpeg", "clube": {"mercado": 1, "slug": "internacional", "abreviacao": "int", "id": 285, "nome": "internacional"}, "status_id": 6, "jogos": 0, "scout": [], "preco": "3.00", "partida_data": "08/07/2015", "variacao": "0.00", "id": 89930, "media": "0.00", "pontos": "0.00", "apelido": "Andrigo", "posicao": {"abreviacao": "MEI", "id": 4, "nome": "Meia"}, "partida_clube_visitante": {"mercado": 1, "slug": "flamengo", "abreviacao": "fla", "id": 262, "nome": "flamengo"}, "partida_clube_casa": {"mercado": 1, "slug": "internacional", "abreviacao": "int", "id": 285, "nome": "internacional"}}, {"status": "Contundido", "foto": "http://s.glbimg.com/es/sde/f/2014/03/28/47ba0e06129aeb880ba55ef7691ae605_FORMATO.png", "clube": {"mercado": 1, "slug": "santos", "abreviacao": "san", "id": 277, "nome": "santos"}, "status_id": 5, "jogos": 0, "scout": [], "preco": "3.00", "partida_data": "08/07/2015", "variacao": "0.00", "id": 87192, "media": "0.00", "pontos": "0.00", "apelido": "Zeca", "posicao": {"abreviacao": "LAT", "id": 2, "nome": "Lateral"}, "partida_clube_visitante": {"mercado": 1, "slug": "santos", "abreviacao": "san", "id": 277, "nome": "santos"}, "partida_clube_casa": {"mercado": 1, "slug": "goias", "abreviacao": "goi", "id": 290, "nome": "goi\u00e1s"}}, {"status": "Nulo", "foto": "http://s.glbimg.com/es/sde/f/2015/03/08/f45774ffd84b893ea809c9cf77f7ae9a_FORMATO.jpeg", "clube": {"mercado": 1, "slug": "coritiba", "abreviacao": "cor", "id": 294, "nome": "coritiba"}, "status_id": 6, "jogos": 0, "scout": [], "preco": "3.00", "partida_data": "08/07/2015", "variacao": "0.00", "id": 91323, "media": "0.00", "pontos": "0.00", "apelido": "Luccas Barreto", "posicao": {"abreviacao": "MEI", "id": 4, "nome": "Meia"}, "partida_clube_visitante": {"mercado": 1, "slug": "ponte-preta", "abreviacao": "pon", "id": 303, "nome": "ponte preta"}, "partida_clube_casa": {"mercado": 1, "slug": "coritiba", "abreviacao": "cor", "id": 294, "nome": "coritiba"}}, {"status": "Nulo", "foto": "http://s.glbimg.com/es/sde/f/2013/01/29/f8532c1b80e22bd6f9632b329d5e1bcd_FORMATO.jpeg", "clube": {"mercado": 1, "slug": "coritiba", "abreviacao": "cor", "id": 294, "nome": "coritiba"}, "status_id": 6, "jogos": 0, "scout": [], "preco": "3.00", "partida_data": "08/07/2015", "variacao": "0.00", "id": 82749, "media": "0.00", "pontos": "0.00", "apelido": "Eberson", "posicao": {"abreviacao": "ZAG", "id": 3, "nome": "Zagueiro"}, "partida_clube_visitante": {"mercado": 1, "slug": "ponte-preta", "abreviacao": "pon", "id": 303, "nome": "ponte preta"}, "partida_clube_casa": {"mercado": 1, "slug": "coritiba", "abreviacao": "cor", "id": 294, "nome": "coritiba"}}]}