{"rodada_id": 24, "page": {"atual": "12", "total": "42"}, "atleta": [{"status": "Nulo", "foto": "http://s.glbimg.com/es/sde/f/2011/08/14/72f0cad7fcc31c2caccd21ee1d42fb38_FORMATO.jpeg", "clube": {"mercado": 1, "slug": "internacional", "abreviacao": "int", "id": 285, "nome": "internacional"}, "status_id": 6, "jogos": 0, "scout": [], "preco": "8.00", "partida_data": "09/09/2015", "variacao": "0.00", "id": 63354, "media": "0.00", "pontos": "0.00", "apelido": "Rodrigo Moledo", "posicao": {"abreviacao": "ZAG", "id": 3, "nome": "Zagueiro"}, "partida_clube_visitante": {"mercado": 1, "slug": "palmeiras", "abreviacao": "pal", "id": 275, "nome": "palmeiras"}, "partida_clube_casa": {"mercado": 1, "slug": "internacional", "abreviacao": "int", "id": 285, "nome": "internacional"}}, {"status": "Contundido", "foto": "http://s.glbimg.com/es/sde/f/2012/06/06/03231c81da317e9bd240573bd74af03d_FORMATO.png", "clube": {"mercado": 1, "slug": "atletico-pr", "abreviacao": "atl", "id": 293, "nome": "atl\u00e9tico-pr"}, "status_id": 5, "jogos": 0, "scout": [], "preco": "8.00", "partida_data": "09/09/2015", "variacao": "0.00", "id": 80281, "media": "0.00", "pontos": "0.00", "apelido": "Cleberson", "posicao": {"abreviacao": "ZAG", "id": 3, "nome": "Zagueiro"}, "partida_clube_visitante": {"mercado": 1, "slug": "atletico-pr", "abreviacao": "atl", "id": 293, "nome": "atl\u00e9tico-pr"}, "partida_clube_casa": {"mercado": 1, "slug": "figueirense", "abreviacao": "fig", "id": 316, "nome": "figueirense"}}, {"status": "Nulo", "foto": "http://s.glbimg.com/es/sde/f/2015/05/19/7813bf0c822b824d2bcd1bb1a0dc062c_FORMATO.png", "clube": {"mercado": 1, "slug": "santos", "abreviacao": "san", "id": 277, "nome": "santos"}, "status_id": 6, "jogos": 0, "scout": [], "preco": "8.00", "partida_data": "09/09/2015", "variacao": "0.00", "id": 70515, "media": "0.00", "pontos": "0.00", "apelido": "Ledesma", "posicao": {"abreviacao": "MEI", "id": 4, "nome": "Meia"}, "partida_clube_visitante": {"mercado": 1, "slug": "sao-paulo", "abreviacao": "sao", "id": 276, "nome": "s\u00e3o paulo"}, "partida_clube_casa": {"mercado": 1, "slug": "santos", "abreviacao": "san", "id": 277, "nome": "santos"}}, {"status": "Contundido", "foto": "http://s.glbimg.com/es/sde/f/2015/07/22/9d234797b895cc1b361b3ea6c0ca915f_FORMATO.jpeg", "clube": {"mercado": 1, "slug": "gremio", "abreviacao": "gre", "id": 284, "nome": "gr\u00eamio"}, "status_id": 5, "jogos": 0, "scout": [], "preco": "8.00", "partida_data": "09/09/2015", "variacao": "0.00", "id": 78715, "media": "0.00", "pontos": "0.00", "apelido": "Ramiro", "posicao": {"abreviacao": "MEI", "id": 4, "nome": "Meia"}, "partida_clube_visitante": {"mercado": 1, "slug": "gremio", "abreviacao": "gre", "id": 284, "nome": "gr\u00eamio"}, "partida_clube_casa": {"mercado": 1, "slug": "corinthians", "abreviacao": "cor", "id": 264, "nome": "corinthians"}}, {"status": "Nulo", "foto": "http://s.glbimg.com/es/sde/f/2013/09/26/259f53cb1fdeaef6b025c78449e2969a_FORMATO.jpeg", "clube": {"mercado": 1, "slug": "figueirense", "abreviacao": "fig", "id": 316, "nome": "figueirense"}, "status_id": 6, "jogos": 11, "scout": [{"quantidade": 14, "nome": "FS"}, {"quantidade": 22, "nome": "PE"}, {"quantidade": 2, "nome": "A"}, {"quantidade": 1, "nome": "G"}, {"quantidade": 1, "nome": "I"}, {"quantidade": 13, "nome": "RB"}, {"quantidade": 10, "nome": "FC"}, {"quantidade": 1, "nome": "CA"}, {"quantidade": 2, "nome": "FF"}], "preco": "7.99", "partida_data": "09/09/2015", "variacao": "0.00", "id": 68830, "media": "3.12", "pontos": "0.00", "apelido": "Ricardinho", "posicao": {"abreviacao": "MEI", "id": 4, "nome": "Meia"}, "partida_clube_visitante": {"mercado": 1, "slug": "atletico-pr", "abreviacao": "atl", "id": 293, "nome": "atl\u00e9tico-pr"}, "partida_clube_casa": {"mercado": 1, "slug": "figueirense", "abreviacao": "fig", "id": 316, "nome": "figueirense"}}, {"status": "Prov\u00e1vel", "foto": "http://s.glbimg.com/es/sde/f/2015/05/01/6a7d26a52d32ef51ce113911fa075e6d_FORMATO.jpeg", "clube": {"mercado": 1, "slug": "sao-paulo", "abreviacao": "sao", "id": 276, "nome": "s\u00e3o paulo"}, "status_id": 7, "jogos": 19, "scout": [{"quantidade": 27, "nome": "FS"}, {"quantidade": 52, "nome": "PE"}, {"quantidade": 2, "nome": "A"}, {"quantidade": 4, "nome": "I"}, {"quantidade": 38, "nome": "RB"}, {"quantidade": 29, "nome": "FC"}, {"quantidade": 5, "nome": "CA"}, {"quantidade": 4, "nome": "FF"}, {"quantidade": 3, "nome": "FD"}], "preco": "7.96", "partida_data": "09/09/2015", "variacao": "0.00", "id": 71123, "media": "2.72", "pontos": "0.00", "apelido": "Thiago Mendes", "posicao": {"abreviacao": "MEI", "id": 4, "nome": "Meia"}, "partida_clube_visitante": {"mercado": 1, "slug": "sao-paulo", "abreviacao": "sao", "id": 276, "nome": "s\u00e3o paulo"}, "partida_clube_casa": {"mercado": 1, "slug": "santos", "abreviacao": "san", "id": 277, "nome": "santos"}}, {"status": "Prov\u00e1vel", "foto": "http://s.glbimg.com/es/sde/f/2015/05/07/645b4034b5e3f557c7ad218a95fb4d32_FORMATO.jpeg", "clube": {"mercado": 1, "slug": "ponte-preta", "abreviacao": "pon", "id": 303, "nome": "ponte preta"}, "status_id": 7, "jogos": 14, "scout": [{"quantidade": 15, "nome": "FS"}, {"quantidade": 52, "nome": "PE"}, {"quantidade": 1, "nome": "A"}, {"quantidade": 26, "nome": "RB"}, {"quantidade": 26, "nome": "FC"}, {"quantidade": 4, "nome": "CA"}, {"quantidade": 6, "nome": "FF"}, {"quantidade": 2, "nome": "FD"}], "preco": "7.93", "partida_data": "09/09/2015", "variacao": "1.26", "id": 68951, "media": "1.88", "pontos": "7.40", "apelido": "Josimar", "posicao": {"abreviacao": "MEI", "id": 4, "nome": "Meia"}, "partida_clube_visitante": {"mercado": 1, "slug": "vasco", "abreviacao": "vas", "id": 267, "nome": "vasco"}, "partida_clube_casa": {"mercado": 1, "slug": "ponte-preta", "abreviacao": "pon", "id": 303, "nome": "ponte preta"}}, {"status": "Prov\u00e1vel", "foto": "http://s.glbimg.com/es/sde/f/2012/07/12/536fb0478a765ef0c7917c3eb86ba89f_FORMATO.jpeg", "clube": {"mercado": 1, "slug": "flamengo", "abreviacao": "fla", "id": 262, "nome": "flamengo"}, "status_id": 7, "jogos": 14, "scout": [{"quantidade": 16, "nome": "FS"}, {"quantidade": 35, "nome": "PE"}, {"quantidade": 1, "nome": "A"}, {"quantidade": 1, "nome": "FT"}, {"quantidade": 1, "nome": "G"}, {"quantidade": 9, "nome": "I"}, {"quantidade": 7, "nome": "RB"}, {"quantidade": 11, "nome": "FC"}, {"quantidade": 3, "nome": "CA"}, {"quantidade": 2, "nome": "FF"}, {"quantidade": 6, "nome": "FD"}], "preco": "7.85", "partida_data": "10/09/2015", "variacao": "0.00", "id": 69022, "media": "1.24", "pontos": "0.00", "apelido": "Marcelo Cirino", "posicao": {"abreviacao": "ATA", "id": 5, "nome": "Atacante"}, "partida_clube_visitante": {"mercado": 1, "slug": "cruzeiro", "abreviacao": "cru", "id": 283, "nome": "cruzeiro"}, "partida_clube_casa": {"mercado": 1, "slug": "flamengo", "abreviacao": "fla", "id": 262, "nome": "flamengo"}}, {"status": "Prov\u00e1vel", "foto": "http://s.glbimg.com/es/sde/f/2015/07/22/3d7c66b340ec1be8b6b59ef75b4ab3f9_FORMATO.jpeg", "clube": {"mercado": 1, "slug": "atletico-pr", "abreviacao": "atl", "id": 293, "nome": "atl\u00e9tico-pr"}, "status_id": 7, "jogos": 8, "scout": [{"quantidade": 3, "nome": "SG"}, {"quantidade": 6, "nome": "FS"}, {"quantidade": 12, "nome": "PE"}, {"quantidade": 1, "nome": "G"}, {"quantidade": 2, "nome": "RB"}, {"quantidade": 6, "nome": "FC"}, {"quantidade": 1, "nome": "CA"}, {"quantidade": 1, "nome": "FF"}, {"quantidade": 1, "nome": "FD"}], "preco": "7.80", "partida_data": "09/09/2015", "variacao": "0.00", "id": 77773, "media": "2.81", "pontos": "0.00", "apelido": "Vilches", "posicao": {"abreviacao": "ZAG", "id": 3, "nome": "Zagueiro"}, "partida_clube_visitante": {"mercado": 1, "slug": "atletico-pr", "abreviacao": "atl", "id": 293, "nome": "atl\u00e9tico-pr"}, "partida_clube_casa": {"mercado": 1, "slug": "figueirense", "abreviacao": "fig", "id": 316, "nome": "figueirense"}}, {"status": "Prov\u00e1vel", "foto": "http://s.glbimg.com/es/sde/f/2015/07/22/e1d4732df0957a3726e8a5ec1ec4bd4b_FORMATO.jpeg", "clube": {"mercado": 1, "slug": "coritiba", "abreviacao": "cor", "id": 294, "nome": "coritiba"}, "status_id": 7, "jogos": 14, "scout": [{"quantidade": 5, "nome": "SG"}, {"quantidade": 10, "nome": "FS"}, {"quantidade": 32, "nome": "PE"}, {"quantidade": 1, "nome": "I"}, {"quantidade": 22, "nome": "RB"}, {"quantidade": 13, "nome": "FC"}, {"quantidade": 5, "nome": "CA"}, {"quantidade": 2, "nome": "FF"}, {"quantidade": 3, "nome": "FD"}], "preco": "7.79", "partida_data": "09/09/2015", "variacao": "0.00", "id": 73465, "media": "3.23", "pontos": "0.00", "apelido": "Luccas Claro", "posicao": {"abreviacao": "ZAG", "id": 3, "nome": "Zagueiro"}, "partida_clube_visitante": {"mercado": 1, "slug": "fluminense", "abreviacao": "flu", "id": 266, "nome": "fluminense"}, "partida_clube_casa": {"mercado": 1, "slug": "coritiba", "abreviacao": "cor", "id": 294, "nome": "coritiba"}}, {"status": "Prov\u00e1vel", "foto": "http://s.glbimg.com/es/sde/f/2015/01/15/a6259d8e59b1a6f50aad3bdd1327e4ff_FORMATO.jpeg", "clube": {"mercado": 1, "slug": "flamengo", "abreviacao": "fla", "id": 262, "nome": "flamengo"}, "status_id": 7, "jogos": 12, "scout": [{"quantidade": 5, "nome": "SG"}, {"quantidade": 12, "nome": "FS"}, {"quantidade": 10, "nome": "PE"}, {"quantidade": 13, "nome": "RB"}, {"quantidade": 10, "nome": "FC"}, {"quantidade": 2, "nome": "GC"}, {"quantidade": 2, "nome": "CA"}, {"quantidade": 6, "nome": "FF"}], "preco": "7.78", "partida_data": "10/09/2015", "variacao": "-1.52", "id": 84318, "media": "2.78", "pontos": "-1.10", "apelido": "Samir ", "posicao": {"abreviacao": "ZAG", "id": 3, "nome": "Zagueiro"}, "partida_clube_visitante": {"mercado": 1, "slug": "cruzeiro", "abreviacao": "cru", "id": 283, "nome": "cruzeiro"}, "partida_clube_casa": {"mercado": 1, "slug": "flamengo", "abreviacao": "fla", "id": 262, "nome": "flamengo"}}, {"status": "Suspenso", "foto": "http://s.glbimg.com/es/sde/f/2015/01/15/d91f7f14592d75485a079649cb2be933_FORMATO.jpeg", "clube": {"mercado": 1, "slug": "internacional", "abreviacao": "int", "id": 285, "nome": "internacional"}, "status_id": 3, "jogos": 16, "scout": [{"quantidade": 10, "nome": "FS"}, {"quantidade": 10, "nome": "PE"}, {"quantidade": 1, "nome": "A"}, {"quantidade": 1, "nome": "FT"}, {"quantidade": 1, "nome": "G"}, {"quantidade": 4, "nome": "I"}, {"quantidade": 6, "nome": "RB"}, {"quantidade": 21, "nome": "FC"}, {"quantidade": 3, "nome": "CA"}, {"quantidade": 9, "nome": "FF"}, {"quantidade": 6, "nome": "FD"}], "preco": "7.72", "partida_data": "09/09/2015", "variacao": "0.00", "id": 37655, "media": "1.41", "pontos": "0.00", "apelido": "Rafael Moura", "posicao": {"abreviacao": "ATA", "id": 5, "nome": "Atacante"}, "partida_clube_visitante": {"mercado": 1, "slug": "palmeiras", "abreviacao": "pal", "id": 275, "nome": "palmeiras"}, "partida_clube_casa": {"mercado": 1, "slug": "internacional", "abreviacao": "int", "id": 285, "nome": "internacional"}}, {"status": "Nulo", "foto": "http://s.glbimg.com/es/sde/f/2015/07/28/1e139e3d3ec927cb2a38a37612d6f4b3_FORMATO.jpeg", "clube": {"mercado": 1, "slug": "coritiba", "abreviacao": "cor", "id": 294, "nome": "coritiba"}, "status_id": 6, "jogos": 7, "scout": [{"quantidade": 9, "nome": "FS"}, {"quantidade": 9, "nome": "PE"}, {"quantidade": 3, "nome": "G"}, {"quantidade": 5, "nome": "I"}, {"quantidade": 2, "nome": "RB"}, {"quantidade": 6, "nome": "FC"}, {"quantidade": 1, "nome": "CA"}, {"quantidade": 3, "nome": "FF"}, {"quantidade": 2, "nome": "FD"}], "preco": "7.65", "partida_data": "09/09/2015", "variacao": "0.00", "id": 92192, "media": "3.68", "pontos": "0.00", "apelido": "Evandro", "posicao": {"abreviacao": "ATA", "id": 5, "nome": "Atacante"}, "partida_clube_visitante": {"mercado": 1, "slug": "fluminense", "abreviacao": "flu", "id": 266, "nome": "fluminense"}, "partida_clube_casa": {"mercado": 1, "slug": "coritiba", "abreviacao": "cor", "id": 294, "nome": "coritiba"}}, {"status": "Nulo", "foto": "http://s.glbimg.com/es/sde/f/2015/03/03/3d758263d403d7687b3e4821a6ae0602_FORMATO.jpeg", "clube": {"mercado": 1, "slug": "avai", "abreviacao": "ava", "id": 314, "nome": "ava\u00ed"}, "status_id": 6, "jogos": 14, "scout": [{"quantidade": 20, "nome": "FS"}, {"quantidade": 25, "nome": "PE"}, {"quantidade": 1, "nome": "G"}, {"quantidade": 24, "nome": "RB"}, {"quantidade": 21, "nome": "FC"}, {"quantidade": 4, "nome": "CA"}, {"quantidade": 1, "nome": "FF"}], "preco": "7.60", "partida_data": "09/09/2015", "variacao": "0.00", "id": 91234, "media": "2.40", "pontos": "0.00", "apelido": "Renan", "posicao": {"abreviacao": "MEI", "id": 4, "nome": "Meia"}, "partida_clube_visitante": {"mercado": 1, "slug": "avai", "abreviacao": "ava", "id": 314, "nome": "ava\u00ed"}, "partida_clube_casa": {"mercado": 1, "slug": "atletico-mg", "abreviacao": "atl", "id": 282, "nome": "atl\u00e9tico-mg"}}, {"status": "Nulo", "foto": "http://s.glbimg.com/es/sde/f/2012/09/06/f6bd9945bcd3f2ef3613d7d7a2efa95f_FORMATO.jpeg", "clube": {"mercado": 1, "slug": "santos", "abreviacao": "san", "id": 277, "nome": "santos"}, "status_id": 6, "jogos": 5, "scout": [{"quantidade": 1, "nome": "SG"}, {"quantidade": 8, "nome": "FS"}, {"quantidade": 10, "nome": "PE"}, {"quantidade": 4, "nome": "RB"}, {"quantidade": 5, "nome": "FC"}, {"quantidade": 2, "nome": "CA"}], "preco": "7.58", "partida_data": "09/09/2015", "variacao": "0.00", "id": 68711, "media": "1.26", "pontos": "0.00", "apelido": "Chiquinho", "posicao": {"abreviacao": "LAT", "id": 2, "nome": "Lateral"}, "partida_clube_visitante": {"mercado": 1, "slug": "sao-paulo", "abreviacao": "sao", "id": 276, "nome": "s\u00e3o paulo"}, "partida_clube_casa": {"mercado": 1, "slug": "santos", "abreviacao": "san", "id": 277, "nome": "santos"}}, {"status": "Nulo", "foto": "http://s.glbimg.com/es/sde/f/2015/01/15/8fdcddfc3d240d72930b694ccbfe8720_FORMATO.png", "clube": {"mercado": 1, "slug": "cruzeiro", "abreviacao": "cru", "id": 283, "nome": "cruzeiro"}, "status_id": 6, "jogos": 10, "scout": [{"quantidade": 10, "nome": "FS"}, {"quantidade": 11, "nome": "PE"}, {"quantidade": 2, "nome": "A"}, {"quantidade": 1, "nome": "G"}, {"quantidade": 5, "nome": "I"}, {"quantidade": 6, "nome": "RB"}, {"quantidade": 5, "nome": "FC"}, {"quantidade": 6, "nome": "FF"}, {"quantidade": 5, "nome": "FD"}], "preco": "7.57", "partida_data": "10/09/2015", "variacao": "0.00", "id": 81845, "media": "3.40", "pontos": "0.00", "apelido": "Alisson", "posicao": {"abreviacao": "ATA", "id": 5, "nome": "Atacante"}, "partida_clube_visitante": {"mercado": 1, "slug": "cruzeiro", "abreviacao": "cru", "id": 283, "nome": "cruzeiro"}, "partida_clube_casa": {"mercado": 1, "slug": "flamengo", "abreviacao": "fla", "id": 262, "nome": "flamengo"}}, {"status": "Prov\u00e1vel", "foto": "http://s.glbimg.com/es/sde/f/2015/07/22/b73c0bac41c7173ca4956c068ea59555_FORMATO.jpeg", "clube": {"mercado": 1, "slug": "chapecoense", "abreviacao": "cha", "id": 315, "nome": "chapecoense"}, "status_id": 7, "jogos": 13, "scout": [{"quantidade": 7, "nome": "FS"}, {"quantidade": 6, "nome": "PE"}, {"quantidade": 1, "nome": "FT"}, {"quantidade": 7, "nome": "G"}, {"quantidade": 5, "nome": "I"}, {"quantidade": 4, "nome": "RB"}, {"quantidade": 12, "nome": "FC"}, {"quantidade": 1, "nome": "CA"}, {"quantidade": 9, "nome": "FF"}, {"quantidade": 4, "nome": "FD"}], "preco": "7.55", "partida_data": "10/09/2015", "variacao": "-0.70", "id": 51683, "media": "5.21", "pontos": "3.70", "apelido": "Bruno Rangel", "posicao": {"abreviacao": "ATA", "id": 5, "nome": "Atacante"}, "partida_clube_visitante": {"mercado": 1, "slug": "chapecoense", "abreviacao": "cha", "id": 315, "nome": "chapecoense"}, "partida_clube_casa": {"mercado": 1, "slug": "joinville", "abreviacao": "jec", "id": 317, "nome": "joinville"}}, {"status": "Prov\u00e1vel", "foto": "http://s.glbimg.com/es/sde/f/2015/07/22/34e60bbf77d1ce9993e796da5492270d_FORMATO.jpeg", "clube": {"mercado": 1, "slug": "coritiba", "abreviacao": "cor", "id": 294, "nome": "coritiba"}, "status_id": 7, "jogos": 5, "scout": [{"quantidade": 4, "nome": "SG"}, {"quantidade": 11, "nome": "FS"}, {"quantidade": 20, "nome": "PE"}, {"quantidade": 8, "nome": "RB"}, {"quantidade": 10, "nome": "FC"}, {"quantidade": 1, "nome": "FF"}], "preco": "7.55", "partida_data": "09/09/2015", "variacao": "-0.13", "id": 63194, "media": "5.76", "pontos": "5.30", "apelido": "Carlinhos", "posicao": {"abreviacao": "LAT", "id": 2, "nome": "Lateral"}, "partida_clube_visitante": {"mercado": 1, "slug": "fluminense", "abreviacao": "flu", "id": 266, "nome": "fluminense"}, "partida_clube_casa": {"mercado": 1, "slug": "coritiba", "abreviacao": "cor", "id": 294, "nome": "coritiba"}}, {"status": "Prov\u00e1vel", "foto": "http://s.glbimg.com/es/sde/f/2015/01/15/6f40c73de9deb0aa07bd9877b8803bf3_FORMATO.jpeg", "clube": {"mercado": 1, "slug": "gremio", "abreviacao": "gre", "id": 284, "nome": "gr\u00eamio"}, "status_id": 7, "jogos": 21, "scout": [{"quantidade": 8, "nome": "SG"}, {"quantidade": 15, "nome": "FS"}, {"quantidade": 38, "nome": "PE"}, {"quantidade": 1, "nome": "FT"}, {"quantidade": 4, "nome": "I"}, {"quantidade": 25, "nome": "RB"}, {"quantidade": 19, "nome": "FC"}, {"quantidade": 4, "nome": "CA"}, {"quantidade": 3, "nome": "FF"}], "preco": "7.49", "partida_data": "09/09/2015", "variacao": "-0.45", "id": 80853, "media": "3.09", "pontos": "2.00", "apelido": "Pedro Geromel", "posicao": {"abreviacao": "ZAG", "id": 3, "nome": "Zagueiro"}, "partida_clube_visitante": {"mercado": 1, "slug": "gremio", "abreviacao": "gre", "id": 284, "nome": "gr\u00eamio"}, "partida_clube_casa": {"mercado": 1, "slug": "corinthians", "abreviacao": "cor", "id": 264, "nome": "corinthians"}}, {"status": "Suspenso", "foto": "http://s.glbimg.com/es/sde/f/2014/12/17/b0e34c8b3b3b1730dfe88cfef867572c_FORMATO.jpeg", "clube": {"mercado": 1, "slug": "palmeiras", "abreviacao": "pal", "id": 275, "nome": "palmeiras"}, "status_id": 3, "jogos": 6, "scout": [{"quantidade": 1, "nome": "FS"}, {"quantidade": 10, "nome": "PE"}, {"quantidade": 1, "nome": "FT"}, {"quantidade": 5, "nome": "I"}, {"quantidade": 1, "nome": "RB"}, {"quantidade": 3, "nome": "FC"}, {"quantidade": 2, "nome": "FF"}, {"quantidade": 2, "nome": "FD"}], "preco": "7.49", "partida_data": "09/09/2015", "variacao": "0.00", "id": 69282, "media": "0.35", "pontos": "0.00", "apelido": "Lucas Barrios", "posicao": {"abreviacao": "ATA", "id": 5, "nome": "Atacante"}, "partida_clube_visitante": {"mercado": 1, "slug": "palmeiras", "abreviacao": "pal", "id": 275, "nome": "palmeiras"}, "partida_clube_casa": {"mercado": 1, "slug": "internacional", "abreviacao": "int", "id": 285, "nome": "internacional"}}]}