{"rodada_id": 23, "page": {"atual": "3", "total": "42"}, "atleta": [{"status": "Prov\u00e1vel", "foto": "http://s.glbimg.com/es/sde/f/2015/07/22/d3f80d152475acb03748540578fc150e_FORMATO.jpeg", "clube": {"mercado": 1, "slug": "atletico-mg", "abreviacao": "atl", "id": 282, "nome": "atl\u00e9tico-mg"}, "status_id": 7, "jogos": 13, "scout": [{"quantidade": 12, "nome": "FS"}, {"quantidade": 32, "nome": "PE"}, {"quantidade": 3, "nome": "FT"}, {"quantidade": 2, "nome": "G"}, {"quantidade": 3, "nome": "I"}, {"quantidade": 4, "nome": "RB"}, {"quantidade": 15, "nome": "FC"}, {"quantidade": 1, "nome": "CA"}, {"quantidade": 7, "nome": "FF"}, {"quantidade": 5, "nome": "FD"}], "preco": "15.08", "partida_data": "05/09/2015", "variacao": "-0.42", "id": 69240, "media": "2.20", "pontos": "-1.50", "apelido": "D\u00e1tolo", "posicao": {"abreviacao": "MEI", "id": 4, "nome": "Meia"}, "partida_clube_visitante": {"mercado": 1, "slug": "atletico-mg", "abreviacao": "atl", "id": 282, "nome": "atl\u00e9tico-mg"}, "partida_clube_casa": {"mercado": 1, "slug": "vasco", "abreviacao": "vas", "id": 267, "nome": "vasco"}}, {"status": "Prov\u00e1vel", "foto": "http://s.glbimg.com/es/sde/f/2015/01/15/b6638a6437c396b5b2bdd03017093973_FORMATO.jpeg", "clube": {"mercado": 1, "slug": "flamengo", "abreviacao": "fla", "id": 262, "nome": "flamengo"}, "status_id": 7, "jogos": 19, "scout": [{"quantidade": 5, "nome": "SG"}, {"quantidade": 23, "nome": "FS"}, {"quantidade": 59, "nome": "PE"}, {"quantidade": 1, "nome": "FT"}, {"quantidade": 1, "nome": "G"}, {"quantidade": 37, "nome": "RB"}, {"quantidade": 20, "nome": "FC"}, {"quantidade": 3, "nome": "CA"}, {"quantidade": 6, "nome": "FF"}, {"quantidade": 4, "nome": "FD"}], "preco": "15.07", "partida_data": "06/09/2015", "variacao": "-0.22", "id": 68958, "media": "4.50", "pontos": "3.80", "apelido": "Wallace", "posicao": {"abreviacao": "ZAG", "id": 3, "nome": "Zagueiro"}, "partida_clube_visitante": {"mercado": 1, "slug": "flamengo", "abreviacao": "fla", "id": 262, "nome": "flamengo"}, "partida_clube_casa": {"mercado": 1, "slug": "fluminense", "abreviacao": "flu", "id": 266, "nome": "fluminense"}}, {"status": "Prov\u00e1vel", "foto": "http://s.glbimg.com/es/sde/f/2015/02/10/845ba1bbd2da053140f09308fa588c9f_FORMATO.jpeg", "clube": {"mercado": 1, "slug": "cruzeiro", "abreviacao": "cru", "id": 283, "nome": "cruzeiro"}, "status_id": 7, "jogos": 15, "scout": [{"quantidade": 37, "nome": "FS"}, {"quantidade": 41, "nome": "PE"}, {"quantidade": 1, "nome": "G"}, {"quantidade": 45, "nome": "RB"}, {"quantidade": 41, "nome": "FC"}, {"quantidade": 7, "nome": "CA"}, {"quantidade": 1, "nome": "CV"}, {"quantidade": 2, "nome": "FF"}], "preco": "15.04", "partida_data": "06/09/2015", "variacao": "1.37", "id": 54424, "media": "3.51", "pontos": "10.20", "apelido": "Willians", "posicao": {"abreviacao": "MEI", "id": 4, "nome": "Meia"}, "partida_clube_visitante": {"mercado": 1, "slug": "figueirense", "abreviacao": "fig", "id": 316, "nome": "figueirense"}, "partida_clube_casa": {"mercado": 1, "slug": "cruzeiro", "abreviacao": "cru", "id": 283, "nome": "cruzeiro"}}, {"status": "Prov\u00e1vel", "foto": "http://s.glbimg.com/es/sde/f/2015/01/15/7865c308c2ef9ed40ac8749a0b2b54b5_FORMATO.jpeg", "clube": {"mercado": 1, "slug": "fluminense", "abreviacao": "flu", "id": 266, "nome": "fluminense"}, "status_id": 7, "jogos": 20, "scout": [{"quantidade": 8, "nome": "SG"}, {"quantidade": 2, "nome": "FS"}, {"quantidade": 6, "nome": "PE"}, {"quantidade": 3, "nome": "CA"}, {"quantidade": 34, "nome": "DD"}, {"quantidade": 1, "nome": "DP"}, {"quantidade": 21, "nome": "GS"}], "preco": "14.98", "partida_data": "06/09/2015", "variacao": "-0.18", "id": 38431, "media": "5.01", "pontos": "-1.00", "apelido": "Diego Cavalieri", "posicao": {"abreviacao": "GOL", "id": 1, "nome": "Goleiro"}, "partida_clube_visitante": {"mercado": 1, "slug": "flamengo", "abreviacao": "fla", "id": 262, "nome": "flamengo"}, "partida_clube_casa": {"mercado": 1, "slug": "fluminense", "abreviacao": "flu", "id": 266, "nome": "fluminense"}}, {"status": "Prov\u00e1vel", "foto": "http://s.glbimg.com/es/sde/f/2015/01/15/c51c9f87a1dbe235f48af581ae110ea7_FORMATO.jpeg", "clube": {"mercado": 1, "slug": "internacional", "abreviacao": "int", "id": 285, "nome": "internacional"}, "status_id": 7, "jogos": 10, "scout": [{"quantidade": 12, "nome": "FS"}, {"quantidade": 33, "nome": "PE"}, {"quantidade": 1, "nome": "A"}, {"quantidade": 2, "nome": "FT"}, {"quantidade": 2, "nome": "G"}, {"quantidade": 9, "nome": "RB"}, {"quantidade": 3, "nome": "FC"}, {"quantidade": 2, "nome": "CA"}, {"quantidade": 3, "nome": "FF"}, {"quantidade": 7, "nome": "FD"}], "preco": "14.94", "partida_data": "05/09/2015", "variacao": "1.24", "id": 70360, "media": "4.30", "pontos": "13.80", "apelido": "Eduardo Sasha", "posicao": {"abreviacao": "ATA", "id": 5, "nome": "Atacante"}, "partida_clube_visitante": {"mercado": 1, "slug": "internacional", "abreviacao": "int", "id": 285, "nome": "internacional"}, "partida_clube_casa": {"mercado": 1, "slug": "sao-paulo", "abreviacao": "sao", "id": 276, "nome": "s\u00e3o paulo"}}, {"status": "Suspenso", "foto": "http://s.glbimg.com/es/sde/f/2015/05/07/1af5521fa723ebef986d5fe572a1d338_FORMATO.jpeg", "clube": {"mercado": 1, "slug": "ponte-preta", "abreviacao": "pon", "id": 303, "nome": "ponte preta"}, "status_id": 3, "jogos": 21, "scout": [{"quantidade": 40, "nome": "FS"}, {"quantidade": 65, "nome": "PE"}, {"quantidade": 1, "nome": "G"}, {"quantidade": 61, "nome": "RB"}, {"quantidade": 59, "nome": "FC"}, {"quantidade": 6, "nome": "CA"}, {"quantidade": 4, "nome": "FF"}, {"quantidade": 2, "nome": "FD"}], "preco": "14.77", "partida_data": "06/09/2015", "variacao": "-1.05", "id": 42213, "media": "3.59", "pontos": "1.20", "apelido": "Fernando Bob", "posicao": {"abreviacao": "MEI", "id": 4, "nome": "Meia"}, "partida_clube_visitante": {"mercado": 1, "slug": "ponte-preta", "abreviacao": "pon", "id": 303, "nome": "ponte preta"}, "partida_clube_casa": {"mercado": 1, "slug": "chapecoense", "abreviacao": "cha", "id": 315, "nome": "chapecoense"}}, {"status": "Contundido", "foto": "http://s.glbimg.com/es/sde/f/2015/05/01/67504eda1a5f8728a743715d11e9bf88_FORMATO.jpeg", "clube": {"mercado": 1, "slug": "sao-paulo", "abreviacao": "sao", "id": 276, "nome": "s\u00e3o paulo"}, "status_id": 5, "jogos": 13, "scout": [{"quantidade": 16, "nome": "FS"}, {"quantidade": 19, "nome": "PE"}, {"quantidade": 1, "nome": "A"}, {"quantidade": 3, "nome": "FT"}, {"quantidade": 3, "nome": "G"}, {"quantidade": 11, "nome": "I"}, {"quantidade": 3, "nome": "RB"}, {"quantidade": 22, "nome": "FC"}, {"quantidade": 5, "nome": "CA"}, {"quantidade": 1, "nome": "CV"}, {"quantidade": 9, "nome": "FF"}, {"quantidade": 5, "nome": "FD"}], "preco": "14.76", "partida_data": "05/09/2015", "variacao": "0.00", "id": 37919, "media": "2.06", "pontos": "0.00", "apelido": "Luis Fabiano", "posicao": {"abreviacao": "ATA", "id": 5, "nome": "Atacante"}, "partida_clube_visitante": {"mercado": 1, "slug": "internacional", "abreviacao": "int", "id": 285, "nome": "internacional"}, "partida_clube_casa": {"mercado": 1, "slug": "sao-paulo", "abreviacao": "sao", "id": 276, "nome": "s\u00e3o paulo"}}, {"status": "D\u00favida", "foto": "http://s.glbimg.com/es/sde/f/2015/03/04/9c6ee759e763f6466b3961ff27672c53_FORMATO.png", "clube": {"mercado": 1, "slug": "atletico-pr", "abreviacao": "atl", "id": 293, "nome": "atl\u00e9tico-pr"}, "status_id": 2, "jogos": 14, "scout": [{"quantidade": 15, "nome": "FS"}, {"quantidade": 21, "nome": "PE"}, {"quantidade": 2, "nome": "A"}, {"quantidade": 3, "nome": "G"}, {"quantidade": 1, "nome": "I"}, {"quantidade": 11, "nome": "RB"}, {"quantidade": 8, "nome": "FC"}, {"quantidade": 1, "nome": "CA"}, {"quantidade": 8, "nome": "FF"}, {"quantidade": 13, "nome": "FD"}], "preco": "14.62", "partida_data": "05/09/2015", "variacao": "0.41", "id": 83266, "media": "4.70", "pontos": "5.70", "apelido": "Marcos Guilherme ", "posicao": {"abreviacao": "MEI", "id": 4, "nome": "Meia"}, "partida_clube_visitante": {"mercado": 1, "slug": "joinville", "abreviacao": "jec", "id": 317, "nome": "joinville"}, "partida_clube_casa": {"mercado": 1, "slug": "atletico-pr", "abreviacao": "atl", "id": 293, "nome": "atl\u00e9tico-pr"}}, {"status": "Prov\u00e1vel", "foto": "http://s.glbimg.com/es/sde/f/2014/04/25/b242f518d23fd421cb59b6e4bec8eddd_FORMATO.jpeg", "clube": {"mercado": 1, "slug": "atletico-mg", "abreviacao": "atl", "id": 282, "nome": "atl\u00e9tico-mg"}, "status_id": 7, "jogos": 20, "scout": [], "preco": "14.54", "partida_data": "05/09/2015", "variacao": "-0.21", "id": 40025, "media": "3.78", "pontos": "1.31", "apelido": "Levir Culpi", "posicao": {"abreviacao": "TEC", "id": 6, "nome": "T\u00e9cnico"}, "partida_clube_visitante": {"mercado": 1, "slug": "atletico-mg", "abreviacao": "atl", "id": 282, "nome": "atl\u00e9tico-mg"}, "partida_clube_casa": {"mercado": 1, "slug": "vasco", "abreviacao": "vas", "id": 267, "nome": "vasco"}}, {"status": "Suspenso", "foto": "http://s.glbimg.com/es/sde/f/2015/04/30/684e9871264f8f0e79933c6939dd1a03_FORMATO.jpeg", "clube": {"mercado": 1, "slug": "internacional", "abreviacao": "int", "id": 285, "nome": "internacional"}, "status_id": 3, "jogos": 18, "scout": [{"quantidade": 20, "nome": "FS"}, {"quantidade": 56, "nome": "PE"}, {"quantidade": 2, "nome": "A"}, {"quantidade": 4, "nome": "G"}, {"quantidade": 1, "nome": "I"}, {"quantidade": 17, "nome": "RB"}, {"quantidade": 15, "nome": "FC"}, {"quantidade": 3, "nome": "CA"}, {"quantidade": 15, "nome": "FF"}, {"quantidade": 5, "nome": "FD"}], "preco": "14.49", "partida_data": "05/09/2015", "variacao": "-0.50", "id": 78435, "media": "3.65", "pontos": "2.30", "apelido": "Vitinho", "posicao": {"abreviacao": "ATA", "id": 5, "nome": "Atacante"}, "partida_clube_visitante": {"mercado": 1, "slug": "internacional", "abreviacao": "int", "id": 285, "nome": "internacional"}, "partida_clube_casa": {"mercado": 1, "slug": "sao-paulo", "abreviacao": "sao", "id": 276, "nome": "s\u00e3o paulo"}}, {"status": "Suspenso", "foto": "http://s.glbimg.com/es/sde/f/2015/07/22/5776f844811c61088b33383c3d1eed2b_FORMATO.jpeg", "clube": {"mercado": 1, "slug": "goias", "abreviacao": "goi", "id": 290, "nome": "goi\u00e1s"}, "status_id": 3, "jogos": 18, "scout": [{"quantidade": 24, "nome": "FS"}, {"quantidade": 88, "nome": "PE"}, {"quantidade": 4, "nome": "A"}, {"quantidade": 5, "nome": "G"}, {"quantidade": 2, "nome": "I"}, {"quantidade": 14, "nome": "RB"}, {"quantidade": 7, "nome": "FC"}, {"quantidade": 2, "nome": "CA"}, {"quantidade": 1, "nome": "PP"}, {"quantidade": 8, "nome": "FF"}, {"quantidade": 16, "nome": "FD"}], "preco": "14.48", "partida_data": "06/09/2015", "variacao": "0.00", "id": 50295, "media": "4.39", "pontos": "0.00", "apelido": "Felipe Menezes", "posicao": {"abreviacao": "MEI", "id": 4, "nome": "Meia"}, "partida_clube_visitante": {"mercado": 1, "slug": "goias", "abreviacao": "goi", "id": 290, "nome": "goi\u00e1s"}, "partida_clube_casa": {"mercado": 1, "slug": "gremio", "abreviacao": "gre", "id": 284, "nome": "gr\u00eamio"}}, {"status": "Prov\u00e1vel", "foto": "http://s.glbimg.com/es/sde/f/2015/02/24/7301860d2ed5ba0644418149f03f9ad9_FORMATO.jpeg", "clube": {"mercado": 1, "slug": "sport", "abreviacao": "spo", "id": 292, "nome": "sport"}, "status_id": 7, "jogos": 21, "scout": [{"quantidade": 7, "nome": "SG"}, {"quantidade": 9, "nome": "FS"}, {"quantidade": 45, "nome": "PE"}, {"quantidade": 1, "nome": "FT"}, {"quantidade": 3, "nome": "G"}, {"quantidade": 17, "nome": "RB"}, {"quantidade": 17, "nome": "FC"}, {"quantidade": 2, "nome": "CA"}, {"quantidade": 3, "nome": "FF"}, {"quantidade": 1, "nome": "FD"}], "preco": "14.41", "partida_data": "06/09/2015", "variacao": "0.71", "id": 38632, "media": "3.48", "pontos": "7.60", "apelido": "Matheus Ferraz", "posicao": {"abreviacao": "ZAG", "id": 3, "nome": "Zagueiro"}, "partida_clube_visitante": {"mercado": 1, "slug": "santos", "abreviacao": "san", "id": 277, "nome": "santos"}, "partida_clube_casa": {"mercado": 1, "slug": "sport", "abreviacao": "spo", "id": 292, "nome": "sport"}}, {"status": "Nulo", "foto": "http://s.glbimg.com/es/sde/f/2010/11/18/b3e6172d45114c685fbf0891c15bc041_FORMATO.jpeg", "clube": {"mercado": 1, "slug": "vasco", "abreviacao": "vas", "id": 267, "nome": "vasco"}, "status_id": 6, "jogos": 19, "scout": [{"quantidade": 19, "nome": "FS"}, {"quantidade": 27, "nome": "PE"}, {"quantidade": 52, "nome": "RB"}, {"quantidade": 38, "nome": "FC"}, {"quantidade": 7, "nome": "CA"}, {"quantidade": 1, "nome": "CV"}, {"quantidade": 3, "nome": "FF"}], "preco": "14.40", "partida_data": "05/09/2015", "variacao": "-1.08", "id": 50533, "media": "2.85", "pontos": "0.60", "apelido": "Gui\u00f1azu", "posicao": {"abreviacao": "MEI", "id": 4, "nome": "Meia"}, "partida_clube_visitante": {"mercado": 1, "slug": "atletico-mg", "abreviacao": "atl", "id": 282, "nome": "atl\u00e9tico-mg"}, "partida_clube_casa": {"mercado": 1, "slug": "vasco", "abreviacao": "vas", "id": 267, "nome": "vasco"}}, {"status": "Prov\u00e1vel", "foto": "http://s.glbimg.com/es/sde/f/2010/11/18/1bd21a428532b4f8d7260bb2dc873e93_FORMATO.jpeg", "clube": {"mercado": 1, "slug": "gremio", "abreviacao": "gre", "id": 284, "nome": "gr\u00eamio"}, "status_id": 7, "jogos": 21, "scout": [{"quantidade": 14, "nome": "FS"}, {"quantidade": 69, "nome": "PE"}, {"quantidade": 6, "nome": "A"}, {"quantidade": 4, "nome": "G"}, {"quantidade": 1, "nome": "I"}, {"quantidade": 18, "nome": "RB"}, {"quantidade": 18, "nome": "FC"}, {"quantidade": 8, "nome": "FF"}, {"quantidade": 5, "nome": "FD"}], "preco": "14.36", "partida_data": "06/09/2015", "variacao": "0.11", "id": 51548, "media": "3.82", "pontos": "1.60", "apelido": "Giuliano", "posicao": {"abreviacao": "MEI", "id": 4, "nome": "Meia"}, "partida_clube_visitante": {"mercado": 1, "slug": "goias", "abreviacao": "goi", "id": 290, "nome": "goi\u00e1s"}, "partida_clube_casa": {"mercado": 1, "slug": "gremio", "abreviacao": "gre", "id": 284, "nome": "gr\u00eamio"}}, {"status": "Prov\u00e1vel", "foto": "http://s.glbimg.com/es/sde/f/2015/04/10/ce0c621e3622e200f1d115e9bacc39db_FORMATO.jpeg", "clube": {"mercado": 1, "slug": "goias", "abreviacao": "goi", "id": 290, "nome": "goi\u00e1s"}, "status_id": 7, "jogos": 19, "scout": [{"quantidade": 44, "nome": "FS"}, {"quantidade": 51, "nome": "PE"}, {"quantidade": 4, "nome": "A"}, {"quantidade": 3, "nome": "G"}, {"quantidade": 10, "nome": "I"}, {"quantidade": 19, "nome": "RB"}, {"quantidade": 29, "nome": "FC"}, {"quantidade": 5, "nome": "CA"}, {"quantidade": 1, "nome": "CV"}, {"quantidade": 20, "nome": "FF"}, {"quantidade": 15, "nome": "FD"}], "preco": "14.30", "partida_data": "06/09/2015", "variacao": "1.59", "id": 90285, "media": "4.09", "pontos": "7.60", "apelido": "Bruno Henrique", "posicao": {"abreviacao": "ATA", "id": 5, "nome": "Atacante"}, "partida_clube_visitante": {"mercado": 1, "slug": "goias", "abreviacao": "goi", "id": 290, "nome": "goi\u00e1s"}, "partida_clube_casa": {"mercado": 1, "slug": "gremio", "abreviacao": "gre", "id": 284, "nome": "gr\u00eamio"}}, {"status": "Prov\u00e1vel", "foto": "http://s.glbimg.com/es/sde/f/2010/11/12/1e2f8daaca47444ba657136ad8167dbe_FORMATO.jpeg", "clube": {"mercado": 1, "slug": "palmeiras", "abreviacao": "pal", "id": 275, "nome": "palmeiras"}, "status_id": 7, "jogos": 22, "scout": [{"quantidade": 7, "nome": "SG"}, {"quantidade": 5, "nome": "FS"}, {"quantidade": 19, "nome": "PE"}, {"quantidade": 1, "nome": "RB"}, {"quantidade": 30, "nome": "DD"}, {"quantidade": 1, "nome": "DP"}, {"quantidade": 23, "nome": "GS"}], "preco": "14.23", "partida_data": "06/09/2015", "variacao": "0.94", "id": 38140, "media": "3.82", "pontos": "4.00", "apelido": "Fernando Prass", "posicao": {"abreviacao": "GOL", "id": 1, "nome": "Goleiro"}, "partida_clube_visitante": {"mercado": 1, "slug": "corinthians", "abreviacao": "cor", "id": 264, "nome": "corinthians"}, "partida_clube_casa": {"mercado": 1, "slug": "palmeiras", "abreviacao": "pal", "id": 275, "nome": "palmeiras"}}, {"status": "Suspenso", "foto": "http://s.glbimg.com/es/sde/f/2015/01/15/1d705846e0bc0da2a28a6850e56941d7_FORMATO.jpeg", "clube": {"mercado": 1, "slug": "sao-paulo", "abreviacao": "sao", "id": 276, "nome": "s\u00e3o paulo"}, "status_id": 3, "jogos": 19, "scout": [{"quantidade": 35, "nome": "FS"}, {"quantidade": 56, "nome": "PE"}, {"quantidade": 4, "nome": "A"}, {"quantidade": 1, "nome": "FT"}, {"quantidade": 7, "nome": "G"}, {"quantidade": 11, "nome": "I"}, {"quantidade": 12, "nome": "RB"}, {"quantidade": 10, "nome": "FC"}, {"quantidade": 3, "nome": "CA"}, {"quantidade": 8, "nome": "FF"}, {"quantidade": 11, "nome": "FD"}], "preco": "14.19", "partida_data": "05/09/2015", "variacao": "-2.44", "id": 49675, "media": "5.30", "pontos": "-1.20", "apelido": "Alexandre Pato", "posicao": {"abreviacao": "ATA", "id": 5, "nome": "Atacante"}, "partida_clube_visitante": {"mercado": 1, "slug": "internacional", "abreviacao": "int", "id": 285, "nome": "internacional"}, "partida_clube_casa": {"mercado": 1, "slug": "sao-paulo", "abreviacao": "sao", "id": 276, "nome": "s\u00e3o paulo"}}, {"status": "Contundido", "foto": "http://s.glbimg.com/es/sde/f/2015/01/08/377e71ac6d5204647e71ae143e5d7b6b_FORMATO.jpeg", "clube": {"mercado": 1, "slug": "fluminense", "abreviacao": "flu", "id": 266, "nome": "fluminense"}, "status_id": 5, "jogos": 12, "scout": [{"quantidade": 5, "nome": "SG"}, {"quantidade": 7, "nome": "FS"}, {"quantidade": 36, "nome": "PE"}, {"quantidade": 1, "nome": "I"}, {"quantidade": 17, "nome": "RB"}, {"quantidade": 11, "nome": "FC"}, {"quantidade": 1, "nome": "CV"}, {"quantidade": 3, "nome": "FF"}, {"quantidade": 2, "nome": "FD"}], "preco": "14.15", "partida_data": "06/09/2015", "variacao": "0.00", "id": 72097, "media": "3.31", "pontos": "0.00", "apelido": "Giovanni", "posicao": {"abreviacao": "LAT", "id": 2, "nome": "Lateral"}, "partida_clube_visitante": {"mercado": 1, "slug": "flamengo", "abreviacao": "fla", "id": 262, "nome": "flamengo"}, "partida_clube_casa": {"mercado": 1, "slug": "fluminense", "abreviacao": "flu", "id": 266, "nome": "fluminense"}}, {"status": "Prov\u00e1vel", "foto": "http://s.glbimg.com/es/sde/f/2015/01/19/8479a8791c149d2cd4191e263fdd81ae_FORMATO.jpeg", "clube": {"mercado": 1, "slug": "santos", "abreviacao": "san", "id": 277, "nome": "santos"}, "status_id": 7, "jogos": 21, "scout": [{"quantidade": 8, "nome": "SG"}, {"quantidade": 7, "nome": "FS"}, {"quantidade": 66, "nome": "PE"}, {"quantidade": 4, "nome": "A"}, {"quantidade": 1, "nome": "G"}, {"quantidade": 1, "nome": "I"}, {"quantidade": 30, "nome": "RB"}, {"quantidade": 17, "nome": "FC"}, {"quantidade": 1, "nome": "CA"}, {"quantidade": 2, "nome": "FF"}, {"quantidade": 3, "nome": "FD"}], "preco": "14.13", "partida_data": "06/09/2015", "variacao": "-1.56", "id": 70046, "media": "4.56", "pontos": "1.80", "apelido": "Victor Ferraz", "posicao": {"abreviacao": "LAT", "id": 2, "nome": "Lateral"}, "partida_clube_visitante": {"mercado": 1, "slug": "santos", "abreviacao": "san", "id": 277, "nome": "santos"}, "partida_clube_casa": {"mercado": 1, "slug": "sport", "abreviacao": "spo", "id": 292, "nome": "sport"}}, {"status": "Prov\u00e1vel", "foto": "http://s.glbimg.com/es/sde/f/2015/01/15/1eaf452a3101b8a4cac28b1d4658d17c_FORMATO.jpeg", "clube": {"mercado": 1, "slug": "fluminense", "abreviacao": "flu", "id": 266, "nome": "fluminense"}, "status_id": 7, "jogos": 16, "scout": [{"quantidade": 6, "nome": "SG"}, {"quantidade": 9, "nome": "FS"}, {"quantidade": 48, "nome": "PE"}, {"quantidade": 1, "nome": "A"}, {"quantidade": 1, "nome": "FT"}, {"quantidade": 17, "nome": "RB"}, {"quantidade": 16, "nome": "FC"}, {"quantidade": 1, "nome": "CA"}, {"quantidade": 2, "nome": "CV"}, {"quantidade": 2, "nome": "FF"}, {"quantidade": 4, "nome": "FD"}], "preco": "14.13", "partida_data": "06/09/2015", "variacao": "0.00", "id": 68887, "media": "2.68", "pontos": "0.00", "apelido": "Gum", "posicao": {"abreviacao": "ZAG", "id": 3, "nome": "Zagueiro"}, "partida_clube_visitante": {"mercado": 1, "slug": "flamengo", "abreviacao": "fla", "id": 262, "nome": "flamengo"}, "partida_clube_casa": {"mercado": 1, "slug": "fluminense", "abreviacao": "flu", "id": 266, "nome": "fluminense"}}]}