{"rodada_id": 38, "page": {"atual": "32", "total": "42"}, "atleta": [{"status": "Nulo", "foto": null, "clube": {"mercado": 1, "slug": "fluminense", "abreviacao": "flu", "id": 266, "nome": "fluminense"}, "status_id": 6, "jogos": 8, "scout": [{"quantidade": 7, "nome": "FS"}, {"quantidade": 13, "nome": "PE"}, {"quantidade": 1, "nome": "A"}, {"quantidade": 5, "nome": "RB"}, {"quantidade": 4, "nome": "FC"}, {"quantidade": 1, "nome": "CV"}, {"quantidade": 1, "nome": "FF"}], "preco": "2.21", "partida_data": "06/12/2015", "variacao": "0.00", "id": 80399, "media": "0.85", "pontos": "0.00", "apelido": "Higor Leite", "posicao": {"abreviacao": "MEI", "id": 4, "nome": "Meia"}, "partida_clube_visitante": {"mercado": 1, "slug": "fluminense", "abreviacao": "flu", "id": 266, "nome": "fluminense"}, "partida_clube_casa": {"mercado": 1, "slug": "figueirense", "abreviacao": "fig", "id": 316, "nome": "figueirense"}}, {"status": "Nulo", "foto": "http://s.glbimg.com/es/sde/f/2015/01/08/1e303cfd7a2276c8c90ac129ffa41fe9_FORMATO.jpeg", "clube": {"mercado": 1, "slug": "fluminense", "abreviacao": "flu", "id": 266, "nome": "fluminense"}, "status_id": 6, "jogos": 6, "scout": [{"quantidade": 2, "nome": "SG"}, {"quantidade": 9, "nome": "PE"}, {"quantidade": 3, "nome": "RB"}, {"quantidade": 4, "nome": "FC"}, {"quantidade": 1, "nome": "CA"}], "preco": "2.20", "partida_data": "06/12/2015", "variacao": "0.00", "id": 84889, "media": "1.40", "pontos": "0.00", "apelido": "Victor Oliveira", "posicao": {"abreviacao": "ZAG", "id": 3, "nome": "Zagueiro"}, "partida_clube_visitante": {"mercado": 1, "slug": "fluminense", "abreviacao": "flu", "id": 266, "nome": "fluminense"}, "partida_clube_casa": {"mercado": 1, "slug": "figueirense", "abreviacao": "fig", "id": 316, "nome": "figueirense"}}, {"status": "Nulo", "foto": "http://s.glbimg.com/es/sde/f/2014/03/28/c7d9f2a4e66aaac42d758f19356f39c4_FORMATO.png", "clube": {"mercado": 1, "slug": "cruzeiro", "abreviacao": "cru", "id": 283, "nome": "cruzeiro"}, "status_id": 6, "jogos": 2, "scout": [{"quantidade": 4, "nome": "FS"}, {"quantidade": 2, "nome": "PE"}, {"quantidade": 3, "nome": "FC"}], "preco": "2.16", "partida_data": "06/12/2015", "variacao": "0.00", "id": 87401, "media": "-0.05", "pontos": "0.00", "apelido": "Eurico", "posicao": {"abreviacao": "MEI", "id": 4, "nome": "Meia"}, "partida_clube_visitante": {"mercado": 1, "slug": "cruzeiro", "abreviacao": "cru", "id": 283, "nome": "cruzeiro"}, "partida_clube_casa": {"mercado": 1, "slug": "internacional", "abreviacao": "int", "id": 285, "nome": "internacional"}}, {"status": "Suspenso", "foto": "http://s.glbimg.com/es/sde/f/2015/07/22/bfc44ea5beb75c9146f6efe1331c980a_FORMATO.jpeg", "clube": {"mercado": 1, "slug": "chapecoense", "abreviacao": "cha", "id": 315, "nome": "chapecoense"}, "status_id": 3, "jogos": 24, "scout": [{"quantidade": 25, "nome": "FS"}, {"quantidade": 29, "nome": "PE"}, {"quantidade": 3, "nome": "A"}, {"quantidade": 1, "nome": "I"}, {"quantidade": 4, "nome": "RB"}, {"quantidade": 15, "nome": "FC"}, {"quantidade": 3, "nome": "CA"}, {"quantidade": 6, "nome": "FF"}, {"quantidade": 3, "nome": "FD"}], "preco": "2.12", "partida_data": "06/12/2015", "variacao": "-0.97", "id": 73513, "media": "0.80", "pontos": "-2.20", "apelido": "Maranh\u00e3o", "posicao": {"abreviacao": "MEI", "id": 4, "nome": "Meia"}, "partida_clube_visitante": {"mercado": 1, "slug": "chapecoense", "abreviacao": "cha", "id": 315, "nome": "chapecoense"}, "partida_clube_casa": {"mercado": 1, "slug": "atletico-mg", "abreviacao": "atl", "id": 282, "nome": "atl\u00e9tico-mg"}}, {"status": "Nulo", "foto": "http://s.glbimg.com/es/sde/f/2015/10/28/1da7ae4237066e6ece96dd3bafb418c3_FORMATO.jpeg", "clube": {"mercado": 1, "slug": "internacional", "abreviacao": "int", "id": 285, "nome": "internacional"}, "status_id": 6, "jogos": 3, "scout": [{"quantidade": 1, "nome": "FS"}, {"quantidade": 3, "nome": "PE"}, {"quantidade": 3, "nome": "RB"}, {"quantidade": 4, "nome": "FC"}, {"quantidade": 1, "nome": "CA"}], "preco": "2.10", "partida_data": "06/12/2015", "variacao": "0.00", "id": 77567, "media": "0.23", "pontos": "0.00", "apelido": "Z\u00e9 M\u00e1rio", "posicao": {"abreviacao": "MEI", "id": 4, "nome": "Meia"}, "partida_clube_visitante": {"mercado": 1, "slug": "cruzeiro", "abreviacao": "cru", "id": 283, "nome": "cruzeiro"}, "partida_clube_casa": {"mercado": 1, "slug": "internacional", "abreviacao": "int", "id": 285, "nome": "internacional"}}, {"status": "Prov\u00e1vel", "foto": "http://s.glbimg.com/es/sde/f/2015/10/28/cc58cb55cf4a9cc341dc8971b2e2af9a_FORMATO.png", "clube": {"mercado": 1, "slug": "vasco", "abreviacao": "vas", "id": 267, "nome": "vasco"}, "status_id": 7, "jogos": 12, "scout": [{"quantidade": 7, "nome": "FS"}, {"quantidade": 27, "nome": "PE"}, {"quantidade": 18, "nome": "RB"}, {"quantidade": 25, "nome": "FC"}, {"quantidade": 4, "nome": "CA"}, {"quantidade": 3, "nome": "FF"}, {"quantidade": 2, "nome": "FD"}], "preco": "2.10", "partida_data": "06/12/2015", "variacao": "0.67", "id": 60802, "media": "0.80", "pontos": "1.40", "apelido": "Bruno Gallo", "posicao": {"abreviacao": "MEI", "id": 4, "nome": "Meia"}, "partida_clube_visitante": {"mercado": 1, "slug": "vasco", "abreviacao": "vas", "id": 267, "nome": "vasco"}, "partida_clube_casa": {"mercado": 1, "slug": "coritiba", "abreviacao": "cor", "id": 294, "nome": "coritiba"}}, {"status": "Nulo", "foto": "http://s.glbimg.com/es/sde/f/2010/11/12/aa8a19a420a228b99a4e2899c0489f3f_FORMATO.jpeg", "clube": {"mercado": 1, "slug": "fluminense", "abreviacao": "flu", "id": 266, "nome": "fluminense"}, "status_id": 6, "jogos": 1, "scout": [{"quantidade": 1, "nome": "GS"}], "preco": "2.08", "partida_data": "06/12/2015", "variacao": "0.00", "id": 68884, "media": "-2.00", "pontos": "0.00", "apelido": "Klever", "posicao": {"abreviacao": "GOL", "id": 1, "nome": "Goleiro"}, "partida_clube_visitante": {"mercado": 1, "slug": "fluminense", "abreviacao": "flu", "id": 266, "nome": "fluminense"}, "partida_clube_casa": {"mercado": 1, "slug": "figueirense", "abreviacao": "fig", "id": 316, "nome": "figueirense"}}, {"status": "Nulo", "foto": "http://s.glbimg.com/es/sde/f/2015/10/23/b0c111eff3eb4d658b35349690504b36_FORMATO.png", "clube": {"mercado": 1, "slug": "atletico-pr", "abreviacao": "atl", "id": 293, "nome": "atl\u00e9tico-pr"}, "status_id": 6, "jogos": 7, "scout": [{"quantidade": 4, "nome": "SG"}, {"quantidade": 4, "nome": "FS"}, {"quantidade": 9, "nome": "PE"}, {"quantidade": 1, "nome": "I"}, {"quantidade": 6, "nome": "RB"}, {"quantidade": 5, "nome": "FC"}, {"quantidade": 1, "nome": "CA"}, {"quantidade": 1, "nome": "FF"}], "preco": "2.06", "partida_data": "06/12/2015", "variacao": "0.00", "id": 68907, "media": "3.60", "pontos": "0.00", "apelido": "Wellington", "posicao": {"abreviacao": "ZAG", "id": 3, "nome": "Zagueiro"}, "partida_clube_visitante": {"mercado": 1, "slug": "atletico-pr", "abreviacao": "atl", "id": 293, "nome": "atl\u00e9tico-pr"}, "partida_clube_casa": {"mercado": 1, "slug": "santos", "abreviacao": "san", "id": 277, "nome": "santos"}}, {"status": "Nulo", "foto": "http://s.glbimg.com/es/sde/f/2012/05/23/872ed4f2397b2f47680197395d6ffc54_FORMATO.jpeg", "clube": {"mercado": 1, "slug": "figueirense", "abreviacao": "fig", "id": 316, "nome": "figueirense"}, "status_id": 6, "jogos": 2, "scout": [{"quantidade": 2, "nome": "PE"}, {"quantidade": 2, "nome": "I"}, {"quantidade": 1, "nome": "FC"}, {"quantidade": 2, "nome": "FF"}], "preco": "2.03", "partida_data": "06/12/2015", "variacao": "0.00", "id": 80288, "media": "-0.35", "pontos": "0.00", "apelido": "Marcelinho", "posicao": {"abreviacao": "MEI", "id": 4, "nome": "Meia"}, "partida_clube_visitante": {"mercado": 1, "slug": "fluminense", "abreviacao": "flu", "id": 266, "nome": "fluminense"}, "partida_clube_casa": {"mercado": 1, "slug": "figueirense", "abreviacao": "fig", "id": 316, "nome": "figueirense"}}, {"status": "Prov\u00e1vel", "foto": "http://s.glbimg.com/es/sde/f/2015/10/28/f191c6872a0bc9eb6c9e5198652a11ee_FORMATO.jpeg", "clube": {"mercado": 1, "slug": "joinville", "abreviacao": "jec", "id": 317, "nome": "joinville"}, "status_id": 7, "jogos": 9, "scout": [{"quantidade": 2, "nome": "SG"}, {"quantidade": 8, "nome": "FS"}, {"quantidade": 11, "nome": "PE"}, {"quantidade": 3, "nome": "I"}, {"quantidade": 10, "nome": "RB"}, {"quantidade": 16, "nome": "FC"}, {"quantidade": 2, "nome": "CA"}, {"quantidade": 1, "nome": "FF"}, {"quantidade": 1, "nome": "FD"}], "preco": "2.01", "partida_data": "06/12/2015", "variacao": "-0.69", "id": 82461, "media": "1.76", "pontos": "-0.60", "apelido": "Danrlei", "posicao": {"abreviacao": "ZAG", "id": 3, "nome": "Zagueiro"}, "partida_clube_visitante": {"mercado": 1, "slug": "gremio", "abreviacao": "gre", "id": 284, "nome": "gr\u00eamio"}, "partida_clube_casa": {"mercado": 1, "slug": "joinville", "abreviacao": "jec", "id": 317, "nome": "joinville"}}, {"status": "Nulo", "foto": "http://s.glbimg.com/es/sde/f/2015/10/28/dd518dacdcd08a9ba0c0e4dd9adddaba_FORMATO.png", "clube": {"mercado": 1, "slug": "vasco", "abreviacao": "vas", "id": 267, "nome": "vasco"}, "status_id": 6, "jogos": 4, "scout": [{"quantidade": 3, "nome": "FS"}, {"quantidade": 6, "nome": "PE"}, {"quantidade": 1, "nome": "FC"}], "preco": "2.01", "partida_data": "06/12/2015", "variacao": "0.00", "id": 61986, "media": "-0.20", "pontos": "0.00", "apelido": "Aislan", "posicao": {"abreviacao": "ZAG", "id": 3, "nome": "Zagueiro"}, "partida_clube_visitante": {"mercado": 1, "slug": "vasco", "abreviacao": "vas", "id": 267, "nome": "vasco"}, "partida_clube_casa": {"mercado": 1, "slug": "coritiba", "abreviacao": "cor", "id": 294, "nome": "coritiba"}}, {"status": "Nulo", "foto": "http://s.glbimg.com/es/sde/f/2015/07/22/726782dadee13f4189822ba3e02513cd_FORMATO.jpeg", "clube": {"mercado": 1, "slug": "gremio", "abreviacao": "gre", "id": 284, "nome": "gr\u00eamio"}, "status_id": 6, "jogos": 6, "scout": [{"quantidade": 2, "nome": "SG"}, {"quantidade": 4, "nome": "FS"}, {"quantidade": 8, "nome": "PE"}, {"quantidade": 4, "nome": "RB"}, {"quantidade": 4, "nome": "FC"}, {"quantidade": 3, "nome": "CA"}], "preco": "2.01", "partida_data": "06/12/2015", "variacao": "0.00", "id": 82775, "media": "1.40", "pontos": "0.00", "apelido": "Lucas Ramon ", "posicao": {"abreviacao": "LAT", "id": 2, "nome": "Lateral"}, "partida_clube_visitante": {"mercado": 1, "slug": "gremio", "abreviacao": "gre", "id": 284, "nome": "gr\u00eamio"}, "partida_clube_casa": {"mercado": 1, "slug": "joinville", "abreviacao": "jec", "id": 317, "nome": "joinville"}}, {"status": "Nulo", "foto": "http://s.glbimg.com/es/sde/f/2015/10/28/1dd9174335f24dfb15b6a586227ecb44_FORMATO.png", "clube": {"mercado": 1, "slug": "atletico-mg", "abreviacao": "atl", "id": 282, "nome": "atl\u00e9tico-mg"}, "status_id": 6, "jogos": 0, "scout": [], "preco": "2.00", "partida_data": "06/12/2015", "variacao": "0.00", "id": 77895, "media": "0.00", "pontos": "0.00", "apelido": "Emerson Concei\u00e7\u00e3o", "posicao": {"abreviacao": "LAT", "id": 2, "nome": "Lateral"}, "partida_clube_visitante": {"mercado": 1, "slug": "chapecoense", "abreviacao": "cha", "id": 315, "nome": "chapecoense"}, "partida_clube_casa": {"mercado": 1, "slug": "atletico-mg", "abreviacao": "atl", "id": 282, "nome": "atl\u00e9tico-mg"}}, {"status": "Nulo", "foto": "http://s.glbimg.com/es/sde/f/2015/03/04/3243e2db4860fc67eddb216b72689d79_FORMATO.png", "clube": {"mercado": 1, "slug": "atletico-pr", "abreviacao": "atl", "id": 293, "nome": "atl\u00e9tico-pr"}, "status_id": 6, "jogos": 0, "scout": [], "preco": "2.00", "partida_data": "06/12/2015", "variacao": "0.00", "id": 80192, "media": "0.00", "pontos": "0.00", "apelido": "Hugo Gumiero", "posicao": {"abreviacao": "GOL", "id": 1, "nome": "Goleiro"}, "partida_clube_visitante": {"mercado": 1, "slug": "atletico-pr", "abreviacao": "atl", "id": 293, "nome": "atl\u00e9tico-pr"}, "partida_clube_casa": {"mercado": 1, "slug": "santos", "abreviacao": "san", "id": 277, "nome": "santos"}}, {"status": "Nulo", "foto": "http://s.glbimg.com/es/sde/f/2015/07/22/6d8f4cbcef4390c993590da718f99f66_FORMATO.jpeg", "clube": {"mercado": 1, "slug": "avai", "abreviacao": "ava", "id": 314, "nome": "ava\u00ed"}, "status_id": 6, "jogos": 0, "scout": [], "preco": "2.00", "partida_data": "06/12/2015", "variacao": "0.00", "id": 88309, "media": "0.00", "pontos": "0.00", "apelido": "Renato", "posicao": {"abreviacao": "MEI", "id": 4, "nome": "Meia"}, "partida_clube_visitante": {"mercado": 1, "slug": "avai", "abreviacao": "ava", "id": 314, "nome": "ava\u00ed"}, "partida_clube_casa": {"mercado": 1, "slug": "corinthians", "abreviacao": "cor", "id": 264, "nome": "corinthians"}}, {"status": "Nulo", "foto": "http://s.glbimg.com/es/sde/f/2015/10/30/7ec5e8dfa21f08f4dbbfb36a3c9d6df4_FORMATO.png", "clube": {"mercado": 1, "slug": "chapecoense", "abreviacao": "cha", "id": 315, "nome": "chapecoense"}, "status_id": 6, "jogos": 0, "scout": [], "preco": "2.00", "partida_data": "06/12/2015", "variacao": "0.00", "id": 87201, "media": "0.00", "pontos": "0.00", "apelido": "Igor ", "posicao": {"abreviacao": "ZAG", "id": 3, "nome": "Zagueiro"}, "partida_clube_visitante": {"mercado": 1, "slug": "chapecoense", "abreviacao": "cha", "id": 315, "nome": "chapecoense"}, "partida_clube_casa": {"mercado": 1, "slug": "atletico-mg", "abreviacao": "atl", "id": 282, "nome": "atl\u00e9tico-mg"}}, {"status": "Nulo", "foto": "http://s.glbimg.com/es/sde/f/2015/10/30/feabd94fc9e6fca52daad08e4fcfdb61_FORMATO.png", "clube": {"mercado": 1, "slug": "chapecoense", "abreviacao": "cha", "id": 315, "nome": "chapecoense"}, "status_id": 6, "jogos": 0, "scout": [], "preco": "2.00", "partida_data": "06/12/2015", "variacao": "0.00", "id": 89191, "media": "0.00", "pontos": "0.00", "apelido": "Felipe Zang", "posicao": {"abreviacao": "ZAG", "id": 3, "nome": "Zagueiro"}, "partida_clube_visitante": {"mercado": 1, "slug": "chapecoense", "abreviacao": "cha", "id": 315, "nome": "chapecoense"}, "partida_clube_casa": {"mercado": 1, "slug": "atletico-mg", "abreviacao": "atl", "id": 282, "nome": "atl\u00e9tico-mg"}}, {"status": "Nulo", "foto": "http://s.glbimg.com/es/sde/f/2015/07/21/76fc57f8344973ddfea04b711491f9a4_FORMATO.jpeg", "clube": {"mercado": 1, "slug": "chapecoense", "abreviacao": "cha", "id": 315, "nome": "chapecoense"}, "status_id": 6, "jogos": 0, "scout": [], "preco": "2.00", "partida_data": "06/12/2015", "variacao": "0.00", "id": 82566, "media": "0.00", "pontos": "0.00", "apelido": "Lucas Machado", "posicao": {"abreviacao": "MEI", "id": 4, "nome": "Meia"}, "partida_clube_visitante": {"mercado": 1, "slug": "chapecoense", "abreviacao": "cha", "id": 315, "nome": "chapecoense"}, "partida_clube_casa": {"mercado": 1, "slug": "atletico-mg", "abreviacao": "atl", "id": 282, "nome": "atl\u00e9tico-mg"}}, {"status": "Nulo", "foto": "http://s.glbimg.com/es/sde/f/2015/02/03/029403d1b7dab82e2090fb34dc91a229_FORMATO.jpeg", "clube": {"mercado": 1, "slug": "chapecoense", "abreviacao": "cha", "id": 315, "nome": "chapecoense"}, "status_id": 6, "jogos": 0, "scout": [], "preco": "2.00", "partida_data": "06/12/2015", "variacao": "0.00", "id": 90777, "media": "0.00", "pontos": "0.00", "apelido": "Michel", "posicao": {"abreviacao": "LAT", "id": 2, "nome": "Lateral"}, "partida_clube_visitante": {"mercado": 1, "slug": "chapecoense", "abreviacao": "cha", "id": 315, "nome": "chapecoense"}, "partida_clube_casa": {"mercado": 1, "slug": "atletico-mg", "abreviacao": "atl", "id": 282, "nome": "atl\u00e9tico-mg"}}, {"status": "Nulo", "foto": "http://s.glbimg.com/es/sde/f/2015/01/15/f09b56c0cb8da95caa73a9f123498205_FORMATO.jpeg", "clube": {"mercado": 1, "slug": "corinthians", "abreviacao": "cor", "id": 264, "nome": "corinthians"}, "status_id": 6, "jogos": 0, "scout": [], "preco": "2.00", "partida_data": "06/12/2015", "variacao": "0.00", "id": 90297, "media": "0.00", "pontos": "0.00", "apelido": "Guilherme", "posicao": {"abreviacao": "GOL", "id": 1, "nome": "Goleiro"}, "partida_clube_visitante": {"mercado": 1, "slug": "avai", "abreviacao": "ava", "id": 314, "nome": "ava\u00ed"}, "partida_clube_casa": {"mercado": 1, "slug": "corinthians", "abreviacao": "cor", "id": 264, "nome": "corinthians"}}]}