"player_slug","player_id","player_nickname","player_team","player_position","price_cartoletas","score_mean","score_no_cleansheets_mean","diff_home_away_s","n_games","score_mean_home","score_mean_away","shots_x_mean","fouls_mean","RB_mean","PE_mean","A_mean","I_mean","FS_mean","FF_mean","G_mean","DD_mean","DP_mean","status","price_diff","last_points"
"anderson",38001,"Anderson","265","gol",2.08,-1,-1,0,1,-1,0,0,0,0,0,0,0,0,0,0,1,0,"Provável",-1.92,-1
"rafinha",38421,"Rafinha","283","mei",6.73,2.7,2.7,0,1,0,2.7,0,0,2,1,0,0,0,0,0,0,0,"Nulo",-0.27,2.7
"camacho",68770,"Camacho","293","mei",4.3,1.2,1.2,0,1,1.2,0,0,1,1,1,0,0,1,0,0,0,0,"Contundido",-0.7,1.2
"joao-carlos",69010,"João Carlos","341","gol",0.69,-6,-6,0,1,0,-6,0,2,0,0,0,0,1,0,0,1,0,"Suspenso",-5.31,-6
"raul-caceres",71680,"Raúl Cáceres","267","lat",3.12,-1.5,-1.5,0,1,0,-1.5,0,3,0,0,0,0,0,0,0,0,0,"Nulo",-2.88,-1.5
"iago-maidana",89226,"Iago Maidana","282","zag",3.19,-1.4,-1.4,0,1,-1.4,0,0,2,0,3,0,0,1,0,0,0,0,"Nulo",-2.81,-1.4
"ribamar",94068,"Ribamar","267","ata",2.64,0.8,0.8,0,1,0,0.8,1,0,0,0,0,0,0,1,0,0,0,"Nulo",-0.36,0.8
"murilo",97653,"Murilo","283","zag",2.22,-1.8,-1.8,0,1,0,-1.8,0,4,3,1,0,0,1,0,0,0,0,"Suspenso",-2.78,-1.8
"wenderson",99474,"Wenderson","263","mei",3.4,2.9,2.9,0,1,0,2.9,0,0,1,2,0,0,4,0,0,0,0,"Dúvida",1.4,2.9
"miranda",101720,"Miranda","267","zag",2.57,0.7,0.7,0,1,0,0.7,0,2,1,1,0,0,1,0,0,0,0,"Nulo",-0.43,0.7
"roberto",104086,"Roberto","285","zag",2.98,3.3,3.3,0,1,0,3.3,0,0,2,4,0,0,3,0,0,0,0,"Nulo",1.98,3.3
"jonathan",37662,"Jonathan","293","lat",4.71,0.8,0.8,0.145774787343355,2,1.4,0.2,0.5,2,1.5,1,0,0,0,0,0,0,0,"Nulo",-1.12,0.2
"thiago-heleno",38394,"Thiago Heleno","293","zag",1.27,-2.1,-2.1,-0.493040505653644,2,-2.6,-1.6,0.5,2,0,1.5,0,0,0.5,0,0,0,0,"Provável",-2.48,-1.6
"rhodolfo",42501,"Rhodolfo","262","zag",4.63,-1,-1,0,1,0,-1,0,2,0,0,0,0,0,0,0,0,0,"Provável",-2.37,-1
"rodrigo-dourado",78865,"Rodrigo Dourado","285","mei",7.12,1.4,1.4,0,1,1.4,0,0,3,3,2,0,0,1,0,0,0,0,"Nulo",-1.88,1.4
"marcelo-hermes",82639,"Marcelo Hermes","290","lat",3.14,-1.1,-1.1,0,1,-1.1,0,0,2,0,2,0,0,1,0,0,0,0,"Nulo",-1.86,-1.1
"alex-silva",84861,"Alex Silva","314","lat",4.35,1.7,1.7,0,1,1.7,0,2,3,1,1,0,0,3,1,0,0,0,"Provável",-0.65,1.7
"pablo-dyego",86444,"Pablo Dyego","266","ata",2.17,0,0,0,1,0,0,0,1,0,0,0,0,1,0,0,0,0,"Nulo",-0.83,0
"kevin",91888,"Kevin ","290","lat",7.49,4.6,2.1,-0.957633446015098,2,0.8,8.4,0.5,0,1.5,3.5,0,0,1,0.5,0,0,0,"Nulo",0.97,0.8
"perotti",94286,"Perotti","315","ata",1.66,0.5,0.5,0,1,0,0.5,0,0,0,0,0,0,1,0,0,0,0,"Nulo",-0.34,0.5
"janderson",97245,"Janderson","264","ata",1.23,-0.5,-0.5,0,1,-0.5,0,0,1,0,0,0,0,0,0,0,0,0,"Dúvida",-0.77,-0.5
"tharlis",102997,"Tharlis","315","mei",3.43,2.9,2.9,0,1,0,2.9,0,2,3,2,0,0,0,0,0,0,0,"Provável",0.43,2.9
"alexander",105553,"Alexander","267","gol",9.79,6,6,-2.525634619735,2,2,10,0,0,0,0,0,0,0,0,0,4,0,"Dúvida",1.46,2
"julio-cesar",49673,"Júlio César","284","gol",6.05,5,5,0,1,5,0,0,0,0,0,0,0,0,0,0,5,0,"Nulo",0.05,5
"eduardo",50645,"Eduardo","315","lat",9.19,3.3,1.63333333333333,0.160293316729651,3,4.55,0.8,0,0,1.33333333333333,2.33333333333333,0,0,0.666666666666667,0,0,0,0,"Contundido",-0.66,0.9
"maicon",62968,"Maicon","282","ata",7.01,3.75,3.75,0,2,0,3.75,0.5,0.5,0.5,0.5,0.5,0,1,0.5,0,0,0,"Nulo",-1.44,-0.3
"bruno-silva",68698,"Bruno Silva","266","mei",9.58,5.33333333333333,5.33333333333333,-1.34963373944507,3,2.7,6.65,1,1.33333333333333,3,2,0,0,2.33333333333333,0.666666666666667,0,0,0,"Contundido",1.59,7.9
"bruno-cortez",72079,"Bruno Cortez","284","lat",5.59,2.25,2.25,0,2,2.25,0,0,0.5,0.5,2.5,0.5,0.5,0.5,0,0,0,0,"Nulo",-0.03,4.4
"claudio-winck",74074,"Claudio Winck","267","lat",4.01,2.15,2.15,0,2,2.15,0,1,1.5,2.5,3,0,0,0,1,0,0,0,"Provável",-0.71,0.1
"cesar",78086,"César","262","gol",5.44,3.5,3.5,-2.59822726666648,3,-2,6.25,0,0,0,0,0,0,0.333333333333333,0,0,2,0,"Provável",1.84,7.5
"paulinho",78512,"Paulinho","314","lat",2.31,1.06666666666667,1.06666666666667,-0.405929329335871,3,0.6,1.3,0.333333333333333,2,1.33333333333333,2.33333333333333,0,0,1,0.333333333333333,0,0,0,"Nulo",0.34,1.7
"luanderson",86380,"Luanderson ","314","mei",2.47,3,3,0,1,0,3,1,2,1,1,0,0,4,1,0,0,0,"Provável",0.47,3
"pedro-henrique",87225,"Pedro Henrique","264","zag",8.82,4.43333333333333,2.76666666666667,-1.5819302096258,3,4.6,4.35,0.333333333333333,0,1.66666666666667,1.66666666666667,0,0,1,0.333333333333333,0,0,0,"Nulo",0.49,4.5
"bruno-ramires",89924,"Bruno Ramires","341","mei",3.81,1.3,1.3,-0.943114916628802,3,0.45,3,0.333333333333333,1.66666666666667,1.66666666666667,1,0,0,0.333333333333333,0.333333333333333,0,0,0,"Nulo",-0.37,0.2
"marcinho",93797,"Marcinho","263","lat",6.08,2.2,0.533333333333333,-1.36415226883137,3,1.7,3.2,0.333333333333333,0.666666666666667,0.666666666666667,1.33333333333333,0,0,0,0.333333333333333,0,0,0,"Nulo",1.23,5
"araruna",95660,"Araruna","356","mei",4.11,1.45,1.45,-0.812448152152143,2,0.4,2.5,0,1,2,1,0,0,0,0,0,0,0,"Provável",0.32,2.5
"rafael",97902,"Rafael","262","zag",0.73,-1.2,-1.2,0,1,0,-1.2,1,2,0,0,0,0,1,1,0,0,0,"Nulo",-0.27,-1.2
"lucas-silva",98515,"Lucas Silva","262","ata",2,2.2,2.2,0,1,0,2.2,0,0,1,1,0,0,2,0,0,0,0,"Nulo",0.55,2.2
"bruno-silva",101422,"Bruno Silva","315","ata",2.8,-0.3,-0.3,0,1,-0.3,0,0,0,0,1,0,0,0,0,0,0,0,"Nulo",-1.2,-0.3
"matheus-dantas",101592,"Matheus Dantas","262","zag",1.25,-0.6,-0.6,0,1,0,-0.6,0,0,0,2,0,1,1,0,0,0,0,"Nulo",-0.75,-0.6
"carlos-augusto",101803,"Carlos Augusto","264","lat",5.59,4.23333333333333,2.56666666666667,2.81718419442172,3,14.5,-0.9,0.666666666666667,1.33333333333333,1,2.33333333333333,0,0,0,0.333333333333333,0.333333333333333,0,0,"Nulo",-1.45,-0.2
"mateus-goncalves",103076,"Mateus Gonçalves","354","ata",2.6,-0.9,-0.9,0,1,-0.9,0,0,0,0,3,0,0,0,0,0,0,0,"Provável",-1.4,-0.9
"edinho",37792,"Edinho","354","mei",1.89,-1.4,-1.4,0.145774787343355,2,-0.8,-2,0,0.5,0,3,0,0,1,0,0,0,0,"Nulo",-0.74,-2
"roger",38287,"Roger","354","ata",5.39,2.75,2.75,0,2,0,2.75,0.5,0,0.5,0,0,0,1,0,0,0,0,"Nulo",-0.25,2.5
"edilson",38523,"Edílson","283","lat",6.2,2.96666666666667,1.3,1.36533125579217,3,9.9,-0.5,0.666666666666667,2.66666666666667,2.33333333333333,2.66666666666667,0,0,1.33333333333333,0.333333333333333,0,0,0,"Suspenso",-1.4,-0.1
"renato",39572,"Renato","315","ata",5.74,2.55,2.55,-0.37689227056328,4,2.25,2.85,1.25,0,0.25,0.5,0,0,2.25,0.75,0,0,0,"Provável",0.33,3.4
"andre-moritz",42208,"André Moritz","314","mei",3.64,1.13333333333333,1.13333333333333,-0.101040212223667,3,1.25,0.9,1.33333333333333,0,0.333333333333333,3,0,0,0.666666666666667,1,0,0,0,"Nulo",-0.92,-0.6
"tiago-alves",51495,"Tiago Alves","354","zag",6,2.05,0.8,-0.0284475652921899,4,3.6,0.5,0.25,0.75,1,1.75,0,0.25,0.25,0.25,0,0,0,"Provável",-0.82,-0.7
"alan-ruschel",63110,"Alan Ruschel","315","lat",5.57,0.975,-0.275,-0.53659609381253,4,1.65,0.3,0.25,3.5,0.5,1.5,0,0,2.5,0,0,0,0,"Provável",-0.52,-1.1
"armero",68693,"Armero","341","lat",4.08,2.33333333333333,-1,0.711997433408877,3,2.55,1.9,0,2,0.666666666666667,3.33333333333333,0,0,0,0,0,0,0,"Provável",-0.15,1.9
"boselli",69161,"Boselli","264","ata",3.06,0.0666666666666667,0.0666666666666667,0.610367727704809,3,1,-1.8,0.333333333333333,0.333333333333333,0.333333333333333,1.66666666666667,0,0.333333333333333,1,0,0,0,0,"Dúvida",-0.04,2
"jones-carioca",70161,"Jones Carioca","314","ata",2.41,0.566666666666667,0.566666666666667,-0.609188740744007,3,0.1,1.5,0.333333333333333,0,0.333333333333333,0.666666666666667,0,0,0,0.333333333333333,0,0,0,"Nulo",-0.63,-0.6
"kelvin",71549,"Kelvin","266","ata",3.72,0.2,0.2,0,1,0.2,0,0,0,0,1,0,0,1,0,0,0,0,"Nulo",-1.28,0.2
"auremir",77570,"Auremir","354","mei",4.23,1.8,1.8,0.973330962362195,3,4.5,0.45,0,2,2,2.33333333333333,0,0,1,0,0,0,0,"Provável",-0.2,1.2
"jadson",80129,"Jadson","283","mei",3.73,1,1,0,1,0,1,1,0,0,1,0,0,1,1,0,0,0,"Nulo",-0.02,1
"renatinho",80395,"Renatinho","290","mei",2.48,0.35,0.35,-0.289781094245508,2,0.2,0.5,1,0.5,0,1.5,0,0,0.5,1,0,0,0,"Nulo",-0.21,0.2
"luiz-gustavo",80573,"Luiz Gustavo","267","zag",2.23,-0.75,-0.75,0.174811846115946,2,-0.1,-1.4,1,1,0,3.5,0,0,0,1,0,0,0,"Provável",-0.64,-1.4
"chico",82407,"Chico","354","mei",4.27,0.75,0.75,0.319997139978901,4,1.65,-0.15,0,2.75,1.25,1.25,0,0,1.25,0,0,0,0,"Provável",-0.15,0.5
"regis",82647,"Régis","264","mei",3.81,0.5,0.5,0,1,0.5,0,0,0,0,0,0,0,1,0,0,0,0,"Nulo",-1.19,0.5
"bruno-silva",83626,"Bruno Silva","267","mei",2.93,2.5,2.5,0,1,0,2.5,0,1,2,0,0,0,0,0,0,0,0,"Provável",-0.07,2.5
"mosquera",86116,"Mosquera","314","mei",2.69,0.5,0.5,-0.493040505653644,2,0,1,1,1,0.5,3.5,0,0,1,1,0,0,0,"Provável",-0.78,0
"luan",86759,"Luan","284","ata",10.15,3,3,0.610367727704809,4,4.4,1.6,1.25,0.5,0.25,2.75,0.25,0.25,1.25,0,0,0,0,"Provável",0.33,5.5
"kannemann",87342,"Kannemann","284","zag",14.7,3.7,2.03333333333333,-0.18815138854144,3,2.05,7,0.333333333333333,4,1.66666666666667,1,0,0,1.33333333333333,0,0.333333333333333,0,0,"Suspenso",0.58,7
"paulinho",91626,"Paulinho","265","lat",4.86,4.35,1.85,-0.986670504787689,2,5.5,3.2,0,2,2.5,0.5,0,0,0,0,0,0,0,"Provável",0.09,3.2
"renan-lodi",96591,"Renan Lodi","293","lat",7.57,2.06666666666667,0.4,-0.115558741609963,3,3,0.2,1.33333333333333,3,0.666666666666667,2.33333333333333,0,0.666666666666667,1.66666666666667,0,0,0,0,"Provável",-0.33,3.1
"shaylon",97520,"Shaylon","265","mei",3.78,0.533333333333333,0.533333333333333,0.436145375069264,3,2,-0.2,0.333333333333333,0.333333333333333,0.333333333333333,1.33333333333333,0,0,0.666666666666667,0.333333333333333,0,0,0,"Nulo",-0.62,-0.3
"iury",101846,"Iury","314","lat",6.76,2.93333333333333,1.26666666666667,-0.972151975401393,3,4.5,2.15,0,1.66666666666667,1.33333333333333,4.66666666666667,0.333333333333333,0,0.666666666666667,0,0,0,0,"Provável",1.21,4.5
"bill",105272,"Bill","262","ata",0.73,-0.3,-0.3,0,1,-0.3,0,0,0,0,1,0,0,0,0,0,0,0,"Nulo",-0.27,-0.3
"wellington-paulista",38279,"Wellington Paulista","356","ata",10.59,3.94,3.94,-0.101040212223667,5,4.15,3.8,1.6,2.8,0.6,0.6,0.2,0,1.2,0.8,0.2,0,0,"Provável",0.67,4.6
"jadson",38315,"Jadson","264","mei",4.09,-0.7,-0.7,0,2,0,-0.7,1,2.5,0,5,0.5,0,0.5,1,0,0,0,"Nulo",-0.03,1.3
"nilton",38573,"Nilton","341","mei",3.23,-0.166666666666667,-0.166666666666667,0.436145375069264,3,1.3,-0.9,0.333333333333333,2.33333333333333,1,2,0,0,1.66666666666667,0.333333333333333,0,0,0,"Provável",-0.52,-1.3
"nene",38913,"Nenê","276","mei",5.81,-0.3,-0.3,0,1,-0.3,0,0,0,0,1,0,0,0,0,0,0,0,"Nulo",-2.19,-0.3
"rodrigo-moledo",63354,"Rodrigo Moledo","285","zag",7.09,5.85,4.6,-0.744695015016098,4,5.8,6,0.75,0.25,1.5,0.5,0,0,0.25,0.25,0.25,0,0,"Contundido",-0.04,5
"maxi-lopez",68800,"Maxi López","267","ata",5.16,1.96,1.96,1.08463968765713,5,3.73333333333333,-0.7,0.6,2.8,0.2,1.6,0,0.4,1.2,0,0.4,0,0,"Dúvida",-0.87,-2.1
"rafael",68928,"Rafael","283","gol",4.02,-1.5,-1.5,0,1,0,-1.5,0,0,0,0,0,0,1,0,0,2,0,"Nulo",-1.98,-1.5
"romulo",70009,"Romulo","284","mei",5.45,4.45,4.45,0,2,0,4.45,1,3.5,2,1.5,0,0,0,0.5,0.5,0,0,"Provável",-1,0.7
"augusto",71042,"Augusto","315","mei",4,2.43333333333333,2.43333333333333,-0.318818153018099,3,2.3,2.7,1,1.66666666666667,1.33333333333333,1,0,0,1,0.333333333333333,0,0,0,"Nulo",-0.42,0.4
"derlis-gonzalez",75372,"Derlis González","277","ata",0.74,-3,-3,1.11367674642972,4,0.4,-4.13333333333333,0.25,2.5,0,1,0,0.25,1.25,0,0,0,0,"Suspenso",0.01,-2.1
"ramiro",78715,"Ramiro","264","mei",12.08,2.36,2.36,-2.28849863975885,5,-1.95,5.23333333333333,0.4,2.2,1.6,1.8,0.2,0,1,0.2,0,0,0,"Nulo",0.12,1.3
"richard",78851,"Richard","354","gol",4.73,1.2,1.2,0,1,1.2,0,0,0,0,1,0,0,1,0,0,1,0,"Contundido",-1.27,1.2
"ezequiel",80318,"Ezequiel ","265","lat",4.11,4.4,-0.6,0,1,0,4.4,0,2,0,2,0,0,2,0,0,0,0,"Nulo",0.11,4.4
"neilton",83772,"Neilton","285","ata",6.84,3.5,3.5,-1.24800403374101,2,1.7,5.3,1,0.5,1.5,2.5,0,0,2.5,0.5,0,0,0,"Nulo",-1,1.7
"henrique",84893,"Henrique","267","lat",3.57,1.85,1.85,0,2,1.85,0,1,1.5,1,3,0,0,2,0.5,0,0,0,"Nulo",-0.54,0.9
"richard",86711,"Richard","264","mei",4.11,1.95,1.95,0,2,0,1.95,0,1,1.5,1,0,0,1,0,0,0,0,"Nulo",-0.94,-0.3
"junior-brandao",93909,"Júnior Brandão","290","ata",1.81,-0.475,-0.475,-0.69629991706178,4,-0.9,0.8,1,2,0.25,0,0,0.25,1,0.75,0,0,0,"Suspenso",0.3,0.5
"lourency",94249,"Lourency","315","ata",2.84,2.4,2.4,0,1,2.4,0,3,0,0,0,0,0,0,3,0,0,0,"Nulo",-0.16,2.4
"orejuela",95352,"Orejuela","283","lat",5.55,3.4,3.4,-0.493040505653644,2,2.9,3.9,0.5,2,2.5,1.5,0,0,1,0,0,0,0,"Contundido",0.21,3.9
"caio",99460,"Caio","293","gol",0.74,-4,-4,0,1,-4,0,0,0,0,0,0,0,0,0,0,0,0,"Nulo",-0.26,-4
"igor-cassio",99661,"Igor Cássio","263","ata",1.21,-1,-1,0,1,0,-1,0,2,1,0,0,0,0,0,0,0,0,"Dúvida",-0.79,-1
"lincoln",100065,"Lincoln","262","ata",4.56,3.8,3.8,2.89461635114862,4,11.8,1.13333333333333,2,1,0.25,1.25,0,0.25,2,0.75,0.25,0,0,"Nulo",-0.81,2.8
"matheus-henrique",100742,"Matheus Henrique","284","mei",3.9,0.76,0.76,-0.764053054197825,5,-0.4,1.53333333333333,0.4,1.8,1.4,2.8,0,0,1.8,0.2,0,0,0,"Suspenso",0.3,2.1
"liziero",100761,"Liziero","276","mei",4.74,2.13333333333333,2.13333333333333,1.29273860886069,3,3.85,-1.3,0.666666666666667,1.33333333333333,1.33333333333333,0.666666666666667,0,0,0.666666666666667,0.333333333333333,0,0,0,"Contundido",0.76,3.2
"guga",101319,"Guga","282","lat",8.54,5.88,5.88,-3.52741314738939,5,1.3,12.75,0.2,0.8,2.6,3.6,0.6,0.2,0.8,0.2,0,0,0,"Nulo",-0.92,0.3
"robson-bambu",101579,"Robson Bambu","293","zag",4.35,1.05,1.05,0.0586636110255827,2,1.5,0.6,0.5,1.5,1,1,0,0,0,0,0,0,0,"Provável",-0.21,1.5
"hugo-moura",101594,"Hugo Moura","262","mei",2.97,2.3,2.3,0,2,0,2.3,0,1,1,1.5,0.5,0,0,0,0,0,0,"Nulo",-1.44,-2
"vitinho",101960,"Vitinho","293","ata",1.22,1.35,1.35,-0.464003446881053,2,0.9,1.8,1,0,0,0.5,0,0,1,0.5,0,0,0,"Nulo",-0.01,0.9
"jonathan",102597,"Jonathan","263","lat",1.87,2,0.333333333333333,0,3,0,2,0.333333333333333,1.33333333333333,0,1.33333333333333,0.333333333333333,0,0.666666666666667,0,0,0,0,"Nulo",-0.84,0.6
"regis",102999,"Régis","315","mei",4.34,2.04,2.04,-0.64306530931203,5,1.43333333333333,2.95,1,0.8,1.2,1.4,0,0.2,0.4,0.6,0,0,0,"Nulo",-0.5,0.6
"walce",104074,"Walce","276","zag",3.67,5.35,0.35,0.349034198751491,2,6.3,4.4,0,0.5,1,3,0,0,0,0,0,0,0,"Provável",1.05,6.3
"khellven",105175,"Khellven ","293","lat",1.64,3.4,3.4,0,1,3.4,0,0,1,3,2,0,0,0,0,0,0,0,"Nulo",0.64,3.4
"marquinhos-silva",38515,"Marquinhos Silva","314","zag",6.52,2.5,2.5,-0.173632859155144,4,2.55,2.45,1,0.75,2,3.5,0,0,1,1,0,0,0,"Nulo",-0.96,-0.6
"vagner-love",38959,"Vagner Love","264","ata",4.27,1.08333333333333,1.08333333333333,-0.522077564426235,6,0.533333333333333,1.63333333333333,0.833333333333333,1.5,0.166666666666667,1.66666666666667,0,0.5,1.16666666666667,0.333333333333333,0.166666666666667,0,0,"Nulo",-0.4,1.5
"cassio",42234,"Cássio","264","gol",8.71,5.35,2.01666666666667,-0.231706976700326,6,6.96666666666667,3.73333333333333,0,0.333333333333333,0,0.5,0,0,0.333333333333333,0,0,1.33333333333333,0,"Nulo",0.1,8.2
"fagner",42500,"Fagner","264","lat",15.29,9.9,5.9,0.571651649341354,5,11.9666666666667,6.8,0.4,0.4,2.8,4,0.4,0,2,0.2,0,0,0,"Nulo",2.51,15.8
"rodriguinho",61033,"Rodriguinho","283","mei",5.52,2.48,2.48,0.557133119955059,5,4.05,1.43333333333333,1,1,0.8,1.8,0,0.2,1.4,0.6,0.2,0,0,"Provável",0.15,1.3
"gilberto",61188,"Gilberto","265","ata",17.49,6.66666666666667,6.66666666666667,2.31387517569681,6,11,2.33333333333333,2.16666666666667,0.666666666666667,0.833333333333333,1.33333333333333,0.333333333333333,0,0.166666666666667,1.16666666666667,0.333333333333333,0,0,"Provável",4.85,22.2
"vanderlei",62121,"Vanderlei","277","gol",22.89,7.96666666666667,5.46666666666667,-1.40286834719482,6,6.73333333333333,9.2,0,0,0,0.666666666666667,0,0,0.333333333333333,0,0,2.5,0,"Provável",1.42,8
"rithely",68834,"Rithely","285","mei",5.23,2.8,2.8,0,1,0,2.8,1,0,1,0,0,0,1,1,0,0,0,"Nulo",-0.77,2.8
"leonardo-silva",68925,"Leonardo Silva","282","zag",4.88,0.5,0.5,-1.36415226883137,2,-1.5,2.5,0,0.5,0.5,0,0,0,1.5,0,0,0,0,"Dúvida",0.69,2.5
"manoel",69014,"Manoel","264","zag",11.77,5.84,1.84,-1.00602854396942,5,5.73333333333333,6,0.4,0.8,1.8,1.6,0,0,0,0.4,0,0,0,"Nulo",0.88,7
"rodinei",73992,"Rodinei","262","lat",2.98,-0.233333333333333,-0.233333333333333,0.566812139545923,3,0.65,-2,0.333333333333333,1,0.333333333333333,0,0,0.333333333333333,0.333333333333333,0.333333333333333,0,0,0,"Provável",0.26,1.8
"william-pottker",77809,"William Pottker","285","ata",7.2,2.2,2.2,0,2,0,2.2,1.5,1,1,1.5,0,0,0.5,1,0,0,0,"Nulo",-1.33,2.1
"gustavo-henrique",78248,"Gustavo Henrique","277","zag",6.26,3.25,0.75,-0.657583838698325,6,3.3,3.2,0.333333333333333,1.5,1.33333333333333,1.33333333333333,0,0,0.5,0,0,0,0,"Suspenso",-0.18,2.5
"thiago-santos",78855,"Thiago Santos","275","mei",6.05,1.7,1.7,0,1,0,1.7,1,5,3,2,0,1,0,1,0,0,0,"Nulo",-0.95,1.7
"edinho",80193,"Edinho","356","mei",8.44,3.65,3.65,0.174811846115946,6,4.3,3,1.83333333333333,0.666666666666667,0.5,1.5,0,0.166666666666667,2.16666666666667,1,0.166666666666667,0,0,"Nulo",-0.77,-0.2
"gilberto",80313,"Gilberto ","266","lat",6.14,1.23333333333333,1.23333333333333,0.203848904888537,6,1.93333333333333,0.533333333333333,0.666666666666667,1.33333333333333,1.33333333333333,3.16666666666667,0,0,0.5,0.5,0,0,0,"Provável",-0.62,0.4
"luan",80692,"Luan","275","zag",10.57,5,0,0,1,0,5,0,0,0,0,0,0,0,0,0,0,0,"Nulo",-0.43,5
"jair",81091,"Jair","282","mei",6.73,2.925,2.925,-0.754374034606962,4,1.5,3.4,0.25,1,1.25,1.5,0,0,0.75,0,0.25,0,0,"Nulo",-0.47,2.5
"cueva",82411,"Cueva","277","mei",6.83,1.25,1.25,-0.37689227056328,4,0.95,1.55,0,0.5,1.25,2.5,0,0,0.75,0,0,0,0,"Dúvida",-0.33,0.9
"rafinha",84381,"Rafinha","290","mei",3.07,0.2,0.2,0,1,0,0.2,0,0,0,1,0,0,1,0,0,0,0,"Nulo",-0.93,0.2
"valdivia",85423,"Valdívia","267","mei",3.87,0.76,0.76,-0.730176485629803,5,0.0333333333333333,1.85,0.6,0.6,0.4,1,0,0,0.4,0.4,0,0,0,"Nulo",0.06,0.8
"aylon",85930,"Aylon","315","ata",3.15,2.3,2.3,0,2,0,2.3,0.5,0.5,0,1,0.5,0,1,0,0,0,0,"Nulo",0.81,5
"everton",86757,"Everton","284","ata",17.31,6.68333333333333,6.68333333333333,1.58794870638204,6,9.76666666666667,3.6,1.66666666666667,0.166666666666667,1.33333333333333,1.5,0,0,0.666666666666667,0.666666666666667,0.5,0,0,"Provável",0.34,7.8
"matheus-rossetto",86766,"Matheus Rossetto","293","mei",3.6,2.7,2.7,1.48147949088254,2,5.6,-0.2,0,0.5,2.5,3.5,0,0,0.5,0,0,0,0,"Nulo",-0.83,-0.2
"nathan",87009,"Nathan","282","mei",5.47,3.7,3.7,-1.13185579865064,4,1.3,4.5,1.25,0.5,1,1,0,0,0.25,0.5,0.25,0,0,"Nulo",-0.31,0.5
"caique-sa",87437,"Caíque Sá","315","lat",3.03,-0.25,-0.25,-1.62548579778469,2,-2.7,2.2,0,2.5,1.5,2.5,0,0,0.5,0,0,0,0,"Provável",0.8,2.2
"gustavo-scarpa",87999,"Gustavo Scarpa","275","mei",3.37,-0.9,-0.9,0,1,0,-0.9,0,1,0,3,0,0,1,0,0,0,0,"Dúvida",-1.63,-0.9
"yuri",88125,"Yuri","263","mei",2.4,-0.15,-0.15,0.000589493480400977,2,0.2,-0.5,0,1.5,0,0.5,0,0,1.5,0,0,0,0,"Nulo",-0.11,0.2
"gustavo-ferrareis",89815,"Gustavo Ferrareis","263","mei",3.07,0.75,0.75,0.116737728570764,2,1.3,0.2,1.5,1,0,2,0,0,2,0.5,0,0,0,"Nulo",-0.54,1.3
"leonardo-valencia",91508,"Leonardo Valencia","263","mei",3.74,-0.475,-0.475,-0.0139290359058945,4,-0.15,-0.8,1,1,0.25,1.25,0,0.25,0,0.75,0,0,0,"Provável",-0.43,-1.1
"arboleda",91573,"Arboleda","276","zag",6.53,0.866666666666667,-0.8,0.232885963661128,3,5.2,-1.3,0,1.33333333333333,0.333333333333333,2.66666666666667,0,0.333333333333333,0.666666666666667,0,0,0,0,"Provável",-1.97,-2.3
"mateus-vital",93108,"Mateus Vital","264","mei",6.56,3.35,3.35,-1.58676971942123,6,0.966666666666667,5.73333333333333,1,0.333333333333333,0.666666666666667,1,0,0,2,0.666666666666667,0.166666666666667,0,0,"Nulo",0.25,3.5
"pedro",94583,"Pedro","266","ata",12.31,5.9,5.9,-2.525634619735,5,1.1,9.1,1.4,0.6,0.4,0,0,0.6,0.6,0.4,0.6,0,0,"Nulo",1.68,9.8
"marcinho",95332,"Marcinho","290","mei",2.04,-0.7,-0.7,0,2,0,-0.7,0,0.5,0,1.5,0,0,0,0,0,0,0,"Nulo",-1.01,-0.8
"marcelo-benevenuto",95638,"Marcelo Benevenuto","263","zag",4.28,-1,-1,0,1,-1,0,0,2,0,0,0,0,0,0,0,0,0,"Nulo",-1.72,-1
"iago",97868,"Iago","285","lat",9.28,3.32,1.32,-0.168793349359712,5,3.03333333333333,3.75,0.4,1.6,1.2,3.2,0.2,0.2,0.4,0,0,0,0,"Nulo",-0.52,3.6
"erick",98022,"Erick","293","mei",1.22,0.833333333333333,0.833333333333333,-0.914077857856211,3,-0.8,1.65,1.33333333333333,3,1,1,0,0,0.333333333333333,0.333333333333333,0,0,0,"Nulo",0.24,0.9
"pedrinho",98706,"Pedrinho","264","mei",11.99,5.44,5.44,-0.318818153018098,5,5.2,5.6,0.6,0.2,0.4,2.2,0,0,1.6,0,0.6,0,0,"Nulo",1.13,9.6
"thuler",100125,"Thuler","262","zag",1.99,-0.633333333333333,-0.633333333333333,0.392589786910378,3,0.05,-2,0,1,0.333333333333333,1,0,0,0.333333333333333,0,0,0,0,"Provável",-0.42,-0.6
"rodrygo",100651,"Rodrygo","277","ata",14.95,10.725,10.725,0.4264663554784,4,11.2666666666667,9.1,3.5,2,2.5,0.75,0.5,0.25,2,1.75,0.25,0,0,"Provável",-1.95,4
"junior-santos",101002,"Júnior Santos","356","ata",5.64,2,2,0.339355179160628,6,2.93333333333333,1.06666666666667,1.66666666666667,0.666666666666667,0.5,1.33333333333333,0,0.333333333333333,0.5,1,0,0,0,"Nulo",1.12,4.3
"braian-romero",101997,"Braian Romero","293","ata",4.85,3.725,3.725,1.83960321574449,4,9,1.96666666666667,1.25,2.5,1.5,1.5,0.25,0.25,1.75,1,0,0,0,"Nulo",0.63,7.2
"helinho",102598,"Helinho","276","ata",3.96,0.666666666666667,0.666666666666667,-0.0429660946784853,3,0.85,0.3,0.666666666666667,1.33333333333333,0.333333333333333,1.66666666666667,0,0,1.33333333333333,0.333333333333333,0,0,0,"Dúvida",-0.31,0.3
"antony",103455,"Antony","276","ata",11.31,4.31666666666667,4.31666666666667,0.213527924479401,6,5.03333333333333,3.6,1,0.166666666666667,0.666666666666667,4,0.333333333333333,0,3.16666666666667,0.5,0,0,0,"Nulo",-1.19,-1.4
"fred",38162,"Fred","283","ata",5.34,0.771428571428571,0.771428571428572,0.286120571410878,7,1.73333333333333,0.0499999999999999,1,1.14285714285714,0.142857142857143,2,0.142857142857143,0.857142857142857,0.857142857142857,0.571428571428571,0,0,0,"Provável",-1.28,-3
"matheus-ferraz",38632,"Matheus Ferraz","266","zag",6.23,3.55714285714286,3.55714285714286,-1.24800403374101,7,1.5,5.1,1.14285714285714,1.14285714285714,1.57142857142857,0.857142857142857,0,0.142857142857143,0.285714285714286,0.428571428571429,0.142857142857143,0,0,"Dúvida",-0.48,1.7
"hernanes",38648,"Hernanes","276","mei",13.91,3.75714285714286,3.75714285714286,-0.427707123415314,7,3.425,4.2,1.71428571428571,0.571428571428571,0.285714285714286,0.428571428571429,0.142857142857143,0.142857142857143,1.14285714285714,0.714285714285714,0.142857142857143,0,0,"Provável",-0.03,2
"egidio",42145,"Egídio","283","lat",9.55,5.125,5.125,-0.507559035039939,4,4.6,5.65,0.75,0.5,2.75,4.75,0.25,0,1.25,0.25,0,0,0,"Provável",1.29,7.8
"bruno",42499,"Bruno","285","lat",5.46,3.5,0.166666666666667,-0.275262564859212,3,5,2.75,0.333333333333333,1.33333333333333,0.666666666666667,2,0,0,1.33333333333333,0.333333333333333,0,0,0,"Nulo",0.57,5
"guilherme",50294,"Guilherme","266","mei",3.31,-1.9,-1.9,0,2,0,-1.9,0,2.5,1,3,0,0,0.5,0,0,0,0,"Nulo",-0.45,0.1
"adilson",50307,"Adilson","282","mei",8.62,6.2,6.2,0,3,6.2,0,0.333333333333333,0.333333333333333,2.33333333333333,1,0,0,1,0,0.333333333333333,0,0,"Nulo",2.46,12.2
"roger-carvalho",51415,"Roger Carvalho","356","zag",3.87,0.925,0.925,-0.405929329335871,4,0.4,1.1,0.25,0.25,1,3,0,0,0.5,0.25,0,0,0,"Provável",-0.51,-0.9
"airton",61985,"Airton","266","mei",1.57,-1.75,-1.75,0.707157923613446,4,0.6,-2.53333333333333,0,2,0.75,1.25,0,0,0.75,0,0,0,0,"Suspenso",-2.92,-9.3
"d-alessandro",62023,"D'Alessandro","285","mei",6.69,0.86,0.86,0.436145375069264,5,1.3,-0.9,1.4,0,0.2,4,0.2,0.4,0.8,0.8,0,0,0,"Provável",-0.45,0
"werley",62974,"Werley","267","zag",0.75,-1.35,-1.35,0.281281061615446,4,-0.1,-1.76666666666667,0.75,1,0,1.25,0,0.5,0.25,0,0,0,0,"Provável",0,-1.3
"rodolfo",63082,"Rodolfo","266","gol",2.22,-0.666666666666667,-0.666666666666667,-0.848744475617882,6,-2.15,0.0750000000000001,0,0,0,0.833333333333333,0,0,0.166666666666667,0,0,1.16666666666667,0,"Provável",0.34,0.5
"douglas",63128,"Douglas","315","zag",1.96,-0.45,-1.28333333333333,-0.773732073788689,6,-0.6,-0.3,0.333333333333333,2.16666666666667,0.333333333333333,1,0,0,0.166666666666667,0.333333333333333,0,0,0,"Suspenso",-0.57,-1.5
"andre",68690,"André","284","ata",9.25,3.11428571428571,3.11428571428571,1.67022037290438,7,6.8,0.35,1.28571428571429,1.14285714285714,0.571428571428571,1.42857142857143,0.142857142857143,0.285714285714286,1.42857142857143,0.571428571428571,0.142857142857143,0,0,"Nulo",-0.55,-1
"kieza",68930,"Kieza","356","ata",4.27,1.9,1.9,0.353873708546923,5,2.66666666666667,0.75,1.4,0.6,0,0.2,0,0.2,2,0.8,0,0,0,"Provável",-0.72,0.7
"marquinhos-gabriel",68954,"Marquinhos Gabriel","283","mei",3.76,1.13333333333333,1.13333333333333,-0.173632859155144,3,1.2,1.1,0,0.333333333333333,1,2.33333333333333,0,0,1,0,0,0,0,"Provável",-0.09,1
"paulo-roberto",69047,"Paulo Roberto","356","mei",4.06,1.2,1.2,0.668441845249991,3,3.2,0.2,0.333333333333333,1.33333333333333,0.666666666666667,1.33333333333333,0,0,2,0.333333333333333,0,0,0,"Provável",-1.13,-0.6
"ricardo-bueno",69141,"Ricardo Bueno","354","ata",17.39,6.25,6.25,3.00108556664812,6,11.7666666666667,0.733333333333333,1.66666666666667,1.33333333333333,0.833333333333333,0.5,0.333333333333333,0.833333333333333,0.333333333333333,0.833333333333333,0.5,0,0,"Nulo",-1.01,3
"alan-santos",70132,"Alan Santos","263","mei",3.28,1.2,1.2,0,1,1.2,0,0,1,1,1,0,0,1,0,0,0,0,"Nulo",-0.72,1.2
"sidao",70222,"Sidão","267","gol",4.29,1.64,1.64,1.52019556924599,5,5.2,-0.733333333333333,0,0,0,1.2,0,0,0,0,0,1.6,0,"Provável",-0.43,-2
"felipe-baxola",71113,"Felipe Baxola","354","mei",4.56,0.3,0.3,0,1,0.3,0,1,1,0,0,0,0,0,1,0,0,0,"Nulo",-1.44,0.3
"vinicius",71162,"Vinícius","282","mei",3.32,0.35,0.35,0,4,0.35,0,1,1,0,1,0,0,0.5,0.75,0,0,0,"Nulo",0.47,3
"lucho-gonzalez",71479,"Lucho González","293","mei",6.41,3.5,3.5,1.01688655052108,3,4.9,0.7,1,1.66666666666667,0.666666666666667,1,0,0,0.333333333333333,0,0.333333333333333,0,0,"Provável",0.36,5.6
"gustavo-gomez",71684,"Gustavo Gómez","275","zag",15.32,6.5,4,0,2,0,6.5,1,0.5,0.5,2,0,0,0.5,0,0.5,0,0,"Nulo",-3.05,-0.9
"cuellar",71709,"Cuéllar","262","mei",13.77,7.475,7.475,0.624886257091105,4,8.9,6.05,0.5,1.5,5.25,1.75,0,0,0.75,0.25,0,0,0,"Nulo",0.06,7.6
"michel",71920,"Michel","284","mei",4.84,1.46666666666667,1.46666666666667,0.443404639762412,6,2.95,0.725,0.5,2,2.83333333333333,1.33333333333333,0,0,0,0.166666666666667,0,0,0,"Provável",0.8,4.8
"celsinho",72494,"Celsinho","341","lat",3.43,2.2,-0.3,0,2,0,2.2,0,0,0.5,3.5,0,0,0,0,0,0,0,"Nulo",-0.96,-0.6
"rildo",73635,"Rildo","315","ata",8.21,7.7,7.7,0.436145375069264,4,8.8,6.6,2.25,0.75,1.25,1,0,0.25,3,1.5,0.5,0,0,"Provável",-0.92,4
"marco-ruben",73741,"Marco Ruben","293","ata",16.1,6.35,6.35,1.01688655052108,4,7.4,3.2,2,1.5,0.75,1,0.25,0.25,0.5,0.25,0.25,0,0,"Provável",-0.74,4.7
"alison",73974,"Alison","277","mei",4.97,1.85,1.85,-0.338176192199826,4,1.5,1.96666666666667,0.25,3.25,2.75,0.75,0,0,1,0.25,0,0,0,"Nulo",0.73,3.9
"gatito-fernandez",74061,"Gatito Fernández","263","gol",7.8,2.97142857142857,0.828571428571429,-1.28913986700218,7,1.725,4.63333333333333,0,0.428571428571429,0,0.571428571428571,0,0,0.285714285714286,0,0,1.14285714285714,0,"Suspenso",2.38,9
"matheus-barbosa",74069,"Matheus Barbosa","314","mei",4.26,1.74,1.74,-0.149435310177985,5,1.85,1.66666666666667,0.4,1.2,1.8,2.6,0,0.2,0.4,0.4,0,0,0,"Provável",1.05,4.5
"paolo-guerrero",75295,"Paolo Guerrero","285","ata",14.5,6.33333333333333,6.33333333333333,2.62118404770673,6,9.575,-0.15,2.33333333333333,1.33333333333333,0.666666666666667,1.66666666666667,0,0.666666666666667,1.83333333333333,0.833333333333333,0.5,0,0,"Nulo",0.74,6.9
"copete",77959,"Copete","277","ata",4.56,0.3,0.3,0,1,0,0.3,1,1,0,0,0,0,0,1,0,0,0,"Nulo",-1.44,0.3
"lucas-silva",79701,"Lucas Silva","283","mei",4.1,1.42,1.42,0.440984884864696,5,2.75,0.533333333333333,0.8,0.4,0.6,1.2,0,0,0.4,0.2,0,0,0,"Nulo",0.11,1.2
"patrick-fabiano",80275,"Patrick Fabiano","341","ata",5.53,1.9,1.9,0.455503414250991,4,3.6,1.33333333333333,1.75,2.5,0.5,2.25,0.25,0.75,1,1,0,0,0,"Provável",-0.68,0.2
"gege",82474,"Gegê","314","mei",4.31,4.5,4.5,0.5329355709779,4,6.4,3.86666666666667,1.25,2,2.5,1.25,0,0,0.75,0.5,0,0,0,"Provável",0.72,7.1
"leo-artur",82644,"Léo Artur","266","mei",1.99,1,1,0.407108316296673,4,2.05,-0.05,1,0.25,0,0.75,0,0,0.5,0.25,0,0,0,"Dúvida",0.03,0.5
"bruno-melo",84339,"Bruno Melo","356","lat",3.09,0.4,0.4,0,1,0,0.4,0,0,0,2,0,0,2,0,0,0,0,"Provável",-0.91,0.4
"dodo",84927,"Dodô","356","mei",2.74,-0.3,-0.3,0.261923022433719,2,0.5,-1.1,0,0.5,0,1,0,0,0.5,0,0,0,0,"Nulo",-0.42,-1.1
"hyoran",85931,"Hyoran","275","mei",4.32,-0.5,-0.5,0,1,0,-0.5,1,2,0,1,0,0,0,1,0,0,0,"Nulo",-1.68,-0.5
"joao-lucas",86740,"João Lucas","354","lat",10.25,2.82,1.82,0.653923315863696,5,4.66666666666667,0.05,0.6,1,0.6,1.6,0,0,0.4,0.2,0.2,0,0,"Provável",0.37,3.8
"arrascaeta",87863,"Arrascaeta","262","mei",13.35,6.35,6.35,-0.0284475652921897,4,6.65,6.05,1.25,1.25,1,3.5,0.5,0,2.25,0.75,0.25,0,0,"Nulo",1.98,11.8
"jean",89150,"Jean","263","mei",4.1,1.5,1.5,0,1,1.5,0,0,0,1,0,0,0,0,0,0,0,0,"Nulo",-0.9,1.5
"marcinho",90458,"Marcinho","356","ata",8.16,5.62857142857143,5.62857142857143,-1.04716437723059,7,3.96666666666667,6.875,1.14285714285714,1,1.42857142857143,1.42857142857143,0.285714285714286,0.428571428571429,0.857142857142857,0.285714285714286,0.285714285714286,0,0,"Provável",0.33,4.9
"lucas-mineiro",90634,"Lucas Mineiro","267","mei",6.66,2.78571428571429,2.78571428571429,-0.161534084666565,7,2.86666666666667,2.725,1.28571428571429,2.42857142857143,2.14285714285714,2.28571428571429,0,0,1.42857142857143,1,0,0,0,"Suspenso",0.15,2
"nino",91708,"Nino","266","zag",2.41,1.78571428571429,1.78571428571429,0.397429296705809,7,2.96666666666667,0.9,0.285714285714286,1.71428571428571,1.28571428571429,1.28571428571429,0,0,0.857142857142857,0,0.142857142857143,0,0,"Suspenso",-0.17,1.3
"montoya",94840,"Montoya","284","mei",6.11,2.7,2.7,0,3,0,2.7,0.666666666666667,1,0.666666666666667,2.66666666666667,0.333333333333333,0.333333333333333,1.66666666666667,0.333333333333333,0,0,0,"Dúvida",-0.48,1.2
"juninho-capixaba",94968,"Juninho Capixaba","284","lat",6.36,3.92,1.92,-0.28252182955236,5,6.7,3.225,0,3.2,2.8,2.6,0,0.2,2.2,0,0,0,0,"Suspenso",-1.72,-2.3
"igor-vinicius",95466,"Igor Vinícius","276","lat",6.5,2.46,0.46,-1.22380648476385,5,0.85,3.53333333333333,0.4,2.4,1.6,1.2,0.2,0,0.8,0.4,0,0,0,"Suspenso",-1.6,-3.5
"trauco",95738,"Trauco","262","lat",5.64,4.26666666666667,2.6,1.36533125579217,3,6.9,-1,0.333333333333333,1.66666666666667,1.66666666666667,1.66666666666667,0.333333333333333,0,0,0.333333333333333,0,0,0,"Nulo",0.08,5.4
"gustavo-bochecha",95798,"Gustavo Bochecha","263","mei",5.6,0.714285714285714,0.714285714285714,-1.22864599455928,7,-0.8,2.73333333333333,0.285714285714286,0.857142857142857,1.14285714285714,3.14285714285714,0,0,1.14285714285714,0.285714285714286,0,0,0,"Provável",-0.31,-1.2
"yan-sasse",96055,"Yan Sasse","267","mei",3.9,1.44,1.44,0.23772547345656,5,2.35,0.833333333333333,1.2,1.2,0.8,2,0,0,0.8,1,0,0,0,"Nulo",0.62,2.7
"yony-gonzalez",97080,"Yony González","266","ata",11.25,4.9,4.9,-1.37141153352452,7,2.6,6.625,2.14285714285714,0.857142857142857,0.714285714285714,1,0,0.142857142857143,1.71428571428571,1.85714285714286,0.285714285714286,0,0,"Nulo",-0.51,1.6
"tomas-andrade",97619,"Tomás Andrade","293","mei",5.04,1.48,1.48,-0.43012687831303,5,1.16666666666667,1.95,0.6,0.6,0.4,2.6,0.2,0,0.8,0.4,0,0,0,"Nulo",0.42,4.4
"diego-torres",98794,"Diego Torres","315","mei",4.94,4.275,4.275,-2.80632618787005,4,2.03333333333333,11,1.5,0.25,1,2.25,0,0,0.75,0.75,0.25,0,0,"Nulo",-0.99,2.7
"matheus-matias",100430,"Matheus Matias","314","ata",1.79,-0.1,-0.1,0,2,0,-0.1,0.5,1.5,0,0,0,0,0.5,0.5,0,0,0,"Provável",-0.39,-0.2
"bruninho",101716,"Bruninho","282","mei",1.69,0.85,0.85,-0.405929329335871,2,0.5,1.2,0.5,0,0,0,0,0,0.5,0,0,0,0,"Nulo",-0.12,0.5
"victor-paraiba",102457,"Victor Paraíba","341","ata",1.4,0.98,0.98,0.145774787343355,5,1.7,0.5,0.6,0.2,0.2,0.6,0,0,0.8,0.4,0,0,0,"Nulo",-0.2,0.2
"talles",105786,"Talles","267","ata",0.78,-1.6,-1.6,0,1,0,-1.6,0,2,0,2,0,0,0,0,0,0,0,"Nulo",-1.22,-1.6
"paulo-andre",37604,"Paulo André","293","zag",3.91,0.966666666666667,-0.7,-0.115558741609963,3,4.5,-0.8,0,2,0.666666666666667,0.666666666666667,0,0,0,0,0,0,0,"Provável",0.11,1.7
"betao",37646,"Betão","314","zag",3.52,2.18571428571429,0.757142857142857,-1.23106574945699,7,2.06666666666667,2.275,0,1.57142857142857,1.57142857142857,2,0,0,1.28571428571429,0,0,0,0,"Provável",-0.59,2.1
"fabio",37656,"Fábio","283","gol",11.65,4.24285714285714,2.81428571428571,2.07431944082293,7,8.675,-1.66666666666667,0,0,0,0.142857142857143,0,0,0,0,0,1.57142857142857,0.142857142857143,"Provável",2.01,10.7
"edu-dracena",37657,"Edu Dracena","275","zag",6.71,7.3,2.3,0,1,7.3,0,1,0,1,0,0,0,0,1,0,0,0,"Provável",0.71,7.3
"cicero",37688,"Cícero","263","mei",14.1,5.6875,5.6875,1.03866434460052,8,7.825,3.55,0.875,0.375,1.25,2,0.125,0,3.125,0.375,0.25,0,0,"Provável",1.4,9.9
"henrique",37694,"Henrique","283","mei",7.52,2.78333333333333,2.78333333333333,0.329676159569764,6,3.7,1.86666666666667,0.666666666666667,1.66666666666667,2,1.33333333333333,0,0,0.833333333333333,0.5,0,0,0,"Provável",1.16,7.5
"leo-moura",37701,"Léo Moura","284","lat",6.12,4.1,1.6,0,2,4.1,0,0,0.5,1.5,3,0,0,1,0,0,0,0,"Nulo",0.57,6.8
"marcelo-boeck",37788,"Marcelo Boeck","356","gol",3.31,-0.3,-0.3,0,2,0,-0.3,0,0.5,0,1,0,0,0,0,0,1,0,"Nulo",-0.76,-2
"rafael-sobis",37798,"Rafael Sobis","285","ata",5.72,1.375,1.375,-0.076842663246508,4,1.7,1.26666666666667,2,1.25,0.25,0,0,0,0.75,1,0,0,0,"Provável",0.28,2.4
"maicon",38196,"Maicon","284","mei",8.35,2.15,2.15,0,4,2.15,0,0.75,1.75,1.75,3.5,0.25,0,0.5,0.5,0,0,0,"Provável",-0.41,1.3
"fabio-santos",38229,"Fábio Santos","282","lat",9.99,3.42857142857143,2.71428571428571,1.72103522575641,7,8.16666666666667,-0.125,0.428571428571429,1.14285714285714,0.714285714285714,1.57142857142857,0,0,1,0.142857142857143,0.285714285714286,0,0,"Provável",-2.62,-1.6
"diego-tardelli",38231,"Diego Tardelli","284","ata",8.11,1.78,1.78,1.14271380520231,5,3.63333333333333,-1,1,0.4,0.8,2.8,0,0.2,1.2,0.2,0,0,0,"Dúvida",-0.42,-1.2
"thiago-neves",38277,"Thiago Neves","283","mei",8.21,5.57142857142857,5.57142857142857,0.595849198318514,7,6.75,4,2.57142857142857,0.857142857142857,0.142857142857143,1.57142857142857,0.142857142857143,0.142857142857143,0.714285714285714,1.42857142857143,0.428571428571429,0,0,"Provável",-0.75,1.9
"marcio-araujo",38311,"Márcio Araújo","315","mei",8.55,4.2,4.2,0.145774787343356,8,4.8,3.6,0.625,0.625,2.5,1.125,0,0,1,0.375,0,0,0,"Provável",-1.18,-1.3
"diego-cavalieri",38431,"Diego Cavalieri","263","gol",6.77,10,10,0,1,0,10,0,0,0,0,0,0,0,0,0,4,0,"Provável",0.77,10
"carlinhos",38451,"Carlinhos","341","lat",7.13,4.76666666666667,3.1,0.920096354612445,6,8.36666666666667,1.16666666666667,1,0.333333333333333,1.16666666666667,3.66666666666667,0,0,0.833333333333333,0.333333333333333,0.166666666666667,0,0,"Provável",2.18,10.6
"diego-alves",38509,"Diego Alves","262","gol",7.78,5.28,3.28,-0.405929329335871,5,4.66666666666667,6.2,0,0,0,0.4,0,0,0,0,0,1.8,0,"Dúvida",2.52,16.4
"felipe-melo",38545,"Felipe Melo","275","mei",6.79,-0.15,-0.15,-0.405929329335871,2,-0.5,0.2,1.5,2,0.5,2,0,0,2,1.5,0,0,0,"Provável",-0.77,-0.5
"diego",38909,"Diego","262","mei",5.31,0.857142857142857,0.857142857142857,-0.478521976267348,7,0.45,1.4,1.57142857142857,1.71428571428571,0.571428571428571,2.28571428571429,0,0,1.71428571428571,0.714285714285714,0,0,0,"Dúvida",0.03,2.9
"ricardo-oliveira",38910,"Ricardo Oliveira","282","ata",14.5,3.55714285714286,3.55714285714286,1.30967689314471,7,6.53333333333333,1.325,1.42857142857143,0.714285714285714,0.285714285714286,1,0.142857142857143,0,0.714285714285714,0.571428571428571,0.142857142857143,0,0,"Dúvida",-1.03,0.7
"osvaldo",42222,"Osvaldo","356","ata",4.79,2.37142857142857,2.37142857142857,0.886219786044423,7,5.05,1.3,0.714285714285714,1,0.571428571428571,1.57142857142857,0.285714285714286,0,0.285714285714286,0.142857142857143,0.142857142857143,0,0,"Suspenso",-1.19,-3.6
"madson",42467,"Madson","341","mei",6.21,1.8,1.8,0.0489845914347192,6,2.23333333333333,1.36666666666667,1.16666666666667,0.333333333333333,0.5,2.33333333333333,0,0,1.83333333333333,1,0,0,0,"Nulo",-0.25,1.5
"marcio-azevedo",42491,"Márcio Azevedo","293","lat",4.16,2.81666666666667,1.15,-0.0381265848830535,6,4.76666666666667,0.866666666666667,0,2.5,0.833333333333333,2.83333333333333,0.333333333333333,0,1.66666666666667,0,0,0,0,"Provável",-2.64,-4.9
"ernando",49651,"Ernando","265","zag",10.78,5.3,2.44285714285714,-0.976991485196825,7,3.8,7.3,0.285714285714286,0.285714285714286,0.571428571428571,0.428571428571429,0,0,0.571428571428571,0,0.142857142857143,0,0,"Provável",0.87,8.2
"alexandre-pato",49675,"Alexandre Pato","276","ata",7.83,3.78571428571429,3.78571428571429,-0.328497172608963,7,3.6,4.03333333333333,1.71428571428571,0.857142857142857,0.571428571428571,1.57142857142857,0,0.714285714285714,1.28571428571429,1.14285714285714,0.285714285714286,0,0,"Provável",-0.88,3.8
"everton",50301,"Everton","276","mei",7.38,1.45,1.45,0.559552874852775,6,3.2,0.575,0.666666666666667,2.33333333333333,0.5,1.66666666666667,0,0.333333333333333,1.33333333333333,0.166666666666667,0.166666666666667,0,0,"Contundido",-0.75,-0.5
"elicarlos",50313,"Elicarlos","315","mei",4.47,1.28,1.28,-0.144595800382553,5,1.4,1.2,1.4,1.6,1,2,0,0,0.4,1,0,0,0,"Provável",-0.47,-2.1
"hudson",50324,"Hudson","276","mei",11.29,3.825,3.825,-0.870522269697325,8,2.675,4.975,0.5,1.125,1.625,1.5,0.125,0.125,0.875,0.125,0.125,0,0,"Provável",-0.39,0.9
"kayke",50402,"Kayke","290","ata",8.52,4.95714285714286,4.95714285714286,1.57101042209802,7,7.575,1.46666666666667,2,1.28571428571429,0.142857142857143,1.28571428571429,0.142857142857143,0,0.714285714285714,1,0.428571428571429,0,0,"Provável",3.18,16.3
"leo",50459,"Léo","283","zag",8.55,3.93333333333333,2.26666666666667,-0.347855211790689,6,4.6,2.6,0,1.16666666666667,2,1.33333333333333,0,0,0.5,0,0,0,0,"Provável",1.26,7
"henrique",50856,"Henrique","264","zag",7.83,4.45,-0.55,-0.202669917927735,4,4.45,4.45,0,0.5,0,1,0,0,0,0,0,0,0,"Provável",-0.02,4.5
"pedro-ken",50877,"Pedro Ken","354","mei",3.17,1.64,1.64,-0.151855065075701,5,1.675,1.5,0,1.2,1.2,0.2,0,0,1.6,0,0,0,0,"Nulo",-1.09,-0.3
"apodi",51042,"Apodi","341","lat",3.89,0.928571428571429,-0.5,0.136095767752492,7,2.5,-1.16666666666667,0.285714285714286,2,0.714285714285714,2.85714285714286,0,0,0.857142857142857,0.142857142857143,0,0,0,"Provável",0.14,-1.6
"rafael-pereira",51194,"Rafael Pereira","315","zag",5.26,4.4,4.4,-2.2352640320091,2,0.9,7.9,0.5,0,0.5,2,0,0,0.5,0,0.5,0,0,"Dúvida",1.34,7.9
"walter",51413,"Walter","264","gol",9.89,20.5,15.5,0,1,0,20.5,0,0,0,0,0,0,1,0,0,5,0,"Provável",2.89,20.5
"thiago-carleto",51700,"Thiago Carleto","354","lat",7.44,2.6,0.1,-0.125237761200826,4,3.5,-0.1,0.75,1,0.5,4,0,0,0.5,0.25,0,0,0,"Provável",-0.29,4.1
"everton-ribeiro",51772,"Everton Ribeiro","262","mei",11.15,2.84285714285714,2.84285714285714,1.22498547172465,7,4.95,0.0333333333333334,0.285714285714286,0.714285714285714,1.14285714285714,2.71428571428571,0.285714285714286,0.142857142857143,1.85714285714286,0.285714285714286,0,0,0,"Provável",-1.23,-1.6
"ralf",52190,"Ralf","264","mei",10.42,3.58571428571429,3.58571428571429,0.431305865273832,7,4.83333333333333,2.65,0.285714285714286,1.28571428571429,2.42857142857143,1.85714285714286,0,0,2.14285714285714,0.142857142857143,0,0,0,"Provável",0.13,4.7
"rever",52253,"Réver","282","zag",11.23,3.61666666666667,2.78333333333333,0.0199475326621282,6,4.83333333333333,2.4,0.5,0.166666666666667,1.83333333333333,1.66666666666667,0,0,0.166666666666667,0.166666666666667,0,0,0,"Provável",-0.52,3.9
"bruno-cesar",52558,"Bruno César","267","mei",7.32,1.8,1.8,-1.48514001371717,5,0.0333333333333333,4.45,0.2,0.6,0.2,1,0,0.2,1.2,0,0.2,0,0,"Nulo",-0.48,0.5
"anderson-martins",52618,"Anderson Martins","276","zag",3.54,0.625,-0.625,0.13125625795706,4,-0.05,1.3,0,1.5,0.75,1.25,0,0,0.25,0,0,0,0,"Provável",0.87,5.6
"gilson",52674,"Gilson","263","lat",4.79,2.02,0.02,-0.37689227056328,5,2.4,0.5,0.2,1.6,0.8,1.8,0,0,1.2,0.2,0,0,0,"Provável",-1.11,0.5
"victor",52950,"Victor","282","gol",7.58,4.025,3.4,-1.49481903330803,8,2.425,5.625,0,0.125,0,0.75,0,0,0,0,0,2.125,0,"Provável",-0.31,2.4
"elias",54395,"Elias","282","mei",10.04,2.61428571428571,2.61428571428571,-1.49965854310346,7,0.7,5.16666666666667,0.857142857142857,1.28571428571429,1.42857142857143,2.71428571428571,0,0,0.857142857142857,0.285714285714286,0.142857142857143,0,0,"Provável",0.49,2.9
"dede",60819,"Dedé","283","zag",16.85,6.2625,5.0125,0.312737875285753,8,8.4,4.125,1,1,2,2.25,0,0,1.25,0.375,0.25,0,0,"Provável",1.11,10.1
"uendel",60852,"Uendel","285","lat",3.65,5.16666666666667,3.5,0.79910860972665,3,10.8,2.35,1.33333333333333,1.66666666666667,2.66666666666667,2.33333333333333,0,1,0.666666666666667,1,0,0,0,"Provável",-0.12,6.1
"patric",60969,"Patric","282","lat",4.61,2,0.75,-0.289781094245508,4,3.1,0.9,0.75,1.5,0.5,2.75,0.25,0,0,0.5,0,0,0,"Provável",-0.03,4.9
"camilo",62009,"Camilo","315","mei",6.29,2.96666666666667,2.96666666666667,-1.23348550435471,3,0.6,4.15,1.33333333333333,1,0.666666666666667,3,0.333333333333333,0,1,1,0,0,0,"Provável",0.79,4.6
"fernandao",62033,"Fernandão","265","ata",6.75,2.82857142857143,2.82857142857143,0.00300924837811681,7,3.23333333333333,2.525,1.85714285714286,0.285714285714286,0.285714285714286,0.857142857142857,0,0.571428571428571,0.571428571428571,1,0.142857142857143,0,0,"Dúvida",-0.4,3.7
"para",62086,"Pará","262","lat",5.42,2.43333333333333,0.766666666666667,-0.725336975834371,6,1.53333333333333,3.33333333333333,0,1.5,1.5,1.33333333333333,0,0,0.833333333333333,0,0,0,0,"Suspenso",-0.19,3.7
"robinho",62104,"Robinho","283","mei",7.34,2.91666666666667,2.91666666666667,-0.63096653482345,6,2.425,3.9,1.33333333333333,2.33333333333333,1.66666666666667,5.83333333333333,0.166666666666667,0,1.33333333333333,1,0.166666666666667,0,0,"Provável",-0.02,-1.9
"wellington",62129,"Wellington","293","mei",0.75,-1.31428571428571,-1.31428571428571,0.143355032445639,7,-0.633333333333333,-1.825,0,2.14285714285714,0.571428571428571,2.71428571428571,0,0,0.285714285714286,0,0,0,0,"Provável",0,-2.9
"ganso",62977,"Ganso","266","mei",8.3,1.925,1.925,0.774911060749491,4,2.76666666666667,-0.6,2,1.5,0.75,2,0,0,1.25,1.25,0,0,0,"Provável",0.54,4.6
"marcos-rocha",63013,"Marcos Rocha","275","lat",16.51,10.2666666666667,6.93333333333333,-2.04652314998726,3,7.7,11.55,1,2,3,2,0,0,1.66666666666667,0.666666666666667,0.333333333333333,0,0,"Provável",0.32,7.7
"moises",63158,"Moisés","275","mei",6.5,1.8,1.8,1.13303478561144,2,4.1,-0.5,0.5,1,1,1,0,0,1,0,0,0,0,"Nulo",0.77,4.1
"didira",63178,"Didira","341","mei",6.25,2.575,2.575,-0.202669917927735,8,2.575,2.575,0.25,0.75,1.75,1.875,0,0,1.375,0.25,0,0,0,"Provável",-0.07,1.7
"carlinhos",63194,"Carlinhos","356","lat",5,2.25714285714286,2.25714285714286,-0.0623241338602124,7,2.53333333333333,2.05,0.571428571428571,1.57142857142857,2,1.57142857142857,0,0,0.857142857142857,0.428571428571429,0,0,0,"Provável",-0.01,1.7
"luan",63219,"Luan","282","mei",7.94,3.64285714285714,3.64285714285714,1.12335576602058,7,5.6,1.03333333333333,1,2.28571428571429,2.57142857142857,4,0.142857142857143,0,1.85714285714286,0.714285714285714,0,0,0,"Provável",-0.75,3.4
"edenilson",63289,"Edenílson","285","mei",8.46,3.45714285714286,3.45714285714286,1.80814640207418,7,6.425,-0.5,0.714285714285714,1.14285714285714,0.714285714285714,2.85714285714286,0.142857142857143,0,1.14285714285714,0.142857142857143,0.285714285714286,0,0,"Dúvida",-2.11,-0.1
"bergson",68696,"Bergson","354","ata",4.75,1.6,1.6,0.407108316296673,7,2.2,0.0999999999999999,1.85714285714286,1.57142857142857,0.571428571428571,1.28571428571429,0,0.571428571428571,1.28571428571429,1.14285714285714,0,0,0,"Provável",-0.44,1
"dodo",68727,"Dodô","283","lat",6.46,2.95,0.45,0.813627139112945,4,7.2,-1.3,0.75,2,0.75,3.5,0,0,0.25,0.25,0,0,0,"Provável",1.01,7.3
"nino-paraiba",68808,"Nino Paraíba","265","lat",12.1,4.38571428571429,2.24285714285714,0.378071257524082,7,5.6,2.76666666666667,0.714285714285714,1.71428571428571,1.71428571428571,2.85714285714286,0.142857142857143,0,1.14285714285714,0.285714285714286,0,0,0,"Provável",-1.01,3.1
"marcelo-lomba",68872,"Marcelo Lomba","285","gol",10.55,5.5625,3.6875,0.123996993263912,8,6.75,4.375,0,0,0,0,0,0,0.375,0,0,1.75,0,"Provável",-1.57,-1
"paulo-victor",68873,"Paulo Victor","284","gol",5.97,4.07142857142857,1.92857142857143,0.0707623855141621,7,5.8,2.775,0,0,0,0.714285714285714,0,0,0,0,0,1.28571428571429,0,"Provável",0.51,5
"gum",68887,"Gum","315","zag",6.2,2.2125,1.5875,-0.747114769913814,8,1.9,2.525,0.75,0.125,0.375,2.125,0,0.125,0.375,0.375,0.125,0,0,"Provável",-0.82,-2
"rodrigo-pimpao",68901,"Rodrigo Pimpão","263","ata",1.04,0.257142857142857,0.257142857142857,1.05560262888454,7,2.73333333333333,-1.6,0.571428571428571,1.85714285714286,0.285714285714286,2,0.285714285714286,0.142857142857143,0.142857142857143,0.285714285714286,0,0,0,"Suspenso",-1.49,-3
"diego-souza",68911,"Diego Souza","263","ata",6.25,2.11428571428571,2.11428571428571,-0.85600374031103,7,1.15,3.4,1.14285714285714,1.42857142857143,0.142857142857143,2.28571428571429,0.142857142857143,0.428571428571429,1.28571428571429,0.571428571428571,0.142857142857143,0,0,"Provável",1.13,10
"dudu",68920,"Dudu","275","ata",18.17,7.23333333333333,7.23333333333333,-1.43674491576285,3,4.4,8.65,4,0.666666666666667,0.333333333333333,2.66666666666667,0,0.333333333333333,4.33333333333333,3,0.333333333333333,0,0,"Provável",-1.12,4.4
"giovanni-augusto",68938,"Giovanni Augusto","290","mei",4.24,1.36666666666667,1.36666666666667,0.881380276248991,6,3.23333333333333,-0.5,0.833333333333333,1.33333333333333,1.33333333333333,4.5,0.166666666666667,0,1,0.5,0,0,0,"Provável",1.09,6
"luciano-castan",68942,"Luciano Castán","341","zag",4.56,1.5,-0.375,0.218367434274833,8,2.85,0.15,0,1.125,0.875,1.875,0,0,0,0,0,0,0,"Suspenso",-0.83,-2.8
"marinho",68952,"Marinho","277","ata",6.69,3.325,3.325,0.857182727271832,4,5.15,1.5,1.75,1.5,1.25,1,0,0,1.25,0.75,0,0,0,"Provável",1.13,6.6
"ernandes",68956,"Ernandes","315","lat",1.86,1.2,1.2,0,1,0,1.2,1,0,0,0,0,0,0,0,0,0,0,"Provável",-0.14,1.2
"santos",69012,"Santos","293","gol",6.2,2.41428571428571,0.985714285714286,0.312737875285753,7,5.33333333333333,0.225,0,0.285714285714286,0,1,0,0,0.142857142857143,0,0,1.28571428571429,0,"Provável",0.01,3.7
"marcelo-cirino",69022,"Marcelo Cirino","293","ata",6.85,3.9375,3.9375,-0.877781534390473,8,2.775,5.1,1.5,0.75,0.25,1.375,0,0.375,0.875,0.625,0.375,0,0,"Nulo",-1.25,-0.5
"vladimir",69040,"Vladimir","314","gol",6.64,3.9375,2.6875,-1.32785594536563,8,3.25,4.625,0,0,0,0,0,0,0.125,0,0,1.625,0,"Provável",2.11,11
"nikao",69705,"Nikão","293","mei",16.7,5.32,5.32,0.992689001543922,5,6.96666666666667,2.85,2.6,1.6,1,1.6,0.2,0,1.4,1.2,0.2,0,0,"Provável",-0.24,-0.1
"victor-ferraz",70046,"Victor Ferraz","277","lat",9.09,4.1,1.6,-0.405929329335871,8,3.75,4.45,0.25,0.5,1.625,3.625,0,0,0.875,0.125,0,0,0,"Provável",-1.11,0.6
"fellipe-bastos",70116,"Fellipe Bastos","267","mei",4.34,3.25,3.25,-0.144595800382553,4,3.3,3.1,1.25,1,2.25,1.25,0,0,0.25,1.25,0,0,0,"Nulo",-0.42,0.5
"eduardo-sasha",70360,"Eduardo Sasha","277","ata",17.64,7.3,7.3,-0.507559035039939,7,6.85,7.9,1.42857142857143,1.14285714285714,1.71428571428571,1.71428571428571,0,0,1,0.714285714285714,0.571428571428571,0,0,"Dúvida",0.38,9.2
"marllon",70666,"Marllon","264","zag",5.51,5.05,2.55,0,2,0,5.05,0.5,1,1.5,2,0,0,3.5,0.5,0,0,0,"Nulo",-0.39,3.4
"diogo-barbosa",70916,"Diogo Barbosa","275","lat",12.88,7.8,4.46666666666667,0.247404493047423,3,10.5,6.45,0,1,3,0.666666666666667,0,0,1.33333333333333,0,0,0,0,"Provável",2.26,10.5
"bruno-henrique",70944,"Bruno Henrique","275","mei",11.05,1.7,1.7,-0.507559035039939,3,1,2.05,0.666666666666667,2.66666666666667,1.66666666666667,1.66666666666667,0,0,1,0.666666666666667,0,0,0,"Provável",-0.35,1
"leo-cittadini",70986,"Léo Cittadini","293","mei",5.82,3.16,3.16,-0.947954426424234,5,2.13333333333333,4.7,1.6,1.8,1.4,1.2,0,0,1.6,1,0,0,0,"Provável",0.66,3.4
"fernando-miguel",71571,"Fernando Miguel","267","gol",6.24,1,1,0,1,1,0,0,0,0,0,0,0,0,0,0,1,0,"Provável",-1.76,1
"weverton",71631,"Weverton","275","gol",15.66,6.63333333333333,3.3,2.49777654792322,3,14.5,2.7,0,0,0,0.666666666666667,0,0,0.333333333333333,0,0,1.33333333333333,0,"Provável",3.76,14.5
"geovane",71667,"Geovane","290","mei",3.89,1.71428571428571,1.71428571428571,-1.09313972028719,7,0.4,3.46666666666667,1.14285714285714,2.42857142857143,1.85714285714286,3,0,0,0.571428571428571,1,0,0,0,"Provável",-0.94,0
"elton",71719,"Elton","265","mei",4.58,1.24285714285714,1.24285714285714,-0.705978936652644,7,0.5,2.23333333333333,0.428571428571429,2.14285714285714,1.57142857142857,1.28571428571429,0,0,0,0.428571428571429,0,0,0,"Provável",-0.09,0.8
"agenor",71724,"Agenor","266","gol",3.05,0.233333333333333,-1.43333333333333,3.09303625276133,3,4.85,-9,0,0.333333333333333,0,0.333333333333333,0,0,0.666666666666667,0,0,0.666666666666667,0,"Provável",2.3,8.5
"junior-urso",71829,"Júnior Urso","264","mei",6.99,1.975,1.975,0.218367434274833,4,2.7,1.25,1.75,1.5,1,1.5,0,0,1.25,0.75,0,0,0,"Provável",-0.03,3.4
"thiago-galhardo",71844,"Thiago Galhardo","354","mei",10.31,9.26,9.26,-2.47240001198525,5,6.13333333333333,13.95,2.8,0.4,1,3.8,0.2,0,1.4,1,0.6,0,0,"Provável",-0.83,2.5
"diogo-silva",71882,"Diogo Silva","354","gol",9.5,3.7375,2.4875,-0.657583838698325,8,3.9,3.46666666666667,0,0.125,0,0.25,0,0,0.125,0,0,1.5,0,"Provável",0.29,5
"juninho",71937,"Juninho","356","mei",5.54,2.33333333333333,2.33333333333333,-1.17541138680953,6,0.1,3.45,0.833333333333333,1.66666666666667,1.5,2.66666666666667,0.166666666666667,0,0.666666666666667,0.5,0,0,0,"Provável",0.23,3.8
"tiago-volpi",72018,"Tiago Volpi","276","gol",9.22,4.0625,1.5625,0.312737875285753,8,4.95,3.175,0,0,0,0.625,0,0,0.25,0,0,0.875,0,"Provável",0.13,5.5
"cassiano",72033,"Cassiano","341","ata",3.5,1.12857142857143,1.12857142857143,0.0828611600027418,7,1.55,0.566666666666667,1,1.42857142857143,0.428571428571429,1.14285714285714,0,0.285714285714286,1.42857142857143,0.571428571428571,0,0,0,"Provável",-0.08,0.8
"danilo-avelar",72142,"Danilo Avelar","264","lat",7.99,6.45,1.45,-0.231706976700326,4,6.4,6.5,0.75,1,1,2,0,0,1.25,0.25,0,0,0,"Provável",0.52,7.1
"joao-paulo",72168,"João Paulo","263","mei",8.03,2.54285714285714,2.54285714285714,0.699898658920298,7,3.875,0.766666666666667,1,0.857142857142857,1.28571428571429,4.14285714285714,0,0,1.42857142857143,0.428571428571429,0.142857142857143,0,0,"Provável",0.06,2.4
"everson",72294,"Éverson","277","gol",6.88,4.75,2.25,-0.928596387242507,2,1,8.5,0,0,0,0,0,0,0.5,0,0,1,0,"Provável",-1.11,1
"luiz-otavio",72359,"Luiz Otávio","354","zag",10.94,2.875,1.625,-0.020704349619499,8,3.86,1.23333333333333,0.25,1.75,1.375,1.25,0.125,0,0.625,0.125,0,0,0,"Provável",1.09,6.2
"rodrigo-lindoso",72362,"Rodrigo Lindoso","285","mei",8.25,4.14285714285714,4.14285714285714,0.622466502193389,7,5.76666666666667,2.925,0.714285714285714,1.14285714285714,2.71428571428571,1.28571428571429,0,0,0.571428571428571,0.285714285714286,0,0,0,"Provável",-0.39,0.3
"felipe-alves",72372,"Felipe Alves","356","gol",7.21,2.44285714285714,2.44285714285714,-1.17299163191181,7,0.533333333333333,3.875,0,0.285714285714286,0,1.14285714285714,0,0,0,0,0,2,0,"Provável",-0.44,0.5
"gustavo-campanharo",72497,"Gustavo Campanharo","315","mei",3.67,2.21666666666667,2.21666666666667,0.136095767752492,6,2.8,1.63333333333333,0.666666666666667,1,1.33333333333333,1,0,0,0.833333333333333,0.5,0,0,0,"Provável",-0.16,1.3
"samuel-xavier",73384,"Samuel Xavier","354","lat",13.82,5.275,4.025,-0.160082231727935,8,6.08,3.93333333333333,0.875,1,1.5,2.875,0.25,0.125,2.125,0.5,0,0,0,"Provável",-0.05,6.2
"rafael-vaz",73421,"Rafael Vaz","290","zag",11.95,8.85,6.35,-1.16089285742323,2,4.7,13,0.5,0,1.5,0.5,0,0,0.5,0,0.5,0,0,"Provável",-1.23,4.7
"maranhao",73513,"Maranhão","341","ata",3.09,1.92,1.92,0.876540766453559,5,4.15,0.433333333333333,0.6,1.2,0.6,2,0,0.2,0.8,0.4,0.2,0,0,"Provável",-0.55,-0.9
"rogerio",73540,"Rogério","265","ata",8.84,2.71666666666667,2.71666666666667,0.312737875285753,6,3.9,2.125,1.5,1.16666666666667,0.166666666666667,1.16666666666667,0,0.333333333333333,1.66666666666667,0.5,0.166666666666667,0,0,"Nulo",-0.63,0.8
"bruno-alves",73620,"Bruno Alves","276","zag",7.86,3.0625,0.5625,-0.761633299300109,8,2.1,4.025,0.5,2.125,1.125,1.5,0,0,0.25,0.375,0,0,0,"Provável",1.94,10.2
"rodrigo-caio",73800,"Rodrigo Caio","262","zag",9.25,5.28333333333333,3.61666666666667,0.349034198751491,6,5.5,4.85,1.66666666666667,1.33333333333333,1.33333333333333,1.83333333333333,0,0,0.833333333333333,1.16666666666667,0.166666666666667,0,0,"Provável",-0.26,5.9
"geuvanio",73896,"Geuvânio","282","ata",12.08,3.28571428571429,3.28571428571429,0.549873855261912,7,4.76666666666667,2.175,1,1.85714285714286,1.28571428571429,1.28571428571429,0.142857142857143,0,2.28571428571429,0.428571428571429,0,0,0,"Nulo",-0.15,0.6
"elber",74140,"Élber","265","mei",5.51,3.22,3.22,0.658762825659127,5,5,2.03333333333333,0.6,0.4,1.6,1.8,0,0.2,2.2,0.4,0,0,0,"Contundido",-0.9,-0.9
"yago",77500,"Yago","290","zag",3.15,1.76666666666667,0.1,0.864441991964979,6,2.575,0.15,0,0.833333333333333,0.666666666666667,1.33333333333333,0,0,0.333333333333333,0,0,0,0,"Provável",-0.19,-0.3
"madson",78077,"Madson","293","lat",3.81,2.775,1.525,0.0151080228666964,4,4.4,1.15,0,1.5,1.5,2,0,0,1.25,0,0,0,0,"Provável",-1.11,-0.3
"everaldo",78117,"Everaldo","315","ata",16.47,6.4875,6.4875,2.20014669550416,8,10.625,2.35,3,2.125,0.375,1.625,0.125,0,1,1.625,0.5,0,0,"Provável",-1.18,2.3
"uribe",78415,"Uribe","277","ata",5.26,0,0,0.668441845249991,2,1.5,-1.5,0,1,0.5,0,0,0.5,0,0,0,0,0,"Dúvida",0.37,1.5
"vitinho",78435,"Vitinho","262","ata",8.35,3.6,3.6,-0.154274819973417,5,3.66666666666667,3.5,1.8,1,0.6,1.4,0,0,1,1,0.2,0,0,"Dúvida",0.1,1.8
"rene",78445,"Renê","262","lat",8.12,4.36,3.36,0.663602335454559,5,5.15,3.83333333333333,0.4,0.6,2,2.8,0.2,0,0.8,0.2,0,0,0,"Provável",0.4,8.7
"willian-arao",78478,"Willian Arão","262","mei",13.8,6.21666666666667,6.21666666666667,-1.00602854396942,6,4.83333333333333,7.6,0.333333333333333,1.5,3,1.83333333333333,0.5,0,0.5,0.333333333333333,0,0,0,"Provável",0.12,4.2
"jean-mota",78548,"Jean Mota","277","mei",11.55,3.4625,3.4625,1.111256991532,8,5.725,1.2,1,1.5,0.75,2,0.125,0,1.875,0.375,0.125,0,0,"Dúvida",4.83,21.8
"ricardinho",78577,"Ricardinho","354","mei",5.38,3.14285714285714,3.14285714285714,0.123996993263912,7,3.625,2.5,1.14285714285714,0.857142857142857,0.857142857142857,1.57142857142857,0.142857142857143,0,0.285714285714286,0.571428571428571,0.142857142857143,0,0,"Provável",-0.05,1.9
"douglas-friedrich",78584,"Douglas Friedrich","265","gol",12.57,7.41428571428571,4.55714285714286,-0.824546926640723,7,6.66666666666667,7.975,0,0,0.142857142857143,0.285714285714286,0,0,0.285714285714286,0,0,2,0,"Provável",1.44,13.4
"pedro-castro",78840,"Pedro Castro","314","mei",3.92,2.2125,2.2125,-0.44222565280161,8,1.8,2.625,0.75,1.625,1.5,2.25,0,0,1.5,0.5,0,0,0,"Provável",-0.48,0.9
"reinaldo",78850,"Reinaldo","276","lat",12.8,4.8,2.3,-0.681781387675485,8,3.975,5.625,0.625,1.25,1.375,1.625,0.125,0,0.625,0.375,0,0,0,"Provável",0.65,7.9
"naldo",78897,"Naldo","341","mei",3.23,1.42857142857143,1.42857142857143,0.133676012854776,7,1.925,0.766666666666667,0.857142857142857,2.42857142857143,1.85714285714286,1.71428571428571,0,0.142857142857143,0.571428571428571,0.571428571428571,0,0,0,"Suspenso",0.61,2.4
"victor-cuesta",79113,"Víctor Cuesta","285","zag",13.67,5.67142857142857,3.52857142857143,-0.0187685457013263,7,6.3,4.83333333333333,0,1.28571428571429,3.14285714285714,1.57142857142857,0,0,0.714285714285714,0,0,0,0,"Provável",-0.94,4.4
"romario-rodrigues",79336,"Romário Rodrigues","354","ata",1.73,1,1,0,1,1,0,0,0,0,0,0,0,2,0,0,0,0,"Nulo",-0.27,1
"sassa",79578,"Sassá","283","ata",5.8,1.56666666666667,1.56666666666667,-0.101040212223667,3,1.8,1.45,1.66666666666667,1,0,0,0,0.333333333333333,1,0.666666666666667,0,0,0,"Provável",0.24,1.8
"antonio-carlos",79702,"Antônio Carlos ","275","zag",7.4,3.7,0.366666666666667,-0.18815138854144,3,5.4,2.85,0,1,1,1,0,0,0.333333333333333,0,0,0,0,"Provável",1.34,5.4
"brenner",80080,"Brenner","314","ata",4.52,1.56666666666667,1.56666666666667,2.26548007774249,3,4.4,-4.1,1.33333333333333,4,0.333333333333333,2,0,1,2.66666666666667,0.333333333333333,0.333333333333333,0,0,"Suspenso",-1.51,-0.4
"lucas-fonseca",80189,"Lucas Fonseca","265","zag",5.7,2.8,0.3,-0.0720031534510762,8,3.025,2.575,0.125,0.25,0.5,2,0,0,0.25,0,0,0,0,"Provável",-0.01,4.2
"yago-pikachu",80196,"Yago Pikachu","267","mei",9.94,3.5125,3.5125,-0.689040652368632,8,2.675,4.35,0.875,0.25,0.875,1.25,0,0,2,0.5,0.125,0,0,"Provável",0.06,3.7
"luciano",80287,"Luciano","266","ata",6.83,4.33333333333333,4.33333333333333,-2.64904211951852,6,1.525,9.95,2.5,2.5,1.16666666666667,2.66666666666667,0.166666666666667,0.5,1.33333333333333,1.16666666666667,0.333333333333333,0,0,"Provável",-0.23,4.6
"arthur-caike",80337,"Arthur Caíke","265","ata",10.63,3.5,3.5,-1.44400418045599,6,2.075,6.35,1.83333333333333,0.833333333333333,0,1.5,0,0.333333333333333,0.333333333333333,1,0.333333333333333,0,0,"Provável",0.39,3.8
"ariel-cabral",80363,"Ariel Cabral","283","mei",3.09,0.4,0.4,0.450663904455559,3,1.15,-1.1,0.666666666666667,1.33333333333333,1,2.66666666666667,0,0,0.666666666666667,0.666666666666667,0,0,0,"Provável",0.79,3.2
"fabinho",80393,"Fabinho","354","mei",6.53,2.3375,2.3375,-0.107815525937272,8,2.46,2.13333333333333,0.125,1.25,1.875,0.875,0,0,1,0.125,0,0,0,"Provável",0.45,3.9
"lucas-lima",80583,"Lucas Lima","275","mei",5.29,1.26666666666667,1.26666666666667,0.334515669365196,3,2.5,0.65,0.666666666666667,1.66666666666667,1,1.33333333333333,0,0,0.666666666666667,0.333333333333333,0,0,0,"Dúvida",0.24,2.5
"michel",80664,"Michel","264","lat",3.17,2.95,0.45,0,2,0,2.95,0,0.5,0.5,1,0,0,0.5,0,0,0,0,"Nulo",0.69,5
"pedro-geromel",80853,"Pedro Geromel","284","zag",14.75,6.57142857142857,4.42857142857143,1.15481257969089,7,10.4333333333333,3.675,0.571428571428571,0.714285714285714,3.28571428571429,1.71428571428571,0,0,0.571428571428571,0.428571428571429,0,0,0,"Provável",2.68,13.1
"marlone",80944,"Marlone","290","mei",5.99,2.46,2.46,0.697478904022582,5,3.7,0.6,0.4,0.2,0.6,1,0,0,0.4,0.2,0.2,0,0,"Nulo",-0.12,1.4
"oswaldo-henriquez",81241,"Oswaldo Henríquez","267","zag",2.12,-0.6,-0.6,0,1,-0.6,0,0,0,0,2,0,0,0,0,0,0,0,"Dúvida",-0.88,-0.6
"carlos-sanchez",81677,"Carlos Sánchez","277","mei",12.65,4.65714285714286,4.65714285714286,0.6394047864774,7,5.9,3,2.14285714285714,1.42857142857143,0.428571428571429,3.85714285714286,0.142857142857143,0.142857142857143,1.42857142857143,0.714285714285714,0.285714285714286,0,0,"Dúvida",1.17,8.2
"cazares",81682,"Cazares","282","mei",10.49,6.075,6.075,1.87347978431251,4,9.65,2.5,3.25,0.75,0.25,3.25,0,0,0.5,1.25,0.5,0,0,"Provável",-0.8,4.1
"bruno-nazario",81776,"Bruno Nazário","293","mei",2.05,0.2,0.2,0,1,0,0.2,0,0,0,1,0,0,1,0,0,0,0,"Nulo",-0.16,0.2
"rossi",81798,"Rossi","267","ata",4.63,1.85,1.85,0.29096008120631,6,2.7,1,1.5,1.5,0.666666666666667,2.66666666666667,0.166666666666667,0.166666666666667,1.5,1,0,0,0,"Provável",0.4,1.5
"alisson",81845,"Alisson","284","mei",6.82,4.14,4.14,-0.587410946664564,5,3.875,5.2,0.8,1.6,1.6,1.8,0.4,0,1.6,0.2,0,0,0,"Provável",-0.53,2.3
"igor-juliao",81951,"Igor Julião","266","lat",4.01,2.975,1.725,-0.826966681538439,4,3.15,2.8,0.25,1.5,1.25,0.75,0,0,1.25,0.25,0,0,0,"Dúvida",0.72,4.8
"tadeu",82453,"Tadeu","290","gol",12.69,5.52857142857143,4.1,-1.91343663061288,7,2.825,9.13333333333333,0,0,0,0.857142857142857,0,0,0.428571428571429,0,0,1.71428571428571,0.142857142857143,"Provável",-1.73,1.2
"ze-rafael",82455,"Zé Rafael","275","mei",9.49,2.53333333333333,2.53333333333333,-0.130077270996258,3,2.7,2.45,1,3.66666666666667,1,1.33333333333333,0.333333333333333,0,3.33333333333333,0.666666666666667,0,0,0,"Provável",-0.15,2.7
"tinga",82628,"Tinga","356","lat",0.75,-0.266666666666667,-0.266666666666667,0,3,0,-0.266666666666667,0.333333333333333,1,0.666666666666667,4,0,0,0.333333333333333,0.333333333333333,0,0,0,"Nulo",0.02,-0.4
"igor-fernandes",82635,"Igor Fernandes","314","lat",4.69,3.6,1.6,-0.58983070156228,5,4.4,2.4,0,1.8,2.2,2,0,0.2,1,0,0,0,0,"Provável",2.19,10.7
"daniel-amorim",82880,"Daniel Amorim","314","ata",6.08,2.68,2.68,-1.03990511253744,5,0.95,3.83333333333333,1.2,0.6,0,0.6,0,0.4,1.6,0.6,0.2,0,0,"Provável",0.1,1.2
"gabriel",83257,"Gabriel","262","ata",15.79,6.66666666666667,6.66666666666667,3.0881967429659,6,12.3333333333333,1,2.66666666666667,0.833333333333333,0.333333333333333,2.5,0,0.833333333333333,1.33333333333333,1,0.666666666666667,0,0,"Provável",-2.54,1.3
"patrick",83433,"Patrick","285","mei",8.06,4.03333333333333,4.03333333333333,0.0877006697981737,3,4.7,3.7,0.333333333333333,1.33333333333333,2.66666666666667,1.33333333333333,0,0,1.66666666666667,0.333333333333333,0,0,0,"Dúvida",-1.79,-0.2
"guilherme-parede",83438,"Guilherme Parede","285","ata",4.73,2.55,2.55,0.0973796893890372,6,3.06666666666667,2.03333333333333,0.666666666666667,1,0.666666666666667,1,0.166666666666667,0.166666666666667,2,0.5,0,0,0,"Nulo",-0.34,1.7
"leo-pereira",83528,"Léo Pereira","293","zag",8.65,3.54285714285714,2.11428571428571,-0.17605261405286,7,5.5,2.075,0.857142857142857,1.28571428571429,1.28571428571429,2.57142857142857,0,0.142857142857143,0.428571428571429,0.285714285714286,0.142857142857143,0,0,"Provável",-1.57,-1.6
"clayson",83817,"Clayson","264","ata",10.03,2.91666666666667,2.91666666666667,-0.638225799516598,6,2.16666666666667,3.66666666666667,0.833333333333333,1.83333333333333,1.33333333333333,2.16666666666667,0,0,0.833333333333333,0.166666666666667,0.166666666666667,0,0,"Provável",-0.55,0.7
"danilo-barcelos",84382,"Danilo Barcelos","267","lat",3.75,0.383333333333333,0.383333333333333,0.0659228757187305,6,1,0.075,0.5,2.5,1.33333333333333,2.33333333333333,0,0.166666666666667,0.666666666666667,0.166666666666667,0,0,0,"Provável",0.12,2.1
"fernando-sobral",84428,"Fernando Sobral","354","mei",6.08,2.775,2.775,-0.338176192199826,8,2.6,3.06666666666667,0.75,1.375,2,2.25,0,0,1.25,0.5,0,0,0,"Provável",1.21,5.7
"valdo",84509,"Valdo","354","zag",3.89,2.275,1.025,0.271602042024582,4,3.1,-0.2,0.25,1,1,1.75,0,0,0.5,0,0,0,0,"Provável",1.62,7.7
"romarinho",84523,"Romarinho","356","ata",3.77,2.5,2.5,-0.0720031534510761,6,2.8,2.35,0.166666666666667,1,1.16666666666667,1.66666666666667,0,0.166666666666667,1.5,0,0.166666666666667,0,0,"Provável",-0.63,-0.9
"lucas-romero",84558,"Lucas Romero","283","mei",4.08,3.14285714285714,3.14285714285714,-0.800349377663564,7,1.96666666666667,4.025,0.285714285714286,1.71428571428571,2.57142857142857,2.14285714285714,0,0,1.85714285714286,0.142857142857143,0,0,0,"Provável",-0.29,1.9
"nico-lopez",84709,"Nico López","285","ata",14.13,2.54285714285714,2.54285714285714,0.98784949174849,7,4.3,0.2,2.14285714285714,1.42857142857143,1,2,0,0.571428571428571,1,1.28571428571429,0,0,0,"Provável",-1.01,-2.1
"erik",84848,"Erik","263","ata",10.21,3.25714285714286,3.25714285714286,1.63150429454092,7,6.86666666666667,0.55,1.14285714285714,1.57142857142857,0.714285714285714,2.14285714285714,0.142857142857143,0.285714285714286,2.71428571428571,0.571428571428571,0.142857142857143,0,0,"Provável",0.63,2.5
"berrio",85300,"Berrío ","262","ata",6.11,3.7,3.7,0.261923022433719,4,4.9,3.3,0.75,1.5,1.5,1.5,0,0,0.5,0.5,0.25,0,0,"Nulo",-0.38,-0.9
"alex-santana",85465,"Alex Santana","263","mei",10.79,5,5,-1.40286834719482,6,2.93333333333333,7.06666666666667,1.33333333333333,0.833333333333333,0.5,1.33333333333333,0,0,1.16666666666667,0.666666666666667,0.5,0,0,"Provável",1.92,10.8
"everton-felipe",86519,"Everton Felipe","276","mei",2.44,0.8,0.8,0,1,0,0.8,1,0,0,0,0,0,0,1,0,0,0,"Nulo",-0.56,0.8
"tche-tche",86686,"Tchê Tchê","276","mei",3.74,1.275,1.275,0.494219492614446,8,2.475,0.0750000000000001,1,1.625,0.625,2.5,0,0,1.125,0.375,0.125,0,0,"Suspenso",-0.25,-2.9
"joao-paulo",86770,"João Paulo","314","mei",4.75,1.6,1.6,-0.551114623198826,8,1,2.2,0.75,2.25,1.375,3,0,0,2,0.375,0,0,0,"Provável",0.1,2.7
"jordi",86776,"Jordi","341","gol",9,6.075,4.2,1.56859066720031,8,9.75,2.4,0,0.375,0,0.375,0,0,0.25,0,0,2.5,0,"Provável",2.01,8
"raniel",86797,"Raniel","283","ata",6.31,1.3,1.3,0,1,1.3,0,1,0,0,0,0,0,1,1,0,0,0,"Nulo",-1.69,1.3
"jose-welison",86859,"José Welison","282","mei",4.6,2.7,2.7,-0.60192947605086,5,1.6,2.975,0.8,1.6,2.4,1.8,0,0,0.8,0.8,0,0,0,"Provável",-0.47,0.5
"gustavo",86932,"Gustavo","264","ata",3.82,1.13333333333333,1.13333333333333,0.261923022433719,3,2.2,0.6,1.33333333333333,2,0.333333333333333,0.666666666666667,0,0.333333333333333,1.33333333333333,0.666666666666667,0,0,0,"Provável",-0.38,0.7
"emerson-santos",86972,"Emerson Santos","285","zag",5.81,5.36,2.36,-0.546275113403394,5,6.65,4.5,0.4,1.8,2.2,3.6,0,0.2,0.4,0,0.2,0,0,"Suspenso",0.76,8
"leonardo",86973,"Leonardo","284","lat",6.06,2.77142857142857,0.628571428571429,0.155453806934219,7,4.66666666666667,1.35,0.857142857142857,1.14285714285714,0.857142857142857,2.14285714285714,0,0,0.142857142857143,0.285714285714286,0,0,0,"Provável",1.04,5
"zeca",87192,"Zeca","285","lat",6.56,3.53333333333333,1.86666666666667,-0.456744182187905,6,4.075,2.45,0,1.5,2.5,1.83333333333333,0,0,0.333333333333333,0,0,0,0,"Provável",-0.42,2
"soteldo",87258,"Soteldo","277","mei",6.32,2.82857142857143,2.82857142857143,1.11609650132743,7,4.775,0.233333333333333,1.71428571428571,1.42857142857143,1.14285714285714,2.71428571428571,0,0.285714285714286,0.857142857142857,0.714285714285714,0.142857142857143,0,0,"Provável",0.58,4.8
"gabriel",87393,"Gabriel","263","zag",8.85,4.1875,2.3125,-0.224447712007178,8,4.775,3.6,0.125,0.625,1.875,1.75,0,0,0.75,0,0,0,0,"Provável",-0.32,3.9
"thaciano",87470,"Thaciano","284","mei",3.66,1.03333333333333,1.03333333333333,-0.28252182955236,6,0.85,1.125,0.5,0.333333333333333,0.666666666666667,1.16666666666667,0,0.5,0.666666666666667,0.333333333333333,0,0,0,"Nulo",0.3,2
"vitor-bueno",87552,"Vitor Bueno","276","mei",5.39,2.08,2.08,-0.555954132994257,5,1.35,2.56666666666667,0.6,0.6,1.2,1.6,0,0,1,0.4,0,0,0,"Provável",0.56,3.8
"yago-felipe",87747,"Yago Felipe","290","mei",3.16,0.88,0.88,-0.0671636436556444,5,1.06666666666667,0.6,0.4,2,0.6,0.8,0.2,0,1,0.4,0,0,0,"Provável",-0.6,0
"sornoza",87877,"Sornoza","264","mei",3.89,1.2,1.2,-0.105879722019099,5,1.33333333333333,1,0.6,2,1.2,1.6,0,0,1.4,0.6,0,0,0,"Provável",-0.46,-0.5
"jorge",88065,"Jorge","277","lat",13.44,8.18333333333333,4.85,0.777330815647207,6,8.475,7.6,2,1.66666666666667,1.83333333333333,1.83333333333333,0.166666666666667,0.166666666666667,1.83333333333333,0.833333333333333,0,0,0,"Provável",-1.06,2.5
"daniel-guedes",88225,"Daniel Guedes ","290","lat",3.77,1.11666666666667,0.283333333333333,-0.471262711574201,6,1.225,0.9,0.333333333333333,2,1.16666666666667,2.66666666666667,0,0.333333333333333,0.833333333333333,0.166666666666667,0,0,0,"Provável",-0.22,-0.4
"gabriel-dias",88368,"Gabriel Dias","356","mei",3.94,2.48571428571429,2.48571428571429,-0.0429660946784852,7,2.8,2.25,0.428571428571429,1.42857142857143,1.85714285714286,1.42857142857143,0,0,1.42857142857143,0.428571428571429,0,0,0,"Provável",-0.72,-0.5
"marlon",88427,"Marlon","356","mei",4.23,1.725,1.725,-0.0962007024282353,4,2,1.63333333333333,0,0.5,1,0.5,0,0,1.25,0,0,0,0,"Provável",0.57,3.7
"leandro-carvalho",88669,"Leandro Carvalho","354","ata",10.12,2.94285714285714,2.94285714285714,0.47970096322815,7,3.95,1.6,1.57142857142857,1,0.714285714285714,1.57142857142857,0,0.142857142857143,1.57142857142857,1.28571428571429,0.142857142857143,0,0,"Nulo",-0.55,1.1
"igor-rabello",89493,"Igor Rabello","282","zag",8.6,2.18571428571429,1.47142857142857,-0.984250749889973,7,1.6,2.625,0.285714285714286,0.857142857142857,1.28571428571429,1.57142857142857,0,0.142857142857143,0.571428571428571,0.285714285714286,0,0,0,"Provável",-1.15,-1
"bruno-pacheco",90061,"Bruno Pacheco","315","lat",12.2,3.525,2.9,0.276441551820014,8,4.975,2.075,0.125,2.125,2.125,2.75,0.25,0,2.375,0.125,0,0,0,"Nulo",-1.88,-4.9
"bruno-henrique",90285,"Bruno Henrique","262","ata",18.09,5.84285714285714,5.84285714285714,2.11303551918639,7,10.4,2.425,2.85714285714286,2,0.142857142857143,1.28571428571429,0,0.142857142857143,1.42857142857143,1.28571428571429,0.571428571428571,0,0,"Provável",-2.47,0.1
"pedro-rocha",90302,"Pedro Rocha","283","ata",10.84,3.45,3.45,-0.657583838698325,6,2.66666666666667,4.23333333333333,0.833333333333333,1,1,3.16666666666667,0.166666666666667,0,1.5,0.166666666666667,0.166666666666667,0,0,"Provável",-0.32,2
"david",90309,"David","283","ata",4.8,1.1,1.1,0.298219345899457,6,1.675,-0.05,1.16666666666667,1.66666666666667,0.5,0.666666666666667,0,0.166666666666667,0.666666666666667,0.666666666666667,0,0,0,"Nulo",0.51,1.7
"moises",90444,"Moisés","265","lat",14.39,6.26666666666667,3.76666666666667,-1.30607815128619,6,3.53333333333333,9,0.666666666666667,2.33333333333333,2.83333333333333,1.66666666666667,0.166666666666667,0,0.5,0.5,0,0,0,"Provável",2.02,13.2
"yuri-lima",90569,"Yuri Lima","266","mei",2.35,0.4,0.4,0.276441551820014,3,1.5,-0.15,0,1,1.33333333333333,2,0,0,0,0,0,0,0,"Nulo",-0.12,1.5
"leo-sena",90572,"Léo Sena","290","mei",6.58,4.84,4.84,-0.231706976700326,5,4.8,4.9,0,1.4,3.4,3.2,0,0,3.4,0,0,0,0,"Contundido",0.33,3.5
"getulio",90573,"Getúlio","314","ata",7.51,2.85714285714286,2.85714285714286,0.547454100364196,7,4.33333333333333,1.75,1,0.714285714285714,1.14285714285714,0.714285714285714,0,0.428571428571429,1.28571428571429,0.428571428571429,0,0,0,"Provável",1.41,7.5
"luiz-fernando",90715,"Luiz Fernando ","263","mei",4.27,1.48,1.48,-0.720497466038939,5,0.766666666666667,2.55,0.4,0.6,0.6,1.4,0,0,1.8,0.2,0,0,0,"Provável",0.77,4.1
"everaldo",91151,"Everaldo ","264","ata",2.6,0.566666666666667,0.566666666666667,-1.66904138594357,3,-2.8,2.25,0.333333333333333,2,0,0.666666666666667,0.333333333333333,0.666666666666667,1.33333333333333,0.333333333333333,0,0,0,"Nulo",-0.87,-0.5
"pepe",91201,"Pepê","284","ata",4.28,1.125,1.125,2.26548007774249,4,7.5,-1,1,0.75,0,1.5,0,0.75,0,0.5,0.25,0,0,"Dúvida",1.48,7.5
"leandro-barcia",91242,"Leandro Barcia","290","ata",7.68,4.47142857142857,4.47142857142857,0.00300924837811707,7,4.775,4.06666666666667,2.14285714285714,2.28571428571429,0.714285714285714,1.57142857142857,0,0,2.14285714285714,1,0.285714285714286,0,0,"Provável",-2.43,-3.3
"rodriguez",91251,"Rodriguez","284","zag",5.22,8,4.66666666666667,0.174811846115946,3,10.1,3.8,0,0.333333333333333,2.33333333333333,1.66666666666667,0.333333333333333,0,0.333333333333333,0,0,0,0,"Provável",1.72,10.2
"matheus-savio",91264,"Matheus Savio","341","mei",9.44,4.2125,4.2125,0.646664051170548,8,5.675,2.75,1.625,0.5,1,2.125,0,0.25,1.25,0.375,0.125,0,0,"Nulo",0.64,4
"rony",91607,"Rony","293","ata",12.94,7.45,7.45,2.16868988183385,6,11.5333333333333,3.36666666666667,1.83333333333333,2.66666666666667,0.833333333333333,0.833333333333333,0.333333333333333,0.333333333333333,2.66666666666667,1,0.5,0,0,"Provável",-2.57,-0.8
"felipe",91733,"Felipe","356","mei",5.25,1.8,1.8,-0.275262564859212,5,1.65,1.9,0.4,1.6,2.4,4.6,0,0,1,0,0,0,0,"Provável",-0.71,0
"david-duarte",91772,"David Duarte","290","zag",8.03,2.91428571428571,1.48571428571429,-0.17605261405286,7,2.775,3.1,0.428571428571429,0.285714285714286,1,1.42857142857143,0,0,0.428571428571429,0.428571428571429,0,0,0,"Contundido",-0.6,0.5
"andre-luis",92146,"André Luís","356","ata",3.44,1.83333333333333,1.83333333333333,0,3,0,1.83333333333333,0.333333333333333,0,0.333333333333333,1.33333333333333,0,0,2.66666666666667,0,0,0,0,"Nulo",-0.19,0.7
"jonatan-alvez",92377,"Jonatan Álvez","285","ata",4.82,1.7,1.7,0,2,0,1.7,3,0.5,0,0.5,0,1,0,2.5,0,0,0,"Nulo",-1.35,-0.5
"raul",92496,"Raul","267","mei",5.28,2.375,2.375,0.79910860972665,4,4.1,0.65,0.5,2.5,2.75,1.25,0,0,1,0.25,0,0,0,"Dúvida",0.18,1
"douglas",92497,"Douglas","265","mei",5.2,2.4,2.4,0.378071257524082,6,3.4,1.4,0.833333333333333,2.83333333333333,2.16666666666667,1.83333333333333,0,0,1,0.333333333333333,0,0,0,"Provável",-0.82,-1.6
"renato-kayzer",92696,"Renato Kayzer","315","ata",1.52,-0.65,-0.65,0.174811846115946,2,0,-1.3,0,1.5,0,0.5,0,0,0.5,0,0,0,0,"Nulo",-0.73,-1.3
"deyverson",92708,"Deyverson","275","ata",9.68,1.83333333333333,1.83333333333333,2.13481331326583,3,7.2,-0.85,2.33333333333333,2.66666666666667,1,1.66666666666667,0,1.66666666666667,3,2,0,0,0,"Provável",1.72,7.2
"ronaldo",92981,"Ronaldo","262","mei",3.93,2.66666666666667,2.66666666666667,1.51051654965513,3,6.6,0.7,0,3.33333333333333,2.66666666666667,1.66666666666667,0.333333333333333,0,0.333333333333333,0,0,0,0,"Nulo",-1.06,-0.3
"lucas-verissimo",93368,"Lucas Veríssimo","277","zag",8.27,4.025,1.525,-1.13185579865064,8,2.425,5.625,0.5,2.875,2.125,2.375,0,0.125,0.875,0.375,0,0,0,"Suspenso",-1.59,0.2
"joel-carli",93414,"Joel Carli","263","zag",6.78,2.44285714285714,0.3,0.424046600580684,7,4.86666666666667,0.625,0,1.42857142857143,1.42857142857143,3.28571428571429,0,0,1,0,0,0,0,"Provável",-1.02,-0.5
"andrey",93787,"Andrey","267","mei",6.22,3.63333333333333,3.63333333333333,0.494219492614446,6,4.83333333333333,2.43333333333333,1,0.833333333333333,1.5,1.66666666666667,0,0,0.333333333333333,0.5,0.166666666666667,0,0,"Provável",0.77,6.2
"daniel",93791,"Daniel","266","mei",4.5,2.13333333333333,2.13333333333333,-0.163953839564281,6,2.2,2.06666666666667,0.833333333333333,0.833333333333333,0.833333333333333,3,0.166666666666667,0,1.5,0.333333333333333,0,0,0,"Provável",-0.41,0.8
"marcos-junior",93893,"Marcos Júnior","267","mei",3.58,2.93333333333333,2.93333333333333,0.523256551387036,3,4.6,2.1,0.666666666666667,1.33333333333333,2,3.66666666666667,0,0,2.33333333333333,0.666666666666667,0,0,0,"Provável",0.75,4.6
"felipe-vizeu",94138,"Felipe Vizeu","284","ata",2.68,1.05,1.05,0.716836943204309,6,2.63333333333333,-0.533333333333333,0.666666666666667,1,0,1.16666666666667,0,0,0.333333333333333,0.5,0.166666666666667,0,0,"Provável",0.29,1.1
"diego-pituca",94156,"Diego Pituca","277","mei",2.98,1.47142857142857,1.47142857142857,0.714417188306593,7,2.825,-0.333333333333333,1.14285714285714,2.85714285714286,1,3,0,0,1.14285714285714,0.571428571428571,0.142857142857143,0,0,"Provável",0.13,1.5
"leo-duarte",94214,"Léo Duarte","262","zag",4.4,2.7,0.7,-1.75131305246591,5,0,4.5,0.2,2,1.6,1.2,0,0,0.2,0.2,0,0,0,"Provável",1.26,7.4
"raphael-veiga",94509,"Raphael Veiga","275","mei",8.87,9.5,9.5,0,1,9.5,0,3,1,0,0,0,0,0,1,1,0,0,"Dúvida",0.87,9.5
"jonatan-gomez",94857,"Jonatan Gomez","341","mei",4.47,9.8,9.8,0,1,9.8,0,1,0,2,3,1,0,3,0,0,0,0,"Provável",1.47,9.8
"jefferson",95220,"Jefferson","290","lat",11.51,5.61428571428571,4.18571428571429,0.670861600147707,7,6.725,4.13333333333333,0.571428571428571,0.571428571428571,1.85714285714286,2.14285714285714,0,0,1.57142857142857,0.285714285714286,0.142857142857143,0,0,"Provável",1.2,8.8
"gregore",95464,"Gregore","265","mei",11.2,3.5625,3.5625,-0.268003300166065,8,3.45,3.675,0.375,3.875,4.25,2.875,0,0,0.5,0.375,0,0,0,"Suspenso",-0.49,1.2
"kunde",95476,"Kunde","314","zag",1.64,0.966666666666667,-0.7,-0.551114623198826,3,1.4,0.1,0,2,1,2.33333333333333,0,0,0,0,0,0,0,"Provável",0.91,4.9
"aguilar",95494,"Aguilar","277","zag",3.93,1.68333333333333,0.0166666666666667,0.0949599344913213,6,0.7,2.175,0,1.66666666666667,0.666666666666667,0.5,0,0,0,0,0,0,0,"Provável",-0.55,0.4
"artur",95799,"Artur","265","ata",10.16,4,4,1.53955360842772,8,7,1,1.25,1.375,1.25,3.625,0,0.125,1.25,0.375,0.375,0,0,"Suspenso",-0.05,0.7
"piris-da-motta",95802,"Piris da Motta","262","mei",3.22,0.7,0.7,0.29096008120631,4,1.55,-0.15,0,1.25,1,1,0,0,1,0,0,0,0,"Provável",-0.29,-0.8
"quintero",96382,"Quintero","356","zag",2.37,0.7375,0.7375,-0.467875054717398,8,0.166666666666667,1.08,0.125,0.5,0.625,1.375,0,0,0.625,0,0,0,0,"Provável",-0.37,0.7
"allan",96652,"Allan","266","mei",1.74,0.214285714285714,0.214285714285714,-0.144595800382553,7,0.3,0.1,1,3,1.42857142857143,3.71428571428571,0,0,1.14285714285714,0.571428571428571,0,0,0,"Provável",-0.59,-2.5
"arthur-gomes",96966,"Arthur Gomes","315","ata",3.71,1.52,1.52,-0.454324427290189,5,1,1.86666666666667,0.2,0.4,0.6,1.6,0,0,1.4,0,0,0,0,"Provável",0.68,3
"marcos-calazans",97452,"Marcos Calazans","276","ata",2.02,-0.7,-0.7,-0.551114623198826,2,-1.3,-0.1,0,2.5,1,1.5,0,0,0.5,0,0,0,0,"Provável",0.08,-0.1
"frazan",97528,"Frazan","266","zag",2.75,2.2,-2.8,0,1,2.2,0,0,3,0,1,0,0,1,0,0,0,0,"Provável",-0.25,2.2
"bryan",97536,"Bryan","315","lat",1.03,-0.32,-0.32,-0.289781094245508,5,-0.5,-0.2,0.4,1.4,0.4,1.4,0,0,0.8,0.2,0,0,0,"Provável",0,-0.9
"dawhan",97780,"Dawhan","341","mei",6.69,2.65,2.65,-1.31333741597934,6,1.375,5.2,0.666666666666667,0.333333333333333,1.66666666666667,1,0,0,0.166666666666667,0.666666666666667,0,0,0,"Provável",-0.57,0.8
"bruno-guimaraes",98352,"Bruno Guimarães","293","mei",12.59,4.88333333333333,4.88333333333333,1.20078792274749,6,7.3,2.46666666666667,1.5,1.83333333333333,1,1.33333333333333,0,0,3.33333333333333,0.5,0.166666666666667,0,0,"Provável",-0.45,2.4
"tiepo",98412,"Tiepo","315","gol",12.84,3.325,2.7,-0.565633152585121,8,3.325,3.325,0,0,0,1,0,0,0.25,0,0,1.75,0.125,"Provável",-0.93,-3.3
"jean-lucas",98517,"Jean Lucas","277","mei",11.5,4.2125,4.2125,-0.471262711574201,8,3.75,4.675,1.25,1.5,1.875,1.875,0.125,0,1.875,0.5,0,0,0,"Provável",0.95,7.4
"caio-henrique",98569,"Caio Henrique","266","mei",5.85,2.2875,2.2875,0.0949599344913213,8,2.8,1.775,0.5,1.5,1.75,1.75,0,0.125,1,0.25,0,0,0,"Provável",0.76,5.3
"jean-pyerre",98832,"Jean Pyerre","284","mei",10.33,5.7,5.7,2.01140581348232,5,7.225,-0.4,1.8,0.6,1.4,2.2,0.2,0,1.2,1.4,0.2,0,0,"Provável",2.59,12.2
"lourenco",99032,"Lourenço","314","ata",4.94,4.82,4.82,-0.362373741176985,5,4.6,5.15,1,1.4,2.4,3.4,0.2,0,2.4,0.4,0,0,0,"Provável",0.87,6.2
"michael",99392,"Michael","290","ata",6.33,3.65714285714286,3.65714285714286,0.283700816513162,7,4.375,2.7,2.28571428571429,1,0.857142857142857,2.28571428571429,0,1,0.857142857142857,0.857142857142857,0.142857142857143,0,0,"Provável",0.82,5.5
"fernando",99550,"Fernando","263","lat",4.23,3.38333333333333,0.883333333333333,-0.754374034606962,6,3.26666666666667,3.5,0.333333333333333,2.5,0.833333333333333,2,0.166666666666667,0,1,0,0,0,0,"Provável",0.52,4.7
"robinho",99574,"Robinho","341","ata",1.96,-0.0666666666666667,-0.0666666666666667,-0.0429660946784853,3,0.3,-0.25,0.333333333333333,0.666666666666667,0.333333333333333,1.66666666666667,0,0,0,0.333333333333333,0,0,0,"Contundido",-0.14,0.3
"brenner",99789,"Brenner","266","ata",2.49,2.5,2.5,-0.202669917927735,2,2.5,2.5,0.5,0,1,0.5,0,0,1.5,0.5,0,0,0,"Dúvida",0.17,2.5
"ricardo",99881,"Ricardo","267","zag",7.4,3.0875,3.0875,0.588589933625366,8,4.45,1.725,0.5,0.875,1.875,2.375,0,0,0.625,0.375,0.125,0,0,"Provável",0.1,2.9
"chara",99891,"Chará","282","ata",11.04,5.15,5.15,0.813627139112945,8,6.9,3.4,1.375,0.5,1.125,3,0,0.25,1.125,0.625,0.375,0,0,"Provável",-1.98,-0.5
"luan-pereira",99900,"Luan Pereira","314","mei",2.6,1.23333333333333,1.23333333333333,-0.863263005004177,6,0.475,2.75,0.5,1.33333333333333,0.833333333333333,1.33333333333333,0.166666666666667,0,1,0.333333333333333,0,0,0,"Suspenso",-0.66,-1.3
"lucas-campos",99903,"Lucas Campos","263","ata",0.75,0,0,0,1,0,0,1,2,0,1,0,0,1,1,0,0,0,"Nulo",-0.25,0
"patrick",99918,"Patrick","284","mei",1.5,2.4,2.4,0,1,2.4,0,1,0,1,1,0,0,0,0,0,0,0,"Nulo",0.75,2.4
"rickson",100002,"Rickson","263","mei",1.9,1.45,1.45,0,2,0,1.45,0,0,1,1,0,0,0.5,0,0,0,0,"Nulo",0.08,1.7
"igor-gomes",100084,"Igor Gomes","276","mei",1.35,0.4,0.4,0.378071257524082,4,1.4,-0.6,0.25,0.75,0.5,1.75,0,0,1.25,0,0,0,0,"Nulo",0.17,1.9
"nonato",100987,"Nonato","285","mei",8.54,5.75714285714286,5.75714285714286,1.06286189357768,7,7.625,3.26666666666667,0.857142857142857,2,2.14285714285714,1.28571428571429,0.142857142857143,0,0.714285714285714,0.285714285714286,0.285714285714286,0,0,"Provável",-0.07,2.9
"sarrafiore",101315,"Sarrafiore","285","mei",3.49,1.21428571428571,1.21428571428571,0.871701256658127,7,2.8,-0.9,0.857142857142857,1,0.285714285714286,1.57142857142857,0,0,0.285714285714286,0.428571428571429,0.142857142857143,0,0,"Nulo",-0.27,0.7
"thonny-anderson",101484,"Thonny Anderson","293","mei",2.57,0.2,0.2,-0.594670211357712,3,-0.7,0.65,0.666666666666667,1.66666666666667,0.666666666666667,2.66666666666667,0,0.666666666666667,1,0.333333333333333,0,0,0,"Provável",-0.92,-1.6
"ricardo",101491,"Ricardo","314","zag",4.15,2.32,0.32,-0.120398251405394,5,3.76666666666667,0.15,0.4,1.4,1.2,2.6,0,0.4,0.2,0.2,0,0,0,"Provável",0.16,2.1
"felipe-jonatan",101708,"Felipe Jonatan","277","lat",7.84,2.975,1.725,-1.0641026615146,4,-0.5,4.13333333333333,0.75,0.5,0.25,3,0,0,0,0.25,0.25,0,0,"Nulo",-0.78,-0.5
"alerrandro",101715,"Alerrandro","282","ata",6.66,7.2,7.2,-1.77067109164764,3,5.4,10.8,2,0.333333333333333,0.333333333333333,0.666666666666667,0.333333333333333,0.333333333333333,1.66666666666667,1.33333333333333,0.333333333333333,0,0,"Dúvida",0.88,10.8
"marrony",101717,"Marrony","267","ata",12.66,4.45714285714286,4.45714285714286,-0.689040652368632,7,3.5,5.175,1.71428571428571,1.28571428571429,1.71428571428571,2.42857142857143,0.142857142857143,0.285714285714286,2.28571428571429,1.28571428571429,0,0,0,"Provável",-0.22,3.6
"toro",101885,"Toró","276","ata",3.92,1.52857142857143,1.52857142857143,-0.5777319270737,7,0.975,2.26666666666667,1.14285714285714,2,0.714285714285714,2,0,0,1.71428571428571,0.714285714285714,0.142857142857143,0,0,"Provável",-1.41,-3.9
"jairinho",102139,"Jairinho","267","ata",2.76,1.73333333333333,1.73333333333333,0,3,1.73333333333333,0,0.666666666666667,0.333333333333333,0.666666666666667,0.333333333333333,0,0,0.666666666666667,0.333333333333333,0,0,0,"Nulo",-0.09,1.5
"lucas-halter",102253,"Lucas Halter","293","zag",2.64,1.85,0.6,-0.609188740744007,4,2.4,1.3,0.75,1.25,0.75,0.75,0,0,0,0.5,0,0,0,"Nulo",-1.04,-0.6
"caio-paulista",102318,"Caio Paulista","314","ata",3.08,3.125,3.125,0.450663904455559,4,4.25,2,1.25,1.5,1.75,2.25,0,0,1.25,0.5,0,0,0,"Provável",0.3,2.9
"nathan",102607,"Nathan","356","zag",3.26,2.36666666666667,2.36666666666667,-0.710818446448075,3,1.2,2.95,0,0.333333333333333,1.66666666666667,1,0,0,0.666666666666667,0,0,0,0,"Provável",0.64,4.2
"luan",102909,"Luan","276","mei",2.88,-0.2,-0.2,0.755553021567763,3,0.9,-2.4,0.333333333333333,1.33333333333333,1,2.66666666666667,0,0,0,0.333333333333333,0,0,0,"Provável",-1.07,-2.4
"ramires",103295,"Ramires","265","mei",11.05,2.7625,2.7625,0.937034638896457,8,4.725,0.8,0.75,0.25,1,0.625,0.125,0.125,0.625,0.5,0,0,0,"Provável",-0.73,-0.3
"marcos-paulo",103645,"Marcos Paulo","266","ata",3.29,4.4,4.4,1.2782200794744,3,6.1,1,1,0.333333333333333,0,0.666666666666667,0.666666666666667,0,1,0.666666666666667,0,0,0,"Dúvida",0.2,2.2
"bruno-mendez",103700,"Bruno Méndez","264","zag",5.66,5.1,0.1,0,1,0,5.1,0,1,1,3,0,0,0,0,0,0,0,"Provável",-0.34,5.1
"joao-pedro",104026,"João Pedro","266","ata",5.09,7.85,7.85,0.726515962795172,4,9.45,6.25,2.25,1,0.5,1.25,0,0,1.5,0.5,0.75,0,0,"Provável",0.07,2.9
"gerson",104089,"Gerson","341","zag",4.75,2.225,0.35,-0.289781094245508,8,2.7,1.75,0.125,0.75,0.75,1.25,0,0,0.125,0.125,0,0,0,"Provável",0.46,1.5
"rick",104459,"Rick","354","ata",1.83,0.933333333333333,0.933333333333333,-0.318818153018099,3,0.8,1.2,0.333333333333333,0,0.666666666666667,1.66666666666667,0,0,0.333333333333333,0.333333333333333,0,0,0,"Provável",-0.24,0.2
"tiago-reis",104678,"Tiago Reis","267","ata",5.5,3.5,3.5,1.67022037290438,3,7.8,1.35,1,1.66666666666667,0.333333333333333,0.333333333333333,0,0,0,0.333333333333333,0.333333333333333,0,0,"Provável",1.18,7.8
"brizuela",104819,"Brizuela","314","ata",6.71,2.975,2.975,-0.565633152585121,4,2.35,3.6,0.5,0.5,0.75,0.75,0,0.25,0.5,0.25,0.25,0,0,"Nulo",-0.62,2
