{"rodada_id": 28, "page": {"atual": "9", "total": "42"}, "atleta": [{"status": "D\u00favida", "foto": "http://s.glbimg.com/es/sde/f/2015/07/21/280c6167d30b8f31efa62c9931c7d14d_FORMATO.jpeg", "clube": {"mercado": 1, "slug": "fluminense", "abreviacao": "flu", "id": 266, "nome": "fluminense"}, "status_id": 2, "jogos": 6, "scout": [{"quantidade": 2, "nome": "FS"}, {"quantidade": 36, "nome": "PE"}, {"quantidade": 1, "nome": "I"}, {"quantidade": 1, "nome": "RB"}, {"quantidade": 6, "nome": "FC"}, {"quantidade": 1, "nome": "CA"}, {"quantidade": 3, "nome": "FF"}, {"quantidade": 4, "nome": "FD"}], "preco": "9.82", "partida_data": "26/09/2015", "variacao": "-0.79", "id": 36802, "media": "-1.25", "pontos": "-0.80", "apelido": "Ronaldinho Ga\u00facho", "posicao": {"abreviacao": "MEI", "id": 4, "nome": "Meia"}, "partida_clube_visitante": {"mercado": 1, "slug": "goias", "abreviacao": "goi", "id": 290, "nome": "goi\u00e1s"}, "partida_clube_casa": {"mercado": 1, "slug": "fluminense", "abreviacao": "flu", "id": 266, "nome": "fluminense"}}, {"status": "Nulo", "foto": "http://s.glbimg.com/es/sde/f/2012/07/10/b1a91c65d03e21568a4e3ebd67475eaa_FORMATO.jpeg", "clube": {"mercado": 1, "slug": "sport", "abreviacao": "spo", "id": 292, "nome": "sport"}, "status_id": 6, "jogos": 20, "scout": [{"quantidade": 26, "nome": "FS"}, {"quantidade": 22, "nome": "PE"}, {"quantidade": 1, "nome": "G"}, {"quantidade": 1, "nome": "I"}, {"quantidade": 35, "nome": "RB"}, {"quantidade": 29, "nome": "FC"}, {"quantidade": 3, "nome": "CA"}, {"quantidade": 10, "nome": "FF"}, {"quantidade": 2, "nome": "FD"}], "preco": "9.74", "partida_data": "27/09/2015", "variacao": "0.00", "id": 38021, "media": "3.10", "pontos": "0.00", "apelido": "Wendel", "posicao": {"abreviacao": "MEI", "id": 4, "nome": "Meia"}, "partida_clube_visitante": {"mercado": 1, "slug": "chapecoense", "abreviacao": "cha", "id": 315, "nome": "chapecoense"}, "partida_clube_casa": {"mercado": 1, "slug": "sport", "abreviacao": "spo", "id": 292, "nome": "sport"}}, {"status": "Prov\u00e1vel", "foto": "http://s.glbimg.com/es/sde/f/2011/08/10/edff25408c13d9f732756bec72ac6e89_FORMATO.jpeg", "clube": {"mercado": 1, "slug": "sport", "abreviacao": "spo", "id": 292, "nome": "sport"}, "status_id": 7, "jogos": 20, "scout": [{"quantidade": 32, "nome": "FS"}, {"quantidade": 56, "nome": "PE"}, {"quantidade": 4, "nome": "A"}, {"quantidade": 2, "nome": "FT"}, {"quantidade": 8, "nome": "G"}, {"quantidade": 17, "nome": "I"}, {"quantidade": 14, "nome": "RB"}, {"quantidade": 19, "nome": "FC"}, {"quantidade": 1, "nome": "CA"}, {"quantidade": 10, "nome": "FF"}, {"quantidade": 5, "nome": "FD"}], "preco": "9.68", "partida_data": "27/09/2015", "variacao": "-0.08", "id": 68690, "media": "5.31", "pontos": "5.60", "apelido": "Andr\u00e9", "posicao": {"abreviacao": "ATA", "id": 5, "nome": "Atacante"}, "partida_clube_visitante": {"mercado": 1, "slug": "chapecoense", "abreviacao": "cha", "id": 315, "nome": "chapecoense"}, "partida_clube_casa": {"mercado": 1, "slug": "sport", "abreviacao": "spo", "id": 292, "nome": "sport"}}, {"status": "Nulo", "foto": "http://s.glbimg.com/es/sde/f/2014/08/14/0130b9f2aaa9805f39353233c0a9bf46_FORMATO.jpeg", "clube": {"mercado": 1, "slug": "palmeiras", "abreviacao": "pal", "id": 275, "nome": "palmeiras"}, "status_id": 6, "jogos": 14, "scout": [{"quantidade": 13, "nome": "FS"}, {"quantidade": 13, "nome": "PE"}, {"quantidade": 2, "nome": "FT"}, {"quantidade": 5, "nome": "G"}, {"quantidade": 5, "nome": "I"}, {"quantidade": 13, "nome": "FC"}, {"quantidade": 4, "nome": "FF"}, {"quantidade": 4, "nome": "FD"}], "preco": "9.65", "partida_data": "27/09/2015", "variacao": "0.00", "id": 87420, "media": "3.39", "pontos": "0.00", "apelido": "Cristaldo", "posicao": {"abreviacao": "ATA", "id": 5, "nome": "Atacante"}, "partida_clube_visitante": {"mercado": 1, "slug": "palmeiras", "abreviacao": "pal", "id": 275, "nome": "palmeiras"}, "partida_clube_casa": {"mercado": 1, "slug": "sao-paulo", "abreviacao": "sao", "id": 276, "nome": "s\u00e3o paulo"}}, {"status": "Nulo", "foto": "http://s.glbimg.com/es/sde/f/2015/01/21/819ced569ef15579e7a1b09f2439fbd7_FORMATO.jpeg", "clube": {"mercado": 1, "slug": "sao-paulo", "abreviacao": "sao", "id": 276, "nome": "s\u00e3o paulo"}, "status_id": 6, "jogos": 18, "scout": [{"quantidade": 27, "nome": "FS"}, {"quantidade": 35, "nome": "PE"}, {"quantidade": 1, "nome": "A"}, {"quantidade": 2, "nome": "G"}, {"quantidade": 9, "nome": "I"}, {"quantidade": 7, "nome": "RB"}, {"quantidade": 10, "nome": "FC"}, {"quantidade": 8, "nome": "FF"}, {"quantidade": 9, "nome": "FD"}], "preco": "9.65", "partida_data": "27/09/2015", "variacao": "0.00", "id": 88269, "media": "2.28", "pontos": "0.00", "apelido": "Centuri\u00f3n", "posicao": {"abreviacao": "ATA", "id": 5, "nome": "Atacante"}, "partida_clube_visitante": {"mercado": 1, "slug": "palmeiras", "abreviacao": "pal", "id": 275, "nome": "palmeiras"}, "partida_clube_casa": {"mercado": 1, "slug": "sao-paulo", "abreviacao": "sao", "id": 276, "nome": "s\u00e3o paulo"}}, {"status": "Nulo", "foto": "http://s.glbimg.com/es/sde/f/2015/07/22/e706772001d5adec006e3af2eda88736_FORMATO.jpeg", "clube": {"mercado": 1, "slug": "goias", "abreviacao": "goi", "id": 290, "nome": "goi\u00e1s"}, "status_id": 6, "jogos": 11, "scout": [{"quantidade": 6, "nome": "SG"}, {"quantidade": 4, "nome": "FS"}, {"quantidade": 6, "nome": "PE"}, {"quantidade": 1, "nome": "I"}, {"quantidade": 11, "nome": "RB"}, {"quantidade": 19, "nome": "FC"}, {"quantidade": 4, "nome": "CA"}, {"quantidade": 2, "nome": "FF"}], "preco": "9.64", "partida_data": "26/09/2015", "variacao": "1.48", "id": 80036, "media": "2.93", "pontos": "8.40", "apelido": "Alex Alves", "posicao": {"abreviacao": "ZAG", "id": 3, "nome": "Zagueiro"}, "partida_clube_visitante": {"mercado": 1, "slug": "goias", "abreviacao": "goi", "id": 290, "nome": "goi\u00e1s"}, "partida_clube_casa": {"mercado": 1, "slug": "fluminense", "abreviacao": "flu", "id": 266, "nome": "fluminense"}}, {"status": "Prov\u00e1vel", "foto": "http://s.glbimg.com/es/sde/f/2013/05/07/4e2b8998e791409aa7c75b5e430c7a37_FORMATO.jpeg", "clube": {"mercado": 1, "slug": "flamengo", "abreviacao": "fla", "id": 262, "nome": "flamengo"}, "status_id": 7, "jogos": 19, "scout": [{"quantidade": 11, "nome": "FS"}, {"quantidade": 41, "nome": "PE"}, {"quantidade": 3, "nome": "G"}, {"quantidade": 2, "nome": "I"}, {"quantidade": 5, "nome": "RB"}, {"quantidade": 9, "nome": "FC"}, {"quantidade": 2, "nome": "CA"}, {"quantidade": 9, "nome": "FF"}, {"quantidade": 8, "nome": "FD"}], "preco": "9.63", "partida_data": "27/09/2015", "variacao": "1.99", "id": 78578, "media": "1.61", "pontos": "10.90", "apelido": "Paulinho", "posicao": {"abreviacao": "ATA", "id": 5, "nome": "Atacante"}, "partida_clube_visitante": {"mercado": 1, "slug": "vasco", "abreviacao": "vas", "id": 267, "nome": "vasco"}, "partida_clube_casa": {"mercado": 1, "slug": "flamengo", "abreviacao": "fla", "id": 262, "nome": "flamengo"}}, {"status": "Prov\u00e1vel", "foto": "http://s.glbimg.com/es/sde/f/2014/06/17/cf232b76f11f571a1ed4a2bd95114e7f_FORMATO.jpeg", "clube": {"mercado": 1, "slug": "ponte-preta", "abreviacao": "pon", "id": 303, "nome": "ponte preta"}, "status_id": 7, "jogos": 19, "scout": [], "preco": "9.58", "partida_data": "27/09/2015", "variacao": "-0.13", "id": 79343, "media": "2.97", "pontos": "1.92", "apelido": "Doriva", "posicao": {"abreviacao": "TEC", "id": 6, "nome": "T\u00e9cnico"}, "partida_clube_visitante": {"mercado": 1, "slug": "ponte-preta", "abreviacao": "pon", "id": 303, "nome": "ponte preta"}, "partida_clube_casa": {"mercado": 1, "slug": "atletico-pr", "abreviacao": "atl", "id": 293, "nome": "atl\u00e9tico-pr"}}, {"status": "Prov\u00e1vel", "foto": "http://s.glbimg.com/es/sde/f/2011/10/06/942984fb95297a6ad232e7be8fbb9a25_FORMATO.jpeg", "clube": {"mercado": 1, "slug": "coritiba", "abreviacao": "cor", "id": 294, "nome": "coritiba"}, "status_id": 7, "jogos": 21, "scout": [], "preco": "9.54", "partida_data": "27/09/2015", "variacao": "0.40", "id": 37246, "media": "3.60", "pontos": "5.92", "apelido": "Ney Franco", "posicao": {"abreviacao": "TEC", "id": 6, "nome": "T\u00e9cnico"}, "partida_clube_visitante": {"mercado": 1, "slug": "coritiba", "abreviacao": "cor", "id": 294, "nome": "coritiba"}, "partida_clube_casa": {"mercado": 1, "slug": "cruzeiro", "abreviacao": "cru", "id": 283, "nome": "cruzeiro"}}, {"status": "Nulo", "foto": null, "clube": {"mercado": 1, "slug": "vasco", "abreviacao": "vas", "id": 267, "nome": "vasco"}, "status_id": 6, "jogos": 10, "scout": [{"quantidade": 19, "nome": "FS"}, {"quantidade": 13, "nome": "PE"}, {"quantidade": 3, "nome": "A"}, {"quantidade": 1, "nome": "G"}, {"quantidade": 14, "nome": "RB"}, {"quantidade": 7, "nome": "FC"}, {"quantidade": 1, "nome": "CA"}, {"quantidade": 1, "nome": "FD"}], "preco": "9.54", "partida_data": "27/09/2015", "variacao": "1.75", "id": 38768, "media": "4.78", "pontos": "14.80", "apelido": "Andrezinho", "posicao": {"abreviacao": "MEI", "id": 4, "nome": "Meia"}, "partida_clube_visitante": {"mercado": 1, "slug": "vasco", "abreviacao": "vas", "id": 267, "nome": "vasco"}, "partida_clube_casa": {"mercado": 1, "slug": "flamengo", "abreviacao": "fla", "id": 262, "nome": "flamengo"}}, {"status": "Prov\u00e1vel", "foto": "http://s.glbimg.com/es/sde/f/2011/08/10/e4edd132843071ef543818a82136e24d_FORMATO.jpeg", "clube": {"mercado": 1, "slug": "vasco", "abreviacao": "vas", "id": 267, "nome": "vasco"}, "status_id": 7, "jogos": 8, "scout": [], "preco": "9.54", "partida_data": "27/09/2015", "variacao": "0.59", "id": 70323, "media": "2.98", "pontos": "5.16", "apelido": "Jorginho", "posicao": {"abreviacao": "TEC", "id": 6, "nome": "T\u00e9cnico"}, "partida_clube_visitante": {"mercado": 1, "slug": "vasco", "abreviacao": "vas", "id": 267, "nome": "vasco"}, "partida_clube_casa": {"mercado": 1, "slug": "flamengo", "abreviacao": "fla", "id": 262, "nome": "flamengo"}}, {"status": "Prov\u00e1vel", "foto": "http://s.glbimg.com/es/sde/f/2015/07/22/036da9cfbda2ab5c7529f7af029fcc3c_FORMATO.jpeg", "clube": {"mercado": 1, "slug": "sao-paulo", "abreviacao": "sao", "id": 276, "nome": "s\u00e3o paulo"}, "status_id": 7, "jogos": 18, "scout": [{"quantidade": 19, "nome": "FS"}, {"quantidade": 45, "nome": "PE"}, {"quantidade": 1, "nome": "A"}, {"quantidade": 1, "nome": "G"}, {"quantidade": 2, "nome": "I"}, {"quantidade": 21, "nome": "RB"}, {"quantidade": 18, "nome": "FC"}, {"quantidade": 4, "nome": "CA"}, {"quantidade": 7, "nome": "FF"}, {"quantidade": 5, "nome": "FD"}], "preco": "9.53", "partida_data": "27/09/2015", "variacao": "-0.49", "id": 50421, "media": "2.03", "pontos": "0.50", "apelido": "Wesley", "posicao": {"abreviacao": "MEI", "id": 4, "nome": "Meia"}, "partida_clube_visitante": {"mercado": 1, "slug": "palmeiras", "abreviacao": "pal", "id": 275, "nome": "palmeiras"}, "partida_clube_casa": {"mercado": 1, "slug": "sao-paulo", "abreviacao": "sao", "id": 276, "nome": "s\u00e3o paulo"}}, {"status": "Prov\u00e1vel", "foto": "http://s.glbimg.com/es/sde/f/2015/01/15/038f0bb872b7b2a508b6f0808d6a1fdd_FORMATO.png", "clube": {"mercado": 1, "slug": "cruzeiro", "abreviacao": "cru", "id": 283, "nome": "cruzeiro"}, "status_id": 7, "jogos": 26, "scout": [{"quantidade": 6, "nome": "SG"}, {"quantidade": 19, "nome": "FS"}, {"quantidade": 60, "nome": "PE"}, {"quantidade": 1, "nome": "G"}, {"quantidade": 29, "nome": "RB"}, {"quantidade": 23, "nome": "FC"}, {"quantidade": 2, "nome": "CA"}, {"quantidade": 10, "nome": "FF"}, {"quantidade": 2, "nome": "FD"}], "preco": "9.49", "partida_data": "27/09/2015", "variacao": "0.63", "id": 69014, "media": "2.78", "pontos": "4.70", "apelido": "Manoel", "posicao": {"abreviacao": "ZAG", "id": 3, "nome": "Zagueiro"}, "partida_clube_visitante": {"mercado": 1, "slug": "coritiba", "abreviacao": "cor", "id": 294, "nome": "coritiba"}, "partida_clube_casa": {"mercado": 1, "slug": "cruzeiro", "abreviacao": "cru", "id": 283, "nome": "cruzeiro"}}, {"status": "Contundido", "foto": "http://s.glbimg.com/es/sde/f/2015/01/15/0833fffcd3802a00119263041a1c16ef_FORMATO.png", "clube": {"mercado": 1, "slug": "cruzeiro", "abreviacao": "cru", "id": 283, "nome": "cruzeiro"}, "status_id": 5, "jogos": 15, "scout": [{"quantidade": 5, "nome": "SG"}, {"quantidade": 3, "nome": "FS"}, {"quantidade": 38, "nome": "PE"}, {"quantidade": 1, "nome": "I"}, {"quantidade": 17, "nome": "RB"}, {"quantidade": 17, "nome": "FC"}, {"quantidade": 4, "nome": "CA"}, {"quantidade": 1, "nome": "FD"}], "preco": "9.48", "partida_data": "27/09/2015", "variacao": "0.00", "id": 81150, "media": "1.87", "pontos": "0.00", "apelido": "Mayke", "posicao": {"abreviacao": "LAT", "id": 2, "nome": "Lateral"}, "partida_clube_visitante": {"mercado": 1, "slug": "coritiba", "abreviacao": "cor", "id": 294, "nome": "coritiba"}, "partida_clube_casa": {"mercado": 1, "slug": "cruzeiro", "abreviacao": "cru", "id": 283, "nome": "cruzeiro"}}, {"status": "Prov\u00e1vel", "foto": "http://s.glbimg.com/es/sde/f/2010/11/17/cac3854b537f9e2fce6a261e2869f212_FORMATO.jpeg", "clube": {"mercado": 1, "slug": "goias", "abreviacao": "goi", "id": 290, "nome": "goi\u00e1s"}, "status_id": 7, "jogos": 7, "scout": [{"quantidade": 17, "nome": "FS"}, {"quantidade": 19, "nome": "PE"}, {"quantidade": 1, "nome": "FT"}, {"quantidade": 1, "nome": "G"}, {"quantidade": 4, "nome": "I"}, {"quantidade": 5, "nome": "RB"}, {"quantidade": 7, "nome": "FC"}, {"quantidade": 3, "nome": "CA"}, {"quantidade": 10, "nome": "FF"}, {"quantidade": 5, "nome": "FD"}], "preco": "9.43", "partida_data": "26/09/2015", "variacao": "0.95", "id": 38960, "media": "3.33", "pontos": "4.50", "apelido": "Z\u00e9 Eduardo", "posicao": {"abreviacao": "ATA", "id": 5, "nome": "Atacante"}, "partida_clube_visitante": {"mercado": 1, "slug": "goias", "abreviacao": "goi", "id": 290, "nome": "goi\u00e1s"}, "partida_clube_casa": {"mercado": 1, "slug": "fluminense", "abreviacao": "flu", "id": 266, "nome": "fluminense"}}, {"status": "Prov\u00e1vel", "foto": "http://s.glbimg.com/es/sde/f/2015/08/21/4282b3163791d950a43b07a1a8527ebc_FORMATO.jpeg", "clube": {"mercado": 1, "slug": "goias", "abreviacao": "goi", "id": 290, "nome": "goi\u00e1s"}, "status_id": 7, "jogos": 27, "scout": [{"quantidade": 15, "nome": "FS"}, {"quantidade": 53, "nome": "PE"}, {"quantidade": 1, "nome": "A"}, {"quantidade": 1, "nome": "G"}, {"quantidade": 63, "nome": "RB"}, {"quantidade": 43, "nome": "FC"}, {"quantidade": 1, "nome": "CA"}, {"quantidade": 6, "nome": "FF"}, {"quantidade": 5, "nome": "FD"}], "preco": "9.39", "partida_data": "26/09/2015", "variacao": "-0.64", "id": 86935, "media": "3.61", "pontos": "-1.50", "apelido": "Rodrigo", "posicao": {"abreviacao": "MEI", "id": 4, "nome": "Meia"}, "partida_clube_visitante": {"mercado": 1, "slug": "goias", "abreviacao": "goi", "id": 290, "nome": "goi\u00e1s"}, "partida_clube_casa": {"mercado": 1, "slug": "fluminense", "abreviacao": "flu", "id": 266, "nome": "fluminense"}}, {"status": "Prov\u00e1vel", "foto": "http://s.glbimg.com/es/sde/f/2011/09/21/73023ecad6834318792698e5cb28a4ce_FORMATO.jpeg", "clube": {"mercado": 1, "slug": "joinville", "abreviacao": "jec", "id": 317, "nome": "joinville"}, "status_id": 7, "jogos": 25, "scout": [{"quantidade": 7, "nome": "SG"}, {"quantidade": 11, "nome": "FS"}, {"quantidade": 35, "nome": "PE"}, {"quantidade": 1, "nome": "G"}, {"quantidade": 30, "nome": "RB"}, {"quantidade": 27, "nome": "FC"}, {"quantidade": 6, "nome": "CA"}, {"quantidade": 3, "nome": "FF"}, {"quantidade": 1, "nome": "FD"}], "preco": "9.39", "partida_data": "27/09/2015", "variacao": "-0.48", "id": 73528, "media": "2.66", "pontos": "0.70", "apelido": "Guti", "posicao": {"abreviacao": "ZAG", "id": 3, "nome": "Zagueiro"}, "partida_clube_visitante": {"mercado": 1, "slug": "atletico-mg", "abreviacao": "atl", "id": 282, "nome": "atl\u00e9tico-mg"}, "partida_clube_casa": {"mercado": 1, "slug": "joinville", "abreviacao": "jec", "id": 317, "nome": "joinville"}}, {"status": "Prov\u00e1vel", "foto": "http://s.glbimg.com/es/sde/f/2015/01/15/29b548438de60310b95834e8d4a4bd51_FORMATO.jpeg", "clube": {"mercado": 1, "slug": "corinthians", "abreviacao": "cor", "id": 264, "nome": "corinthians"}, "status_id": 7, "jogos": 16, "scout": [{"quantidade": 8, "nome": "SG"}, {"quantidade": 8, "nome": "FS"}, {"quantidade": 30, "nome": "PE"}, {"quantidade": 1, "nome": "A"}, {"quantidade": 1, "nome": "G"}, {"quantidade": 18, "nome": "RB"}, {"quantidade": 14, "nome": "FC"}, {"quantidade": 4, "nome": "CA"}, {"quantidade": 1, "nome": "CV"}, {"quantidade": 6, "nome": "FF"}, {"quantidade": 3, "nome": "FD"}], "preco": "9.34", "partida_data": "27/09/2015", "variacao": "0.31", "id": 73375, "media": "4.12", "pontos": "4.20", "apelido": "Felipe", "posicao": {"abreviacao": "ZAG", "id": 3, "nome": "Zagueiro"}, "partida_clube_visitante": {"mercado": 1, "slug": "corinthians", "abreviacao": "cor", "id": 264, "nome": "corinthians"}, "partida_clube_casa": {"mercado": 1, "slug": "figueirense", "abreviacao": "fig", "id": 316, "nome": "figueirense"}}, {"status": "Prov\u00e1vel", "foto": "http://s.glbimg.com/es/sde/f/2015/01/15/ea7018506f1a55cd547125cb7b7493a4_FORMATO.jpeg", "clube": {"mercado": 1, "slug": "internacional", "abreviacao": "int", "id": 285, "nome": "internacional"}, "status_id": 7, "jogos": 18, "scout": [{"quantidade": 9, "nome": "SG"}, {"quantidade": 6, "nome": "FS"}, {"quantidade": 20, "nome": "PE"}, {"quantidade": 1, "nome": "FT"}, {"quantidade": 2, "nome": "G"}, {"quantidade": 1, "nome": "I"}, {"quantidade": 8, "nome": "RB"}, {"quantidade": 10, "nome": "FC"}, {"quantidade": 1, "nome": "CA"}, {"quantidade": 3, "nome": "FF"}, {"quantidade": 2, "nome": "FD"}], "preco": "9.24", "partida_data": "27/09/2015", "variacao": "0.31", "id": 49651, "media": "3.98", "pontos": "-0.50", "apelido": "Ernando", "posicao": {"abreviacao": "ZAG", "id": 3, "nome": "Zagueiro"}, "partida_clube_visitante": {"mercado": 1, "slug": "internacional", "abreviacao": "int", "id": 285, "nome": "internacional"}, "partida_clube_casa": {"mercado": 1, "slug": "santos", "abreviacao": "san", "id": 277, "nome": "santos"}}, {"status": "Nulo", "foto": "http://s.glbimg.com/es/sde/f/2015/03/04/09c3c84e0722b116ac3bc05aab5550a9_FORMATO.png", "clube": {"mercado": 1, "slug": "ponte-preta", "abreviacao": "pon", "id": 303, "nome": "ponte preta"}, "status_id": 6, "jogos": 10, "scout": [{"quantidade": 4, "nome": "FS"}, {"quantidade": 30, "nome": "PE"}, {"quantidade": 1, "nome": "A"}, {"quantidade": 1, "nome": "FT"}, {"quantidade": 1, "nome": "G"}, {"quantidade": 1, "nome": "I"}, {"quantidade": 8, "nome": "RB"}, {"quantidade": 8, "nome": "FC"}, {"quantidade": 1, "nome": "CA"}, {"quantidade": 4, "nome": "FF"}, {"quantidade": 1, "nome": "FD"}], "preco": "9.23", "partida_data": "27/09/2015", "variacao": "0.00", "id": 71113, "media": "2.05", "pontos": "0.00", "apelido": "Felipe ", "posicao": {"abreviacao": "MEI", "id": 4, "nome": "Meia"}, "partida_clube_visitante": {"mercado": 1, "slug": "ponte-preta", "abreviacao": "pon", "id": 303, "nome": "ponte preta"}, "partida_clube_casa": {"mercado": 1, "slug": "atletico-pr", "abreviacao": "atl", "id": 293, "nome": "atl\u00e9tico-pr"}}]}