{"rodada_id": 38, "page": {"atual": "4", "total": "41"}, "atleta": [{"status": "Nulo", "foto": "http://s.glbimg.com/es/sde/f/2015/07/22/f38e9e52be074932dd2d2ab97fa01343_FORMATO.jpeg", "clube": {"mercado": 1, "slug": "gremio", "abreviacao": "gre", "id": 284, "nome": "gr\u00eamio"}, "status_id": 6, "jogos": 15, "scout": [{"quantidade": 21, "nome": "FS"}, {"quantidade": 25, "nome": "PE"}, {"quantidade": 3, "nome": "G"}, {"quantidade": 6, "nome": "I"}, {"quantidade": 7, "nome": "RB"}, {"quantidade": 18, "nome": "FC"}, {"quantidade": 3, "nome": "CA"}, {"quantidade": 4, "nome": "FF"}, {"quantidade": 2, "nome": "FD"}], "preco": "13.82", "partida_data": "06/12/2015", "variacao": "0.00", "id": 78012, "media": "1.71", "pontos": "0.00", "apelido": "Yuri Mamute", "posicao": {"abreviacao": "ATA", "id": 5, "nome": "Atacante"}, "partida_clube_visitante": {"mercado": 1, "slug": "gremio", "abreviacao": "gre", "id": 284, "nome": "gr\u00eamio"}, "partida_clube_casa": {"mercado": 1, "slug": "joinville", "abreviacao": "jec", "id": 317, "nome": "joinville"}}, {"status": "Prov\u00e1vel", "foto": "http://s.glbimg.com/es/sde/f/2015/10/27/0dfda89da2b015a900c132b200449dcd_FORMATO.png", "clube": {"mercado": 1, "slug": "santos", "abreviacao": "san", "id": 277, "nome": "santos"}, "status_id": 7, "jogos": 27, "scout": [{"quantidade": 10, "nome": "SG"}, {"quantidade": 10, "nome": "FS"}, {"quantidade": 78, "nome": "PE"}, {"quantidade": 5, "nome": "A"}, {"quantidade": 1, "nome": "G"}, {"quantidade": 1, "nome": "I"}, {"quantidade": 38, "nome": "RB"}, {"quantidade": 23, "nome": "FC"}, {"quantidade": 1, "nome": "CA"}, {"quantidade": 4, "nome": "FF"}, {"quantidade": 3, "nome": "FD"}], "preco": "13.81", "partida_data": "06/12/2015", "variacao": "0.00", "id": 70046, "media": "4.47", "pontos": "0.00", "apelido": "Victor Ferraz", "posicao": {"abreviacao": "LAT", "id": 2, "nome": "Lateral"}, "partida_clube_visitante": {"mercado": 1, "slug": "atletico-pr", "abreviacao": "atl", "id": 293, "nome": "atl\u00e9tico-pr"}, "partida_clube_casa": {"mercado": 1, "slug": "santos", "abreviacao": "san", "id": 277, "nome": "santos"}}, {"status": "Prov\u00e1vel", "foto": "http://s.glbimg.com/es/sde/f/2011/08/10/262ce37e4cce9e99302a33385da74127_FORMATO.jpeg", "clube": {"mercado": 1, "slug": "santos", "abreviacao": "san", "id": 277, "nome": "santos"}, "status_id": 7, "jogos": 25, "scout": [], "preco": "13.79", "partida_data": "06/12/2015", "variacao": "0.11", "id": 40990, "media": "4.24", "pontos": "0.45", "apelido": "Dorival J\u00fanior", "posicao": {"abreviacao": "TEC", "id": 6, "nome": "T\u00e9cnico"}, "partida_clube_visitante": {"mercado": 1, "slug": "atletico-pr", "abreviacao": "atl", "id": 293, "nome": "atl\u00e9tico-pr"}, "partida_clube_casa": {"mercado": 1, "slug": "santos", "abreviacao": "san", "id": 277, "nome": "santos"}}, {"status": "Prov\u00e1vel", "foto": null, "clube": {"mercado": 1, "slug": "atletico-mg", "abreviacao": "atl", "id": 282, "nome": "atl\u00e9tico-mg"}, "status_id": 7, "jogos": 1, "scout": [], "preco": "13.74", "partida_data": "06/12/2015", "variacao": "-1.48", "id": 93317, "media": "2.21", "pontos": "2.21", "apelido": "Diogo Giacomini", "posicao": {"abreviacao": "TEC", "id": 6, "nome": "T\u00e9cnico"}, "partida_clube_visitante": {"mercado": 1, "slug": "chapecoense", "abreviacao": "cha", "id": 315, "nome": "chapecoense"}, "partida_clube_casa": {"mercado": 1, "slug": "atletico-mg", "abreviacao": "atl", "id": 282, "nome": "atl\u00e9tico-mg"}}, {"status": "Nulo", "foto": "http://s.glbimg.com/es/sde/f/2015/01/15/4dd216e88c47ce4a7a7500c80b1d5fec_FORMATO.png", "clube": {"mercado": 1, "slug": "cruzeiro", "abreviacao": "cru", "id": 283, "nome": "cruzeiro"}, "status_id": 6, "jogos": 35, "scout": [{"quantidade": 11, "nome": "SG"}, {"quantidade": 6, "nome": "FS"}, {"quantidade": 13, "nome": "PE"}, {"quantidade": 3, "nome": "CA"}, {"quantidade": 46, "nome": "DD"}, {"quantidade": 32, "nome": "GS"}], "preco": "13.70", "partida_data": "06/12/2015", "variacao": "1.33", "id": 37656, "media": "3.50", "pontos": "6.00", "apelido": "F\u00e1bio", "posicao": {"abreviacao": "GOL", "id": 1, "nome": "Goleiro"}, "partida_clube_visitante": {"mercado": 1, "slug": "cruzeiro", "abreviacao": "cru", "id": 283, "nome": "cruzeiro"}, "partida_clube_casa": {"mercado": 1, "slug": "internacional", "abreviacao": "int", "id": 285, "nome": "internacional"}}, {"status": "Contundido", "foto": "http://s.glbimg.com/es/sde/f/2015/07/21/30700915d9987dd132693f51e85e2d07_FORMATO.jpeg", "clube": {"mercado": 1, "slug": "fluminense", "abreviacao": "flu", "id": 266, "nome": "fluminense"}, "status_id": 5, "jogos": 32, "scout": [{"quantidade": 13, "nome": "FS"}, {"quantidade": 114, "nome": "PE"}, {"quantidade": 4, "nome": "G"}, {"quantidade": 44, "nome": "RB"}, {"quantidade": 27, "nome": "FC"}, {"quantidade": 4, "nome": "CA"}, {"quantidade": 20, "nome": "FF"}, {"quantidade": 9, "nome": "FD"}], "preco": "13.70", "partida_data": "06/12/2015", "variacao": "0.00", "id": 62047, "media": "2.52", "pontos": "0.00", "apelido": "Jean", "posicao": {"abreviacao": "MEI", "id": 4, "nome": "Meia"}, "partida_clube_visitante": {"mercado": 1, "slug": "fluminense", "abreviacao": "flu", "id": 266, "nome": "fluminense"}, "partida_clube_casa": {"mercado": 1, "slug": "figueirense", "abreviacao": "fig", "id": 316, "nome": "figueirense"}}, {"status": "Prov\u00e1vel", "foto": "http://s.glbimg.com/es/sde/f/2015/10/28/8f91b5722a1c70daf2c91d706d3c347a_FORMATO.png", "clube": {"mercado": 1, "slug": "atletico-mg", "abreviacao": "atl", "id": 282, "nome": "atl\u00e9tico-mg"}, "status_id": 7, "jogos": 29, "scout": [{"quantidade": 10, "nome": "SG"}, {"quantidade": 31, "nome": "FS"}, {"quantidade": 71, "nome": "PE"}, {"quantidade": 1, "nome": "A"}, {"quantidade": 1, "nome": "FT"}, {"quantidade": 2, "nome": "G"}, {"quantidade": 5, "nome": "I"}, {"quantidade": 37, "nome": "RB"}, {"quantidade": 39, "nome": "FC"}, {"quantidade": 7, "nome": "CA"}, {"quantidade": 1, "nome": "CV"}, {"quantidade": 14, "nome": "FF"}, {"quantidade": 7, "nome": "FD"}], "preco": "13.66", "partida_data": "06/12/2015", "variacao": "0.81", "id": 68925, "media": "3.71", "pontos": "2.00", "apelido": "Leonardo Silva", "posicao": {"abreviacao": "ZAG", "id": 3, "nome": "Zagueiro"}, "partida_clube_visitante": {"mercado": 1, "slug": "chapecoense", "abreviacao": "cha", "id": 315, "nome": "chapecoense"}, "partida_clube_casa": {"mercado": 1, "slug": "atletico-mg", "abreviacao": "atl", "id": 282, "nome": "atl\u00e9tico-mg"}}, {"status": "Nulo", "foto": "http://s.glbimg.com/es/sde/f/2015/05/07/b2ad43cd7bb4c6e55f5ed6b16b8f2680_FORMATO.jpeg", "clube": {"mercado": 1, "slug": "ponte-preta", "abreviacao": "pon", "id": 303, "nome": "ponte preta"}, "status_id": 6, "jogos": 29, "scout": [{"quantidade": 71, "nome": "FS"}, {"quantidade": 118, "nome": "PE"}, {"quantidade": 5, "nome": "A"}, {"quantidade": 1, "nome": "FT"}, {"quantidade": 7, "nome": "G"}, {"quantidade": 4, "nome": "I"}, {"quantidade": 26, "nome": "RB"}, {"quantidade": 25, "nome": "FC"}, {"quantidade": 9, "nome": "CA"}, {"quantidade": 1, "nome": "CV"}, {"quantidade": 25, "nome": "FF"}, {"quantidade": 26, "nome": "FD"}], "preco": "13.60", "partida_data": "06/12/2015", "variacao": "0.00", "id": 80949, "media": "4.64", "pontos": "0.00", "apelido": "Biro Biro", "posicao": {"abreviacao": "ATA", "id": 5, "nome": "Atacante"}, "partida_clube_visitante": {"mercado": 1, "slug": "sport", "abreviacao": "spo", "id": 292, "nome": "sport"}, "partida_clube_casa": {"mercado": 1, "slug": "ponte-preta", "abreviacao": "pon", "id": 303, "nome": "ponte preta"}}, {"status": "Contundido", "foto": "http://s.glbimg.com/es/sde/f/2015/10/27/0c572c9abb6aad1d77a20c2bbd3b54ca_FORMATO.jpeg", "clube": {"mercado": 1, "slug": "palmeiras", "abreviacao": "pal", "id": 275, "nome": "palmeiras"}, "status_id": 5, "jogos": 16, "scout": [{"quantidade": 19, "nome": "FS"}, {"quantidade": 29, "nome": "PE"}, {"quantidade": 1, "nome": "A"}, {"quantidade": 1, "nome": "G"}, {"quantidade": 35, "nome": "RB"}, {"quantidade": 29, "nome": "FC"}, {"quantidade": 2, "nome": "CA"}, {"quantidade": 4, "nome": "FF"}, {"quantidade": 4, "nome": "FD"}], "preco": "13.59", "partida_data": "06/12/2015", "variacao": "0.00", "id": 78605, "media": "3.85", "pontos": "0.00", "apelido": "Gabriel", "posicao": {"abreviacao": "MEI", "id": 4, "nome": "Meia"}, "partida_clube_visitante": {"mercado": 1, "slug": "palmeiras", "abreviacao": "pal", "id": 275, "nome": "palmeiras"}, "partida_clube_casa": {"mercado": 1, "slug": "flamengo", "abreviacao": "fla", "id": 262, "nome": "flamengo"}}, {"status": "Nulo", "foto": "http://s.glbimg.com/es/sde/f/2015/10/28/9da2883645a1ea0c57c85426748a434c_FORMATO.png", "clube": {"mercado": 1, "slug": "vasco", "abreviacao": "vas", "id": 267, "nome": "vasco"}, "status_id": 6, "jogos": 21, "scout": [{"quantidade": 19, "nome": "FS"}, {"quantidade": 27, "nome": "PE"}, {"quantidade": 52, "nome": "RB"}, {"quantidade": 38, "nome": "FC"}, {"quantidade": 7, "nome": "CA"}, {"quantidade": 1, "nome": "CV"}, {"quantidade": 3, "nome": "FF"}], "preco": "13.44", "partida_data": "06/12/2015", "variacao": "-0.56", "id": 50533, "media": "2.58", "pontos": "0.00", "apelido": "Gui\u00f1azu", "posicao": {"abreviacao": "MEI", "id": 4, "nome": "Meia"}, "partida_clube_visitante": {"mercado": 1, "slug": "vasco", "abreviacao": "vas", "id": 267, "nome": "vasco"}, "partida_clube_casa": {"mercado": 1, "slug": "coritiba", "abreviacao": "cor", "id": 294, "nome": "coritiba"}}, {"status": "Prov\u00e1vel", "foto": "http://s.glbimg.com/es/sde/f/2015/03/23/651aa4b2e78db19ac0a073898ddb98b6_FORMATO.jpeg", "clube": {"mercado": 1, "slug": "goias", "abreviacao": "goi", "id": 290, "nome": "goi\u00e1s"}, "status_id": 7, "jogos": 25, "scout": [{"quantidade": 25, "nome": "FS"}, {"quantidade": 48, "nome": "PE"}, {"quantidade": 2, "nome": "A"}, {"quantidade": 2, "nome": "FT"}, {"quantidade": 10, "nome": "G"}, {"quantidade": 9, "nome": "I"}, {"quantidade": 17, "nome": "RB"}, {"quantidade": 12, "nome": "FC"}, {"quantidade": 4, "nome": "CA"}, {"quantidade": 8, "nome": "FF"}, {"quantidade": 8, "nome": "FD"}], "preco": "13.43", "partida_data": "06/12/2015", "variacao": "-1.01", "id": 84848, "media": "4.77", "pontos": "7.50", "apelido": "Erik", "posicao": {"abreviacao": "ATA", "id": 5, "nome": "Atacante"}, "partida_clube_visitante": {"mercado": 1, "slug": "sao-paulo", "abreviacao": "sao", "id": 276, "nome": "s\u00e3o paulo"}, "partida_clube_casa": {"mercado": 1, "slug": "goias", "abreviacao": "goi", "id": 290, "nome": "goi\u00e1s"}}, {"status": "Nulo", "foto": "http://s.glbimg.com/es/sde/f/2015/05/07/48930160ee2db3c9fe92054f4678a621_FORMATO.jpeg", "clube": {"mercado": 1, "slug": "corinthians", "abreviacao": "cor", "id": 264, "nome": "corinthians"}, "status_id": 6, "jogos": 14, "scout": [{"quantidade": 24, "nome": "FS"}, {"quantidade": 13, "nome": "PE"}, {"quantidade": 1, "nome": "G"}, {"quantidade": 2, "nome": "I"}, {"quantidade": 2, "nome": "RB"}, {"quantidade": 10, "nome": "FC"}, {"quantidade": 1, "nome": "CA"}, {"quantidade": 2, "nome": "FF"}, {"quantidade": 3, "nome": "FD"}], "preco": "13.38", "partida_data": "06/12/2015", "variacao": "0.00", "id": 73635, "media": "1.13", "pontos": "0.00", "apelido": "Rildo", "posicao": {"abreviacao": "ATA", "id": 5, "nome": "Atacante"}, "partida_clube_visitante": {"mercado": 1, "slug": "avai", "abreviacao": "ava", "id": 314, "nome": "ava\u00ed"}, "partida_clube_casa": {"mercado": 1, "slug": "corinthians", "abreviacao": "cor", "id": 264, "nome": "corinthians"}}, {"status": "Prov\u00e1vel", "foto": "http://s.glbimg.com/es/sde/f/2015/10/27/afef5c1bc563c6a88c111878bfe99fc0_FORMATO.png", "clube": {"mercado": 1, "slug": "sport", "abreviacao": "spo", "id": 292, "nome": "sport"}, "status_id": 7, "jogos": 34, "scout": [{"quantidade": 13, "nome": "SG"}, {"quantidade": 18, "nome": "FS"}, {"quantidade": 90, "nome": "PE"}, {"quantidade": 5, "nome": "I"}, {"quantidade": 32, "nome": "RB"}, {"quantidade": 5, "nome": "FC"}, {"quantidade": 1, "nome": "CA"}, {"quantidade": 4, "nome": "FF"}, {"quantidade": 4, "nome": "FD"}], "preco": "13.24", "partida_data": "06/12/2015", "variacao": "-0.07", "id": 38100, "media": "2.97", "pontos": "6.10", "apelido": "Durval", "posicao": {"abreviacao": "ZAG", "id": 3, "nome": "Zagueiro"}, "partida_clube_visitante": {"mercado": 1, "slug": "sport", "abreviacao": "spo", "id": 292, "nome": "sport"}, "partida_clube_casa": {"mercado": 1, "slug": "ponte-preta", "abreviacao": "pon", "id": 303, "nome": "ponte preta"}}, {"status": "Contundido", "foto": "http://s.glbimg.com/es/sde/f/2015/10/26/877e023cd642b83f988b7e67e4add479_FORMATO.png", "clube": {"mercado": 1, "slug": "atletico-pr", "abreviacao": "atl", "id": 293, "nome": "atl\u00e9tico-pr"}, "status_id": 5, "jogos": 26, "scout": [{"quantidade": 24, "nome": "FS"}, {"quantidade": 50, "nome": "PE"}, {"quantidade": 4, "nome": "A"}, {"quantidade": 4, "nome": "G"}, {"quantidade": 4, "nome": "I"}, {"quantidade": 17, "nome": "RB"}, {"quantidade": 12, "nome": "FC"}, {"quantidade": 4, "nome": "CA"}, {"quantidade": 2, "nome": "CV"}, {"quantidade": 13, "nome": "FF"}, {"quantidade": 21, "nome": "FD"}], "preco": "13.20", "partida_data": "06/12/2015", "variacao": "-0.33", "id": 83266, "media": "3.13", "pontos": "0.40", "apelido": "Marcos Guilherme ", "posicao": {"abreviacao": "MEI", "id": 4, "nome": "Meia"}, "partida_clube_visitante": {"mercado": 1, "slug": "atletico-pr", "abreviacao": "atl", "id": 293, "nome": "atl\u00e9tico-pr"}, "partida_clube_casa": {"mercado": 1, "slug": "santos", "abreviacao": "san", "id": 277, "nome": "santos"}}, {"status": "Contundido", "foto": "http://s.glbimg.com/es/sde/f/2015/10/30/46de6573bfc82ef22ad1d122fac8d59f_FORMATO.png", "clube": {"mercado": 1, "slug": "chapecoense", "abreviacao": "cha", "id": 315, "nome": "chapecoense"}, "status_id": 5, "jogos": 33, "scout": [{"quantidade": 12, "nome": "SG"}, {"quantidade": 6, "nome": "FS"}, {"quantidade": 21, "nome": "PE"}, {"quantidade": 3, "nome": "CA"}, {"quantidade": 40, "nome": "DD"}, {"quantidade": 1, "nome": "DP"}, {"quantidade": 36, "nome": "GS"}], "preco": "13.05", "partida_data": "06/12/2015", "variacao": "0.00", "id": 82768, "media": "3.19", "pontos": "0.00", "apelido": "Danilo", "posicao": {"abreviacao": "GOL", "id": 1, "nome": "Goleiro"}, "partida_clube_visitante": {"mercado": 1, "slug": "chapecoense", "abreviacao": "cha", "id": 315, "nome": "chapecoense"}, "partida_clube_casa": {"mercado": 1, "slug": "atletico-mg", "abreviacao": "atl", "id": 282, "nome": "atl\u00e9tico-mg"}}, {"status": "Prov\u00e1vel", "foto": "http://s.glbimg.com/es/sde/f/2015/10/28/d2b778a0e102138be4bd99a18e55f15b_FORMATO.png", "clube": {"mercado": 1, "slug": "vasco", "abreviacao": "vas", "id": 267, "nome": "vasco"}, "status_id": 7, "jogos": 23, "scout": [{"quantidade": 6, "nome": "SG"}, {"quantidade": 28, "nome": "FS"}, {"quantidade": 70, "nome": "PE"}, {"quantidade": 2, "nome": "I"}, {"quantidade": 30, "nome": "RB"}, {"quantidade": 27, "nome": "FC"}, {"quantidade": 8, "nome": "CA"}, {"quantidade": 2, "nome": "FF"}, {"quantidade": 2, "nome": "FD"}], "preco": "12.99", "partida_data": "06/12/2015", "variacao": "0.00", "id": 80692, "media": "2.04", "pontos": "0.00", "apelido": "Luan", "posicao": {"abreviacao": "ZAG", "id": 3, "nome": "Zagueiro"}, "partida_clube_visitante": {"mercado": 1, "slug": "vasco", "abreviacao": "vas", "id": 267, "nome": "vasco"}, "partida_clube_casa": {"mercado": 1, "slug": "coritiba", "abreviacao": "cor", "id": 294, "nome": "coritiba"}}, {"status": "Contundido", "foto": "http://s.glbimg.com/es/sde/f/2015/10/27/44bbeefb5d8989eb4df33c7b53b8b5b8_FORMATO.jpeg", "clube": {"mercado": 1, "slug": "palmeiras", "abreviacao": "pal", "id": 275, "nome": "palmeiras"}, "status_id": 5, "jogos": 10, "scout": [{"quantidade": 9, "nome": "FS"}, {"quantidade": 26, "nome": "PE"}, {"quantidade": 1, "nome": "A"}, {"quantidade": 5, "nome": "RB"}, {"quantidade": 5, "nome": "FC"}, {"quantidade": 2, "nome": "FF"}, {"quantidade": 1, "nome": "FD"}], "preco": "12.92", "partida_data": "06/12/2015", "variacao": "0.00", "id": 38530, "media": "1.01", "pontos": "0.00", "apelido": "Cleiton Xavier", "posicao": {"abreviacao": "MEI", "id": 4, "nome": "Meia"}, "partida_clube_visitante": {"mercado": 1, "slug": "palmeiras", "abreviacao": "pal", "id": 275, "nome": "palmeiras"}, "partida_clube_casa": {"mercado": 1, "slug": "flamengo", "abreviacao": "fla", "id": 262, "nome": "flamengo"}}, {"status": "Prov\u00e1vel", "foto": "http://s.glbimg.com/es/sde/f/2015/10/27/33b678ca7a4a12d76b1f1569b79fef8e_FORMATO.png", "clube": {"mercado": 1, "slug": "sport", "abreviacao": "spo", "id": 292, "nome": "sport"}, "status_id": 7, "jogos": 34, "scout": [{"quantidade": 14, "nome": "SG"}, {"quantidade": 6, "nome": "FS"}, {"quantidade": 24, "nome": "PE"}, {"quantidade": 63, "nome": "DD"}, {"quantidade": 32, "nome": "GS"}], "preco": "12.74", "partida_data": "06/12/2015", "variacao": "-0.40", "id": 69051, "media": "5.63", "pontos": "4.90", "apelido": "Danilo Fernandes", "posicao": {"abreviacao": "GOL", "id": 1, "nome": "Goleiro"}, "partida_clube_visitante": {"mercado": 1, "slug": "sport", "abreviacao": "spo", "id": 292, "nome": "sport"}, "partida_clube_casa": {"mercado": 1, "slug": "ponte-preta", "abreviacao": "pon", "id": 303, "nome": "ponte preta"}}, {"status": "Prov\u00e1vel", "foto": "http://s.glbimg.com/es/sde/f/2011/10/21/ecebd1286f8b58eba987f1e3bb90371c_FORMATO.jpeg", "clube": {"mercado": 1, "slug": "sao-paulo", "abreviacao": "sao", "id": 276, "nome": "s\u00e3o paulo"}, "status_id": 7, "jogos": 8, "scout": [], "preco": "12.72", "partida_data": "06/12/2015", "variacao": "0.33", "id": 70163, "media": "4.29", "pontos": "4.44", "apelido": "Milton Cruz", "posicao": {"abreviacao": "TEC", "id": 6, "nome": "T\u00e9cnico"}, "partida_clube_visitante": {"mercado": 1, "slug": "sao-paulo", "abreviacao": "sao", "id": 276, "nome": "s\u00e3o paulo"}, "partida_clube_casa": {"mercado": 1, "slug": "goias", "abreviacao": "goi", "id": 290, "nome": "goi\u00e1s"}}, {"status": "Nulo", "foto": "http://s.glbimg.com/es/sde/f/2015/10/27/b5c99420b216a84478f0ad0aa418ceaf_FORMATO.png", "clube": {"mercado": 1, "slug": "sport", "abreviacao": "spo", "id": 292, "nome": "sport"}, "status_id": 6, "jogos": 14, "scout": [{"quantidade": 35, "nome": "FS"}, {"quantidade": 10, "nome": "PE"}, {"quantidade": 2, "nome": "FT"}, {"quantidade": 2, "nome": "G"}, {"quantidade": 3, "nome": "I"}, {"quantidade": 4, "nome": "RB"}, {"quantidade": 7, "nome": "FC"}, {"quantidade": 2, "nome": "CA"}, {"quantidade": 5, "nome": "FF"}, {"quantidade": 3, "nome": "FD"}], "preco": "12.62", "partida_data": "06/12/2015", "variacao": "0.00", "id": 72386, "media": "2.99", "pontos": "0.00", "apelido": "Hernane", "posicao": {"abreviacao": "ATA", "id": 5, "nome": "Atacante"}, "partida_clube_visitante": {"mercado": 1, "slug": "sport", "abreviacao": "spo", "id": 292, "nome": "sport"}, "partida_clube_casa": {"mercado": 1, "slug": "ponte-preta", "abreviacao": "pon", "id": 303, "nome": "ponte preta"}}]}