{"rodada_id": 13, "page": {"atual": "2", "total": "41"}, "atleta": [{"status": "Contundido", "foto": "http://s.glbimg.com/es/sde/f/2015/01/09/15e3f0ac07b5afade8a57f5b260a98c6_FORMATO.jpeg", "clube": {"mercado": 1, "slug": "palmeiras", "abreviacao": "pal", "id": 275, "nome": "palmeiras"}, "status_id": 5, "jogos": 12, "scout": [{"quantidade": 6, "nome": "SG"}, {"quantidade": 7, "nome": "FS"}, {"quantidade": 19, "nome": "PE"}, {"quantidade": 1, "nome": "FT"}, {"quantidade": 2, "nome": "G"}, {"quantidade": 17, "nome": "RB"}, {"quantidade": 14, "nome": "FC"}, {"quantidade": 5, "nome": "FF"}, {"quantidade": 3, "nome": "FD"}], "preco": "19.58", "partida_data": "12/07/2015", "variacao": "-0.06", "id": 72605, "media": "6.31", "pontos": "6.10", "apelido": "Vitor Hugo", "posicao": {"abreviacao": "ZAG", "id": 3, "nome": "Zagueiro"}, "partida_clube_visitante": {"mercado": 1, "slug": "palmeiras", "abreviacao": "pal", "id": 275, "nome": "palmeiras"}, "partida_clube_casa": {"mercado": 1, "slug": "sport", "abreviacao": "spo", "id": 292, "nome": "sport"}}, {"status": "Contundido", "foto": "http://s.glbimg.com/es/sde/f/2011/09/21/c5049b3fef9b81045bde81183e994fe6_FORMATO.jpeg", "clube": {"mercado": 1, "slug": "sport", "abreviacao": "spo", "id": 292, "nome": "sport"}, "status_id": 5, "jogos": 4, "scout": [{"quantidade": 11, "nome": "FS"}, {"quantidade": 9, "nome": "PE"}, {"quantidade": 1, "nome": "G"}, {"quantidade": 5, "nome": "RB"}, {"quantidade": 3, "nome": "FD"}], "preco": "19.12", "partida_data": "12/07/2015", "variacao": "0.00", "id": 74140, "media": "5.57", "pontos": "0.00", "apelido": "\u00c9lber", "posicao": {"abreviacao": "MEI", "id": 4, "nome": "Meia"}, "partida_clube_visitante": {"mercado": 1, "slug": "palmeiras", "abreviacao": "pal", "id": 275, "nome": "palmeiras"}, "partida_clube_casa": {"mercado": 1, "slug": "sport", "abreviacao": "spo", "id": 292, "nome": "sport"}}, {"status": "Prov\u00e1vel", "foto": "http://s.glbimg.com/es/sde/f/2015/01/19/410656f70157606547aad852b5090adb_FORMATO.jpeg", "clube": {"mercado": 1, "slug": "palmeiras", "abreviacao": "pal", "id": 275, "nome": "palmeiras"}, "status_id": 7, "jogos": 11, "scout": [{"quantidade": 17, "nome": "FS"}, {"quantidade": 47, "nome": "PE"}, {"quantidade": 2, "nome": "A"}, {"quantidade": 5, "nome": "G"}, {"quantidade": 4, "nome": "I"}, {"quantidade": 7, "nome": "RB"}, {"quantidade": 11, "nome": "FC"}, {"quantidade": 8, "nome": "FF"}, {"quantidade": 7, "nome": "FD"}], "preco": "19.08", "partida_data": "12/07/2015", "variacao": "0.23", "id": 38957, "media": "5.58", "pontos": "8.50", "apelido": "Rafael Marques", "posicao": {"abreviacao": "ATA", "id": 5, "nome": "Atacante"}, "partida_clube_visitante": {"mercado": 1, "slug": "palmeiras", "abreviacao": "pal", "id": 275, "nome": "palmeiras"}, "partida_clube_casa": {"mercado": 1, "slug": "sport", "abreviacao": "spo", "id": 292, "nome": "sport"}}, {"status": "Nulo", "foto": "http://s.glbimg.com/es/sde/f/2014/06/07/d8823e4f6219769756eb6b65c4c77d60_FORMATO.jpeg", "clube": {"mercado": 1, "slug": "internacional", "abreviacao": "int", "id": 285, "nome": "internacional"}, "status_id": 6, "jogos": 0, "scout": [], "preco": "19.00", "partida_data": "12/07/2015", "variacao": "0.00", "id": 69325, "media": "0.00", "pontos": "0.00", "apelido": "Ar\u00e1nguiz", "posicao": {"abreviacao": "MEI", "id": 4, "nome": "Meia"}, "partida_clube_visitante": {"mercado": 1, "slug": "internacional", "abreviacao": "int", "id": 285, "nome": "internacional"}, "partida_clube_casa": {"mercado": 1, "slug": "joinville", "abreviacao": "jec", "id": 317, "nome": "joinville"}}, {"status": "Prov\u00e1vel", "foto": "http://s.glbimg.com/es/sde/f/2010/11/18/16fe6f634b3b59a32a8242581b1fcb33_FORMATO.jpeg", "clube": {"mercado": 1, "slug": "goias", "abreviacao": "goi", "id": 290, "nome": "goi\u00e1s"}, "status_id": 7, "jogos": 12, "scout": [{"quantidade": 5, "nome": "SG"}, {"quantidade": 2, "nome": "FS"}, {"quantidade": 7, "nome": "PE"}, {"quantidade": 16, "nome": "DD"}, {"quantidade": 11, "nome": "GS"}], "preco": "18.92", "partida_data": "12/07/2015", "variacao": "-2.22", "id": 37899, "media": "4.16", "pontos": "-2.60", "apelido": "Renan", "posicao": {"abreviacao": "GOL", "id": 1, "nome": "Goleiro"}, "partida_clube_visitante": {"mercado": 1, "slug": "goias", "abreviacao": "goi", "id": 290, "nome": "goi\u00e1s"}, "partida_clube_casa": {"mercado": 1, "slug": "cruzeiro", "abreviacao": "cru", "id": 283, "nome": "cruzeiro"}}, {"status": "Prov\u00e1vel", "foto": "http://s.glbimg.com/es/sde/f/2010/11/18/d4c557ca26c062f0b9991a8d8e4067fa_FORMATO.jpeg", "clube": {"mercado": 1, "slug": "vasco", "abreviacao": "vas", "id": 267, "nome": "vasco"}, "status_id": 7, "jogos": 11, "scout": [{"quantidade": 4, "nome": "SG"}, {"quantidade": 8, "nome": "FS"}, {"quantidade": 43, "nome": "PE"}, {"quantidade": 1, "nome": "G"}, {"quantidade": 20, "nome": "RB"}, {"quantidade": 9, "nome": "FC"}, {"quantidade": 4, "nome": "CA"}, {"quantidade": 4, "nome": "FF"}, {"quantidade": 8, "nome": "FD"}], "preco": "18.88", "partida_data": "11/07/2015", "variacao": "-1.82", "id": 37644, "media": "4.67", "pontos": "-0.50", "apelido": "Rodrigo", "posicao": {"abreviacao": "ZAG", "id": 3, "nome": "Zagueiro"}, "partida_clube_visitante": {"mercado": 1, "slug": "vasco", "abreviacao": "vas", "id": 267, "nome": "vasco"}, "partida_clube_casa": {"mercado": 1, "slug": "gremio", "abreviacao": "gre", "id": 284, "nome": "gr\u00eamio"}}, {"status": "Prov\u00e1vel", "foto": "http://s.glbimg.com/es/sde/f/2010/11/16/5d3ca64c07f6e666141bef18cf89e399_FORMATO.jpeg", "clube": {"mercado": 1, "slug": "santos", "abreviacao": "san", "id": 277, "nome": "santos"}, "status_id": 7, "jogos": 11, "scout": [{"quantidade": 5, "nome": "FS"}, {"quantidade": 15, "nome": "PE"}, {"quantidade": 1, "nome": "FT"}, {"quantidade": 7, "nome": "G"}, {"quantidade": 10, "nome": "I"}, {"quantidade": 2, "nome": "RB"}, {"quantidade": 15, "nome": "FC"}, {"quantidade": 2, "nome": "CA"}, {"quantidade": 1, "nome": "PP"}, {"quantidade": 11, "nome": "FF"}, {"quantidade": 6, "nome": "FD"}], "preco": "18.70", "partida_data": "11/07/2015", "variacao": "0.19", "id": 38910, "media": "4.96", "pontos": "9.20", "apelido": "Ricardo Oliveira", "posicao": {"abreviacao": "ATA", "id": 5, "nome": "Atacante"}, "partida_clube_visitante": {"mercado": 1, "slug": "figueirense", "abreviacao": "fig", "id": 316, "nome": "figueirense"}, "partida_clube_casa": {"mercado": 1, "slug": "santos", "abreviacao": "san", "id": 277, "nome": "santos"}}, {"status": "Contundido", "foto": "http://s.glbimg.com/es/sde/f/2015/01/19/25813dcc14631620e65e945126baab6a_FORMATO.jpeg", "clube": {"mercado": 1, "slug": "atletico-mg", "abreviacao": "atl", "id": 282, "nome": "atl\u00e9tico-mg"}, "status_id": 5, "jogos": 6, "scout": [{"quantidade": 5, "nome": "FS"}, {"quantidade": 18, "nome": "PE"}, {"quantidade": 2, "nome": "FT"}, {"quantidade": 2, "nome": "G"}, {"quantidade": 1, "nome": "I"}, {"quantidade": 4, "nome": "RB"}, {"quantidade": 9, "nome": "FC"}, {"quantidade": 3, "nome": "FF"}, {"quantidade": 3, "nome": "FD"}], "preco": "18.60", "partida_data": "11/07/2015", "variacao": "0.00", "id": 69240, "media": "4.50", "pontos": "0.00", "apelido": "D\u00e1tolo", "posicao": {"abreviacao": "MEI", "id": 4, "nome": "Meia"}, "partida_clube_visitante": {"mercado": 1, "slug": "atletico-mg", "abreviacao": "atl", "id": 282, "nome": "atl\u00e9tico-mg"}, "partida_clube_casa": {"mercado": 1, "slug": "ponte-preta", "abreviacao": "pon", "id": 303, "nome": "ponte preta"}}, {"status": "Contundido", "foto": "http://s.glbimg.com/es/sde/f/2014/06/13/ec3f93a5aec5b13c4bbe950c2789da81_FORMATO.jpeg", "clube": {"mercado": 1, "slug": "vasco", "abreviacao": "vas", "id": 267, "nome": "vasco"}, "status_id": 5, "jogos": 4, "scout": [{"quantidade": 2, "nome": "SG"}, {"quantidade": 1, "nome": "FS"}, {"quantidade": 2, "nome": "PE"}, {"quantidade": 1, "nome": "CA"}, {"quantidade": 6, "nome": "DD"}, {"quantidade": 4, "nome": "GS"}], "preco": "18.51", "partida_data": "11/07/2015", "variacao": "0.00", "id": 69249, "media": "4.47", "pontos": "0.00", "apelido": "Mart\u00edn Silva", "posicao": {"abreviacao": "GOL", "id": 1, "nome": "Goleiro"}, "partida_clube_visitante": {"mercado": 1, "slug": "vasco", "abreviacao": "vas", "id": 267, "nome": "vasco"}, "partida_clube_casa": {"mercado": 1, "slug": "gremio", "abreviacao": "gre", "id": 284, "nome": "gr\u00eamio"}}, {"status": "Nulo", "foto": "http://s.glbimg.com/es/sde/f/2014/05/03/22205334e7d83114cd3c22873050d672_FORMATO.jpeg", "clube": {"mercado": 1, "slug": "sao-paulo", "abreviacao": "sao", "id": 276, "nome": "s\u00e3o paulo"}, "status_id": 6, "jogos": 8, "scout": [{"quantidade": 7, "nome": "FS"}, {"quantidade": 16, "nome": "PE"}, {"quantidade": 2, "nome": "G"}, {"quantidade": 1, "nome": "I"}, {"quantidade": 19, "nome": "RB"}, {"quantidade": 17, "nome": "FC"}, {"quantidade": 1, "nome": "CA"}, {"quantidade": 5, "nome": "FF"}, {"quantidade": 1, "nome": "FD"}], "preco": "18.47", "partida_data": "12/07/2015", "variacao": "0.00", "id": 60803, "media": "5.07", "pontos": "0.00", "apelido": "Souza", "posicao": {"abreviacao": "MEI", "id": 4, "nome": "Meia"}, "partida_clube_visitante": {"mercado": 1, "slug": "coritiba", "abreviacao": "cor", "id": 294, "nome": "coritiba"}, "partida_clube_casa": {"mercado": 1, "slug": "sao-paulo", "abreviacao": "sao", "id": 276, "nome": "s\u00e3o paulo"}}, {"status": "Nulo", "foto": "http://s.glbimg.com/es/sde/f/2015/01/15/fce5a06c63b5695de40e61f3d190ab7a_FORMATO.jpeg", "clube": {"mercado": 1, "slug": "fluminense", "abreviacao": "flu", "id": 266, "nome": "fluminense"}, "status_id": 6, "jogos": 4, "scout": [{"quantidade": 3, "nome": "SG"}, {"quantidade": 1, "nome": "FS"}, {"quantidade": 1, "nome": "PE"}, {"quantidade": 1, "nome": "A"}, {"quantidade": 3, "nome": "RB"}, {"quantidade": 1, "nome": "FC"}], "preco": "18.16", "partida_data": "12/07/2015", "variacao": "0.02", "id": 80538, "media": "6.20", "pontos": "5.00", "apelido": "Marlon", "posicao": {"abreviacao": "ZAG", "id": 3, "nome": "Zagueiro"}, "partida_clube_visitante": {"mercado": 1, "slug": "fluminense", "abreviacao": "flu", "id": 266, "nome": "fluminense"}, "partida_clube_casa": {"mercado": 1, "slug": "atletico-pr", "abreviacao": "atl", "id": 293, "nome": "atl\u00e9tico-pr"}}, {"status": "D\u00favida", "foto": "http://s.glbimg.com/es/sde/f/2013/01/11/87155d33977496a4ca1f9a6bed4d5444_FORMATO.png", "clube": {"mercado": 1, "slug": "coritiba", "abreviacao": "cor", "id": 294, "nome": "coritiba"}, "status_id": 2, "jogos": 12, "scout": [{"quantidade": 9, "nome": "FS"}, {"quantidade": 17, "nome": "PE"}, {"quantidade": 1, "nome": "FT"}, {"quantidade": 2, "nome": "G"}, {"quantidade": 7, "nome": "I"}, {"quantidade": 4, "nome": "RB"}, {"quantidade": 10, "nome": "FC"}, {"quantidade": 5, "nome": "FF"}, {"quantidade": 7, "nome": "FD"}], "preco": "17.44", "partida_data": "12/07/2015", "variacao": "-1.46", "id": 82456, "media": "2.31", "pontos": "-0.90", "apelido": "Rafhael Lucas", "posicao": {"abreviacao": "ATA", "id": 5, "nome": "Atacante"}, "partida_clube_visitante": {"mercado": 1, "slug": "coritiba", "abreviacao": "cor", "id": 294, "nome": "coritiba"}, "partida_clube_casa": {"mercado": 1, "slug": "sao-paulo", "abreviacao": "sao", "id": 276, "nome": "s\u00e3o paulo"}}, {"status": "Prov\u00e1vel", "foto": "http://s.glbimg.com/es/sde/f/2013/04/18/cbb4385209577c55337e9789e2da2b35_FORMATO.jpeg", "clube": {"mercado": 1, "slug": "atletico-mg", "abreviacao": "atl", "id": 282, "nome": "atl\u00e9tico-mg"}, "status_id": 7, "jogos": 10, "scout": [{"quantidade": 4, "nome": "SG"}, {"quantidade": 3, "nome": "FS"}, {"quantidade": 14, "nome": "PE"}, {"quantidade": 2, "nome": "G"}, {"quantidade": 1, "nome": "I"}, {"quantidade": 13, "nome": "RB"}, {"quantidade": 11, "nome": "FC"}, {"quantidade": 1, "nome": "GC"}, {"quantidade": 1, "nome": "CA"}, {"quantidade": 4, "nome": "FF"}, {"quantidade": 2, "nome": "FD"}], "preco": "17.33", "partida_data": "11/07/2015", "variacao": "-0.34", "id": 84263, "media": "4.62", "pontos": "-0.30", "apelido": "Jemerson", "posicao": {"abreviacao": "ZAG", "id": 3, "nome": "Zagueiro"}, "partida_clube_visitante": {"mercado": 1, "slug": "atletico-mg", "abreviacao": "atl", "id": 282, "nome": "atl\u00e9tico-mg"}, "partida_clube_casa": {"mercado": 1, "slug": "ponte-preta", "abreviacao": "pon", "id": 303, "nome": "ponte preta"}}, {"status": "Prov\u00e1vel", "foto": "http://s.glbimg.com/es/sde/f/2013/04/12/c9bef087ad143b0f9c8b547729c3750f_FORMATO.jpeg", "clube": {"mercado": 1, "slug": "corinthians", "abreviacao": "cor", "id": 264, "nome": "corinthians"}, "status_id": 7, "jogos": 12, "scout": [], "preco": "16.97", "partida_data": "12/07/2015", "variacao": "0.55", "id": 45125, "media": "4.26", "pontos": "7.48", "apelido": "Tite", "posicao": {"abreviacao": "TEC", "id": 6, "nome": "T\u00e9cnico"}, "partida_clube_visitante": {"mercado": 1, "slug": "corinthians", "abreviacao": "cor", "id": 264, "nome": "corinthians"}, "partida_clube_casa": {"mercado": 1, "slug": "flamengo", "abreviacao": "fla", "id": 262, "nome": "flamengo"}}, {"status": "D\u00favida", "foto": "http://s.glbimg.com/es/sde/f/2015/01/15/019bbc188c2e2411511da2836f6e7674_FORMATO.png", "clube": {"mercado": 1, "slug": "cruzeiro", "abreviacao": "cru", "id": 283, "nome": "cruzeiro"}, "status_id": 2, "jogos": 10, "scout": [{"quantidade": 20, "nome": "FS"}, {"quantidade": 26, "nome": "PE"}, {"quantidade": 1, "nome": "A"}, {"quantidade": 6, "nome": "I"}, {"quantidade": 21, "nome": "RB"}, {"quantidade": 14, "nome": "FC"}, {"quantidade": 3, "nome": "CA"}, {"quantidade": 10, "nome": "FF"}, {"quantidade": 6, "nome": "FD"}], "preco": "16.89", "partida_data": "12/07/2015", "variacao": "0.21", "id": 42116, "media": "3.99", "pontos": "6.60", "apelido": "Willian", "posicao": {"abreviacao": "ATA", "id": 5, "nome": "Atacante"}, "partida_clube_visitante": {"mercado": 1, "slug": "goias", "abreviacao": "goi", "id": 290, "nome": "goi\u00e1s"}, "partida_clube_casa": {"mercado": 1, "slug": "cruzeiro", "abreviacao": "cru", "id": 283, "nome": "cruzeiro"}}, {"status": "Prov\u00e1vel", "foto": "http://s.glbimg.com/es/sde/f/2014/08/05/4b89de413969f63c756d7cbaad323d71_FORMATO.jpeg", "clube": {"mercado": 1, "slug": "fluminense", "abreviacao": "flu", "id": 266, "nome": "fluminense"}, "status_id": 7, "jogos": 10, "scout": [{"quantidade": 6, "nome": "SG"}, {"quantidade": 8, "nome": "FS"}, {"quantidade": 44, "nome": "PE"}, {"quantidade": 1, "nome": "G"}, {"quantidade": 18, "nome": "RB"}, {"quantidade": 11, "nome": "FC"}, {"quantidade": 1, "nome": "CA"}, {"quantidade": 4, "nome": "FF"}], "preco": "16.83", "partida_data": "12/07/2015", "variacao": "1.09", "id": 71892, "media": "5.47", "pontos": "11.20", "apelido": "Wellington Silva", "posicao": {"abreviacao": "LAT", "id": 2, "nome": "Lateral"}, "partida_clube_visitante": {"mercado": 1, "slug": "fluminense", "abreviacao": "flu", "id": 266, "nome": "fluminense"}, "partida_clube_casa": {"mercado": 1, "slug": "atletico-pr", "abreviacao": "atl", "id": 293, "nome": "atl\u00e9tico-pr"}}, {"status": "Prov\u00e1vel", "foto": "http://s.glbimg.com/es/sde/f/2015/01/15/ff30eb0c82418de630e9a03bebc7ce81_FORMATO.jpeg", "clube": {"mercado": 1, "slug": "gremio", "abreviacao": "gre", "id": 284, "nome": "gr\u00eamio"}, "status_id": 7, "jogos": 7, "scout": [{"quantidade": 2, "nome": "SG"}, {"quantidade": 3, "nome": "FS"}, {"quantidade": 8, "nome": "PE"}, {"quantidade": 2, "nome": "CA"}, {"quantidade": 8, "nome": "DD"}, {"quantidade": 8, "nome": "GS"}], "preco": "16.74", "partida_data": "11/07/2015", "variacao": "0.94", "id": 37770, "media": "1.87", "pontos": "4.70", "apelido": "Marcelo Grohe", "posicao": {"abreviacao": "GOL", "id": 1, "nome": "Goleiro"}, "partida_clube_visitante": {"mercado": 1, "slug": "vasco", "abreviacao": "vas", "id": 267, "nome": "vasco"}, "partida_clube_casa": {"mercado": 1, "slug": "gremio", "abreviacao": "gre", "id": 284, "nome": "gr\u00eamio"}}, {"status": "Prov\u00e1vel", "foto": "http://s.glbimg.com/es/sde/f/2015/01/15/7865c308c2ef9ed40ac8749a0b2b54b5_FORMATO.jpeg", "clube": {"mercado": 1, "slug": "fluminense", "abreviacao": "flu", "id": 266, "nome": "fluminense"}, "status_id": 7, "jogos": 12, "scout": [{"quantidade": 7, "nome": "SG"}, {"quantidade": 2, "nome": "FS"}, {"quantidade": 4, "nome": "PE"}, {"quantidade": 2, "nome": "CA"}, {"quantidade": 19, "nome": "DD"}, {"quantidade": 1, "nome": "DP"}, {"quantidade": 10, "nome": "GS"}], "preco": "16.47", "partida_data": "12/07/2015", "variacao": "0.12", "id": 38431, "media": "6.23", "pontos": "8.00", "apelido": "Diego Cavalieri", "posicao": {"abreviacao": "GOL", "id": 1, "nome": "Goleiro"}, "partida_clube_visitante": {"mercado": 1, "slug": "fluminense", "abreviacao": "flu", "id": 266, "nome": "fluminense"}, "partida_clube_casa": {"mercado": 1, "slug": "atletico-pr", "abreviacao": "atl", "id": 293, "nome": "atl\u00e9tico-pr"}}, {"status": "Prov\u00e1vel", "foto": "http://s.glbimg.com/es/sde/f/2015/01/11/01da4b0a95552b04135e7959acb9bb3f_FORMATO.jpeg", "clube": {"mercado": 1, "slug": "cruzeiro", "abreviacao": "cru", "id": 283, "nome": "cruzeiro"}, "status_id": 7, "jogos": 6, "scout": [{"quantidade": 10, "nome": "FS"}, {"quantidade": 17, "nome": "PE"}, {"quantidade": 1, "nome": "A"}, {"quantidade": 1, "nome": "G"}, {"quantidade": 5, "nome": "RB"}, {"quantidade": 2, "nome": "FC"}, {"quantidade": 4, "nome": "FF"}, {"quantidade": 3, "nome": "FD"}], "preco": "16.36", "partida_data": "12/07/2015", "variacao": "-2.68", "id": 87863, "media": "4.37", "pontos": "0.80", "apelido": "Arrascaeta", "posicao": {"abreviacao": "MEI", "id": 4, "nome": "Meia"}, "partida_clube_visitante": {"mercado": 1, "slug": "goias", "abreviacao": "goi", "id": 290, "nome": "goi\u00e1s"}, "partida_clube_casa": {"mercado": 1, "slug": "cruzeiro", "abreviacao": "cru", "id": 283, "nome": "cruzeiro"}}, {"status": "Nulo", "foto": "http://s.glbimg.com/es/sde/f/2012/01/14/113dbbc1988f3fde3d3bb9e89bea8de3_FORMATO.jpeg", "clube": {"mercado": 1, "slug": "atletico-mg", "abreviacao": "atl", "id": 282, "nome": "atl\u00e9tico-mg"}, "status_id": 6, "jogos": 8, "scout": [{"quantidade": 3, "nome": "SG"}, {"quantidade": 5, "nome": "FS"}, {"quantidade": 35, "nome": "PE"}, {"quantidade": 5, "nome": "A"}, {"quantidade": 1, "nome": "G"}, {"quantidade": 6, "nome": "I"}, {"quantidade": 13, "nome": "RB"}, {"quantidade": 8, "nome": "FC"}, {"quantidade": 1, "nome": "CA"}, {"quantidade": 1, "nome": "CV"}, {"quantidade": 5, "nome": "FF"}, {"quantidade": 3, "nome": "FD"}], "preco": "16.36", "partida_data": "11/07/2015", "variacao": "0.00", "id": 60969, "media": "6.83", "pontos": "0.00", "apelido": "Patric", "posicao": {"abreviacao": "LAT", "id": 2, "nome": "Lateral"}, "partida_clube_visitante": {"mercado": 1, "slug": "atletico-mg", "abreviacao": "atl", "id": 282, "nome": "atl\u00e9tico-mg"}, "partida_clube_casa": {"mercado": 1, "slug": "ponte-preta", "abreviacao": "pon", "id": 303, "nome": "ponte preta"}}]}