{"rodada_id": 13, "page": {"atual": "7", "total": "41"}, "atleta": [{"status": "Nulo", "foto": "http://s.glbimg.com/es/sde/f/2015/01/21/819ced569ef15579e7a1b09f2439fbd7_FORMATO.jpeg", "clube": {"mercado": 1, "slug": "sao-paulo", "abreviacao": "sao", "id": 276, "nome": "s\u00e3o paulo"}, "status_id": 6, "jogos": 8, "scout": [{"quantidade": 10, "nome": "FS"}, {"quantidade": 8, "nome": "PE"}, {"quantidade": 1, "nome": "A"}, {"quantidade": 1, "nome": "G"}, {"quantidade": 3, "nome": "I"}, {"quantidade": 2, "nome": "RB"}, {"quantidade": 2, "nome": "FC"}, {"quantidade": 3, "nome": "FF"}, {"quantidade": 3, "nome": "FD"}], "preco": "11.61", "partida_data": "12/07/2015", "variacao": "2.23", "id": 88269, "media": "2.70", "pontos": "10.80", "apelido": "Centuri\u00f3n", "posicao": {"abreviacao": "ATA", "id": 5, "nome": "Atacante"}, "partida_clube_visitante": {"mercado": 1, "slug": "coritiba", "abreviacao": "cor", "id": 294, "nome": "coritiba"}, "partida_clube_casa": {"mercado": 1, "slug": "sao-paulo", "abreviacao": "sao", "id": 276, "nome": "s\u00e3o paulo"}}, {"status": "Prov\u00e1vel", "foto": "http://s.glbimg.com/es/sde/f/2015/01/30/854f523778fdef6b6e39758a3c691083_FORMATO.png", "clube": {"mercado": 1, "slug": "ponte-preta", "abreviacao": "pon", "id": 303, "nome": "ponte preta"}, "status_id": 7, "jogos": 12, "scout": [{"quantidade": 21, "nome": "FS"}, {"quantidade": 20, "nome": "PE"}, {"quantidade": 1, "nome": "FT"}, {"quantidade": 2, "nome": "G"}, {"quantidade": 1, "nome": "I"}, {"quantidade": 4, "nome": "RB"}, {"quantidade": 8, "nome": "FC"}, {"quantidade": 2, "nome": "CA"}, {"quantidade": 6, "nome": "FF"}, {"quantidade": 4, "nome": "FD"}], "preco": "11.57", "partida_data": "11/07/2015", "variacao": "0.27", "id": 72204, "media": "2.53", "pontos": "2.10", "apelido": "Diego Oliveira", "posicao": {"abreviacao": "ATA", "id": 5, "nome": "Atacante"}, "partida_clube_visitante": {"mercado": 1, "slug": "atletico-mg", "abreviacao": "atl", "id": 282, "nome": "atl\u00e9tico-mg"}, "partida_clube_casa": {"mercado": 1, "slug": "ponte-preta", "abreviacao": "pon", "id": 303, "nome": "ponte preta"}}, {"status": "Nulo", "foto": "http://s.glbimg.com/es/sde/f/2015/04/30/86bb139b6de0d8720efba5af34e4a182_FORMATO.jpeg", "clube": {"mercado": 1, "slug": "internacional", "abreviacao": "int", "id": 285, "nome": "internacional"}, "status_id": 6, "jogos": 5, "scout": [{"quantidade": 9, "nome": "FS"}, {"quantidade": 10, "nome": "PE"}, {"quantidade": 1, "nome": "A"}, {"quantidade": 1, "nome": "FT"}, {"quantidade": 1, "nome": "G"}, {"quantidade": 8, "nome": "I"}, {"quantidade": 4, "nome": "FC"}, {"quantidade": 2, "nome": "CA"}, {"quantidade": 1, "nome": "CV"}, {"quantidade": 3, "nome": "FF"}, {"quantidade": 4, "nome": "FD"}], "preco": "11.57", "partida_data": "12/07/2015", "variacao": "-0.50", "id": 71495, "media": "1.82", "pontos": "4.90", "apelido": "Lisandro L\u00f3pez", "posicao": {"abreviacao": "ATA", "id": 5, "nome": "Atacante"}, "partida_clube_visitante": {"mercado": 1, "slug": "internacional", "abreviacao": "int", "id": 285, "nome": "internacional"}, "partida_clube_casa": {"mercado": 1, "slug": "joinville", "abreviacao": "jec", "id": 317, "nome": "joinville"}}, {"status": "Nulo", "foto": "http://s.glbimg.com/es/sde/f/2015/05/07/5c4327c9c16d80eec8bef248ade36ddd_FORMATO.jpeg", "clube": {"mercado": 1, "slug": "ponte-preta", "abreviacao": "pon", "id": 303, "nome": "ponte preta"}, "status_id": 6, "jogos": 7, "scout": [{"quantidade": 1, "nome": "FS"}, {"quantidade": 5, "nome": "PE"}, {"quantidade": 1, "nome": "G"}, {"quantidade": 3, "nome": "I"}, {"quantidade": 1, "nome": "RB"}, {"quantidade": 7, "nome": "FC"}, {"quantidade": 1, "nome": "CA"}, {"quantidade": 4, "nome": "FF"}, {"quantidade": 4, "nome": "FD"}], "preco": "11.56", "partida_data": "11/07/2015", "variacao": "-1.33", "id": 37941, "media": "1.22", "pontos": "-0.90", "apelido": "Borges", "posicao": {"abreviacao": "ATA", "id": 5, "nome": "Atacante"}, "partida_clube_visitante": {"mercado": 1, "slug": "atletico-mg", "abreviacao": "atl", "id": 282, "nome": "atl\u00e9tico-mg"}, "partida_clube_casa": {"mercado": 1, "slug": "ponte-preta", "abreviacao": "pon", "id": 303, "nome": "ponte preta"}}, {"status": "Prov\u00e1vel", "foto": "http://s.glbimg.com/es/sde/f/2015/06/04/762a61acf454f9a7cd44e808234a29be_FORMATO.jpeg", "clube": {"mercado": 1, "slug": "atletico-pr", "abreviacao": "atl", "id": 293, "nome": "atl\u00e9tico-pr"}, "status_id": 7, "jogos": 12, "scout": [], "preco": "11.54", "partida_data": "12/07/2015", "variacao": "0.16", "id": 86486, "media": "3.38", "pontos": "2.72", "apelido": "Milton Mendes", "posicao": {"abreviacao": "TEC", "id": 6, "nome": "T\u00e9cnico"}, "partida_clube_visitante": {"mercado": 1, "slug": "fluminense", "abreviacao": "flu", "id": 266, "nome": "fluminense"}, "partida_clube_casa": {"mercado": 1, "slug": "atletico-pr", "abreviacao": "atl", "id": 293, "nome": "atl\u00e9tico-pr"}}, {"status": "Nulo", "foto": "http://s.glbimg.com/es/sde/f/2015/01/15/6bfa17fe1482f01df1093d43d2bd9b6a_FORMATO.jpeg", "clube": {"mercado": 1, "slug": "corinthians", "abreviacao": "cor", "id": 264, "nome": "corinthians"}, "status_id": 6, "jogos": 8, "scout": [{"quantidade": 5, "nome": "FS"}, {"quantidade": 8, "nome": "PE"}, {"quantidade": 15, "nome": "RB"}, {"quantidade": 11, "nome": "FC"}, {"quantidade": 3, "nome": "CA"}, {"quantidade": 1, "nome": "FD"}], "preco": "11.54", "partida_data": "12/07/2015", "variacao": "-0.27", "id": 52190, "media": "1.89", "pontos": "1.20", "apelido": "Ralf", "posicao": {"abreviacao": "MEI", "id": 4, "nome": "Meia"}, "partida_clube_visitante": {"mercado": 1, "slug": "corinthians", "abreviacao": "cor", "id": 264, "nome": "corinthians"}, "partida_clube_casa": {"mercado": 1, "slug": "flamengo", "abreviacao": "fla", "id": 262, "nome": "flamengo"}}, {"status": "Nulo", "foto": "http://s.glbimg.com/es/sde/f/2010/11/17/8a658791303c38d50cb95ee483075e3a_FORMATO.jpeg", "clube": {"mercado": 1, "slug": "corinthians", "abreviacao": "cor", "id": 264, "nome": "corinthians"}, "status_id": 6, "jogos": 8, "scout": [{"quantidade": 4, "nome": "SG"}, {"quantidade": 1, "nome": "FS"}, {"quantidade": 8, "nome": "PE"}, {"quantidade": 3, "nome": "I"}, {"quantidade": 6, "nome": "RB"}, {"quantidade": 4, "nome": "FC"}, {"quantidade": 2, "nome": "FF"}], "preco": "11.50", "partida_data": "12/07/2015", "variacao": "0.00", "id": 37657, "media": "3.28", "pontos": "0.00", "apelido": "Edu Dracena", "posicao": {"abreviacao": "ZAG", "id": 3, "nome": "Zagueiro"}, "partida_clube_visitante": {"mercado": 1, "slug": "corinthians", "abreviacao": "cor", "id": 264, "nome": "corinthians"}, "partida_clube_casa": {"mercado": 1, "slug": "flamengo", "abreviacao": "fla", "id": 262, "nome": "flamengo"}}, {"status": "Prov\u00e1vel", "foto": "http://s.glbimg.com/es/sde/f/2010/11/16/b6a79bca9f76b494eb3e2ab131cdd7ed_FORMATO.jpeg", "clube": {"mercado": 1, "slug": "internacional", "abreviacao": "int", "id": 285, "nome": "internacional"}, "status_id": 7, "jogos": 4, "scout": [{"quantidade": 2, "nome": "SG"}, {"quantidade": 3, "nome": "FS"}, {"quantidade": 9, "nome": "PE"}, {"quantidade": 2, "nome": "RB"}, {"quantidade": 1, "nome": "FC"}, {"quantidade": 1, "nome": "FD"}], "preco": "11.49", "partida_data": "12/07/2015", "variacao": "0.00", "id": 52253, "media": "3.17", "pontos": "0.00", "apelido": "R\u00e9ver", "posicao": {"abreviacao": "ZAG", "id": 3, "nome": "Zagueiro"}, "partida_clube_visitante": {"mercado": 1, "slug": "internacional", "abreviacao": "int", "id": 285, "nome": "internacional"}, "partida_clube_casa": {"mercado": 1, "slug": "joinville", "abreviacao": "jec", "id": 317, "nome": "joinville"}}, {"status": "Nulo", "foto": "http://s.glbimg.com/es/sde/f/2014/08/14/0130b9f2aaa9805f39353233c0a9bf46_FORMATO.jpeg", "clube": {"mercado": 1, "slug": "palmeiras", "abreviacao": "pal", "id": 275, "nome": "palmeiras"}, "status_id": 6, "jogos": 8, "scout": [{"quantidade": 4, "nome": "FS"}, {"quantidade": 4, "nome": "PE"}, {"quantidade": 2, "nome": "FT"}, {"quantidade": 4, "nome": "G"}, {"quantidade": 5, "nome": "I"}, {"quantidade": 5, "nome": "FC"}, {"quantidade": 2, "nome": "FF"}, {"quantidade": 3, "nome": "FD"}], "preco": "11.47", "partida_data": "12/07/2015", "variacao": "1.60", "id": 87420, "media": "4.90", "pontos": "8.70", "apelido": "Cristaldo", "posicao": {"abreviacao": "ATA", "id": 5, "nome": "Atacante"}, "partida_clube_visitante": {"mercado": 1, "slug": "palmeiras", "abreviacao": "pal", "id": 275, "nome": "palmeiras"}, "partida_clube_casa": {"mercado": 1, "slug": "sport", "abreviacao": "spo", "id": 292, "nome": "sport"}}, {"status": "Prov\u00e1vel", "foto": "http://s.glbimg.com/es/sde/f/2014/04/15/d53445eee12ac572d4e9e7d850141109_FORMATO.jpeg", "clube": {"mercado": 1, "slug": "figueirense", "abreviacao": "fig", "id": 316, "nome": "figueirense"}, "status_id": 7, "jogos": 10, "scout": [{"quantidade": 1, "nome": "SG"}, {"quantidade": 1, "nome": "FS"}, {"quantidade": 3, "nome": "PE"}, {"quantidade": 19, "nome": "DD"}, {"quantidade": 11, "nome": "GS"}], "preco": "11.47", "partida_data": "11/07/2015", "variacao": "-1.09", "id": 79066, "media": "3.97", "pontos": "-1.00", "apelido": "Alex Muralha", "posicao": {"abreviacao": "GOL", "id": 1, "nome": "Goleiro"}, "partida_clube_visitante": {"mercado": 1, "slug": "figueirense", "abreviacao": "fig", "id": 316, "nome": "figueirense"}, "partida_clube_casa": {"mercado": 1, "slug": "santos", "abreviacao": "san", "id": 277, "nome": "santos"}}, {"status": "Prov\u00e1vel", "foto": "http://s.glbimg.com/es/sde/f/2015/01/15/7f9a9050e13db57bdd2cd893b717d9b8_FORMATO.png", "clube": {"mercado": 1, "slug": "cruzeiro", "abreviacao": "cru", "id": 283, "nome": "cruzeiro"}, "status_id": 7, "jogos": 2, "scout": [{"quantidade": 5, "nome": "PE"}, {"quantidade": 1, "nome": "RB"}, {"quantidade": 1, "nome": "FC"}, {"quantidade": 1, "nome": "FF"}], "preco": "11.30", "partida_data": "12/07/2015", "variacao": "0.00", "id": 50459, "media": "0.20", "pontos": "0.00", "apelido": "L\u00e9o", "posicao": {"abreviacao": "ZAG", "id": 3, "nome": "Zagueiro"}, "partida_clube_visitante": {"mercado": 1, "slug": "goias", "abreviacao": "goi", "id": 290, "nome": "goi\u00e1s"}, "partida_clube_casa": {"mercado": 1, "slug": "cruzeiro", "abreviacao": "cru", "id": 283, "nome": "cruzeiro"}}, {"status": "Prov\u00e1vel", "foto": "http://s.glbimg.com/es/sde/f/2014/03/28/f0f2085b39b5c3d7a804aa369a856fa2_FORMATO.jpeg", "clube": {"mercado": 1, "slug": "sport", "abreviacao": "spo", "id": 292, "nome": "sport"}, "status_id": 7, "jogos": 12, "scout": [], "preco": "11.28", "partida_data": "12/07/2015", "variacao": "-0.21", "id": 87211, "media": "3.90", "pontos": "2.91", "apelido": "Eduardo Baptista", "posicao": {"abreviacao": "TEC", "id": 6, "nome": "T\u00e9cnico"}, "partida_clube_visitante": {"mercado": 1, "slug": "palmeiras", "abreviacao": "pal", "id": 275, "nome": "palmeiras"}, "partida_clube_casa": {"mercado": 1, "slug": "sport", "abreviacao": "spo", "id": 292, "nome": "sport"}}, {"status": "Prov\u00e1vel", "foto": "http://s.glbimg.com/es/sde/f/2011/09/21/a18dd6a5123d58a2d7630a3b293be510_FORMATO.jpeg", "clube": {"mercado": 1, "slug": "chapecoense", "abreviacao": "cha", "id": 315, "nome": "chapecoense"}, "status_id": 7, "jogos": 11, "scout": [{"quantidade": 5, "nome": "SG"}, {"quantidade": 20, "nome": "FS"}, {"quantidade": 56, "nome": "PE"}, {"quantidade": 2, "nome": "I"}, {"quantidade": 27, "nome": "RB"}, {"quantidade": 16, "nome": "FC"}, {"quantidade": 1, "nome": "CA"}, {"quantidade": 5, "nome": "FF"}, {"quantidade": 2, "nome": "FD"}], "preco": "11.26", "partida_data": "12/07/2015", "variacao": "0.49", "id": 69782, "media": "5.33", "pontos": "6.40", "apelido": "Dener Assun\u00e7\u00e3o", "posicao": {"abreviacao": "LAT", "id": 2, "nome": "Lateral"}, "partida_clube_visitante": {"mercado": 1, "slug": "chapecoense", "abreviacao": "cha", "id": 315, "nome": "chapecoense"}, "partida_clube_casa": {"mercado": 1, "slug": "avai", "abreviacao": "ava", "id": 314, "nome": "ava\u00ed"}}, {"status": "Prov\u00e1vel", "foto": "http://s.glbimg.com/es/sde/f/2015/01/07/4448935c7b96edfda3b43d266a6c9606_FORMATO.jpeg", "clube": {"mercado": 1, "slug": "chapecoense", "abreviacao": "cha", "id": 315, "nome": "chapecoense"}, "status_id": 7, "jogos": 11, "scout": [{"quantidade": 4, "nome": "SG"}, {"quantidade": 20, "nome": "FS"}, {"quantidade": 32, "nome": "PE"}, {"quantidade": 1, "nome": "G"}, {"quantidade": 2, "nome": "I"}, {"quantidade": 8, "nome": "RB"}, {"quantidade": 11, "nome": "FC"}, {"quantidade": 1, "nome": "CA"}, {"quantidade": 1, "nome": "CV"}, {"quantidade": 3, "nome": "FF"}, {"quantidade": 9, "nome": "FD"}], "preco": "11.26", "partida_data": "12/07/2015", "variacao": "0.83", "id": 51042, "media": "3.60", "pontos": "9.80", "apelido": "Apodi", "posicao": {"abreviacao": "LAT", "id": 2, "nome": "Lateral"}, "partida_clube_visitante": {"mercado": 1, "slug": "chapecoense", "abreviacao": "cha", "id": 315, "nome": "chapecoense"}, "partida_clube_casa": {"mercado": 1, "slug": "avai", "abreviacao": "ava", "id": 314, "nome": "ava\u00ed"}}, {"status": "Contundido", "foto": "http://s.glbimg.com/es/sde/f/2010/12/30/804ea225337148abcf3d897835d66983_FORMATO.jpeg", "clube": {"mercado": 1, "slug": "internacional", "abreviacao": "int", "id": 285, "nome": "internacional"}, "status_id": 5, "jogos": 2, "scout": [{"quantidade": 1, "nome": "FS"}, {"quantidade": 4, "nome": "PE"}, {"quantidade": 2, "nome": "RB"}, {"quantidade": 2, "nome": "FC"}, {"quantidade": 1, "nome": "FF"}], "preco": "11.26", "partida_data": "12/07/2015", "variacao": "0.00", "id": 36540, "media": "1.20", "pontos": "0.00", "apelido": "Juan", "posicao": {"abreviacao": "ZAG", "id": 3, "nome": "Zagueiro"}, "partida_clube_visitante": {"mercado": 1, "slug": "internacional", "abreviacao": "int", "id": 285, "nome": "internacional"}, "partida_clube_casa": {"mercado": 1, "slug": "joinville", "abreviacao": "jec", "id": 317, "nome": "joinville"}}, {"status": "Prov\u00e1vel", "foto": "http://s.glbimg.com/es/sde/f/2014/12/22/36e2e8a7e1fb585f2cc2996360adbda2_FORMATO.jpeg", "clube": {"mercado": 1, "slug": "internacional", "abreviacao": "int", "id": 285, "nome": "internacional"}, "status_id": 7, "jogos": 11, "scout": [], "preco": "11.23", "partida_data": "12/07/2015", "variacao": "-0.11", "id": 73766, "media": "3.01", "pontos": "2.11", "apelido": "Diego Aguirre", "posicao": {"abreviacao": "TEC", "id": 6, "nome": "T\u00e9cnico"}, "partida_clube_visitante": {"mercado": 1, "slug": "internacional", "abreviacao": "int", "id": 285, "nome": "internacional"}, "partida_clube_casa": {"mercado": 1, "slug": "joinville", "abreviacao": "jec", "id": 317, "nome": "joinville"}}, {"status": "Prov\u00e1vel", "foto": "http://s.glbimg.com/es/sde/f/2015/05/01/89e386536f51b9f647d57194621870a4_FORMATO.jpeg", "clube": {"mercado": 1, "slug": "sao-paulo", "abreviacao": "sao", "id": 276, "nome": "s\u00e3o paulo"}, "status_id": 7, "jogos": 6, "scout": [{"quantidade": 3, "nome": "SG"}, {"quantidade": 3, "nome": "FS"}, {"quantidade": 18, "nome": "PE"}, {"quantidade": 6, "nome": "RB"}, {"quantidade": 5, "nome": "FC"}, {"quantidade": 1, "nome": "CA"}, {"quantidade": 1, "nome": "FF"}, {"quantidade": 1, "nome": "FD"}], "preco": "11.07", "partida_data": "12/07/2015", "variacao": "-0.63", "id": 63008, "media": "3.08", "pontos": "3.20", "apelido": "Rafael Toloi", "posicao": {"abreviacao": "ZAG", "id": 3, "nome": "Zagueiro"}, "partida_clube_visitante": {"mercado": 1, "slug": "coritiba", "abreviacao": "cor", "id": 294, "nome": "coritiba"}, "partida_clube_casa": {"mercado": 1, "slug": "sao-paulo", "abreviacao": "sao", "id": 276, "nome": "s\u00e3o paulo"}}, {"status": "Prov\u00e1vel", "foto": "http://s.glbimg.com/es/sde/f/2010/11/12/1475e3789be724b296ff8b4547f13a25_FORMATO.jpeg", "clube": {"mercado": 1, "slug": "cruzeiro", "abreviacao": "cru", "id": 283, "nome": "cruzeiro"}, "status_id": 7, "jogos": 11, "scout": [], "preco": "10.99", "partida_data": "12/07/2015", "variacao": "-1.02", "id": 41327, "media": "3.23", "pontos": "1.74", "apelido": "Vanderlei Luxemburgo", "posicao": {"abreviacao": "TEC", "id": 6, "nome": "T\u00e9cnico"}, "partida_clube_visitante": {"mercado": 1, "slug": "goias", "abreviacao": "goi", "id": 290, "nome": "goi\u00e1s"}, "partida_clube_casa": {"mercado": 1, "slug": "cruzeiro", "abreviacao": "cru", "id": 283, "nome": "cruzeiro"}}, {"status": "Prov\u00e1vel", "foto": "http://s.glbimg.com/es/sde/f/2013/02/05/9c736de34cc5d64a67cd7049ed8da923_FORMATO.jpeg", "clube": {"mercado": 1, "slug": "gremio", "abreviacao": "gre", "id": 284, "nome": "gr\u00eamio"}, "status_id": 7, "jogos": 9, "scout": [], "preco": "10.78", "partida_data": "11/07/2015", "variacao": "-0.65", "id": 79437, "media": "3.38", "pontos": "1.87", "apelido": "Roger Machado ", "posicao": {"abreviacao": "TEC", "id": 6, "nome": "T\u00e9cnico"}, "partida_clube_visitante": {"mercado": 1, "slug": "vasco", "abreviacao": "vas", "id": 267, "nome": "vasco"}, "partida_clube_casa": {"mercado": 1, "slug": "gremio", "abreviacao": "gre", "id": 284, "nome": "gr\u00eamio"}}, {"status": "Prov\u00e1vel", "foto": "http://s.glbimg.com/es/sde/f/2014/02/05/33e1f539111a527d44d3f82f80badb98_FORMATO.jpeg", "clube": {"mercado": 1, "slug": "chapecoense", "abreviacao": "cha", "id": 315, "nome": "chapecoense"}, "status_id": 7, "jogos": 12, "scout": [{"quantidade": 5, "nome": "SG"}, {"quantidade": 5, "nome": "FS"}, {"quantidade": 35, "nome": "PE"}, {"quantidade": 1, "nome": "A"}, {"quantidade": 2, "nome": "I"}, {"quantidade": 11, "nome": "RB"}, {"quantidade": 4, "nome": "FC"}, {"quantidade": 2, "nome": "CA"}, {"quantidade": 1, "nome": "FF"}, {"quantidade": 2, "nome": "FD"}], "preco": "10.75", "partida_data": "12/07/2015", "variacao": "-0.39", "id": 50361, "media": "3.03", "pontos": "4.40", "apelido": "Rafael Lima", "posicao": {"abreviacao": "ZAG", "id": 3, "nome": "Zagueiro"}, "partida_clube_visitante": {"mercado": 1, "slug": "chapecoense", "abreviacao": "cha", "id": 315, "nome": "chapecoense"}, "partida_clube_casa": {"mercado": 1, "slug": "avai", "abreviacao": "ava", "id": 314, "nome": "ava\u00ed"}}]}