{"rodada_id": 10, "page": {"atual": "36", "total": "41"}, "atleta": [{"status": "Nulo", "foto": "http://s.glbimg.com/es/sde/f/2015/01/20/3205840eb8f252b4d2bbabb98f574ba3_FORMATO.jpeg", "clube": {"mercado": 1, "slug": "chapecoense", "abreviacao": "cha", "id": 315, "nome": "chapecoense"}, "status_id": 6, "jogos": 0, "scout": [], "preco": "1.00", "partida_data": "01/07/2015", "variacao": "0.00", "id": 90291, "media": "0.00", "pontos": "0.00", "apelido": "Pedro", "posicao": {"abreviacao": "LAT", "id": 2, "nome": "Lateral"}, "partida_clube_visitante": {"mercado": 1, "slug": "chapecoense", "abreviacao": "cha", "id": 315, "nome": "chapecoense"}, "partida_clube_casa": {"mercado": 1, "slug": "palmeiras", "abreviacao": "pal", "id": 275, "nome": "palmeiras"}}, {"status": "Nulo", "foto": null, "clube": {"mercado": 1, "slug": "figueirense", "abreviacao": "fig", "id": 316, "nome": "figueirense"}, "status_id": 6, "jogos": 0, "scout": [], "preco": "1.00", "partida_data": "02/07/2015", "variacao": "0.00", "id": 91921, "media": "0.00", "pontos": "0.00", "apelido": "Jatob\u00e1", "posicao": {"abreviacao": "ZAG", "id": 3, "nome": "Zagueiro"}, "partida_clube_visitante": {"mercado": 1, "slug": "goias", "abreviacao": "goi", "id": 290, "nome": "goi\u00e1s"}, "partida_clube_casa": {"mercado": 1, "slug": "figueirense", "abreviacao": "fig", "id": 316, "nome": "figueirense"}}, {"status": "Nulo", "foto": "http://s.glbimg.com/es/sde/f/2015/01/15/65b4dac494d69eb7057f8444423caab8_FORMATO.jpeg", "clube": {"mercado": 1, "slug": "corinthians", "abreviacao": "cor", "id": 264, "nome": "corinthians"}, "status_id": 6, "jogos": 0, "scout": [], "preco": "1.00", "partida_data": "02/07/2015", "variacao": "0.00", "id": 90370, "media": "0.00", "pontos": "0.00", "apelido": "Matheus Pereira", "posicao": {"abreviacao": "MEI", "id": 4, "nome": "Meia"}, "partida_clube_visitante": {"mercado": 1, "slug": "ponte-preta", "abreviacao": "pon", "id": 303, "nome": "ponte preta"}, "partida_clube_casa": {"mercado": 1, "slug": "corinthians", "abreviacao": "cor", "id": 264, "nome": "corinthians"}}, {"status": "Nulo", "foto": "http://s.glbimg.com/es/sde/f/2015/01/09/1231d6b90f818f665db9a16225191a24_FORMATO.jpeg", "clube": {"mercado": 1, "slug": "flamengo", "abreviacao": "fla", "id": 262, "nome": "flamengo"}, "status_id": 6, "jogos": 0, "scout": [], "preco": "1.00", "partida_data": "01/07/2015", "variacao": "0.00", "id": 81219, "media": "0.00", "pontos": "0.00", "apelido": "Thallyson", "posicao": {"abreviacao": "LAT", "id": 2, "nome": "Lateral"}, "partida_clube_visitante": {"mercado": 1, "slug": "flamengo", "abreviacao": "fla", "id": 262, "nome": "flamengo"}, "partida_clube_casa": {"mercado": 1, "slug": "joinville", "abreviacao": "jec", "id": 317, "nome": "joinville"}}, {"status": "Nulo", "foto": null, "clube": {"mercado": 1, "slug": "sport", "abreviacao": "spo", "id": 292, "nome": "sport"}, "status_id": 6, "jogos": 0, "scout": [], "preco": "1.00", "partida_data": "01/07/2015", "variacao": "0.00", "id": 91004, "media": "0.00", "pontos": "0.00", "apelido": "Kelvenny", "posicao": {"abreviacao": "ATA", "id": 5, "nome": "Atacante"}, "partida_clube_visitante": {"mercado": 1, "slug": "internacional", "abreviacao": "int", "id": 285, "nome": "internacional"}, "partida_clube_casa": {"mercado": 1, "slug": "sport", "abreviacao": "spo", "id": 292, "nome": "sport"}}, {"status": "Nulo", "foto": "http://s.glbimg.com/es/sde/f/2015/04/10/68674e3479f0867752bcc251bbecdf5a_FORMATO.jpeg", "clube": {"mercado": 1, "slug": "sport", "abreviacao": "spo", "id": 292, "nome": "sport"}, "status_id": 6, "jogos": 0, "scout": [], "preco": "1.00", "partida_data": "01/07/2015", "variacao": "0.00", "id": 91664, "media": "0.00", "pontos": "0.00", "apelido": "Adryelson", "posicao": {"abreviacao": "ZAG", "id": 3, "nome": "Zagueiro"}, "partida_clube_visitante": {"mercado": 1, "slug": "internacional", "abreviacao": "int", "id": 285, "nome": "internacional"}, "partida_clube_casa": {"mercado": 1, "slug": "sport", "abreviacao": "spo", "id": 292, "nome": "sport"}}, {"status": "Nulo", "foto": "http://s.glbimg.com/es/sde/f/2014/02/07/9489d6df24229e4d0395ccc488509af1_FORMATO.jpeg", "clube": {"mercado": 1, "slug": "goias", "abreviacao": "goi", "id": 290, "nome": "goi\u00e1s"}, "status_id": 6, "jogos": 0, "scout": [], "preco": "1.00", "partida_data": "02/07/2015", "variacao": "0.00", "id": 87265, "media": "0.00", "pontos": "0.00", "apelido": "Boc\u00e3o", "posicao": {"abreviacao": "LAT", "id": 2, "nome": "Lateral"}, "partida_clube_visitante": {"mercado": 1, "slug": "goias", "abreviacao": "goi", "id": 290, "nome": "goi\u00e1s"}, "partida_clube_casa": {"mercado": 1, "slug": "figueirense", "abreviacao": "fig", "id": 316, "nome": "figueirense"}}, {"status": "Nulo", "foto": "http://s.glbimg.com/es/sde/f/2015/05/29/9487a3bfa9843eea26de6821c7e94002_FORMATO.jpeg", "clube": {"mercado": 1, "slug": "sao-paulo", "abreviacao": "sao", "id": 276, "nome": "s\u00e3o paulo"}, "status_id": 6, "jogos": 0, "scout": [], "preco": "1.00", "partida_data": "01/07/2015", "variacao": "0.00", "id": 87486, "media": "0.00", "pontos": "0.00", "apelido": "Matheus", "posicao": {"abreviacao": "LAT", "id": 2, "nome": "Lateral"}, "partida_clube_visitante": {"mercado": 1, "slug": "sao-paulo", "abreviacao": "sao", "id": 276, "nome": "s\u00e3o paulo"}, "partida_clube_casa": {"mercado": 1, "slug": "atletico-pr", "abreviacao": "atl", "id": 293, "nome": "atl\u00e9tico-pr"}}, {"status": "Nulo", "foto": "http://s.glbimg.com/es/sde/f/2015/04/10/996e09038e08e983b6f0b376c53af8d0_FORMATO.jpeg", "clube": {"mercado": 1, "slug": "flamengo", "abreviacao": "fla", "id": 262, "nome": "flamengo"}, "status_id": 6, "jogos": 0, "scout": [], "preco": "1.00", "partida_data": "01/07/2015", "variacao": "0.00", "id": 91263, "media": "0.00", "pontos": "0.00", "apelido": "Jaj\u00e1", "posicao": {"abreviacao": "MEI", "id": 4, "nome": "Meia"}, "partida_clube_visitante": {"mercado": 1, "slug": "flamengo", "abreviacao": "fla", "id": 262, "nome": "flamengo"}, "partida_clube_casa": {"mercado": 1, "slug": "joinville", "abreviacao": "jec", "id": 317, "nome": "joinville"}}, {"status": "Nulo", "foto": "http://s.glbimg.com/es/sde/f/2015/03/24/5cccdf0432d9ef45b5af649e64b0293d_FORMATO.jpeg", "clube": {"mercado": 1, "slug": "corinthians", "abreviacao": "cor", "id": 264, "nome": "corinthians"}, "status_id": 6, "jogos": 0, "scout": [], "preco": "1.00", "partida_data": "02/07/2015", "variacao": "0.00", "id": 91509, "media": "0.00", "pontos": "0.00", "apelido": "Rodrigo Sam", "posicao": {"abreviacao": "ZAG", "id": 3, "nome": "Zagueiro"}, "partida_clube_visitante": {"mercado": 1, "slug": "ponte-preta", "abreviacao": "pon", "id": 303, "nome": "ponte preta"}, "partida_clube_casa": {"mercado": 1, "slug": "corinthians", "abreviacao": "cor", "id": 264, "nome": "corinthians"}}, {"status": "Nulo", "foto": "http://s.glbimg.com/es/sde/f/2015/04/10/16397ed170cbeb2486f503eac0badd57_FORMATO.jpeg", "clube": {"mercado": 1, "slug": "flamengo", "abreviacao": "fla", "id": 262, "nome": "flamengo"}, "status_id": 6, "jogos": 0, "scout": [], "preco": "1.00", "partida_data": "01/07/2015", "variacao": "0.00", "id": 88072, "media": "0.00", "pontos": "0.00", "apelido": "Douglas Baggio", "posicao": {"abreviacao": "ATA", "id": 5, "nome": "Atacante"}, "partida_clube_visitante": {"mercado": 1, "slug": "flamengo", "abreviacao": "fla", "id": 262, "nome": "flamengo"}, "partida_clube_casa": {"mercado": 1, "slug": "joinville", "abreviacao": "jec", "id": 317, "nome": "joinville"}}, {"status": "Nulo", "foto": "http://s.glbimg.com/es/sde/f/2014/10/14/536062591a431265624546746cfd0c0d_FORMATO.jpeg", "clube": {"mercado": 1, "slug": "flamengo", "abreviacao": "fla", "id": 262, "nome": "flamengo"}, "status_id": 6, "jogos": 0, "scout": [], "preco": "1.00", "partida_data": "01/07/2015", "variacao": "0.00", "id": 89258, "media": "0.00", "pontos": "0.00", "apelido": "Daniel", "posicao": {"abreviacao": "GOL", "id": 1, "nome": "Goleiro"}, "partida_clube_visitante": {"mercado": 1, "slug": "flamengo", "abreviacao": "fla", "id": 262, "nome": "flamengo"}, "partida_clube_casa": {"mercado": 1, "slug": "joinville", "abreviacao": "jec", "id": 317, "nome": "joinville"}}, {"status": "Nulo", "foto": "http://s.glbimg.com/es/sde/f/2013/02/26/30b4cb9caefacb502fc723d80adaf41a_FORMATO.jpeg", "clube": {"mercado": 1, "slug": "gremio", "abreviacao": "gre", "id": 284, "nome": "gr\u00eamio"}, "status_id": 6, "jogos": 0, "scout": [], "preco": "1.00", "partida_data": "01/07/2015", "variacao": "0.00", "id": 83048, "media": "0.00", "pontos": "0.00", "apelido": "Rafael Thyere", "posicao": {"abreviacao": "ZAG", "id": 3, "nome": "Zagueiro"}, "partida_clube_visitante": {"mercado": 1, "slug": "cruzeiro", "abreviacao": "cru", "id": 283, "nome": "cruzeiro"}, "partida_clube_casa": {"mercado": 1, "slug": "gremio", "abreviacao": "gre", "id": 284, "nome": "gr\u00eamio"}}, {"status": "Nulo", "foto": "http://s.glbimg.com/es/sde/f/2014/03/05/aff9baf2a872f988998941f4f963b061_FORMATO.jpeg", "clube": {"mercado": 1, "slug": "chapecoense", "abreviacao": "cha", "id": 315, "nome": "chapecoense"}, "status_id": 6, "jogos": 0, "scout": [], "preco": "1.00", "partida_data": "01/07/2015", "variacao": "0.00", "id": 71601, "media": "0.00", "pontos": "0.00", "apelido": "Jo\u00e3o Paulo", "posicao": {"abreviacao": "GOL", "id": 1, "nome": "Goleiro"}, "partida_clube_visitante": {"mercado": 1, "slug": "chapecoense", "abreviacao": "cha", "id": 315, "nome": "chapecoense"}, "partida_clube_casa": {"mercado": 1, "slug": "palmeiras", "abreviacao": "pal", "id": 275, "nome": "palmeiras"}}, {"status": "Nulo", "foto": "http://s.glbimg.com/es/sde/f/2015/01/12/46b8c5446c9df98a1a5f5c6c6861dbf4_FORMATO.jpeg", "clube": {"mercado": 1, "slug": "gremio", "abreviacao": "gre", "id": 284, "nome": "gr\u00eamio"}, "status_id": 6, "jogos": 0, "scout": [], "preco": "1.00", "partida_data": "01/07/2015", "variacao": "0.00", "id": 90332, "media": "0.00", "pontos": "0.00", "apelido": "Gabriel Silva", "posicao": {"abreviacao": "ZAG", "id": 3, "nome": "Zagueiro"}, "partida_clube_visitante": {"mercado": 1, "slug": "cruzeiro", "abreviacao": "cru", "id": 283, "nome": "cruzeiro"}, "partida_clube_casa": {"mercado": 1, "slug": "gremio", "abreviacao": "gre", "id": 284, "nome": "gr\u00eamio"}}, {"status": "Nulo", "foto": "http://s.glbimg.com/es/sde/f/2015/01/12/0f54ae4c43a27d688a5af70aab03f879_FORMATO.jpeg", "clube": {"mercado": 1, "slug": "gremio", "abreviacao": "gre", "id": 284, "nome": "gr\u00eamio"}, "status_id": 6, "jogos": 0, "scout": [], "preco": "1.00", "partida_data": "01/07/2015", "variacao": "0.00", "id": 90331, "media": "0.00", "pontos": "0.00", "apelido": "Vitor", "posicao": {"abreviacao": "GOL", "id": 1, "nome": "Goleiro"}, "partida_clube_visitante": {"mercado": 1, "slug": "cruzeiro", "abreviacao": "cru", "id": 283, "nome": "cruzeiro"}, "partida_clube_casa": {"mercado": 1, "slug": "gremio", "abreviacao": "gre", "id": 284, "nome": "gr\u00eamio"}}, {"status": "Nulo", "foto": "http://s.glbimg.com/es/sde/f/2014/03/13/9fe9ad342f430f8f8d8286e9453d94c6_FORMATO.jpeg", "clube": {"mercado": 1, "slug": "goias", "abreviacao": "goi", "id": 290, "nome": "goi\u00e1s"}, "status_id": 6, "jogos": 0, "scout": [], "preco": "1.00", "partida_data": "02/07/2015", "variacao": "0.00", "id": 86934, "media": "0.00", "pontos": "0.00", "apelido": "T\u00falio", "posicao": {"abreviacao": "MEI", "id": 4, "nome": "Meia"}, "partida_clube_visitante": {"mercado": 1, "slug": "goias", "abreviacao": "goi", "id": 290, "nome": "goi\u00e1s"}, "partida_clube_casa": {"mercado": 1, "slug": "figueirense", "abreviacao": "fig", "id": 316, "nome": "figueirense"}}, {"status": "Nulo", "foto": "http://s.glbimg.com/es/sde/f/2014/03/06/784be1fa24d755aa4ae23ff835678662_FORMATO.jpeg", "clube": {"mercado": 1, "slug": "gremio", "abreviacao": "gre", "id": 284, "nome": "gr\u00eamio"}, "status_id": 6, "jogos": 0, "scout": [], "preco": "1.00", "partida_data": "01/07/2015", "variacao": "0.00", "id": 87008, "media": "0.00", "pontos": "0.00", "apelido": "L\u00e9o", "posicao": {"abreviacao": "GOL", "id": 1, "nome": "Goleiro"}, "partida_clube_visitante": {"mercado": 1, "slug": "cruzeiro", "abreviacao": "cru", "id": 283, "nome": "cruzeiro"}, "partida_clube_casa": {"mercado": 1, "slug": "gremio", "abreviacao": "gre", "id": 284, "nome": "gr\u00eamio"}}, {"status": "Nulo", "foto": "http://s.glbimg.com/es/sde/f/2015/02/17/3167ac445047c04258297fa920a49350_FORMATO.png", "clube": {"mercado": 1, "slug": "chapecoense", "abreviacao": "cha", "id": 315, "nome": "chapecoense"}, "status_id": 6, "jogos": 0, "scout": [], "preco": "1.00", "partida_data": "01/07/2015", "variacao": "0.00", "id": 91099, "media": "0.00", "pontos": "0.00", "apelido": "Willian ", "posicao": {"abreviacao": "GOL", "id": 1, "nome": "Goleiro"}, "partida_clube_visitante": {"mercado": 1, "slug": "chapecoense", "abreviacao": "cha", "id": 315, "nome": "chapecoense"}, "partida_clube_casa": {"mercado": 1, "slug": "palmeiras", "abreviacao": "pal", "id": 275, "nome": "palmeiras"}}, {"status": "Nulo", "foto": "http://s.glbimg.com/es/sde/f/2015/03/04/7e0aa755507692b2866bca8de4dfdc87_FORMATO.jpeg", "clube": {"mercado": 1, "slug": "sao-paulo", "abreviacao": "sao", "id": 276, "nome": "s\u00e3o paulo"}, "status_id": 6, "jogos": 0, "scout": [], "preco": "1.00", "partida_data": "01/07/2015", "variacao": "0.00", "id": 91260, "media": "0.00", "pontos": "0.00", "apelido": "Lucas Perri", "posicao": {"abreviacao": "GOL", "id": 1, "nome": "Goleiro"}, "partida_clube_visitante": {"mercado": 1, "slug": "sao-paulo", "abreviacao": "sao", "id": 276, "nome": "s\u00e3o paulo"}, "partida_clube_casa": {"mercado": 1, "slug": "atletico-pr", "abreviacao": "atl", "id": 293, "nome": "atl\u00e9tico-pr"}}]}