{"rodada_id": 35, "page": {"atual": "22", "total": "42"}, "atleta": [{"status": "Contundido", "foto": "http://s.glbimg.com/es/sde/f/2015/01/15/30ce906ea0457dd4b934be83eb176150_FORMATO.jpeg", "clube": {"mercado": 1, "slug": "internacional", "abreviacao": "int", "id": 285, "nome": "internacional"}, "status_id": 5, "jogos": 6, "scout": [{"quantidade": 3, "nome": "SG"}, {"quantidade": 19, "nome": "FS"}, {"quantidade": 13, "nome": "PE"}, {"quantidade": 1, "nome": "A"}, {"quantidade": 1, "nome": "I"}, {"quantidade": 6, "nome": "RB"}, {"quantidade": 13, "nome": "FC"}, {"quantidade": 2, "nome": "CA"}, {"quantidade": 2, "nome": "CV"}], "preco": "4.52", "partida_data": "19/11/2015", "variacao": "0.00", "id": 63110, "media": "2.47", "pontos": "0.00", "apelido": "Alan Ruschel", "posicao": {"abreviacao": "LAT", "id": 2, "nome": "Lateral"}, "partida_clube_visitante": {"mercado": 1, "slug": "internacional", "abreviacao": "int", "id": 285, "nome": "internacional"}, "partida_clube_casa": {"mercado": 1, "slug": "chapecoense", "abreviacao": "cha", "id": 315, "nome": "chapecoense"}}, {"status": "Nulo", "foto": null, "clube": {"mercado": 1, "slug": "atletico-pr", "abreviacao": "atl", "id": 293, "nome": "atl\u00e9tico-pr"}, "status_id": 6, "jogos": 1, "scout": [{"quantidade": 2, "nome": "FS"}, {"quantidade": 1, "nome": "PE"}], "preco": "4.51", "partida_data": "18/11/2015", "variacao": "0.00", "id": 88850, "media": "0.70", "pontos": "0.00", "apelido": "Marco Damasceno ", "posicao": {"abreviacao": "ATA", "id": 5, "nome": "Atacante"}, "partida_clube_visitante": {"mercado": 1, "slug": "palmeiras", "abreviacao": "pal", "id": 275, "nome": "palmeiras"}, "partida_clube_casa": {"mercado": 1, "slug": "atletico-pr", "abreviacao": "atl", "id": 293, "nome": "atl\u00e9tico-pr"}}, {"status": "Nulo", "foto": "http://s.glbimg.com/es/sde/f/2015/10/28/bdf0506c95a26f95d40fc68cc5cbe1af_FORMATO.jpeg", "clube": {"mercado": 1, "slug": "cruzeiro", "abreviacao": "cru", "id": 283, "nome": "cruzeiro"}, "status_id": 6, "jogos": 10, "scout": [{"quantidade": 3, "nome": "SG"}, {"quantidade": 2, "nome": "FS"}, {"quantidade": 16, "nome": "PE"}, {"quantidade": 1, "nome": "G"}, {"quantidade": 2, "nome": "I"}, {"quantidade": 9, "nome": "RB"}, {"quantidade": 6, "nome": "FC"}, {"quantidade": 1, "nome": "FF"}, {"quantidade": 3, "nome": "FD"}], "preco": "4.50", "partida_data": "15/11/2015", "variacao": "0.00", "id": 79887, "media": "3.43", "pontos": "0.00", "apelido": "Fabiano", "posicao": {"abreviacao": "LAT", "id": 2, "nome": "Lateral"}, "partida_clube_visitante": {"mercado": 1, "slug": "sport", "abreviacao": "spo", "id": 292, "nome": "sport"}, "partida_clube_casa": {"mercado": 1, "slug": "cruzeiro", "abreviacao": "cru", "id": 283, "nome": "cruzeiro"}}, {"status": "Nulo", "foto": "http://s.glbimg.com/es/sde/f/2015/07/21/40429262d8a68209e7ddb3a5b1bcde22_FORMATO.png", "clube": {"mercado": 1, "slug": "fluminense", "abreviacao": "flu", "id": 266, "nome": "fluminense"}, "status_id": 6, "jogos": 3, "scout": [{"quantidade": 6, "nome": "FS"}, {"quantidade": 7, "nome": "PE"}, {"quantidade": 1, "nome": "G"}, {"quantidade": 1, "nome": "FF"}, {"quantidade": 2, "nome": "FD"}], "preco": "4.50", "partida_data": "19/11/2015", "variacao": "-1.58", "id": 85121, "media": "3.87", "pontos": "0.20", "apelido": "Robert ", "posicao": {"abreviacao": "MEI", "id": 4, "nome": "Meia"}, "partida_clube_visitante": {"mercado": 1, "slug": "fluminense", "abreviacao": "flu", "id": 266, "nome": "fluminense"}, "partida_clube_casa": {"mercado": 1, "slug": "gremio", "abreviacao": "gre", "id": 284, "nome": "gr\u00eamio"}}, {"status": "Contundido", "foto": "http://s.glbimg.com/es/sde/f/2015/10/27/40beb707cbb6ed68215469ea18f96871_FORMATO.jpeg", "clube": {"mercado": 1, "slug": "sao-paulo", "abreviacao": "sao", "id": 276, "nome": "s\u00e3o paulo"}, "status_id": 5, "jogos": 6, "scout": [{"quantidade": 2, "nome": "SG"}, {"quantidade": 8, "nome": "FS"}, {"quantidade": 19, "nome": "PE"}, {"quantidade": 1, "nome": "G"}, {"quantidade": 9, "nome": "RB"}, {"quantidade": 14, "nome": "FC"}, {"quantidade": 2, "nome": "CA"}, {"quantidade": 1, "nome": "CV"}, {"quantidade": 1, "nome": "FF"}, {"quantidade": 1, "nome": "FD"}], "preco": "4.50", "partida_data": "19/11/2015", "variacao": "0.00", "id": 71603, "media": "2.88", "pontos": "0.00", "apelido": "Luiz Eduardo", "posicao": {"abreviacao": "ZAG", "id": 3, "nome": "Zagueiro"}, "partida_clube_visitante": {"mercado": 1, "slug": "atletico-mg", "abreviacao": "atl", "id": 282, "nome": "atl\u00e9tico-mg"}, "partida_clube_casa": {"mercado": 1, "slug": "sao-paulo", "abreviacao": "sao", "id": 276, "nome": "s\u00e3o paulo"}}, {"status": "Prov\u00e1vel", "foto": "http://s.glbimg.com/es/sde/f/2015/10/28/0d6f72aa30ad656d6aabc8efe3d2a517_FORMATO.jpeg", "clube": {"mercado": 1, "slug": "figueirense", "abreviacao": "fig", "id": 316, "nome": "figueirense"}, "status_id": 7, "jogos": 23, "scout": [{"quantidade": 24, "nome": "FS"}, {"quantidade": 54, "nome": "PE"}, {"quantidade": 4, "nome": "A"}, {"quantidade": 1, "nome": "G"}, {"quantidade": 18, "nome": "RB"}, {"quantidade": 26, "nome": "FC"}, {"quantidade": 6, "nome": "CA"}, {"quantidade": 4, "nome": "FF"}, {"quantidade": 5, "nome": "FD"}], "preco": "4.49", "partida_data": "18/11/2015", "variacao": "0.00", "id": 87747, "media": "1.60", "pontos": "0.00", "apelido": "Yago", "posicao": {"abreviacao": "MEI", "id": 4, "nome": "Meia"}, "partida_clube_visitante": {"mercado": 1, "slug": "figueirense", "abreviacao": "fig", "id": 316, "nome": "figueirense"}, "partida_clube_casa": {"mercado": 1, "slug": "ponte-preta", "abreviacao": "pon", "id": 303, "nome": "ponte preta"}}, {"status": "Prov\u00e1vel", "foto": "http://s.glbimg.com/es/sde/f/2015/10/27/9d6b7c2830d9e743cc26bbb8284e3078_FORMATO.jpeg", "clube": {"mercado": 1, "slug": "palmeiras", "abreviacao": "pal", "id": 275, "nome": "palmeiras"}, "status_id": 7, "jogos": 16, "scout": [{"quantidade": 2, "nome": "SG"}, {"quantidade": 11, "nome": "FS"}, {"quantidade": 32, "nome": "PE"}, {"quantidade": 2, "nome": "G"}, {"quantidade": 16, "nome": "RB"}, {"quantidade": 20, "nome": "FC"}, {"quantidade": 4, "nome": "CA"}, {"quantidade": 7, "nome": "FF"}], "preco": "4.42", "partida_data": "18/11/2015", "variacao": "-0.16", "id": 70934, "media": "2.25", "pontos": "-1.20", "apelido": "Jackson", "posicao": {"abreviacao": "ZAG", "id": 3, "nome": "Zagueiro"}, "partida_clube_visitante": {"mercado": 1, "slug": "palmeiras", "abreviacao": "pal", "id": 275, "nome": "palmeiras"}, "partida_clube_casa": {"mercado": 1, "slug": "atletico-pr", "abreviacao": "atl", "id": 293, "nome": "atl\u00e9tico-pr"}}, {"status": "Prov\u00e1vel", "foto": "http://s.glbimg.com/es/sde/f/2015/10/28/de9d654585e335ed2125ca878d5ffd12_FORMATO.png", "clube": {"mercado": 1, "slug": "fluminense", "abreviacao": "flu", "id": 266, "nome": "fluminense"}, "status_id": 7, "jogos": 26, "scout": [{"quantidade": 49, "nome": "FS"}, {"quantidade": 44, "nome": "PE"}, {"quantidade": 5, "nome": "G"}, {"quantidade": 6, "nome": "I"}, {"quantidade": 6, "nome": "RB"}, {"quantidade": 30, "nome": "FC"}, {"quantidade": 9, "nome": "CA"}, {"quantidade": 1, "nome": "CV"}, {"quantidade": 7, "nome": "FF"}, {"quantidade": 9, "nome": "FD"}], "preco": "4.41", "partida_data": "19/11/2015", "variacao": "0.71", "id": 80188, "media": "1.32", "pontos": "2.20", "apelido": "Marcos Junior", "posicao": {"abreviacao": "ATA", "id": 5, "nome": "Atacante"}, "partida_clube_visitante": {"mercado": 1, "slug": "fluminense", "abreviacao": "flu", "id": 266, "nome": "fluminense"}, "partida_clube_casa": {"mercado": 1, "slug": "gremio", "abreviacao": "gre", "id": 284, "nome": "gr\u00eamio"}}, {"status": "Prov\u00e1vel", "foto": "http://s.glbimg.com/es/sde/f/2015/07/27/68ec831080dc343882c7fb480f58c1a6_FORMATO.jpeg", "clube": {"mercado": 1, "slug": "joinville", "abreviacao": "jec", "id": 317, "nome": "joinville"}, "status_id": 7, "jogos": 27, "scout": [{"quantidade": 22, "nome": "FS"}, {"quantidade": 49, "nome": "PE"}, {"quantidade": 1, "nome": "A"}, {"quantidade": 6, "nome": "G"}, {"quantidade": 13, "nome": "I"}, {"quantidade": 20, "nome": "RB"}, {"quantidade": 63, "nome": "FC"}, {"quantidade": 6, "nome": "CA"}, {"quantidade": 17, "nome": "FF"}, {"quantidade": 12, "nome": "FD"}], "preco": "4.40", "partida_data": "18/11/2015", "variacao": "-0.06", "id": 62056, "media": "2.11", "pontos": "-2.00", "apelido": "Kempes", "posicao": {"abreviacao": "ATA", "id": 5, "nome": "Atacante"}, "partida_clube_visitante": {"mercado": 1, "slug": "joinville", "abreviacao": "jec", "id": 317, "nome": "joinville"}, "partida_clube_casa": {"mercado": 1, "slug": "avai", "abreviacao": "ava", "id": 314, "nome": "ava\u00ed"}}, {"status": "Nulo", "foto": "http://s.glbimg.com/es/sde/f/2015/10/27/55c4051e6dc9326a050fa5d25682c3a3_FORMATO.jpeg", "clube": {"mercado": 1, "slug": "palmeiras", "abreviacao": "pal", "id": 275, "nome": "palmeiras"}, "status_id": 6, "jogos": 20, "scout": [{"quantidade": 17, "nome": "FS"}, {"quantidade": 30, "nome": "PE"}, {"quantidade": 1, "nome": "A"}, {"quantidade": 25, "nome": "RB"}, {"quantidade": 37, "nome": "FC"}, {"quantidade": 3, "nome": "CA"}, {"quantidade": 3, "nome": "FF"}, {"quantidade": 1, "nome": "FD"}], "preco": "4.39", "partida_data": "18/11/2015", "variacao": "0.00", "id": 37718, "media": "1.28", "pontos": "0.00", "apelido": "Arouca", "posicao": {"abreviacao": "MEI", "id": 4, "nome": "Meia"}, "partida_clube_visitante": {"mercado": 1, "slug": "palmeiras", "abreviacao": "pal", "id": 275, "nome": "palmeiras"}, "partida_clube_casa": {"mercado": 1, "slug": "atletico-pr", "abreviacao": "atl", "id": 293, "nome": "atl\u00e9tico-pr"}}, {"status": "Nulo", "foto": null, "clube": {"mercado": 1, "slug": "gremio", "abreviacao": "gre", "id": 284, "nome": "gr\u00eamio"}, "status_id": 6, "jogos": 7, "scout": [{"quantidade": 7, "nome": "FS"}, {"quantidade": 12, "nome": "PE"}, {"quantidade": 1, "nome": "A"}, {"quantidade": 1, "nome": "G"}, {"quantidade": 1, "nome": "RB"}, {"quantidade": 2, "nome": "FD"}], "preco": "4.37", "partida_data": "19/11/2015", "variacao": "0.00", "id": 84530, "media": "2.37", "pontos": "0.00", "apelido": "Maxi Rodr\u00edguez", "posicao": {"abreviacao": "MEI", "id": 4, "nome": "Meia"}, "partida_clube_visitante": {"mercado": 1, "slug": "fluminense", "abreviacao": "flu", "id": 266, "nome": "fluminense"}, "partida_clube_casa": {"mercado": 1, "slug": "gremio", "abreviacao": "gre", "id": 284, "nome": "gr\u00eamio"}}, {"status": "Nulo", "foto": "http://s.glbimg.com/es/sde/f/2015/10/26/aa67c9f3b49a92291155fe8fce73e5a6_FORMATO.png", "clube": {"mercado": 1, "slug": "atletico-pr", "abreviacao": "atl", "id": 293, "nome": "atl\u00e9tico-pr"}, "status_id": 6, "jogos": 12, "scout": [{"quantidade": 2, "nome": "FS"}, {"quantidade": 26, "nome": "PE"}, {"quantidade": 2, "nome": "G"}, {"quantidade": 10, "nome": "RB"}, {"quantidade": 9, "nome": "FC"}, {"quantidade": 1, "nome": "CA"}, {"quantidade": 3, "nome": "FF"}, {"quantidade": 3, "nome": "FD"}], "preco": "4.36", "partida_data": "18/11/2015", "variacao": "0.00", "id": 86765, "media": "2.07", "pontos": "0.00", "apelido": "Bruno Mota", "posicao": {"abreviacao": "MEI", "id": 4, "nome": "Meia"}, "partida_clube_visitante": {"mercado": 1, "slug": "palmeiras", "abreviacao": "pal", "id": 275, "nome": "palmeiras"}, "partida_clube_casa": {"mercado": 1, "slug": "atletico-pr", "abreviacao": "atl", "id": 293, "nome": "atl\u00e9tico-pr"}}, {"status": "Contundido", "foto": "http://s.glbimg.com/es/sde/f/2015/10/28/c30a7fe9bdaf7212f45ae754a0d6c16c_FORMATO.jpeg", "clube": {"mercado": 1, "slug": "joinville", "abreviacao": "jec", "id": 317, "nome": "joinville"}, "status_id": 5, "jogos": 2, "scout": [{"quantidade": 3, "nome": "FS"}, {"quantidade": 2, "nome": "PE"}, {"quantidade": 1, "nome": "RB"}, {"quantidade": 4, "nome": "FC"}, {"quantidade": 1, "nome": "FF"}, {"quantidade": 1, "nome": "FD"}], "preco": "4.36", "partida_data": "18/11/2015", "variacao": "0.00", "id": 80576, "media": "1.15", "pontos": "0.00", "apelido": "Renato", "posicao": {"abreviacao": "MEI", "id": 4, "nome": "Meia"}, "partida_clube_visitante": {"mercado": 1, "slug": "joinville", "abreviacao": "jec", "id": 317, "nome": "joinville"}, "partida_clube_casa": {"mercado": 1, "slug": "avai", "abreviacao": "ava", "id": 314, "nome": "ava\u00ed"}}, {"status": "Nulo", "foto": "http://s.glbimg.com/es/sde/f/2015/10/28/9f6720cd0c9098e2c9ae7f961190b7d7_FORMATO.jpeg", "clube": {"mercado": 1, "slug": "fluminense", "abreviacao": "flu", "id": 266, "nome": "fluminense"}, "status_id": 6, "jogos": 5, "scout": [{"quantidade": 3, "nome": "SG"}, {"quantidade": 6, "nome": "FS"}, {"quantidade": 13, "nome": "PE"}, {"quantidade": 1, "nome": "A"}, {"quantidade": 5, "nome": "RB"}, {"quantidade": 5, "nome": "FC"}, {"quantidade": 1, "nome": "FF"}], "preco": "4.35", "partida_data": "19/11/2015", "variacao": "0.00", "id": 86411, "media": "5.16", "pontos": "0.00", "apelido": "Breno Lopes", "posicao": {"abreviacao": "LAT", "id": 2, "nome": "Lateral"}, "partida_clube_visitante": {"mercado": 1, "slug": "fluminense", "abreviacao": "flu", "id": 266, "nome": "fluminense"}, "partida_clube_casa": {"mercado": 1, "slug": "gremio", "abreviacao": "gre", "id": 284, "nome": "gr\u00eamio"}}, {"status": "Nulo", "foto": "http://s.glbimg.com/es/sde/f/2015/10/28/20465976fbbff334cdc33dae998e9bfe_FORMATO.jpeg", "clube": {"mercado": 1, "slug": "cruzeiro", "abreviacao": "cru", "id": 283, "nome": "cruzeiro"}, "status_id": 6, "jogos": 10, "scout": [{"quantidade": 5, "nome": "FS"}, {"quantidade": 7, "nome": "PE"}, {"quantidade": 1, "nome": "G"}, {"quantidade": 4, "nome": "I"}, {"quantidade": 1, "nome": "RB"}, {"quantidade": 5, "nome": "FC"}, {"quantidade": 1, "nome": "CA"}, {"quantidade": 3, "nome": "FF"}, {"quantidade": 1, "nome": "FD"}], "preco": "4.33", "partida_data": "15/11/2015", "variacao": "0.00", "id": 82787, "media": "0.67", "pontos": "0.00", "apelido": "Joel", "posicao": {"abreviacao": "ATA", "id": 5, "nome": "Atacante"}, "partida_clube_visitante": {"mercado": 1, "slug": "sport", "abreviacao": "spo", "id": 292, "nome": "sport"}, "partida_clube_casa": {"mercado": 1, "slug": "cruzeiro", "abreviacao": "cru", "id": 283, "nome": "cruzeiro"}}, {"status": "Prov\u00e1vel", "foto": "http://s.glbimg.com/es/sde/f/2015/10/30/ff9d82e0d76e6406c7c51cdb6ddb058a_FORMATO.png", "clube": {"mercado": 1, "slug": "coritiba", "abreviacao": "cor", "id": 294, "nome": "coritiba"}, "status_id": 7, "jogos": 12, "scout": [{"quantidade": 7, "nome": "SG"}, {"quantidade": 11, "nome": "FS"}, {"quantidade": 22, "nome": "PE"}, {"quantidade": 25, "nome": "RB"}, {"quantidade": 15, "nome": "FC"}, {"quantidade": 6, "nome": "CA"}, {"quantidade": 3, "nome": "FF"}, {"quantidade": 1, "nome": "FD"}], "preco": "4.32", "partida_data": "18/11/2015", "variacao": "0.00", "id": 73991, "media": "5.00", "pontos": "0.00", "apelido": "Walisson Maia", "posicao": {"abreviacao": "ZAG", "id": 3, "nome": "Zagueiro"}, "partida_clube_visitante": {"mercado": 1, "slug": "coritiba", "abreviacao": "cor", "id": 294, "nome": "coritiba"}, "partida_clube_casa": {"mercado": 1, "slug": "goias", "abreviacao": "goi", "id": 290, "nome": "goi\u00e1s"}}, {"status": "Contundido", "foto": "http://s.glbimg.com/es/sde/f/2015/10/28/a3c9f823b301cbfbf762449c0c959714_FORMATO.png", "clube": {"mercado": 1, "slug": "fluminense", "abreviacao": "flu", "id": 266, "nome": "fluminense"}, "status_id": 5, "jogos": 3, "scout": [{"quantidade": 2, "nome": "FS"}, {"quantidade": 3, "nome": "PE"}, {"quantidade": 5, "nome": "RB"}, {"quantidade": 1, "nome": "FC"}, {"quantidade": 2, "nome": "FD"}], "preco": "4.32", "partida_data": "19/11/2015", "variacao": "0.00", "id": 80400, "media": "3.37", "pontos": "0.00", "apelido": "Rafinha", "posicao": {"abreviacao": "MEI", "id": 4, "nome": "Meia"}, "partida_clube_visitante": {"mercado": 1, "slug": "fluminense", "abreviacao": "flu", "id": 266, "nome": "fluminense"}, "partida_clube_casa": {"mercado": 1, "slug": "gremio", "abreviacao": "gre", "id": 284, "nome": "gr\u00eamio"}}, {"status": "Nulo", "foto": "http://s.glbimg.com/es/sde/f/2015/10/27/ba59b01a3720d8a55ee68e5f366e1313_FORMATO.png", "clube": {"mercado": 1, "slug": "santos", "abreviacao": "san", "id": 277, "nome": "santos"}, "status_id": 6, "jogos": 4, "scout": [{"quantidade": 4, "nome": "FS"}, {"quantidade": 3, "nome": "PE"}, {"quantidade": 3, "nome": "RB"}, {"quantidade": 2, "nome": "FC"}, {"quantidade": 1, "nome": "CA"}], "preco": "4.32", "partida_data": "19/11/2015", "variacao": "0.00", "id": 89342, "media": "0.80", "pontos": "0.00", "apelido": "Caju", "posicao": {"abreviacao": "LAT", "id": 2, "nome": "Lateral"}, "partida_clube_visitante": {"mercado": 1, "slug": "flamengo", "abreviacao": "fla", "id": 262, "nome": "flamengo"}, "partida_clube_casa": {"mercado": 1, "slug": "santos", "abreviacao": "san", "id": 277, "nome": "santos"}}, {"status": "Nulo", "foto": "http://s.glbimg.com/es/sde/f/2014/06/08/7b5042c7703b92ad83a2d7c8207a5e86_FORMATO.jpeg", "clube": {"mercado": 1, "slug": "cruzeiro", "abreviacao": "cru", "id": 283, "nome": "cruzeiro"}, "status_id": 6, "jogos": 5, "scout": [{"quantidade": 2, "nome": "SG"}, {"quantidade": 2, "nome": "FS"}, {"quantidade": 20, "nome": "PE"}, {"quantidade": 5, "nome": "I"}, {"quantidade": 9, "nome": "RB"}, {"quantidade": 10, "nome": "FC"}, {"quantidade": 1, "nome": "CV"}], "preco": "4.27", "partida_data": "15/11/2015", "variacao": "0.00", "id": 77967, "media": "1.56", "pontos": "0.00", "apelido": "Mena", "posicao": {"abreviacao": "LAT", "id": 2, "nome": "Lateral"}, "partida_clube_visitante": {"mercado": 1, "slug": "sport", "abreviacao": "spo", "id": 292, "nome": "sport"}, "partida_clube_casa": {"mercado": 1, "slug": "cruzeiro", "abreviacao": "cru", "id": 283, "nome": "cruzeiro"}}, {"status": "Nulo", "foto": "http://s.glbimg.com/es/sde/f/2015/10/29/bd02e0594799aeb0283d3a26713cc466_FORMATO.png", "clube": {"mercado": 1, "slug": "flamengo", "abreviacao": "fla", "id": 262, "nome": "flamengo"}, "status_id": 6, "jogos": 13, "scout": [{"quantidade": 4, "nome": "SG"}, {"quantidade": 2, "nome": "FS"}, {"quantidade": 10, "nome": "PE"}, {"quantidade": 1, "nome": "CA"}, {"quantidade": 10, "nome": "DD"}, {"quantidade": 17, "nome": "GS"}], "preco": "4.27", "partida_data": "19/11/2015", "variacao": "0.00", "id": 78086, "media": "0.92", "pontos": "0.00", "apelido": "C\u00e9sar", "posicao": {"abreviacao": "GOL", "id": 1, "nome": "Goleiro"}, "partida_clube_visitante": {"mercado": 1, "slug": "flamengo", "abreviacao": "fla", "id": 262, "nome": "flamengo"}, "partida_clube_casa": {"mercado": 1, "slug": "santos", "abreviacao": "san", "id": 277, "nome": "santos"}}]}