{"rodada_id": 4, "page": {"atual": "29", "total": "41"}, "atleta": [{"status": "Nulo", "foto": "http://s.glbimg.com/es/sde/f/2015/01/14/188e35002e568bb5c434e3cfd6b3a543_FORMATO.jpeg", "clube": {"nome": "joinville", "escudo_pequeno": "http://s.glbimg.com/es/sde/f/organizacoes/2015/01/08/Joinville30.png", "id": 317, "mercado": 1, "abreviacao": "jec", "slug": "joinville"}, "status_id": 6, "media": "0.00", "pontos": "0.00", "apelido": "Kadu", "scout": [], "preco": "3.00", "posicao": {"abreviacao": "MEI", "id": 4, "nome": "Meia"}, "partida_clube_visitante": {"nome": "atl\u00e9tico-pr", "escudo_pequeno": "http://s.glbimg.com/es/sde/f/equipes/2013/12/16/atletico_pr_30x30.png", "id": 293, "mercado": 1, "abreviacao": "atl", "slug": "atletico-pr"}, "partida_data": "30/05/2015", "partida_clube_casa": {"nome": "joinville", "escudo_pequeno": "http://s.glbimg.com/es/sde/f/organizacoes/2015/01/08/Joinville30.png", "id": 317, "mercado": 1, "abreviacao": "jec", "slug": "joinville"}, "jogos": 0, "variacao": "0.00", "id": 90321}, {"status": "Nulo", "foto": "http://s.glbimg.com/es/sde/f/2013/01/21/45eea296c6ffce8a829f166ada5316d3_FORMATO.jpeg", "clube": {"nome": "gr\u00eamio", "escudo_pequeno": "http://s.glbimg.com/es/sde/f/equipes/2013/12/16/gremio_30x30.png", "id": 284, "mercado": 1, "abreviacao": "gre", "slug": "gremio"}, "status_id": 6, "media": "0.00", "pontos": "0.00", "apelido": "Marcelo Hermes", "scout": [], "preco": "3.00", "posicao": {"abreviacao": "LAT", "id": 2, "nome": "Lateral"}, "partida_clube_visitante": {"nome": "gr\u00eamio", "escudo_pequeno": "http://s.glbimg.com/es/sde/f/equipes/2013/12/16/gremio_30x30.png", "id": 284, "mercado": 1, "abreviacao": "gre", "slug": "gremio"}, "partida_data": "31/05/2015", "partida_clube_casa": {"nome": "goi\u00e1s", "escudo_pequeno": "http://s.glbimg.com/es/sde/f/equipes/2013/12/16/goias_30x30.png", "id": 290, "mercado": 1, "abreviacao": "goi", "slug": "goias"}, "jogos": 0, "variacao": "0.00", "id": 82639}, {"status": "Nulo", "foto": "http://s.glbimg.com/es/sde/f/2011/08/11/0b402fb5fd1a17b74e911a74e36e1de5_FORMATO.jpeg", "clube": {"nome": "ava\u00ed", "escudo_pequeno": "http://s.glbimg.com/es/sde/f/equipes/2013/12/16/avai_30x30.png", "id": 314, "mercado": 1, "abreviacao": "ava", "slug": "avai"}, "status_id": 6, "media": "0.00", "pontos": "0.00", "apelido": "Diego", "scout": [], "preco": "3.00", "posicao": {"abreviacao": "GOL", "id": 1, "nome": "Goleiro"}, "partida_clube_visitante": {"nome": "ava\u00ed", "escudo_pequeno": "http://s.glbimg.com/es/sde/f/equipes/2013/12/16/avai_30x30.png", "id": 314, "mercado": 1, "abreviacao": "ava", "slug": "avai"}, "partida_data": "30/05/2015", "partida_clube_casa": {"nome": "coritiba", "escudo_pequeno": "http://s.glbimg.com/es/sde/f/equipes/2013/12/16/coritiba_30x30.png", "id": 294, "mercado": 1, "abreviacao": "cor", "slug": "coritiba"}, "jogos": 0, "variacao": "0.00", "id": 37695}, {"status": "Nulo", "foto": "http://s.glbimg.com/es/sde/f/2015/03/08/f45774ffd84b893ea809c9cf77f7ae9a_FORMATO.jpeg", "clube": {"nome": "coritiba", "escudo_pequeno": "http://s.glbimg.com/es/sde/f/equipes/2013/12/16/coritiba_30x30.png", "id": 294, "mercado": 1, "abreviacao": "cor", "slug": "coritiba"}, "status_id": 6, "media": "0.00", "pontos": "0.00", "apelido": "Luccas Barreto", "scout": [], "preco": "3.00", "posicao": {"abreviacao": "MEI", "id": 4, "nome": "Meia"}, "partida_clube_visitante": {"nome": "ava\u00ed", "escudo_pequeno": "http://s.glbimg.com/es/sde/f/equipes/2013/12/16/avai_30x30.png", "id": 314, "mercado": 1, "abreviacao": "ava", "slug": "avai"}, "partida_data": "30/05/2015", "partida_clube_casa": {"nome": "coritiba", "escudo_pequeno": "http://s.glbimg.com/es/sde/f/equipes/2013/12/16/coritiba_30x30.png", "id": 294, "mercado": 1, "abreviacao": "cor", "slug": "coritiba"}, "jogos": 0, "variacao": "0.00", "id": 91323}, {"status": "Nulo", "foto": "http://s.glbimg.com/es/sde/f/2014/01/27/328f73ec9f006ffecd81f896c99a4d8b_FORMATO.png", "clube": {"nome": "atl\u00e9tico-pr", "escudo_pequeno": "http://s.glbimg.com/es/sde/f/equipes/2013/12/16/atletico_pr_30x30.png", "id": 293, "mercado": 1, "abreviacao": "atl", "slug": "atletico-pr"}, "status_id": 6, "media": "0.00", "pontos": "0.00", "apelido": "Jonatan Lucca", "scout": [], "preco": "3.00", "posicao": {"abreviacao": "MEI", "id": 4, "nome": "Meia"}, "partida_clube_visitante": {"nome": "atl\u00e9tico-pr", "escudo_pequeno": "http://s.glbimg.com/es/sde/f/equipes/2013/12/16/atletico_pr_30x30.png", "id": 293, "mercado": 1, "abreviacao": "atl", "slug": "atletico-pr"}, "partida_data": "30/05/2015", "partida_clube_casa": {"nome": "joinville", "escudo_pequeno": "http://s.glbimg.com/es/sde/f/organizacoes/2015/01/08/Joinville30.png", "id": 317, "mercado": 1, "abreviacao": "jec", "slug": "joinville"}, "jogos": 0, "variacao": "0.00", "id": 84707}, {"status": "Nulo", "foto": "http://s.glbimg.com/es/sde/f/2015/01/27/c27107243d07613277fcf90275d35930_FORMATO.png", "clube": {"nome": "atl\u00e9tico-pr", "escudo_pequeno": "http://s.glbimg.com/es/sde/f/equipes/2013/12/16/atletico_pr_30x30.png", "id": 293, "mercado": 1, "abreviacao": "atl", "slug": "atletico-pr"}, "status_id": 6, "media": "0.00", "pontos": "0.00", "apelido": "Guilherme Batata", "scout": [], "preco": "3.00", "posicao": {"abreviacao": "MEI", "id": 4, "nome": "Meia"}, "partida_clube_visitante": {"nome": "atl\u00e9tico-pr", "escudo_pequeno": "http://s.glbimg.com/es/sde/f/equipes/2013/12/16/atletico_pr_30x30.png", "id": 293, "mercado": 1, "abreviacao": "atl", "slug": "atletico-pr"}, "partida_data": "30/05/2015", "partida_clube_casa": {"nome": "joinville", "escudo_pequeno": "http://s.glbimg.com/es/sde/f/organizacoes/2015/01/08/Joinville30.png", "id": 317, "mercado": 1, "abreviacao": "jec", "slug": "joinville"}, "jogos": 0, "variacao": "0.00", "id": 73769}, {"status": "Nulo", "foto": "http://s.glbimg.com/es/sde/f/2015/04/10/21ae1e8e8e8f19ca2da0ac5917ef6b6d_FORMATO.jpeg", "clube": {"nome": "flamengo", "escudo_pequeno": "http://s.glbimg.com/es/sde/f/equipes/2013/12/16/flamengo_30x30.png", "id": 262, "mercado": 1, "abreviacao": "fla", "slug": "flamengo"}, "status_id": 6, "media": "0.00", "pontos": "0.00", "apelido": "Matheus S\u00e1vio", "scout": [], "preco": "3.00", "posicao": {"abreviacao": "ATA", "id": 5, "nome": "Atacante"}, "partida_clube_visitante": {"nome": "fluminense", "escudo_pequeno": "http://s.glbimg.com/es/sde/f/equipes/2015/05/05/fluminense-escudo-30x30.png", "id": 266, "mercado": 1, "abreviacao": "flu", "slug": "fluminense"}, "partida_data": "31/05/2015", "partida_clube_casa": {"nome": "flamengo", "escudo_pequeno": "http://s.glbimg.com/es/sde/f/equipes/2013/12/16/flamengo_30x30.png", "id": 262, "mercado": 1, "abreviacao": "fla", "slug": "flamengo"}, "jogos": 0, "variacao": "0.00", "id": 91264}, {"status": "Nulo", "foto": "http://s.glbimg.com/es/sde/f/2011/09/26/454f577aa260c89eea1ff053942a3fd9_FORMATO.jpeg", "clube": {"nome": "atl\u00e9tico-mg", "escudo_pequeno": "http://s.glbimg.com/es/sde/f/equipes/2013/12/16/atletico_mg_30x30.png", "id": 282, "mercado": 1, "abreviacao": "atl", "slug": "atletico-mg"}, "status_id": 6, "media": "0.00", "pontos": "0.00", "apelido": "Carlos Cesar", "scout": [], "preco": "3.00", "posicao": {"abreviacao": "LAT", "id": 2, "nome": "Lateral"}, "partida_clube_visitante": {"nome": "vasco", "escudo_pequeno": "http://s.glbimg.com/es/sde/f/equipes/2013/12/16/vasco_30x30.png", "id": 267, "mercado": 1, "abreviacao": "vas", "slug": "vasco"}, "partida_data": "31/05/2015", "partida_clube_casa": {"nome": "atl\u00e9tico-mg", "escudo_pequeno": "http://s.glbimg.com/es/sde/f/equipes/2013/12/16/atletico_mg_30x30.png", "id": 282, "mercado": 1, "abreviacao": "atl", "slug": "atletico-mg"}, "jogos": 0, "variacao": "0.00", "id": 61211}, {"status": "Nulo", "foto": "http://s.glbimg.com/es/sde/f/2011/08/10/e09b667b77f922a1be8d46eeaf2f9b58_FORMATO.jpeg", "clube": {"nome": "atl\u00e9tico-mg", "escudo_pequeno": "http://s.glbimg.com/es/sde/f/equipes/2013/12/16/atletico_mg_30x30.png", "id": 282, "mercado": 1, "abreviacao": "atl", "slug": "atletico-mg"}, "status_id": 6, "media": "0.00", "pontos": "0.00", "apelido": "Giovanni", "scout": [], "preco": "3.00", "posicao": {"abreviacao": "GOL", "id": 1, "nome": "Goleiro"}, "partida_clube_visitante": {"nome": "vasco", "escudo_pequeno": "http://s.glbimg.com/es/sde/f/equipes/2013/12/16/vasco_30x30.png", "id": 267, "mercado": 1, "abreviacao": "vas", "slug": "vasco"}, "partida_data": "31/05/2015", "partida_clube_casa": {"nome": "atl\u00e9tico-mg", "escudo_pequeno": "http://s.glbimg.com/es/sde/f/equipes/2013/12/16/atletico_mg_30x30.png", "id": 282, "mercado": 1, "abreviacao": "atl", "slug": "atletico-mg"}, "jogos": 0, "variacao": "0.00", "id": 68979}, {"status": "Contundido", "foto": "http://s.glbimg.com/es/sde/f/2015/01/19/7947c405813b04651aca585213e123a7_FORMATO.jpeg", "clube": {"nome": "atl\u00e9tico-mg", "escudo_pequeno": "http://s.glbimg.com/es/sde/f/equipes/2013/12/16/atletico_mg_30x30.png", "id": 282, "mercado": 1, "abreviacao": "atl", "slug": "atletico-mg"}, "status_id": 5, "media": "0.00", "pontos": "0.00", "apelido": "Lucas C\u00e2ndido", "scout": [], "preco": "3.00", "posicao": {"abreviacao": "MEI", "id": 4, "nome": "Meia"}, "partida_clube_visitante": {"nome": "vasco", "escudo_pequeno": "http://s.glbimg.com/es/sde/f/equipes/2013/12/16/vasco_30x30.png", "id": 267, "mercado": 1, "abreviacao": "vas", "slug": "vasco"}, "partida_data": "31/05/2015", "partida_clube_casa": {"nome": "atl\u00e9tico-mg", "escudo_pequeno": "http://s.glbimg.com/es/sde/f/equipes/2013/12/16/atletico_mg_30x30.png", "id": 282, "mercado": 1, "abreviacao": "atl", "slug": "atletico-mg"}, "jogos": 0, "variacao": "0.00", "id": 84851}, {"status": "Nulo", "foto": "http://s.glbimg.com/es/sde/f/2010/11/12/aa8a19a420a228b99a4e2899c0489f3f_FORMATO.jpeg", "clube": {"nome": "fluminense", "escudo_pequeno": "http://s.glbimg.com/es/sde/f/equipes/2015/05/05/fluminense-escudo-30x30.png", "id": 266, "mercado": 1, "abreviacao": "flu", "slug": "fluminense"}, "status_id": 6, "media": "0.00", "pontos": "0.00", "apelido": "Klever", "scout": [], "preco": "3.00", "posicao": {"abreviacao": "GOL", "id": 1, "nome": "Goleiro"}, "partida_clube_visitante": {"nome": "fluminense", "escudo_pequeno": "http://s.glbimg.com/es/sde/f/equipes/2015/05/05/fluminense-escudo-30x30.png", "id": 266, "mercado": 1, "abreviacao": "flu", "slug": "fluminense"}, "partida_data": "31/05/2015", "partida_clube_casa": {"nome": "flamengo", "escudo_pequeno": "http://s.glbimg.com/es/sde/f/equipes/2013/12/16/flamengo_30x30.png", "id": 262, "mercado": 1, "abreviacao": "fla", "slug": "flamengo"}, "jogos": 0, "variacao": "0.00", "id": 68884}, {"status": "Nulo", "foto": "http://s.glbimg.com/es/sde/f/2014/02/12/43628d02e86de10e28f5dba1b253804c_FORMATO.jpeg", "clube": {"nome": "figueirense", "escudo_pequeno": "http://s.glbimg.com/es/sde/f/equipes/2013/12/16/figueirense_30x30.png", "id": 316, "mercado": 1, "abreviacao": "fig", "slug": "figueirense"}, "status_id": 6, "media": "-0.55", "pontos": "0.00", "apelido": "Dudu", "scout": [{"quantidade": 2, "nome": "FS"}, {"quantidade": 2, "nome": "PE"}, {"quantidade": 1, "nome": "I"}, {"quantidade": 2, "nome": "FC"}], "preco": "3.00", "posicao": {"abreviacao": "ATA", "id": 5, "nome": "Atacante"}, "partida_clube_visitante": {"nome": "cruzeiro", "escudo_pequeno": "http://s.glbimg.com/es/sde/f/equipes/2015/04/29/cruzeiro_30.png", "id": 283, "mercado": 1, "abreviacao": "cru", "slug": "cruzeiro"}, "partida_data": "31/05/2015", "partida_clube_casa": {"nome": "figueirense", "escudo_pequeno": "http://s.glbimg.com/es/sde/f/equipes/2013/12/16/figueirense_30x30.png", "id": 316, "mercado": 1, "abreviacao": "fig", "slug": "figueirense"}, "jogos": 2, "variacao": "0.00", "id": 78967}, {"status": "Nulo", "foto": "http://s.glbimg.com/es/sde/f/2014/02/07/1ab4cd55edca0df7c155d1e5a823ec53_FORMATO.jpeg", "clube": {"nome": "ava\u00ed", "escudo_pequeno": "http://s.glbimg.com/es/sde/f/equipes/2013/12/16/avai_30x30.png", "id": 314, "mercado": 1, "abreviacao": "ava", "slug": "avai"}, "status_id": 6, "media": "0.00", "pontos": "0.00", "apelido": "Revson", "scout": [], "preco": "3.00", "posicao": {"abreviacao": "MEI", "id": 4, "nome": "Meia"}, "partida_clube_visitante": {"nome": "ava\u00ed", "escudo_pequeno": "http://s.glbimg.com/es/sde/f/equipes/2013/12/16/avai_30x30.png", "id": 314, "mercado": 1, "abreviacao": "ava", "slug": "avai"}, "partida_data": "30/05/2015", "partida_clube_casa": {"nome": "coritiba", "escudo_pequeno": "http://s.glbimg.com/es/sde/f/equipes/2013/12/16/coritiba_30x30.png", "id": 294, "mercado": 1, "abreviacao": "cor", "slug": "coritiba"}, "jogos": 0, "variacao": "0.00", "id": 73502}, {"status": "Nulo", "foto": "http://s.glbimg.com/es/sde/f/2011/09/21/9c79cc253522e74922a7aec34b3320de_FORMATO.jpeg", "clube": {"nome": "atl\u00e9tico-pr", "escudo_pequeno": "http://s.glbimg.com/es/sde/f/equipes/2013/12/16/atletico_pr_30x30.png", "id": 293, "mercado": 1, "abreviacao": "atl", "slug": "atletico-pr"}, "status_id": 6, "media": "0.00", "pontos": "0.00", "apelido": "Santos", "scout": [], "preco": "3.00", "posicao": {"abreviacao": "GOL", "id": 1, "nome": "Goleiro"}, "partida_clube_visitante": {"nome": "atl\u00e9tico-pr", "escudo_pequeno": "http://s.glbimg.com/es/sde/f/equipes/2013/12/16/atletico_pr_30x30.png", "id": 293, "mercado": 1, "abreviacao": "atl", "slug": "atletico-pr"}, "partida_data": "30/05/2015", "partida_clube_casa": {"nome": "joinville", "escudo_pequeno": "http://s.glbimg.com/es/sde/f/organizacoes/2015/01/08/Joinville30.png", "id": 317, "mercado": 1, "abreviacao": "jec", "slug": "joinville"}, "jogos": 0, "variacao": "0.00", "id": 69012}, {"status": "Nulo", "foto": "http://s.glbimg.com/es/sde/f/2015/03/04/65599e78159d7ce59ae3ee7ff6095475_FORMATO.png", "clube": {"nome": "atl\u00e9tico-pr", "escudo_pequeno": "http://s.glbimg.com/es/sde/f/equipes/2013/12/16/atletico_pr_30x30.png", "id": 293, "mercado": 1, "abreviacao": "atl", "slug": "atletico-pr"}, "status_id": 6, "media": "0.00", "pontos": "0.00", "apelido": "Crysan", "scout": [], "preco": "3.00", "posicao": {"abreviacao": "ATA", "id": 5, "nome": "Atacante"}, "partida_clube_visitante": {"nome": "atl\u00e9tico-pr", "escudo_pequeno": "http://s.glbimg.com/es/sde/f/equipes/2013/12/16/atletico_pr_30x30.png", "id": 293, "mercado": 1, "abreviacao": "atl", "slug": "atletico-pr"}, "partida_data": "30/05/2015", "partida_clube_casa": {"nome": "joinville", "escudo_pequeno": "http://s.glbimg.com/es/sde/f/organizacoes/2015/01/08/Joinville30.png", "id": 317, "mercado": 1, "abreviacao": "jec", "slug": "joinville"}, "jogos": 0, "variacao": "0.00", "id": 90406}, {"status": "Nulo", "foto": "http://s.glbimg.com/es/sde/f/2015/01/07/2c2730227f286dd73f4182e648da3d5f_FORMATO.jpeg", "clube": {"nome": "goi\u00e1s", "escudo_pequeno": "http://s.glbimg.com/es/sde/f/equipes/2013/12/16/goias_30x30.png", "id": 290, "mercado": 1, "abreviacao": "goi", "slug": "goias"}, "status_id": 6, "media": "0.00", "pontos": "0.00", "apelido": "J\u00fanior Lopes", "scout": [], "preco": "3.00", "posicao": {"abreviacao": "ZAG", "id": 3, "nome": "Zagueiro"}, "partida_clube_visitante": {"nome": "gr\u00eamio", "escudo_pequeno": "http://s.glbimg.com/es/sde/f/equipes/2013/12/16/gremio_30x30.png", "id": 284, "mercado": 1, "abreviacao": "gre", "slug": "gremio"}, "partida_data": "31/05/2015", "partida_clube_casa": {"nome": "goi\u00e1s", "escudo_pequeno": "http://s.glbimg.com/es/sde/f/equipes/2013/12/16/goias_30x30.png", "id": 290, "mercado": 1, "abreviacao": "goi", "slug": "goias"}, "jogos": 0, "variacao": "0.00", "id": 71784}, {"status": "Nulo", "foto": "http://s.glbimg.com/es/sde/f/2012/08/22/fe5e2da64a4e95cf81c229b03b154950_FORMATO.jpeg", "clube": {"nome": "palmeiras", "escudo_pequeno": "http://s.glbimg.com/es/sde/f/equipes/2013/12/16/palmeiras_30x30.png", "id": 275, "mercado": 1, "abreviacao": "pal", "slug": "palmeiras"}, "status_id": 6, "media": "0.00", "pontos": "0.00", "apelido": "Ryder", "scout": [], "preco": "3.00", "posicao": {"abreviacao": "MEI", "id": 4, "nome": "Meia"}, "partida_clube_visitante": {"nome": "palmeiras", "escudo_pequeno": "http://s.glbimg.com/es/sde/f/equipes/2013/12/16/palmeiras_30x30.png", "id": 275, "mercado": 1, "abreviacao": "pal", "slug": "palmeiras"}, "partida_data": "31/05/2015", "partida_clube_casa": {"nome": "corinthians", "escudo_pequeno": "http://s.glbimg.com/es/sde/f/equipes/2013/12/16/corinthians_30x30.png", "id": 264, "mercado": 1, "abreviacao": "cor", "slug": "corinthians"}, "jogos": 0, "variacao": "0.00", "id": 80721}, {"status": "Nulo", "foto": "http://s.glbimg.com/es/sde/f/2014/02/01/effcadc9561db28d0ae234458e00e720_FORMATO.jpeg", "clube": {"nome": "chapecoense", "escudo_pequeno": "http://s.glbimg.com/es/sde/f/equipes/2015/05/06/chapecoense_30x30.png", "id": 315, "mercado": 1, "abreviacao": "cha", "slug": "chapecoense"}, "status_id": 6, "media": "0.00", "pontos": "0.00", "apelido": "Caramelo", "scout": [], "preco": "3.00", "posicao": {"abreviacao": "LAT", "id": 2, "nome": "Lateral"}, "partida_clube_visitante": {"nome": "chapecoense", "escudo_pequeno": "http://s.glbimg.com/es/sde/f/equipes/2015/05/06/chapecoense_30x30.png", "id": 315, "mercado": 1, "abreviacao": "cha", "slug": "chapecoense"}, "partida_data": "30/05/2015", "partida_clube_casa": {"nome": "ponte preta", "escudo_pequeno": "http://s.glbimg.com/es/sde/f/equipes/2013/12/16/ponte_preta_30x30.png", "id": 303, "mercado": 1, "abreviacao": "pon", "slug": "ponte-preta"}, "jogos": 0, "variacao": "0.00", "id": 83760}, {"status": "Nulo", "foto": "http://s.glbimg.com/es/sde/f/2013/01/14/2f030414b6f520abcb2b006c9efb5071_FORMATO.jpeg", "clube": {"nome": "atl\u00e9tico-pr", "escudo_pequeno": "http://s.glbimg.com/es/sde/f/equipes/2013/12/16/atletico_pr_30x30.png", "id": 293, "mercado": 1, "abreviacao": "atl", "slug": "atletico-pr"}, "status_id": 6, "media": "0.00", "pontos": "0.00", "apelido": "Bruno Pelissari", "scout": [], "preco": "3.00", "posicao": {"abreviacao": "MEI", "id": 4, "nome": "Meia"}, "partida_clube_visitante": {"nome": "atl\u00e9tico-pr", "escudo_pequeno": "http://s.glbimg.com/es/sde/f/equipes/2013/12/16/atletico_pr_30x30.png", "id": 293, "mercado": 1, "abreviacao": "atl", "slug": "atletico-pr"}, "partida_data": "30/05/2015", "partida_clube_casa": {"nome": "joinville", "escudo_pequeno": "http://s.glbimg.com/es/sde/f/organizacoes/2015/01/08/Joinville30.png", "id": 317, "mercado": 1, "abreviacao": "jec", "slug": "joinville"}, "jogos": 0, "variacao": "0.00", "id": 82466}, {"status": "Nulo", "foto": "http://s.glbimg.com/es/sde/f/2015/03/15/0c01555760ff6bfffb86535151b98f91_FORMATO.jpeg", "clube": {"nome": "figueirense", "escudo_pequeno": "http://s.glbimg.com/es/sde/f/equipes/2013/12/16/figueirense_30x30.png", "id": 316, "mercado": 1, "abreviacao": "fig", "slug": "figueirense"}, "status_id": 6, "media": "0.00", "pontos": "0.00", "apelido": "Maicon Talhetti", "scout": [], "preco": "3.00", "posicao": {"abreviacao": "MEI", "id": 4, "nome": "Meia"}, "partida_clube_visitante": {"nome": "cruzeiro", "escudo_pequeno": "http://s.glbimg.com/es/sde/f/equipes/2015/04/29/cruzeiro_30.png", "id": 283, "mercado": 1, "abreviacao": "cru", "slug": "cruzeiro"}, "partida_data": "31/05/2015", "partida_clube_casa": {"nome": "figueirense", "escudo_pequeno": "http://s.glbimg.com/es/sde/f/equipes/2013/12/16/figueirense_30x30.png", "id": 316, "mercado": 1, "abreviacao": "fig", "slug": "figueirense"}, "jogos": 0, "variacao": "0.00", "id": 63096}]}