{"rodada_id": 4, "page": {"atual": "20", "total": "41"}, "atleta": [{"status": "Nulo", "foto": "http://s.glbimg.com/es/sde/f/2013/01/25/56f668a8a4c0478b93827d0c31964568_FORMATO.jpeg", "clube": {"nome": "gr\u00eamio", "escudo_pequeno": "http://s.glbimg.com/es/sde/f/equipes/2013/12/16/gremio_30x30.png", "id": 284, "mercado": 1, "abreviacao": "gre", "slug": "gremio"}, "status_id": 6, "media": "0.00", "pontos": "0.00", "apelido": "Matheus Biteco", "scout": [], "preco": "5.00", "posicao": {"abreviacao": "MEI", "id": 4, "nome": "Meia"}, "partida_clube_visitante": {"nome": "gr\u00eamio", "escudo_pequeno": "http://s.glbimg.com/es/sde/f/equipes/2013/12/16/gremio_30x30.png", "id": 284, "mercado": 1, "abreviacao": "gre", "slug": "gremio"}, "partida_data": "31/05/2015", "partida_clube_casa": {"nome": "goi\u00e1s", "escudo_pequeno": "http://s.glbimg.com/es/sde/f/equipes/2013/12/16/goias_30x30.png", "id": 290, "mercado": 1, "abreviacao": "goi", "slug": "goias"}, "jogos": 0, "variacao": "0.00", "id": 82703}, {"status": "Nulo", "foto": "http://s.glbimg.com/es/sde/f/2015/01/15/b37458155dfb82675403193346471712_FORMATO.jpeg", "clube": {"nome": "internacional", "escudo_pequeno": "http://s.glbimg.com/es/sde/f/equipes/2014/04/14/internacional_30x30.png", "id": 285, "mercado": 1, "abreviacao": "int", "slug": "internacional"}, "status_id": 6, "media": "0.00", "pontos": "0.00", "apelido": "Dida", "scout": [], "preco": "5.00", "posicao": {"abreviacao": "GOL", "id": 1, "nome": "Goleiro"}, "partida_clube_visitante": {"nome": "s\u00e3o paulo", "escudo_pequeno": "http://s.glbimg.com/es/sde/f/equipes/2013/12/16/sao_paulo_30x30.png", "id": 276, "mercado": 1, "abreviacao": "sao", "slug": "sao-paulo"}, "partida_data": "31/05/2015", "partida_clube_casa": {"nome": "internacional", "escudo_pequeno": "http://s.glbimg.com/es/sde/f/equipes/2014/04/14/internacional_30x30.png", "id": 285, "mercado": 1, "abreviacao": "int", "slug": "internacional"}, "jogos": 0, "variacao": "0.00", "id": 36443}, {"status": "Nulo", "foto": "http://s.glbimg.com/es/sde/f/2015/01/19/8b9a5e41de2911581499cf7408e0c306_FORMATO.jpeg", "clube": {"nome": "joinville", "escudo_pequeno": "http://s.glbimg.com/es/sde/f/organizacoes/2015/01/08/Joinville30.png", "id": 317, "mercado": 1, "abreviacao": "jec", "slug": "joinville"}, "status_id": 6, "media": "0.00", "pontos": "0.00", "apelido": "Renato", "scout": [], "preco": "5.00", "posicao": {"abreviacao": "MEI", "id": 4, "nome": "Meia"}, "partida_clube_visitante": {"nome": "atl\u00e9tico-pr", "escudo_pequeno": "http://s.glbimg.com/es/sde/f/equipes/2013/12/16/atletico_pr_30x30.png", "id": 293, "mercado": 1, "abreviacao": "atl", "slug": "atletico-pr"}, "partida_data": "30/05/2015", "partida_clube_casa": {"nome": "joinville", "escudo_pequeno": "http://s.glbimg.com/es/sde/f/organizacoes/2015/01/08/Joinville30.png", "id": 317, "mercado": 1, "abreviacao": "jec", "slug": "joinville"}, "jogos": 0, "variacao": "0.00", "id": 80576}, {"status": "Contundido", "foto": "http://s.glbimg.com/es/sde/f/2010/11/16/534d43222ec24932060e52c3b0086eda_FORMATO.jpeg", "clube": {"nome": "s\u00e3o paulo", "escudo_pequeno": "http://s.glbimg.com/es/sde/f/equipes/2013/12/16/sao_paulo_30x30.png", "id": 276, "mercado": 1, "abreviacao": "sao", "slug": "sao-paulo"}, "status_id": 5, "media": "0.00", "pontos": "0.00", "apelido": "Denis", "scout": [], "preco": "5.00", "posicao": {"abreviacao": "GOL", "id": 1, "nome": "Goleiro"}, "partida_clube_visitante": {"nome": "s\u00e3o paulo", "escudo_pequeno": "http://s.glbimg.com/es/sde/f/equipes/2013/12/16/sao_paulo_30x30.png", "id": 276, "mercado": 1, "abreviacao": "sao", "slug": "sao-paulo"}, "partida_data": "31/05/2015", "partida_clube_casa": {"nome": "internacional", "escudo_pequeno": "http://s.glbimg.com/es/sde/f/equipes/2014/04/14/internacional_30x30.png", "id": 285, "mercado": 1, "abreviacao": "int", "slug": "internacional"}, "jogos": 0, "variacao": "0.00", "id": 51175}, {"status": "Nulo", "foto": "http://s.glbimg.com/es/sde/f/2015/01/15/2f62c4a561f3ef0a0c30e23818096958_FORMATO.jpeg", "clube": {"nome": "vasco", "escudo_pequeno": "http://s.glbimg.com/es/sde/f/equipes/2013/12/16/vasco_30x30.png", "id": 267, "mercado": 1, "abreviacao": "vas", "slug": "vasco"}, "status_id": 6, "media": "0.00", "pontos": "0.00", "apelido": "Henrique ", "scout": [], "preco": "5.00", "posicao": {"abreviacao": "LAT", "id": 2, "nome": "Lateral"}, "partida_clube_visitante": {"nome": "vasco", "escudo_pequeno": "http://s.glbimg.com/es/sde/f/equipes/2013/12/16/vasco_30x30.png", "id": 267, "mercado": 1, "abreviacao": "vas", "slug": "vasco"}, "partida_data": "31/05/2015", "partida_clube_casa": {"nome": "atl\u00e9tico-mg", "escudo_pequeno": "http://s.glbimg.com/es/sde/f/equipes/2013/12/16/atletico_mg_30x30.png", "id": 282, "mercado": 1, "abreviacao": "atl", "slug": "atletico-mg"}, "jogos": 0, "variacao": "0.00", "id": 84893}, {"status": "Nulo", "foto": "http://s.glbimg.com/es/sde/f/2013/06/05/653354c5f31849f3bba79c6415f3de68_FORMATO.jpeg", "clube": {"nome": "s\u00e3o paulo", "escudo_pequeno": "http://s.glbimg.com/es/sde/f/equipes/2013/12/16/sao_paulo_30x30.png", "id": 276, "mercado": 1, "abreviacao": "sao", "slug": "sao-paulo"}, "status_id": 6, "media": "0.00", "pontos": "0.00", "apelido": "Edson Silva", "scout": [], "preco": "5.00", "posicao": {"abreviacao": "ZAG", "id": 3, "nome": "Zagueiro"}, "partida_clube_visitante": {"nome": "s\u00e3o paulo", "escudo_pequeno": "http://s.glbimg.com/es/sde/f/equipes/2013/12/16/sao_paulo_30x30.png", "id": 276, "mercado": 1, "abreviacao": "sao", "slug": "sao-paulo"}, "partida_data": "31/05/2015", "partida_clube_casa": {"nome": "internacional", "escudo_pequeno": "http://s.glbimg.com/es/sde/f/equipes/2014/04/14/internacional_30x30.png", "id": 285, "mercado": 1, "abreviacao": "int", "slug": "internacional"}, "jogos": 0, "variacao": "0.00", "id": 71507}, {"status": "Nulo", "foto": "http://s.glbimg.com/es/sde/f/2015/05/07/b03a8583b74f92326ba22cc836002e80_FORMATO.jpeg", "clube": {"nome": "ponte preta", "escudo_pequeno": "http://s.glbimg.com/es/sde/f/equipes/2013/12/16/ponte_preta_30x30.png", "id": 303, "mercado": 1, "abreviacao": "pon", "slug": "ponte-preta"}, "status_id": 6, "media": "0.00", "pontos": "0.00", "apelido": "Leandro", "scout": [], "preco": "5.00", "posicao": {"abreviacao": "ATA", "id": 5, "nome": "Atacante"}, "partida_clube_visitante": {"nome": "chapecoense", "escudo_pequeno": "http://s.glbimg.com/es/sde/f/equipes/2015/05/06/chapecoense_30x30.png", "id": 315, "mercado": 1, "abreviacao": "cha", "slug": "chapecoense"}, "partida_data": "30/05/2015", "partida_clube_casa": {"nome": "ponte preta", "escudo_pequeno": "http://s.glbimg.com/es/sde/f/equipes/2013/12/16/ponte_preta_30x30.png", "id": 303, "mercado": 1, "abreviacao": "pon", "slug": "ponte-preta"}, "jogos": 0, "variacao": "0.00", "id": 91702}, {"status": "Nulo", "foto": "http://s.glbimg.com/es/sde/f/2014/10/14/46ca4b97705cd9e3b03b2f7e80292b93_FORMATO.png", "clube": {"nome": "santos", "escudo_pequeno": "http://s.glbimg.com/es/sde/f/equipes/2013/12/16/santos_30x30.png", "id": 277, "mercado": 1, "abreviacao": "san", "slug": "santos"}, "status_id": 6, "media": "0.00", "pontos": "0.00", "apelido": "Caju", "scout": [], "preco": "5.00", "posicao": {"abreviacao": "LAT", "id": 2, "nome": "Lateral"}, "partida_clube_visitante": {"nome": "sport", "escudo_pequeno": "http://s.glbimg.com/es/sde/f/equipes/2014/09/15/sport_30x30.png", "id": 292, "mercado": 1, "abreviacao": "spo", "slug": "sport"}, "partida_data": "31/05/2015", "partida_clube_casa": {"nome": "santos", "escudo_pequeno": "http://s.glbimg.com/es/sde/f/equipes/2013/12/16/santos_30x30.png", "id": 277, "mercado": 1, "abreviacao": "san", "slug": "santos"}, "jogos": 0, "variacao": "0.00", "id": 89342}, {"status": "Nulo", "foto": "http://s.glbimg.com/es/sde/f/2014/03/13/2201d73e637347e8198e9cf0875f957a_FORMATO.jpeg", "clube": {"nome": "santos", "escudo_pequeno": "http://s.glbimg.com/es/sde/f/equipes/2013/12/16/santos_30x30.png", "id": 277, "mercado": 1, "abreviacao": "san", "slug": "santos"}, "status_id": 6, "media": "0.00", "pontos": "0.00", "apelido": "Diego Cardoso", "scout": [], "preco": "5.00", "posicao": {"abreviacao": "ATA", "id": 5, "nome": "Atacante"}, "partida_clube_visitante": {"nome": "sport", "escudo_pequeno": "http://s.glbimg.com/es/sde/f/equipes/2014/09/15/sport_30x30.png", "id": 292, "mercado": 1, "abreviacao": "spo", "slug": "sport"}, "partida_data": "31/05/2015", "partida_clube_casa": {"nome": "santos", "escudo_pequeno": "http://s.glbimg.com/es/sde/f/equipes/2013/12/16/santos_30x30.png", "id": 277, "mercado": 1, "abreviacao": "san", "slug": "santos"}, "jogos": 0, "variacao": "0.00", "id": 86837}, {"status": "Nulo", "foto": "http://s.glbimg.com/es/sde/f/2015/05/07/8a109642036238bc73a036e9ff926474_FORMATO.jpeg", "clube": {"nome": "ponte preta", "escudo_pequeno": "http://s.glbimg.com/es/sde/f/equipes/2013/12/16/ponte_preta_30x30.png", "id": 303, "mercado": 1, "abreviacao": "pon", "slug": "ponte-preta"}, "status_id": 6, "media": "0.00", "pontos": "0.00", "apelido": "Rodrigo Biro", "scout": [], "preco": "5.00", "posicao": {"abreviacao": "LAT", "id": 2, "nome": "Lateral"}, "partida_clube_visitante": {"nome": "chapecoense", "escudo_pequeno": "http://s.glbimg.com/es/sde/f/equipes/2015/05/06/chapecoense_30x30.png", "id": 315, "mercado": 1, "abreviacao": "cha", "slug": "chapecoense"}, "partida_data": "30/05/2015", "partida_clube_casa": {"nome": "ponte preta", "escudo_pequeno": "http://s.glbimg.com/es/sde/f/equipes/2013/12/16/ponte_preta_30x30.png", "id": 303, "mercado": 1, "abreviacao": "pon", "slug": "ponte-preta"}, "jogos": 0, "variacao": "0.00", "id": 82525}, {"status": "Nulo", "foto": "http://s.glbimg.com/es/sde/f/2015/01/05/6ccbba60986fe41cc8e5bbfbef085326_FORMATO.jpeg", "clube": {"nome": "coritiba", "escudo_pequeno": "http://s.glbimg.com/es/sde/f/equipes/2013/12/16/coritiba_30x30.png", "id": 294, "mercado": 1, "abreviacao": "cor", "slug": "coritiba"}, "status_id": 6, "media": "0.00", "pontos": "0.00", "apelido": "Giva", "scout": [], "preco": "5.00", "posicao": {"abreviacao": "ATA", "id": 5, "nome": "Atacante"}, "partida_clube_visitante": {"nome": "ava\u00ed", "escudo_pequeno": "http://s.glbimg.com/es/sde/f/equipes/2013/12/16/avai_30x30.png", "id": 314, "mercado": 1, "abreviacao": "ava", "slug": "avai"}, "partida_data": "30/05/2015", "partida_clube_casa": {"nome": "coritiba", "escudo_pequeno": "http://s.glbimg.com/es/sde/f/equipes/2013/12/16/coritiba_30x30.png", "id": 294, "mercado": 1, "abreviacao": "cor", "slug": "coritiba"}, "jogos": 0, "variacao": "0.00", "id": 83255}, {"status": "Nulo", "foto": "http://s.glbimg.com/es/sde/f/2012/09/13/c44d29f4098b368843a2bdffe6b303f6_FORMATO.jpeg", "clube": {"nome": "ava\u00ed", "escudo_pequeno": "http://s.glbimg.com/es/sde/f/equipes/2013/12/16/avai_30x30.png", "id": 314, "mercado": 1, "abreviacao": "ava", "slug": "avai"}, "status_id": 6, "media": "0.00", "pontos": "0.00", "apelido": "Bruno Mendes", "scout": [], "preco": "5.00", "posicao": {"abreviacao": "ATA", "id": 5, "nome": "Atacante"}, "partida_clube_visitante": {"nome": "ava\u00ed", "escudo_pequeno": "http://s.glbimg.com/es/sde/f/equipes/2013/12/16/avai_30x30.png", "id": 314, "mercado": 1, "abreviacao": "ava", "slug": "avai"}, "partida_data": "30/05/2015", "partida_clube_casa": {"nome": "coritiba", "escudo_pequeno": "http://s.glbimg.com/es/sde/f/equipes/2013/12/16/coritiba_30x30.png", "id": 294, "mercado": 1, "abreviacao": "cor", "slug": "coritiba"}, "jogos": 0, "variacao": "0.00", "id": 78977}, {"status": "Nulo", "foto": "http://s.glbimg.com/es/sde/f/2014/08/01/8921a5cfe16491ea6766d98c7f24ff76_FORMATO.jpeg", "clube": {"nome": "cruzeiro", "escudo_pequeno": "http://s.glbimg.com/es/sde/f/equipes/2015/04/29/cruzeiro_30.png", "id": 283, "mercado": 1, "abreviacao": "cru", "slug": "cruzeiro"}, "status_id": 6, "media": "0.00", "pontos": "0.00", "apelido": "Douglas Grolli", "scout": [], "preco": "5.00", "posicao": {"abreviacao": "ZAG", "id": 3, "nome": "Zagueiro"}, "partida_clube_visitante": {"nome": "cruzeiro", "escudo_pequeno": "http://s.glbimg.com/es/sde/f/equipes/2015/04/29/cruzeiro_30.png", "id": 283, "mercado": 1, "abreviacao": "cru", "slug": "cruzeiro"}, "partida_data": "31/05/2015", "partida_clube_casa": {"nome": "figueirense", "escudo_pequeno": "http://s.glbimg.com/es/sde/f/equipes/2013/12/16/figueirense_30x30.png", "id": 316, "mercado": 1, "abreviacao": "fig", "slug": "figueirense"}, "jogos": 0, "variacao": "0.00", "id": 78407}, {"status": "Nulo", "foto": "http://s.glbimg.com/es/sde/f/2015/01/20/b088b3c467fde6691287df16d2fca4a4_FORMATO.jpeg", "clube": {"nome": "ava\u00ed", "escudo_pequeno": "http://s.glbimg.com/es/sde/f/equipes/2013/12/16/avai_30x30.png", "id": 314, "mercado": 1, "abreviacao": "ava", "slug": "avai"}, "status_id": 6, "media": "0.00", "pontos": "0.00", "apelido": "Claudinei", "scout": [], "preco": "5.00", "posicao": {"abreviacao": "MEI", "id": 4, "nome": "Meia"}, "partida_clube_visitante": {"nome": "ava\u00ed", "escudo_pequeno": "http://s.glbimg.com/es/sde/f/equipes/2013/12/16/avai_30x30.png", "id": 314, "mercado": 1, "abreviacao": "ava", "slug": "avai"}, "partida_data": "30/05/2015", "partida_clube_casa": {"nome": "coritiba", "escudo_pequeno": "http://s.glbimg.com/es/sde/f/equipes/2013/12/16/coritiba_30x30.png", "id": 294, "mercado": 1, "abreviacao": "cor", "slug": "coritiba"}, "jogos": 0, "variacao": "0.00", "id": 73863}, {"status": "Suspenso", "foto": "http://s.glbimg.com/es/sde/f/2012/01/11/63510179beccf5801c579246e16f3752_FORMATO.jpeg", "clube": {"nome": "goi\u00e1s", "escudo_pequeno": "http://s.glbimg.com/es/sde/f/equipes/2013/12/16/goias_30x30.png", "id": 290, "mercado": 1, "abreviacao": "goi", "slug": "goias"}, "status_id": 3, "media": "0.00", "pontos": "0.00", "apelido": "Diogo Goiano", "scout": [], "preco": "5.00", "posicao": {"abreviacao": "LAT", "id": 2, "nome": "Lateral"}, "partida_clube_visitante": {"nome": "gr\u00eamio", "escudo_pequeno": "http://s.glbimg.com/es/sde/f/equipes/2013/12/16/gremio_30x30.png", "id": 284, "mercado": 1, "abreviacao": "gre", "slug": "gremio"}, "partida_data": "31/05/2015", "partida_clube_casa": {"nome": "goi\u00e1s", "escudo_pequeno": "http://s.glbimg.com/es/sde/f/equipes/2013/12/16/goias_30x30.png", "id": 290, "mercado": 1, "abreviacao": "goi", "slug": "goias"}, "jogos": 0, "variacao": "0.00", "id": 70916}, {"status": "Nulo", "foto": "http://s.glbimg.com/es/sde/f/2015/01/11/ec2256fa0d471e1683932dbd77e1e5fc_FORMATO.jpeg", "clube": {"nome": "joinville", "escudo_pequeno": "http://s.glbimg.com/es/sde/f/organizacoes/2015/01/08/Joinville30.png", "id": 317, "mercado": 1, "abreviacao": "jec", "slug": "joinville"}, "status_id": 6, "media": "0.00", "pontos": "0.00", "apelido": "Dr\u00e1usio", "scout": [], "preco": "5.00", "posicao": {"abreviacao": "ZAG", "id": 3, "nome": "Zagueiro"}, "partida_clube_visitante": {"nome": "atl\u00e9tico-pr", "escudo_pequeno": "http://s.glbimg.com/es/sde/f/equipes/2013/12/16/atletico_pr_30x30.png", "id": 293, "mercado": 1, "abreviacao": "atl", "slug": "atletico-pr"}, "partida_data": "30/05/2015", "partida_clube_casa": {"nome": "joinville", "escudo_pequeno": "http://s.glbimg.com/es/sde/f/organizacoes/2015/01/08/Joinville30.png", "id": 317, "mercado": 1, "abreviacao": "jec", "slug": "joinville"}, "jogos": 0, "variacao": "0.00", "id": 78648}, {"status": "Nulo", "foto": "http://s.glbimg.com/es/sde/f/2015/05/07/44d83aa1c2dad91e47e38d851bf0b69f_FORMATO.jpeg", "clube": {"nome": "ponte preta", "escudo_pequeno": "http://s.glbimg.com/es/sde/f/equipes/2013/12/16/ponte_preta_30x30.png", "id": 303, "mercado": 1, "abreviacao": "pon", "slug": "ponte-preta"}, "status_id": 6, "media": "0.00", "pontos": "0.00", "apelido": "Matheus In\u00e1cio", "scout": [], "preco": "5.00", "posicao": {"abreviacao": "GOL", "id": 1, "nome": "Goleiro"}, "partida_clube_visitante": {"nome": "chapecoense", "escudo_pequeno": "http://s.glbimg.com/es/sde/f/equipes/2015/05/06/chapecoense_30x30.png", "id": 315, "mercado": 1, "abreviacao": "cha", "slug": "chapecoense"}, "partida_data": "30/05/2015", "partida_clube_casa": {"nome": "ponte preta", "escudo_pequeno": "http://s.glbimg.com/es/sde/f/equipes/2013/12/16/ponte_preta_30x30.png", "id": 303, "mercado": 1, "abreviacao": "pon", "slug": "ponte-preta"}, "jogos": 0, "variacao": "0.00", "id": 80394}, {"status": "Nulo", "foto": "http://s.glbimg.com/es/sde/f/2012/09/19/e61e1b9c3a92aaa838297e6338df78e6_FORMATO.jpeg", "clube": {"nome": "chapecoense", "escudo_pequeno": "http://s.glbimg.com/es/sde/f/equipes/2015/05/06/chapecoense_30x30.png", "id": 315, "mercado": 1, "abreviacao": "cha", "slug": "chapecoense"}, "status_id": 6, "media": "0.00", "pontos": "0.00", "apelido": "Neto", "scout": [], "preco": "5.00", "posicao": {"abreviacao": "ZAG", "id": 3, "nome": "Zagueiro"}, "partida_clube_visitante": {"nome": "chapecoense", "escudo_pequeno": "http://s.glbimg.com/es/sde/f/equipes/2015/05/06/chapecoense_30x30.png", "id": 315, "mercado": 1, "abreviacao": "cha", "slug": "chapecoense"}, "partida_data": "30/05/2015", "partida_clube_casa": {"nome": "ponte preta", "escudo_pequeno": "http://s.glbimg.com/es/sde/f/equipes/2013/12/16/ponte_preta_30x30.png", "id": 303, "mercado": 1, "abreviacao": "pon", "slug": "ponte-preta"}, "jogos": 0, "variacao": "0.00", "id": 69008}, {"status": "Nulo", "foto": "http://s.glbimg.com/es/sde/f/2010/11/17/547a6acf7e52e757591d13c52b544856_FORMATO.jpeg", "clube": {"nome": "palmeiras", "escudo_pequeno": "http://s.glbimg.com/es/sde/f/equipes/2013/12/16/palmeiras_30x30.png", "id": 275, "mercado": 1, "abreviacao": "pal", "slug": "palmeiras"}, "status_id": 6, "media": "0.00", "pontos": "0.00", "apelido": "Arouca", "scout": [], "preco": "5.00", "posicao": {"abreviacao": "MEI", "id": 4, "nome": "Meia"}, "partida_clube_visitante": {"nome": "palmeiras", "escudo_pequeno": "http://s.glbimg.com/es/sde/f/equipes/2013/12/16/palmeiras_30x30.png", "id": 275, "mercado": 1, "abreviacao": "pal", "slug": "palmeiras"}, "partida_data": "31/05/2015", "partida_clube_casa": {"nome": "corinthians", "escudo_pequeno": "http://s.glbimg.com/es/sde/f/equipes/2013/12/16/corinthians_30x30.png", "id": 264, "mercado": 1, "abreviacao": "cor", "slug": "corinthians"}, "jogos": 0, "variacao": "0.00", "id": 37718}, {"status": "Nulo", "foto": "http://s.glbimg.com/es/sde/f/2015/01/29/0fb96a9fd86a1cb158ac36fe6a06cf95_FORMATO.png", "clube": {"nome": "gr\u00eamio", "escudo_pequeno": "http://s.glbimg.com/es/sde/f/equipes/2013/12/16/gremio_30x30.png", "id": 284, "mercado": 1, "abreviacao": "gre", "slug": "gremio"}, "status_id": 6, "media": "0.00", "pontos": "0.00", "apelido": "Vitinho", "scout": [], "preco": "5.00", "posicao": {"abreviacao": "ATA", "id": 5, "nome": "Atacante"}, "partida_clube_visitante": {"nome": "gr\u00eamio", "escudo_pequeno": "http://s.glbimg.com/es/sde/f/equipes/2013/12/16/gremio_30x30.png", "id": 284, "mercado": 1, "abreviacao": "gre", "slug": "gremio"}, "partida_data": "31/05/2015", "partida_clube_casa": {"nome": "goi\u00e1s", "escudo_pequeno": "http://s.glbimg.com/es/sde/f/equipes/2013/12/16/goias_30x30.png", "id": 290, "mercado": 1, "abreviacao": "goi", "slug": "goias"}, "jogos": 0, "variacao": "0.00", "id": 82653}]}