{"rodada_id": 4, "page": {"atual": "37", "total": "41"}, "atleta": [{"status": "Nulo", "foto": "http://s.glbimg.com/es/sde/f/2014/03/27/1431c69e4602d89c293a653a57fe05d8_FORMATO.jpeg", "clube": {"nome": "fluminense", "escudo_pequeno": "http://s.glbimg.com/es/sde/f/equipes/2015/05/05/fluminense-escudo-30x30.png", "id": 266, "mercado": 1, "abreviacao": "flu", "slug": "fluminense"}, "status_id": 6, "media": "0.00", "pontos": "0.00", "apelido": "Pablo Dyego", "scout": [], "preco": "1.00", "posicao": {"abreviacao": "ATA", "id": 5, "nome": "Atacante"}, "partida_clube_visitante": {"nome": "fluminense", "escudo_pequeno": "http://s.glbimg.com/es/sde/f/equipes/2015/05/05/fluminense-escudo-30x30.png", "id": 266, "mercado": 1, "abreviacao": "flu", "slug": "fluminense"}, "partida_data": "31/05/2015", "partida_clube_casa": {"nome": "flamengo", "escudo_pequeno": "http://s.glbimg.com/es/sde/f/equipes/2013/12/16/flamengo_30x30.png", "id": 262, "mercado": 1, "abreviacao": "fla", "slug": "flamengo"}, "jogos": 0, "variacao": "0.00", "id": 86444}, {"status": "Nulo", "foto": "http://s.glbimg.com/es/sde/f/2015/02/20/8d668a8b8b41e47273285ed0157ea9da_FORMATO.jpeg", "clube": {"nome": "fluminense", "escudo_pequeno": "http://s.glbimg.com/es/sde/f/equipes/2015/05/05/fluminense-escudo-30x30.png", "id": 266, "mercado": 1, "abreviacao": "flu", "slug": "fluminense"}, "status_id": 6, "media": "0.00", "pontos": "0.00", "apelido": "Bruninho", "scout": [], "preco": "1.00", "posicao": {"abreviacao": "ATA", "id": 5, "nome": "Atacante"}, "partida_clube_visitante": {"nome": "fluminense", "escudo_pequeno": "http://s.glbimg.com/es/sde/f/equipes/2015/05/05/fluminense-escudo-30x30.png", "id": 266, "mercado": 1, "abreviacao": "flu", "slug": "fluminense"}, "partida_data": "31/05/2015", "partida_clube_casa": {"nome": "flamengo", "escudo_pequeno": "http://s.glbimg.com/es/sde/f/equipes/2013/12/16/flamengo_30x30.png", "id": 262, "mercado": 1, "abreviacao": "fla", "slug": "flamengo"}, "jogos": 0, "variacao": "0.00", "id": 91128}, {"status": "Nulo", "foto": "http://s.glbimg.com/es/sde/f/2015/01/15/36ca70d6a800ae5a7b33483691bae83a_FORMATO.jpeg", "clube": {"nome": "fluminense", "escudo_pequeno": "http://s.glbimg.com/es/sde/f/equipes/2015/05/05/fluminense-escudo-30x30.png", "id": 266, "mercado": 1, "abreviacao": "flu", "slug": "fluminense"}, "status_id": 6, "media": "0.00", "pontos": "0.00", "apelido": "Bryan Olivera", "scout": [], "preco": "1.00", "posicao": {"abreviacao": "MEI", "id": 4, "nome": "Meia"}, "partida_clube_visitante": {"nome": "fluminense", "escudo_pequeno": "http://s.glbimg.com/es/sde/f/equipes/2015/05/05/fluminense-escudo-30x30.png", "id": 266, "mercado": 1, "abreviacao": "flu", "slug": "fluminense"}, "partida_data": "31/05/2015", "partida_clube_casa": {"nome": "flamengo", "escudo_pequeno": "http://s.glbimg.com/es/sde/f/equipes/2013/12/16/flamengo_30x30.png", "id": 262, "mercado": 1, "abreviacao": "fla", "slug": "flamengo"}, "jogos": 0, "variacao": "0.00", "id": 90311}, {"status": "Nulo", "foto": "http://s.glbimg.com/es/sde/f/2014/02/10/e4a6ee5f45f71301c2a2b4708d0817f1_FORMATO.jpeg", "clube": {"nome": "joinville", "escudo_pequeno": "http://s.glbimg.com/es/sde/f/organizacoes/2015/01/08/Joinville30.png", "id": 317, "mercado": 1, "abreviacao": "jec", "slug": "joinville"}, "status_id": 6, "media": "0.00", "pontos": "0.00", "apelido": "Jhonatan", "scout": [], "preco": "1.00", "posicao": {"abreviacao": "GOL", "id": 1, "nome": "Goleiro"}, "partida_clube_visitante": {"nome": "atl\u00e9tico-pr", "escudo_pequeno": "http://s.glbimg.com/es/sde/f/equipes/2013/12/16/atletico_pr_30x30.png", "id": 293, "mercado": 1, "abreviacao": "atl", "slug": "atletico-pr"}, "partida_data": "30/05/2015", "partida_clube_casa": {"nome": "joinville", "escudo_pequeno": "http://s.glbimg.com/es/sde/f/organizacoes/2015/01/08/Joinville30.png", "id": 317, "mercado": 1, "abreviacao": "jec", "slug": "joinville"}, "jogos": 0, "variacao": "0.00", "id": 80328}, {"status": "Nulo", "foto": "http://s.glbimg.com/es/sde/f/2015/05/07/ef04f81b8772a9e6cd8b32fa9162fb11_FORMATO.jpeg", "clube": {"nome": "ponte preta", "escudo_pequeno": "http://s.glbimg.com/es/sde/f/equipes/2013/12/16/ponte_preta_30x30.png", "id": 303, "mercado": 1, "abreviacao": "pon", "slug": "ponte-preta"}, "status_id": 6, "media": "0.00", "pontos": "0.00", "apelido": "Jeferson", "scout": [], "preco": "1.00", "posicao": {"abreviacao": "LAT", "id": 2, "nome": "Lateral"}, "partida_clube_visitante": {"nome": "chapecoense", "escudo_pequeno": "http://s.glbimg.com/es/sde/f/equipes/2015/05/06/chapecoense_30x30.png", "id": 315, "mercado": 1, "abreviacao": "cha", "slug": "chapecoense"}, "partida_data": "30/05/2015", "partida_clube_casa": {"nome": "ponte preta", "escudo_pequeno": "http://s.glbimg.com/es/sde/f/equipes/2013/12/16/ponte_preta_30x30.png", "id": 303, "mercado": 1, "abreviacao": "pon", "slug": "ponte-preta"}, "jogos": 0, "variacao": "0.00", "id": 84917}, {"status": "Nulo", "foto": "http://s.glbimg.com/es/sde/f/2014/07/23/b90396ce55aacbd167383b9596528fe2_FORMATO.jpeg", "clube": {"nome": "palmeiras", "escudo_pequeno": "http://s.glbimg.com/es/sde/f/equipes/2013/12/16/palmeiras_30x30.png", "id": 275, "mercado": 1, "abreviacao": "pal", "slug": "palmeiras"}, "status_id": 6, "media": "0.00", "pontos": "0.00", "apelido": "Jailson", "scout": [], "preco": "1.00", "posicao": {"abreviacao": "GOL", "id": 1, "nome": "Goleiro"}, "partida_clube_visitante": {"nome": "palmeiras", "escudo_pequeno": "http://s.glbimg.com/es/sde/f/equipes/2013/12/16/palmeiras_30x30.png", "id": 275, "mercado": 1, "abreviacao": "pal", "slug": "palmeiras"}, "partida_data": "31/05/2015", "partida_clube_casa": {"nome": "corinthians", "escudo_pequeno": "http://s.glbimg.com/es/sde/f/equipes/2013/12/16/corinthians_30x30.png", "id": 264, "mercado": 1, "abreviacao": "cor", "slug": "corinthians"}, "jogos": 0, "variacao": "0.00", "id": 72290}, {"status": "Nulo", "foto": "http://s.glbimg.com/es/sde/f/2015/01/14/32a187dc06535c3c4dde77de918fa558_FORMATO.jpeg", "clube": {"nome": "joinville", "escudo_pequeno": "http://s.glbimg.com/es/sde/f/organizacoes/2015/01/08/Joinville30.png", "id": 317, "mercado": 1, "abreviacao": "jec", "slug": "joinville"}, "status_id": 6, "media": "0.00", "pontos": "0.00", "apelido": "Igor", "scout": [], "preco": "1.00", "posicao": {"abreviacao": "ZAG", "id": 3, "nome": "Zagueiro"}, "partida_clube_visitante": {"nome": "atl\u00e9tico-pr", "escudo_pequeno": "http://s.glbimg.com/es/sde/f/equipes/2013/12/16/atletico_pr_30x30.png", "id": 293, "mercado": 1, "abreviacao": "atl", "slug": "atletico-pr"}, "partida_data": "30/05/2015", "partida_clube_casa": {"nome": "joinville", "escudo_pequeno": "http://s.glbimg.com/es/sde/f/organizacoes/2015/01/08/Joinville30.png", "id": 317, "mercado": 1, "abreviacao": "jec", "slug": "joinville"}, "jogos": 0, "variacao": "0.00", "id": 90320}, {"status": "Nulo", "foto": "http://s.glbimg.com/es/sde/f/2014/10/02/e4b68952799bc5d6f55963230e8bcabe_FORMATO.jpeg", "clube": {"nome": "chapecoense", "escudo_pequeno": "http://s.glbimg.com/es/sde/f/equipes/2015/05/06/chapecoense_30x30.png", "id": 315, "mercado": 1, "abreviacao": "cha", "slug": "chapecoense"}, "status_id": 6, "media": "0.00", "pontos": "0.00", "apelido": "Yuri", "scout": [], "preco": "1.00", "posicao": {"abreviacao": "ATA", "id": 5, "nome": "Atacante"}, "partida_clube_visitante": {"nome": "chapecoense", "escudo_pequeno": "http://s.glbimg.com/es/sde/f/equipes/2015/05/06/chapecoense_30x30.png", "id": 315, "mercado": 1, "abreviacao": "cha", "slug": "chapecoense"}, "partida_data": "30/05/2015", "partida_clube_casa": {"nome": "ponte preta", "escudo_pequeno": "http://s.glbimg.com/es/sde/f/equipes/2013/12/16/ponte_preta_30x30.png", "id": 303, "mercado": 1, "abreviacao": "pon", "slug": "ponte-preta"}, "jogos": 0, "variacao": "0.00", "id": 89445}, {"status": "Nulo", "foto": "http://s.glbimg.com/es/sde/f/2015/01/20/3205840eb8f252b4d2bbabb98f574ba3_FORMATO.jpeg", "clube": {"nome": "chapecoense", "escudo_pequeno": "http://s.glbimg.com/es/sde/f/equipes/2015/05/06/chapecoense_30x30.png", "id": 315, "mercado": 1, "abreviacao": "cha", "slug": "chapecoense"}, "status_id": 6, "media": "0.00", "pontos": "0.00", "apelido": "Pedro", "scout": [], "preco": "1.00", "posicao": {"abreviacao": "LAT", "id": 2, "nome": "Lateral"}, "partida_clube_visitante": {"nome": "chapecoense", "escudo_pequeno": "http://s.glbimg.com/es/sde/f/equipes/2015/05/06/chapecoense_30x30.png", "id": 315, "mercado": 1, "abreviacao": "cha", "slug": "chapecoense"}, "partida_data": "30/05/2015", "partida_clube_casa": {"nome": "ponte preta", "escudo_pequeno": "http://s.glbimg.com/es/sde/f/equipes/2013/12/16/ponte_preta_30x30.png", "id": 303, "mercado": 1, "abreviacao": "pon", "slug": "ponte-preta"}, "jogos": 0, "variacao": "0.00", "id": 90291}, {"status": "Nulo", "foto": "http://s.glbimg.com/es/sde/f/2014/02/10/b11c5edf65c0d23676384e25ccf27013_FORMATO.jpeg", "clube": {"nome": "joinville", "escudo_pequeno": "http://s.glbimg.com/es/sde/f/organizacoes/2015/01/08/Joinville30.png", "id": 317, "mercado": 1, "abreviacao": "jec", "slug": "joinville"}, "status_id": 6, "media": "0.00", "pontos": "0.00", "apelido": "Vitor", "scout": [], "preco": "1.00", "posicao": {"abreviacao": "GOL", "id": 1, "nome": "Goleiro"}, "partida_clube_visitante": {"nome": "atl\u00e9tico-pr", "escudo_pequeno": "http://s.glbimg.com/es/sde/f/equipes/2013/12/16/atletico_pr_30x30.png", "id": 293, "mercado": 1, "abreviacao": "atl", "slug": "atletico-pr"}, "partida_data": "30/05/2015", "partida_clube_casa": {"nome": "joinville", "escudo_pequeno": "http://s.glbimg.com/es/sde/f/organizacoes/2015/01/08/Joinville30.png", "id": 317, "mercado": 1, "abreviacao": "jec", "slug": "joinville"}, "jogos": 0, "variacao": "0.00", "id": 80335}, {"status": "Nulo", "foto": "http://s.glbimg.com/es/sde/f/2015/02/23/1cab31511eaa41e7b5ba6f199ea165ac_FORMATO.jpeg", "clube": {"nome": "joinville", "escudo_pequeno": "http://s.glbimg.com/es/sde/f/organizacoes/2015/01/08/Joinville30.png", "id": 317, "mercado": 1, "abreviacao": "jec", "slug": "joinville"}, "status_id": 6, "media": "0.00", "pontos": "0.00", "apelido": "Matheus", "scout": [], "preco": "1.00", "posicao": {"abreviacao": "GOL", "id": 1, "nome": "Goleiro"}, "partida_clube_visitante": {"nome": "atl\u00e9tico-pr", "escudo_pequeno": "http://s.glbimg.com/es/sde/f/equipes/2013/12/16/atletico_pr_30x30.png", "id": 293, "mercado": 1, "abreviacao": "atl", "slug": "atletico-pr"}, "partida_data": "30/05/2015", "partida_clube_casa": {"nome": "joinville", "escudo_pequeno": "http://s.glbimg.com/es/sde/f/organizacoes/2015/01/08/Joinville30.png", "id": 317, "mercado": 1, "abreviacao": "jec", "slug": "joinville"}, "jogos": 0, "variacao": "0.00", "id": 90317}, {"status": "Nulo", "foto": "http://s.glbimg.com/es/sde/f/2015/01/20/5d9bf1395e46d50b8e84f1248243aea4_FORMATO.jpeg", "clube": {"nome": "chapecoense", "escudo_pequeno": "http://s.glbimg.com/es/sde/f/equipes/2015/05/06/chapecoense_30x30.png", "id": 315, "mercado": 1, "abreviacao": "cha", "slug": "chapecoense"}, "status_id": 6, "media": "0.00", "pontos": "0.00", "apelido": "Jaj\u00e1", "scout": [], "preco": "1.00", "posicao": {"abreviacao": "MEI", "id": 4, "nome": "Meia"}, "partida_clube_visitante": {"nome": "chapecoense", "escudo_pequeno": "http://s.glbimg.com/es/sde/f/equipes/2015/05/06/chapecoense_30x30.png", "id": 315, "mercado": 1, "abreviacao": "cha", "slug": "chapecoense"}, "partida_data": "30/05/2015", "partida_clube_casa": {"nome": "ponte preta", "escudo_pequeno": "http://s.glbimg.com/es/sde/f/equipes/2013/12/16/ponte_preta_30x30.png", "id": 303, "mercado": 1, "abreviacao": "pon", "slug": "ponte-preta"}, "jogos": 0, "variacao": "0.00", "id": 90290}, {"status": "Nulo", "foto": "http://s.glbimg.com/es/sde/f/2015/02/22/0e5122afa235e4a21f83124c8f307a68_FORMATO.jpeg", "clube": {"nome": "atl\u00e9tico-mg", "escudo_pequeno": "http://s.glbimg.com/es/sde/f/equipes/2013/12/16/atletico_mg_30x30.png", "id": 282, "mercado": 1, "abreviacao": "atl", "slug": "atletico-mg"}, "status_id": 6, "media": "0.00", "pontos": "0.00", "apelido": "Jesiel", "scout": [], "preco": "1.00", "posicao": {"abreviacao": "ZAG", "id": 3, "nome": "Zagueiro"}, "partida_clube_visitante": {"nome": "vasco", "escudo_pequeno": "http://s.glbimg.com/es/sde/f/equipes/2013/12/16/vasco_30x30.png", "id": 267, "mercado": 1, "abreviacao": "vas", "slug": "vasco"}, "partida_data": "31/05/2015", "partida_clube_casa": {"nome": "atl\u00e9tico-mg", "escudo_pequeno": "http://s.glbimg.com/es/sde/f/equipes/2013/12/16/atletico_mg_30x30.png", "id": 282, "mercado": 1, "abreviacao": "atl", "slug": "atletico-mg"}, "jogos": 0, "variacao": "0.00", "id": 91156}, {"status": "Nulo", "foto": "http://s.glbimg.com/es/sde/f/2015/04/10/68674e3479f0867752bcc251bbecdf5a_FORMATO.jpeg", "clube": {"nome": "sport", "escudo_pequeno": "http://s.glbimg.com/es/sde/f/equipes/2014/09/15/sport_30x30.png", "id": 292, "mercado": 1, "abreviacao": "spo", "slug": "sport"}, "status_id": 6, "media": "0.00", "pontos": "0.00", "apelido": "Adryelson", "scout": [], "preco": "1.00", "posicao": {"abreviacao": "ZAG", "id": 3, "nome": "Zagueiro"}, "partida_clube_visitante": {"nome": "sport", "escudo_pequeno": "http://s.glbimg.com/es/sde/f/equipes/2014/09/15/sport_30x30.png", "id": 292, "mercado": 1, "abreviacao": "spo", "slug": "sport"}, "partida_data": "31/05/2015", "partida_clube_casa": {"nome": "santos", "escudo_pequeno": "http://s.glbimg.com/es/sde/f/equipes/2013/12/16/santos_30x30.png", "id": 277, "mercado": 1, "abreviacao": "san", "slug": "santos"}, "jogos": 0, "variacao": "0.00", "id": 91664}, {"status": "Nulo", "foto": "http://s.glbimg.com/es/sde/f/2015/02/09/69284f98a140174938a2c5b8cb1e2c77_FORMATO.jpeg", "clube": {"nome": "chapecoense", "escudo_pequeno": "http://s.glbimg.com/es/sde/f/equipes/2015/05/06/chapecoense_30x30.png", "id": 315, "mercado": 1, "abreviacao": "cha", "slug": "chapecoense"}, "status_id": 6, "media": "0.00", "pontos": "0.00", "apelido": "Wesley", "scout": [], "preco": "1.00", "posicao": {"abreviacao": "LAT", "id": 2, "nome": "Lateral"}, "partida_clube_visitante": {"nome": "chapecoense", "escudo_pequeno": "http://s.glbimg.com/es/sde/f/equipes/2015/05/06/chapecoense_30x30.png", "id": 315, "mercado": 1, "abreviacao": "cha", "slug": "chapecoense"}, "partida_data": "30/05/2015", "partida_clube_casa": {"nome": "ponte preta", "escudo_pequeno": "http://s.glbimg.com/es/sde/f/equipes/2013/12/16/ponte_preta_30x30.png", "id": 303, "mercado": 1, "abreviacao": "pon", "slug": "ponte-preta"}, "jogos": 0, "variacao": "0.00", "id": 90939}, {"status": "Nulo", "foto": null, "clube": {"nome": "sport", "escudo_pequeno": "http://s.glbimg.com/es/sde/f/equipes/2014/09/15/sport_30x30.png", "id": 292, "mercado": 1, "abreviacao": "spo", "slug": "sport"}, "status_id": 6, "media": "0.00", "pontos": "0.00", "apelido": "Kelvenny", "scout": [], "preco": "1.00", "posicao": {"abreviacao": "ATA", "id": 5, "nome": "Atacante"}, "partida_clube_visitante": {"nome": "sport", "escudo_pequeno": "http://s.glbimg.com/es/sde/f/equipes/2014/09/15/sport_30x30.png", "id": 292, "mercado": 1, "abreviacao": "spo", "slug": "sport"}, "partida_data": "31/05/2015", "partida_clube_casa": {"nome": "santos", "escudo_pequeno": "http://s.glbimg.com/es/sde/f/equipes/2013/12/16/santos_30x30.png", "id": 277, "mercado": 1, "abreviacao": "san", "slug": "santos"}, "jogos": 0, "variacao": "0.00", "id": 91004}, {"status": "Nulo", "foto": "http://s.glbimg.com/es/sde/f/2015/03/15/9cfdf781a87aea4251bea139e7ada7b3_FORMATO.jpeg", "clube": {"nome": "joinville", "escudo_pequeno": "http://s.glbimg.com/es/sde/f/organizacoes/2015/01/08/Joinville30.png", "id": 317, "mercado": 1, "abreviacao": "jec", "slug": "joinville"}, "status_id": 6, "media": "0.00", "pontos": "0.00", "apelido": "Andr\u00e9 Baumer", "scout": [], "preco": "1.00", "posicao": {"abreviacao": "ZAG", "id": 3, "nome": "Zagueiro"}, "partida_clube_visitante": {"nome": "atl\u00e9tico-pr", "escudo_pequeno": "http://s.glbimg.com/es/sde/f/equipes/2013/12/16/atletico_pr_30x30.png", "id": 293, "mercado": 1, "abreviacao": "atl", "slug": "atletico-pr"}, "partida_data": "30/05/2015", "partida_clube_casa": {"nome": "joinville", "escudo_pequeno": "http://s.glbimg.com/es/sde/f/organizacoes/2015/01/08/Joinville30.png", "id": 317, "mercado": 1, "abreviacao": "jec", "slug": "joinville"}, "jogos": 0, "variacao": "0.00", "id": 90319}, {"status": "Nulo", "foto": null, "clube": {"nome": "sport", "escudo_pequeno": "http://s.glbimg.com/es/sde/f/equipes/2014/09/15/sport_30x30.png", "id": 292, "mercado": 1, "abreviacao": "spo", "slug": "sport"}, "status_id": 6, "media": "0.00", "pontos": "0.00", "apelido": "Alisson", "scout": [], "preco": "1.00", "posicao": {"abreviacao": "ATA", "id": 5, "nome": "Atacante"}, "partida_clube_visitante": {"nome": "sport", "escudo_pequeno": "http://s.glbimg.com/es/sde/f/equipes/2014/09/15/sport_30x30.png", "id": 292, "mercado": 1, "abreviacao": "spo", "slug": "sport"}, "partida_data": "31/05/2015", "partida_clube_casa": {"nome": "santos", "escudo_pequeno": "http://s.glbimg.com/es/sde/f/equipes/2013/12/16/santos_30x30.png", "id": 277, "mercado": 1, "abreviacao": "san", "slug": "santos"}, "jogos": 0, "variacao": "0.00", "id": 91003}, {"status": "Nulo", "foto": "http://s.glbimg.com/es/sde/f/2014/09/18/06e3b6795c89f1a8fde305adda11f394_FORMATO.png", "clube": {"nome": "atl\u00e9tico-mg", "escudo_pequeno": "http://s.glbimg.com/es/sde/f/equipes/2013/12/16/atletico_mg_30x30.png", "id": 282, "mercado": 1, "abreviacao": "atl", "slug": "atletico-mg"}, "status_id": 6, "media": "0.00", "pontos": "0.00", "apelido": "Paulinho", "scout": [], "preco": "1.00", "posicao": {"abreviacao": "MEI", "id": 4, "nome": "Meia"}, "partida_clube_visitante": {"nome": "vasco", "escudo_pequeno": "http://s.glbimg.com/es/sde/f/equipes/2013/12/16/vasco_30x30.png", "id": 267, "mercado": 1, "abreviacao": "vas", "slug": "vasco"}, "partida_data": "31/05/2015", "partida_clube_casa": {"nome": "atl\u00e9tico-mg", "escudo_pequeno": "http://s.glbimg.com/es/sde/f/equipes/2013/12/16/atletico_mg_30x30.png", "id": 282, "mercado": 1, "abreviacao": "atl", "slug": "atletico-mg"}, "jogos": 0, "variacao": "0.00", "id": 89306}, {"status": "Nulo", "foto": "http://s.glbimg.com/es/sde/f/2014/11/20/b5412b71833b60e870850b02f7fff1ea_FORMATO.jpeg", "clube": {"nome": "sport", "escudo_pequeno": "http://s.glbimg.com/es/sde/f/equipes/2014/09/15/sport_30x30.png", "id": 292, "mercado": 1, "abreviacao": "spo", "slug": "sport"}, "status_id": 6, "media": "0.00", "pontos": "0.00", "apelido": "James Dean", "scout": [], "preco": "1.00", "posicao": {"abreviacao": "ATA", "id": 5, "nome": "Atacante"}, "partida_clube_visitante": {"nome": "sport", "escudo_pequeno": "http://s.glbimg.com/es/sde/f/equipes/2014/09/15/sport_30x30.png", "id": 292, "mercado": 1, "abreviacao": "spo", "slug": "sport"}, "partida_data": "31/05/2015", "partida_clube_casa": {"nome": "santos", "escudo_pequeno": "http://s.glbimg.com/es/sde/f/equipes/2013/12/16/santos_30x30.png", "id": 277, "mercado": 1, "abreviacao": "san", "slug": "santos"}, "jogos": 0, "variacao": "0.00", "id": 89694}]}