{"rodada_id": 30, "page": {"atual": "1", "total": "42"}, "atleta": [{"status": "Prov\u00e1vel", "foto": "http://s.glbimg.com/es/sde/f/2015/07/22/e41afa12b4fd05085d1302afcbf9e45b_FORMATO.jpeg", "clube": {"mercado": 1, "slug": "gremio", "abreviacao": "gre", "id": 284, "nome": "gr\u00eamio"}, "status_id": 7, "jogos": 25, "scout": [{"quantidade": 90, "nome": "FS"}, {"quantidade": 76, "nome": "PE"}, {"quantidade": 5, "nome": "A"}, {"quantidade": 2, "nome": "FT"}, {"quantidade": 8, "nome": "G"}, {"quantidade": 14, "nome": "I"}, {"quantidade": 22, "nome": "RB"}, {"quantidade": 32, "nome": "FC"}, {"quantidade": 3, "nome": "CA"}, {"quantidade": 22, "nome": "FF"}, {"quantidade": 17, "nome": "FD"}], "preco": "27.53", "partida_data": "15/10/2015", "variacao": "-0.84", "id": 86759, "media": "6.36", "pontos": "0.10", "apelido": "Luan", "posicao": {"abreviacao": "ATA", "id": 5, "nome": "Atacante"}, "partida_clube_visitante": {"mercado": 1, "slug": "santos", "abreviacao": "san", "id": 277, "nome": "santos"}, "partida_clube_casa": {"mercado": 1, "slug": "gremio", "abreviacao": "gre", "id": 284, "nome": "gr\u00eamio"}}, {"status": "Prov\u00e1vel", "foto": "http://s.glbimg.com/es/sde/f/2015/01/16/1f353020166f7411ccb776b393896287_FORMATO.jpeg", "clube": {"mercado": 1, "slug": "palmeiras", "abreviacao": "pal", "id": 275, "nome": "palmeiras"}, "status_id": 7, "jogos": 20, "scout": [{"quantidade": 6, "nome": "SG"}, {"quantidade": 25, "nome": "FS"}, {"quantidade": 31, "nome": "PE"}, {"quantidade": 3, "nome": "A"}, {"quantidade": 2, "nome": "G"}, {"quantidade": 30, "nome": "RB"}, {"quantidade": 10, "nome": "FC"}, {"quantidade": 8, "nome": "FF"}, {"quantidade": 6, "nome": "FD"}], "preco": "26.08", "partida_data": "14/10/2015", "variacao": "0.00", "id": 36612, "media": "6.09", "pontos": "0.00", "apelido": "Z\u00e9 Roberto", "posicao": {"abreviacao": "LAT", "id": 2, "nome": "Lateral"}, "partida_clube_visitante": {"mercado": 1, "slug": "ponte-preta", "abreviacao": "pon", "id": 303, "nome": "ponte preta"}, "partida_clube_casa": {"mercado": 1, "slug": "palmeiras", "abreviacao": "pal", "id": 275, "nome": "palmeiras"}}, {"status": "Suspenso", "foto": "http://s.glbimg.com/es/sde/f/2010/11/16/1a8619488e59272cfcd67e37c094f42c_FORMATO.jpeg", "clube": {"mercado": 1, "slug": "sport", "abreviacao": "spo", "id": 292, "nome": "sport"}, "status_id": 3, "jogos": 27, "scout": [{"quantidade": 35, "nome": "FS"}, {"quantidade": 117, "nome": "PE"}, {"quantidade": 6, "nome": "A"}, {"quantidade": 7, "nome": "G"}, {"quantidade": 6, "nome": "I"}, {"quantidade": 24, "nome": "RB"}, {"quantidade": 37, "nome": "FC"}, {"quantidade": 6, "nome": "CA"}, {"quantidade": 1, "nome": "CV"}, {"quantidade": 1, "nome": "GS"}, {"quantidade": 15, "nome": "FF"}, {"quantidade": 12, "nome": "FD"}], "preco": "25.46", "partida_data": "14/10/2015", "variacao": "-1.72", "id": 68911, "media": "3.39", "pontos": "-0.50", "apelido": "Diego Souza", "posicao": {"abreviacao": "MEI", "id": 4, "nome": "Meia"}, "partida_clube_visitante": {"mercado": 1, "slug": "avai", "abreviacao": "ava", "id": 314, "nome": "ava\u00ed"}, "partida_clube_casa": {"mercado": 1, "slug": "sport", "abreviacao": "spo", "id": 292, "nome": "sport"}}, {"status": "Prov\u00e1vel", "foto": "http://s.glbimg.com/es/sde/f/2010/11/16/26a2befe651824215d84a88996adb9d9_FORMATO.jpeg", "clube": {"mercado": 1, "slug": "sao-paulo", "abreviacao": "sao", "id": 276, "nome": "s\u00e3o paulo"}, "status_id": 7, "jogos": 19, "scout": [{"quantidade": 10, "nome": "SG"}, {"quantidade": 1, "nome": "FS"}, {"quantidade": 17, "nome": "PE"}, {"quantidade": 3, "nome": "G"}, {"quantidade": 1, "nome": "CA"}, {"quantidade": 20, "nome": "DD"}, {"quantidade": 1, "nome": "DP"}, {"quantidade": 15, "nome": "GS"}], "preco": "25.34", "partida_data": "14/10/2015", "variacao": "1.26", "id": 38055, "media": "5.51", "pontos": "5.00", "apelido": "Rog\u00e9rio Ceni", "posicao": {"abreviacao": "GOL", "id": 1, "nome": "Goleiro"}, "partida_clube_visitante": {"mercado": 1, "slug": "sao-paulo", "abreviacao": "sao", "id": 276, "nome": "s\u00e3o paulo"}, "partida_clube_casa": {"mercado": 1, "slug": "fluminense", "abreviacao": "flu", "id": 266, "nome": "fluminense"}}, {"status": "Prov\u00e1vel", "foto": "http://s.glbimg.com/es/sde/f/2014/06/11/558840826d114d32d4785adf70f69146_FORMATO.jpeg", "clube": {"mercado": 1, "slug": "fluminense", "abreviacao": "flu", "id": 266, "nome": "fluminense"}, "status_id": 7, "jogos": 19, "scout": [{"quantidade": 51, "nome": "FS"}, {"quantidade": 50, "nome": "PE"}, {"quantidade": 5, "nome": "A"}, {"quantidade": 1, "nome": "FT"}, {"quantidade": 7, "nome": "G"}, {"quantidade": 6, "nome": "I"}, {"quantidade": 6, "nome": "RB"}, {"quantidade": 30, "nome": "FC"}, {"quantidade": 3, "nome": "CA"}, {"quantidade": 1, "nome": "PP"}, {"quantidade": 13, "nome": "FF"}, {"quantidade": 13, "nome": "FD"}], "preco": "25.04", "partida_data": "14/10/2015", "variacao": "0.00", "id": 38162, "media": "5.25", "pontos": "0.00", "apelido": "Fred", "posicao": {"abreviacao": "ATA", "id": 5, "nome": "Atacante"}, "partida_clube_visitante": {"mercado": 1, "slug": "sao-paulo", "abreviacao": "sao", "id": 276, "nome": "s\u00e3o paulo"}, "partida_clube_casa": {"mercado": 1, "slug": "fluminense", "abreviacao": "flu", "id": 266, "nome": "fluminense"}}, {"status": "Prov\u00e1vel", "foto": "http://s.glbimg.com/es/sde/f/2015/07/22/3ee27b784c87bfb5b52d2e0e029b9623_FORMATO.jpeg", "clube": {"mercado": 1, "slug": "atletico-mg", "abreviacao": "atl", "id": 282, "nome": "atl\u00e9tico-mg"}, "status_id": 7, "jogos": 25, "scout": [{"quantidade": 35, "nome": "FS"}, {"quantidade": 72, "nome": "PE"}, {"quantidade": 3, "nome": "A"}, {"quantidade": 4, "nome": "FT"}, {"quantidade": 8, "nome": "G"}, {"quantidade": 11, "nome": "I"}, {"quantidade": 15, "nome": "RB"}, {"quantidade": 28, "nome": "FC"}, {"quantidade": 1, "nome": "CA"}, {"quantidade": 27, "nome": "FF"}, {"quantidade": 27, "nome": "FD"}], "preco": "24.55", "partida_data": "14/10/2015", "variacao": "1.89", "id": 73649, "media": "5.55", "pontos": "15.10", "apelido": "Lucas Pratto", "posicao": {"abreviacao": "ATA", "id": 5, "nome": "Atacante"}, "partida_clube_visitante": {"mercado": 1, "slug": "internacional", "abreviacao": "int", "id": 285, "nome": "internacional"}, "partida_clube_casa": {"mercado": 1, "slug": "atletico-mg", "abreviacao": "atl", "id": 282, "nome": "atl\u00e9tico-mg"}}, {"status": "Prov\u00e1vel", "foto": "http://s.glbimg.com/es/sde/f/2015/01/19/e321ce47e7e74ec473f8bfb24f10fa17_FORMATO.jpeg", "clube": {"mercado": 1, "slug": "atletico-mg", "abreviacao": "atl", "id": 282, "nome": "atl\u00e9tico-mg"}, "status_id": 7, "jogos": 18, "scout": [{"quantidade": 18, "nome": "FS"}, {"quantidade": 71, "nome": "PE"}, {"quantidade": 3, "nome": "A"}, {"quantidade": 4, "nome": "G"}, {"quantidade": 10, "nome": "I"}, {"quantidade": 26, "nome": "RB"}, {"quantidade": 25, "nome": "FC"}, {"quantidade": 5, "nome": "CA"}, {"quantidade": 9, "nome": "FF"}, {"quantidade": 6, "nome": "FD"}], "preco": "22.47", "partida_data": "14/10/2015", "variacao": "-1.98", "id": 63219, "media": "3.54", "pontos": "-1.60", "apelido": "Luan", "posicao": {"abreviacao": "ATA", "id": 5, "nome": "Atacante"}, "partida_clube_visitante": {"mercado": 1, "slug": "internacional", "abreviacao": "int", "id": 285, "nome": "internacional"}, "partida_clube_casa": {"mercado": 1, "slug": "atletico-mg", "abreviacao": "atl", "id": 282, "nome": "atl\u00e9tico-mg"}}, {"status": "Prov\u00e1vel", "foto": "http://s.glbimg.com/es/sde/f/2015/03/04/be979300c75e0d1bbbd0203881eb8af8_FORMATO.png", "clube": {"mercado": 1, "slug": "atletico-pr", "abreviacao": "atl", "id": 293, "nome": "atl\u00e9tico-pr"}, "status_id": 7, "jogos": 28, "scout": [{"quantidade": 10, "nome": "SG"}, {"quantidade": 10, "nome": "FS"}, {"quantidade": 30, "nome": "PE"}, {"quantidade": 5, "nome": "CA"}, {"quantidade": 38, "nome": "DD"}, {"quantidade": 3, "nome": "DP"}, {"quantidade": 31, "nome": "GS"}], "preco": "20.95", "partida_data": "14/10/2015", "variacao": "0.88", "id": 71631, "media": "3.89", "pontos": "1.00", "apelido": "Weverton", "posicao": {"abreviacao": "GOL", "id": 1, "nome": "Goleiro"}, "partida_clube_visitante": {"mercado": 1, "slug": "cruzeiro", "abreviacao": "cru", "id": 283, "nome": "cruzeiro"}, "partida_clube_casa": {"mercado": 1, "slug": "atletico-pr", "abreviacao": "atl", "id": 293, "nome": "atl\u00e9tico-pr"}}, {"status": "Suspenso", "foto": "http://s.glbimg.com/es/sde/f/2012/06/12/d42019108f0818dcf21213898cf8c711_FORMATO.png", "clube": {"mercado": 1, "slug": "ponte-preta", "abreviacao": "pon", "id": 303, "nome": "ponte preta"}, "status_id": 3, "jogos": 29, "scout": [{"quantidade": 9, "nome": "SG"}, {"quantidade": 29, "nome": "FS"}, {"quantidade": 73, "nome": "PE"}, {"quantidade": 4, "nome": "A"}, {"quantidade": 1, "nome": "FT"}, {"quantidade": 3, "nome": "I"}, {"quantidade": 49, "nome": "RB"}, {"quantidade": 32, "nome": "FC"}, {"quantidade": 1, "nome": "CA"}, {"quantidade": 1, "nome": "CV"}, {"quantidade": 7, "nome": "FF"}, {"quantidade": 4, "nome": "FD"}], "preco": "20.91", "partida_data": "14/10/2015", "variacao": "-0.67", "id": 73992, "media": "4.44", "pontos": "-3.80", "apelido": "Rodinei", "posicao": {"abreviacao": "LAT", "id": 2, "nome": "Lateral"}, "partida_clube_visitante": {"mercado": 1, "slug": "ponte-preta", "abreviacao": "pon", "id": 303, "nome": "ponte preta"}, "partida_clube_casa": {"mercado": 1, "slug": "palmeiras", "abreviacao": "pal", "id": 275, "nome": "palmeiras"}}, {"status": "Nulo", "foto": "http://s.glbimg.com/es/sde/f/2015/01/15/04123fe6d4dc83b6ecf6f00bd9aef208_FORMATO.jpeg", "clube": {"mercado": 1, "slug": "fluminense", "abreviacao": "flu", "id": 266, "nome": "fluminense"}, "status_id": 6, "jogos": 24, "scout": [{"quantidade": 35, "nome": "FS"}, {"quantidade": 59, "nome": "PE"}, {"quantidade": 1, "nome": "FT"}, {"quantidade": 2, "nome": "G"}, {"quantidade": 2, "nome": "I"}, {"quantidade": 57, "nome": "RB"}, {"quantidade": 42, "nome": "FC"}, {"quantidade": 7, "nome": "CA"}, {"quantidade": 15, "nome": "FF"}, {"quantidade": 3, "nome": "FD"}], "preco": "20.88", "partida_data": "14/10/2015", "variacao": "0.00", "id": 80370, "media": "3.90", "pontos": "0.00", "apelido": "Edson", "posicao": {"abreviacao": "MEI", "id": 4, "nome": "Meia"}, "partida_clube_visitante": {"mercado": 1, "slug": "sao-paulo", "abreviacao": "sao", "id": 276, "nome": "s\u00e3o paulo"}, "partida_clube_casa": {"mercado": 1, "slug": "fluminense", "abreviacao": "flu", "id": 266, "nome": "fluminense"}}, {"status": "Prov\u00e1vel", "foto": "http://s.glbimg.com/es/sde/f/2015/01/15/210bd6815119826cf3f44b175d9ff09d_FORMATO.jpeg", "clube": {"mercado": 1, "slug": "corinthians", "abreviacao": "cor", "id": 264, "nome": "corinthians"}, "status_id": 7, "jogos": 27, "scout": [{"quantidade": 12, "nome": "SG"}, {"quantidade": 2, "nome": "FS"}, {"quantidade": 16, "nome": "PE"}, {"quantidade": 2, "nome": "CA"}, {"quantidade": 41, "nome": "DD"}, {"quantidade": 24, "nome": "GS"}], "preco": "20.61", "partida_data": "15/10/2015", "variacao": "-0.31", "id": 42234, "media": "4.71", "pontos": "2.00", "apelido": "C\u00e1ssio", "posicao": {"abreviacao": "GOL", "id": 1, "nome": "Goleiro"}, "partida_clube_visitante": {"mercado": 1, "slug": "goias", "abreviacao": "goi", "id": 290, "nome": "goi\u00e1s"}, "partida_clube_casa": {"mercado": 1, "slug": "corinthians", "abreviacao": "cor", "id": 264, "nome": "corinthians"}}, {"status": "D\u00favida", "foto": "http://s.glbimg.com/es/sde/f/2015/01/15/3e69d11d0318f680bf3b3f14653ec742_FORMATO.jpeg", "clube": {"mercado": 1, "slug": "flamengo", "abreviacao": "fla", "id": 262, "nome": "flamengo"}, "status_id": 2, "jogos": 26, "scout": [{"quantidade": 48, "nome": "FS"}, {"quantidade": 83, "nome": "PE"}, {"quantidade": 2, "nome": "A"}, {"quantidade": 4, "nome": "G"}, {"quantidade": 23, "nome": "I"}, {"quantidade": 43, "nome": "RB"}, {"quantidade": 40, "nome": "FC"}, {"quantidade": 6, "nome": "CA"}, {"quantidade": 1, "nome": "CV"}, {"quantidade": 8, "nome": "FF"}, {"quantidade": 10, "nome": "FD"}], "preco": "20.39", "partida_data": "14/10/2015", "variacao": "0.34", "id": 50301, "media": "3.12", "pontos": "2.00", "apelido": "Everton", "posicao": {"abreviacao": "MEI", "id": 4, "nome": "Meia"}, "partida_clube_visitante": {"mercado": 1, "slug": "flamengo", "abreviacao": "fla", "id": 262, "nome": "flamengo"}, "partida_clube_casa": {"mercado": 1, "slug": "figueirense", "abreviacao": "fig", "id": 316, "nome": "figueirense"}}, {"status": "Nulo", "foto": "http://s.glbimg.com/es/sde/f/2015/07/09/1794a20985c424c3ab6a310bb31bcd2b_FORMATO.jpeg", "clube": {"mercado": 1, "slug": "flamengo", "abreviacao": "fla", "id": 262, "nome": "flamengo"}, "status_id": 6, "jogos": 12, "scout": [{"quantidade": 32, "nome": "FS"}, {"quantidade": 18, "nome": "PE"}, {"quantidade": 3, "nome": "A"}, {"quantidade": 1, "nome": "FT"}, {"quantidade": 3, "nome": "G"}, {"quantidade": 14, "nome": "I"}, {"quantidade": 5, "nome": "RB"}, {"quantidade": 30, "nome": "FC"}, {"quantidade": 4, "nome": "CA"}, {"quantidade": 15, "nome": "FF"}, {"quantidade": 14, "nome": "FD"}], "preco": "20.35", "partida_data": "14/10/2015", "variacao": "-0.47", "id": 75295, "media": "4.67", "pontos": "-1.90", "apelido": "Paolo Guerrero", "posicao": {"abreviacao": "ATA", "id": 5, "nome": "Atacante"}, "partida_clube_visitante": {"mercado": 1, "slug": "flamengo", "abreviacao": "fla", "id": 262, "nome": "flamengo"}, "partida_clube_casa": {"mercado": 1, "slug": "figueirense", "abreviacao": "fig", "id": 316, "nome": "figueirense"}}, {"status": "Prov\u00e1vel", "foto": "http://s.glbimg.com/es/sde/f/2015/05/07/c617183d096aa584576435e1d179a129_FORMATO.jpeg", "clube": {"mercado": 1, "slug": "ponte-preta", "abreviacao": "pon", "id": 303, "nome": "ponte preta"}, "status_id": 7, "jogos": 29, "scout": [{"quantidade": 9, "nome": "SG"}, {"quantidade": 4, "nome": "FS"}, {"quantidade": 15, "nome": "PE"}, {"quantidade": 60, "nome": "DD"}, {"quantidade": 1, "nome": "DP"}, {"quantidade": 33, "nome": "GS"}], "preco": "20.27", "partida_data": "14/10/2015", "variacao": "0.11", "id": 68872, "media": "5.64", "pontos": "1.70", "apelido": "Marcelo Lomba", "posicao": {"abreviacao": "GOL", "id": 1, "nome": "Goleiro"}, "partida_clube_visitante": {"mercado": 1, "slug": "ponte-preta", "abreviacao": "pon", "id": 303, "nome": "ponte preta"}, "partida_clube_casa": {"mercado": 1, "slug": "palmeiras", "abreviacao": "pal", "id": 275, "nome": "palmeiras"}}, {"status": "Prov\u00e1vel", "foto": "http://s.glbimg.com/es/sde/f/2015/08/31/19c4446032c672320264b450e0c790a1_FORMATO.jpeg", "clube": {"mercado": 1, "slug": "cruzeiro", "abreviacao": "cru", "id": 283, "nome": "cruzeiro"}, "status_id": 7, "jogos": 16, "scout": [{"quantidade": 23, "nome": "FS"}, {"quantidade": 26, "nome": "PE"}, {"quantidade": 2, "nome": "A"}, {"quantidade": 1, "nome": "FT"}, {"quantidade": 2, "nome": "G"}, {"quantidade": 5, "nome": "I"}, {"quantidade": 8, "nome": "RB"}, {"quantidade": 14, "nome": "FC"}, {"quantidade": 3, "nome": "CA"}, {"quantidade": 9, "nome": "FF"}, {"quantidade": 10, "nome": "FD"}], "preco": "19.78", "partida_data": "14/10/2015", "variacao": "0.10", "id": 68953, "media": "2.98", "pontos": "7.70", "apelido": "Leandro Dami\u00e3o", "posicao": {"abreviacao": "ATA", "id": 5, "nome": "Atacante"}, "partida_clube_visitante": {"mercado": 1, "slug": "cruzeiro", "abreviacao": "cru", "id": 283, "nome": "cruzeiro"}, "partida_clube_casa": {"mercado": 1, "slug": "atletico-pr", "abreviacao": "atl", "id": 293, "nome": "atl\u00e9tico-pr"}}, {"status": "Prov\u00e1vel", "foto": "http://s.glbimg.com/es/sde/f/2010/11/18/d4c557ca26c062f0b9991a8d8e4067fa_FORMATO.jpeg", "clube": {"mercado": 1, "slug": "vasco", "abreviacao": "vas", "id": 267, "nome": "vasco"}, "status_id": 7, "jogos": 25, "scout": [{"quantidade": 7, "nome": "SG"}, {"quantidade": 33, "nome": "FS"}, {"quantidade": 73, "nome": "PE"}, {"quantidade": 2, "nome": "G"}, {"quantidade": 2, "nome": "I"}, {"quantidade": 48, "nome": "RB"}, {"quantidade": 22, "nome": "FC"}, {"quantidade": 6, "nome": "CA"}, {"quantidade": 1, "nome": "CV"}, {"quantidade": 16, "nome": "FF"}, {"quantidade": 17, "nome": "FD"}], "preco": "19.77", "partida_data": "15/10/2015", "variacao": "-1.10", "id": 37644, "media": "5.06", "pontos": "2.90", "apelido": "Rodrigo", "posicao": {"abreviacao": "ZAG", "id": 3, "nome": "Zagueiro"}, "partida_clube_visitante": {"mercado": 1, "slug": "chapecoense", "abreviacao": "cha", "id": 315, "nome": "chapecoense"}, "partida_clube_casa": {"mercado": 1, "slug": "vasco", "abreviacao": "vas", "id": 267, "nome": "vasco"}}, {"status": "Contundido", "foto": "http://s.glbimg.com/es/sde/f/2015/01/15/408ea81f655217e1f98e651fe059d2eb_FORMATO.jpeg", "clube": {"mercado": 1, "slug": "internacional", "abreviacao": "int", "id": 285, "nome": "internacional"}, "status_id": 5, "jogos": 8, "scout": [{"quantidade": 20, "nome": "FS"}, {"quantidade": 50, "nome": "PE"}, {"quantidade": 2, "nome": "A"}, {"quantidade": 1, "nome": "I"}, {"quantidade": 7, "nome": "RB"}, {"quantidade": 3, "nome": "FC"}, {"quantidade": 4, "nome": "CA"}, {"quantidade": 1, "nome": "PP"}, {"quantidade": 4, "nome": "FF"}, {"quantidade": 2, "nome": "FD"}], "preco": "19.41", "partida_data": "14/10/2015", "variacao": "0.00", "id": 62023, "media": "1.02", "pontos": "0.00", "apelido": "D'Alessandro", "posicao": {"abreviacao": "MEI", "id": 4, "nome": "Meia"}, "partida_clube_visitante": {"mercado": 1, "slug": "internacional", "abreviacao": "int", "id": 285, "nome": "internacional"}, "partida_clube_casa": {"mercado": 1, "slug": "atletico-mg", "abreviacao": "atl", "id": 282, "nome": "atl\u00e9tico-mg"}}, {"status": "Prov\u00e1vel", "foto": "http://s.glbimg.com/es/sde/f/2015/01/15/eb36f046f37addbe921c4c1660c6fce1_FORMATO.jpeg", "clube": {"mercado": 1, "slug": "corinthians", "abreviacao": "cor", "id": 264, "nome": "corinthians"}, "status_id": 7, "jogos": 26, "scout": [{"quantidade": 14, "nome": "FS"}, {"quantidade": 146, "nome": "PE"}, {"quantidade": 8, "nome": "A"}, {"quantidade": 1, "nome": "FT"}, {"quantidade": 12, "nome": "G"}, {"quantidade": 2, "nome": "I"}, {"quantidade": 18, "nome": "RB"}, {"quantidade": 15, "nome": "FC"}, {"quantidade": 4, "nome": "CA"}, {"quantidade": 10, "nome": "FF"}, {"quantidade": 14, "nome": "FD"}], "preco": "19.38", "partida_data": "15/10/2015", "variacao": "-0.13", "id": 38315, "media": "5.28", "pontos": "6.70", "apelido": "Jadson", "posicao": {"abreviacao": "MEI", "id": 4, "nome": "Meia"}, "partida_clube_visitante": {"mercado": 1, "slug": "goias", "abreviacao": "goi", "id": 290, "nome": "goi\u00e1s"}, "partida_clube_casa": {"mercado": 1, "slug": "corinthians", "abreviacao": "cor", "id": 264, "nome": "corinthians"}}, {"status": "Prov\u00e1vel", "foto": "http://s.glbimg.com/es/sde/f/2015/07/22/0b1e40820556ff66c00e75f7298a0372_FORMATO.jpeg", "clube": {"mercado": 1, "slug": "goias", "abreviacao": "goi", "id": 290, "nome": "goi\u00e1s"}, "status_id": 7, "jogos": 27, "scout": [{"quantidade": 11, "nome": "SG"}, {"quantidade": 4, "nome": "FS"}, {"quantidade": 16, "nome": "PE"}, {"quantidade": 2, "nome": "CA"}, {"quantidade": 37, "nome": "DD"}, {"quantidade": 28, "nome": "GS"}], "preco": "19.03", "partida_data": "15/10/2015", "variacao": "0.75", "id": 37899, "media": "3.83", "pontos": "0.00", "apelido": "Renan", "posicao": {"abreviacao": "GOL", "id": 1, "nome": "Goleiro"}, "partida_clube_visitante": {"mercado": 1, "slug": "goias", "abreviacao": "goi", "id": 290, "nome": "goi\u00e1s"}, "partida_clube_casa": {"mercado": 1, "slug": "corinthians", "abreviacao": "cor", "id": 264, "nome": "corinthians"}}, {"status": "Prov\u00e1vel", "foto": "http://s.glbimg.com/es/sde/f/2015/01/19/410656f70157606547aad852b5090adb_FORMATO.jpeg", "clube": {"mercado": 1, "slug": "palmeiras", "abreviacao": "pal", "id": 275, "nome": "palmeiras"}, "status_id": 7, "jogos": 27, "scout": [{"quantidade": 47, "nome": "FS"}, {"quantidade": 96, "nome": "PE"}, {"quantidade": 5, "nome": "A"}, {"quantidade": 7, "nome": "G"}, {"quantidade": 8, "nome": "I"}, {"quantidade": 20, "nome": "RB"}, {"quantidade": 21, "nome": "FC"}, {"quantidade": 16, "nome": "FF"}, {"quantidade": 13, "nome": "FD"}], "preco": "18.84", "partida_data": "14/10/2015", "variacao": "1.33", "id": 38957, "media": "4.42", "pontos": "6.90", "apelido": "Rafael Marques", "posicao": {"abreviacao": "ATA", "id": 5, "nome": "Atacante"}, "partida_clube_visitante": {"mercado": 1, "slug": "ponte-preta", "abreviacao": "pon", "id": 303, "nome": "ponte preta"}, "partida_clube_casa": {"mercado": 1, "slug": "palmeiras", "abreviacao": "pal", "id": 275, "nome": "palmeiras"}}]}