{"rodada_id": 33, "page": {"atual": "2", "total": "42"}, "atleta": [{"status": "Nulo", "foto": "http://s.glbimg.com/es/sde/f/2015/08/31/19c4446032c672320264b450e0c790a1_FORMATO.jpeg", "clube": {"mercado": 1, "slug": "cruzeiro", "abreviacao": "cru", "id": 283, "nome": "cruzeiro"}, "status_id": 6, "jogos": 19, "scout": [{"quantidade": 24, "nome": "FS"}, {"quantidade": 29, "nome": "PE"}, {"quantidade": 2, "nome": "A"}, {"quantidade": 1, "nome": "FT"}, {"quantidade": 2, "nome": "G"}, {"quantidade": 6, "nome": "I"}, {"quantidade": 10, "nome": "RB"}, {"quantidade": 14, "nome": "FC"}, {"quantidade": 3, "nome": "CA"}, {"quantidade": 10, "nome": "FF"}, {"quantidade": 11, "nome": "FD"}], "preco": "18.11", "partida_data": "31/10/2015", "variacao": "-0.11", "id": 68953, "media": "2.73", "pontos": "0.00", "apelido": "Leandro Dami\u00e3o", "posicao": {"abreviacao": "ATA", "id": 5, "nome": "Atacante"}, "partida_clube_visitante": {"mercado": 1, "slug": "cruzeiro", "abreviacao": "cru", "id": 283, "nome": "cruzeiro"}, "partida_clube_casa": {"mercado": 1, "slug": "avai", "abreviacao": "ava", "id": 314, "nome": "ava\u00ed"}}, {"status": "Nulo", "foto": "http://s.glbimg.com/es/sde/f/2010/11/16/5d3ca64c07f6e666141bef18cf89e399_FORMATO.jpeg", "clube": {"mercado": 1, "slug": "santos", "abreviacao": "san", "id": 277, "nome": "santos"}, "status_id": 6, "jogos": 28, "scout": [{"quantidade": 16, "nome": "FS"}, {"quantidade": 38, "nome": "PE"}, {"quantidade": 2, "nome": "A"}, {"quantidade": 2, "nome": "FT"}, {"quantidade": 18, "nome": "G"}, {"quantidade": 27, "nome": "I"}, {"quantidade": 7, "nome": "RB"}, {"quantidade": 40, "nome": "FC"}, {"quantidade": 6, "nome": "CA"}, {"quantidade": 4, "nome": "PP"}, {"quantidade": 22, "nome": "FF"}, {"quantidade": 23, "nome": "FD"}], "preco": "17.72", "partida_data": "01/11/2015", "variacao": "-3.09", "id": 38910, "media": "5.29", "pontos": "-1.50", "apelido": "Ricardo Oliveira", "posicao": {"abreviacao": "ATA", "id": 5, "nome": "Atacante"}, "partida_clube_visitante": {"mercado": 1, "slug": "palmeiras", "abreviacao": "pal", "id": 275, "nome": "palmeiras"}, "partida_clube_casa": {"mercado": 1, "slug": "santos", "abreviacao": "san", "id": 277, "nome": "santos"}}, {"status": "Prov\u00e1vel", "foto": "http://s.glbimg.com/es/sde/f/2015/01/19/410656f70157606547aad852b5090adb_FORMATO.jpeg", "clube": {"mercado": 1, "slug": "palmeiras", "abreviacao": "pal", "id": 275, "nome": "palmeiras"}, "status_id": 7, "jogos": 30, "scout": [{"quantidade": 50, "nome": "FS"}, {"quantidade": 106, "nome": "PE"}, {"quantidade": 5, "nome": "A"}, {"quantidade": 7, "nome": "G"}, {"quantidade": 8, "nome": "I"}, {"quantidade": 22, "nome": "RB"}, {"quantidade": 22, "nome": "FC"}, {"quantidade": 18, "nome": "FF"}, {"quantidade": 14, "nome": "FD"}], "preco": "17.55", "partida_data": "01/11/2015", "variacao": "0.42", "id": 38957, "media": "4.11", "pontos": "1.50", "apelido": "Rafael Marques", "posicao": {"abreviacao": "ATA", "id": 5, "nome": "Atacante"}, "partida_clube_visitante": {"mercado": 1, "slug": "palmeiras", "abreviacao": "pal", "id": 275, "nome": "palmeiras"}, "partida_clube_casa": {"mercado": 1, "slug": "santos", "abreviacao": "san", "id": 277, "nome": "santos"}}, {"status": "Prov\u00e1vel", "foto": "http://s.glbimg.com/es/sde/f/2013/04/12/c9bef087ad143b0f9c8b547729c3750f_FORMATO.jpeg", "clube": {"mercado": 1, "slug": "corinthians", "abreviacao": "cor", "id": 264, "nome": "corinthians"}, "status_id": 7, "jogos": 31, "scout": [], "preco": "17.53", "partida_data": "01/11/2015", "variacao": "-0.18", "id": 45125, "media": "4.68", "pontos": "4.82", "apelido": "Tite", "posicao": {"abreviacao": "TEC", "id": 6, "nome": "T\u00e9cnico"}, "partida_clube_visitante": {"mercado": 1, "slug": "corinthians", "abreviacao": "cor", "id": 264, "nome": "corinthians"}, "partida_clube_casa": {"mercado": 1, "slug": "atletico-mg", "abreviacao": "atl", "id": 282, "nome": "atl\u00e9tico-mg"}}, {"status": "Prov\u00e1vel", "foto": "http://s.glbimg.com/es/sde/f/2015/01/15/ff30eb0c82418de630e9a03bebc7ce81_FORMATO.jpeg", "clube": {"mercado": 1, "slug": "gremio", "abreviacao": "gre", "id": 284, "nome": "gr\u00eamio"}, "status_id": 7, "jogos": 18, "scout": [{"quantidade": 9, "nome": "SG"}, {"quantidade": 5, "nome": "FS"}, {"quantidade": 17, "nome": "PE"}, {"quantidade": 5, "nome": "CA"}, {"quantidade": 21, "nome": "DD"}, {"quantidade": 11, "nome": "GS"}], "preco": "17.45", "partida_data": "01/11/2015", "variacao": "-0.20", "id": 37770, "media": "4.08", "pontos": "8.00", "apelido": "Marcelo Grohe", "posicao": {"abreviacao": "GOL", "id": 1, "nome": "Goleiro"}, "partida_clube_visitante": {"mercado": 1, "slug": "flamengo", "abreviacao": "fla", "id": 262, "nome": "flamengo"}, "partida_clube_casa": {"mercado": 1, "slug": "gremio", "abreviacao": "gre", "id": 284, "nome": "gr\u00eamio"}}, {"status": "Prov\u00e1vel", "foto": "http://s.glbimg.com/es/sde/f/2015/01/15/019bbc188c2e2411511da2836f6e7674_FORMATO.png", "clube": {"mercado": 1, "slug": "cruzeiro", "abreviacao": "cru", "id": 283, "nome": "cruzeiro"}, "status_id": 7, "jogos": 24, "scout": [{"quantidade": 41, "nome": "FS"}, {"quantidade": 61, "nome": "PE"}, {"quantidade": 2, "nome": "A"}, {"quantidade": 1, "nome": "FT"}, {"quantidade": 9, "nome": "G"}, {"quantidade": 14, "nome": "I"}, {"quantidade": 32, "nome": "RB"}, {"quantidade": 34, "nome": "FC"}, {"quantidade": 6, "nome": "CA"}, {"quantidade": 1, "nome": "PP"}, {"quantidade": 20, "nome": "FF"}, {"quantidade": 17, "nome": "FD"}], "preco": "16.95", "partida_data": "31/10/2015", "variacao": "-2.66", "id": 42116, "media": "5.57", "pontos": "3.60", "apelido": "Willian", "posicao": {"abreviacao": "ATA", "id": 5, "nome": "Atacante"}, "partida_clube_visitante": {"mercado": 1, "slug": "cruzeiro", "abreviacao": "cru", "id": 283, "nome": "cruzeiro"}, "partida_clube_casa": {"mercado": 1, "slug": "avai", "abreviacao": "ava", "id": 314, "nome": "ava\u00ed"}}, {"status": "Suspenso", "foto": "http://s.glbimg.com/es/sde/f/2015/10/23/4ac87ecb3a607764f92b92afd439eb26_FORMATO.png", "clube": {"mercado": 1, "slug": "atletico-pr", "abreviacao": "atl", "id": 293, "nome": "atl\u00e9tico-pr"}, "status_id": 3, "jogos": 27, "scout": [{"quantidade": 30, "nome": "FS"}, {"quantidade": 124, "nome": "PE"}, {"quantidade": 4, "nome": "A"}, {"quantidade": 8, "nome": "G"}, {"quantidade": 22, "nome": "I"}, {"quantidade": 11, "nome": "RB"}, {"quantidade": 59, "nome": "FC"}, {"quantidade": 3, "nome": "CA"}, {"quantidade": 2, "nome": "CV"}, {"quantidade": 35, "nome": "FF"}, {"quantidade": 26, "nome": "FD"}], "preco": "16.91", "partida_data": "01/11/2015", "variacao": "1.02", "id": 62128, "media": "2.76", "pontos": "5.10", "apelido": "Walter", "posicao": {"abreviacao": "ATA", "id": 5, "nome": "Atacante"}, "partida_clube_visitante": {"mercado": 1, "slug": "atletico-pr", "abreviacao": "atl", "id": 293, "nome": "atl\u00e9tico-pr"}, "partida_clube_casa": {"mercado": 1, "slug": "chapecoense", "abreviacao": "cha", "id": 315, "nome": "chapecoense"}}, {"status": "Prov\u00e1vel", "foto": "http://s.glbimg.com/es/sde/f/2015/01/09/15e3f0ac07b5afade8a57f5b260a98c6_FORMATO.jpeg", "clube": {"mercado": 1, "slug": "palmeiras", "abreviacao": "pal", "id": 275, "nome": "palmeiras"}, "status_id": 7, "jogos": 25, "scout": [{"quantidade": 7, "nome": "SG"}, {"quantidade": 12, "nome": "FS"}, {"quantidade": 43, "nome": "PE"}, {"quantidade": 1, "nome": "FT"}, {"quantidade": 3, "nome": "G"}, {"quantidade": 27, "nome": "RB"}, {"quantidade": 30, "nome": "FC"}, {"quantidade": 3, "nome": "CA"}, {"quantidade": 9, "nome": "FF"}, {"quantidade": 4, "nome": "FD"}], "preco": "16.85", "partida_data": "01/11/2015", "variacao": "-0.08", "id": 72605, "media": "3.63", "pontos": "0.80", "apelido": "Vitor Hugo", "posicao": {"abreviacao": "ZAG", "id": 3, "nome": "Zagueiro"}, "partida_clube_visitante": {"mercado": 1, "slug": "palmeiras", "abreviacao": "pal", "id": 275, "nome": "palmeiras"}, "partida_clube_casa": {"mercado": 1, "slug": "santos", "abreviacao": "san", "id": 277, "nome": "santos"}}, {"status": "Prov\u00e1vel", "foto": "http://s.glbimg.com/es/sde/f/2015/10/09/1a81f07994626ed4cd04b1ec05ed5ef8_FORMATO.jpeg", "clube": {"mercado": 1, "slug": "sao-paulo", "abreviacao": "sao", "id": 276, "nome": "s\u00e3o paulo"}, "status_id": 7, "jogos": 28, "scout": [{"quantidade": 55, "nome": "FS"}, {"quantidade": 89, "nome": "PE"}, {"quantidade": 4, "nome": "A"}, {"quantidade": 1, "nome": "FT"}, {"quantidade": 9, "nome": "G"}, {"quantidade": 13, "nome": "I"}, {"quantidade": 23, "nome": "RB"}, {"quantidade": 18, "nome": "FC"}, {"quantidade": 4, "nome": "CA"}, {"quantidade": 12, "nome": "FF"}, {"quantidade": 17, "nome": "FD"}], "preco": "16.70", "partida_data": "31/10/2015", "variacao": "1.95", "id": 49675, "media": "4.91", "pontos": "12.90", "apelido": "Alexandre Pato", "posicao": {"abreviacao": "ATA", "id": 5, "nome": "Atacante"}, "partida_clube_visitante": {"mercado": 1, "slug": "sport", "abreviacao": "spo", "id": 292, "nome": "sport"}, "partida_clube_casa": {"mercado": 1, "slug": "sao-paulo", "abreviacao": "sao", "id": 276, "nome": "s\u00e3o paulo"}}, {"status": "Prov\u00e1vel", "foto": "http://s.glbimg.com/es/sde/f/2015/10/07/aa1e28f4854ee602879ad433314ce9a5_FORMATO.jpeg", "clube": {"mercado": 1, "slug": "cruzeiro", "abreviacao": "cru", "id": 283, "nome": "cruzeiro"}, "status_id": 7, "jogos": 19, "scout": [{"quantidade": 24, "nome": "FS"}, {"quantidade": 47, "nome": "PE"}, {"quantidade": 1, "nome": "A"}, {"quantidade": 4, "nome": "G"}, {"quantidade": 2, "nome": "I"}, {"quantidade": 9, "nome": "RB"}, {"quantidade": 5, "nome": "FC"}, {"quantidade": 2, "nome": "CA"}, {"quantidade": 8, "nome": "FF"}, {"quantidade": 13, "nome": "FD"}], "preco": "16.44", "partida_data": "31/10/2015", "variacao": "1.33", "id": 87863, "media": "3.22", "pontos": "9.90", "apelido": "Arrascaeta", "posicao": {"abreviacao": "MEI", "id": 4, "nome": "Meia"}, "partida_clube_visitante": {"mercado": 1, "slug": "cruzeiro", "abreviacao": "cru", "id": 283, "nome": "cruzeiro"}, "partida_clube_casa": {"mercado": 1, "slug": "avai", "abreviacao": "ava", "id": 314, "nome": "ava\u00ed"}}, {"status": "Suspenso", "foto": "http://s.glbimg.com/es/sde/f/2015/10/22/998a42e1f0218828360d323de17b7cd9_FORMATO.png", "clube": {"mercado": 1, "slug": "atletico-mg", "abreviacao": "atl", "id": 282, "nome": "atl\u00e9tico-mg"}, "status_id": 3, "jogos": 28, "scout": [{"quantidade": 9, "nome": "SG"}, {"quantidade": 12, "nome": "FS"}, {"quantidade": 45, "nome": "PE"}, {"quantidade": 4, "nome": "G"}, {"quantidade": 3, "nome": "I"}, {"quantidade": 34, "nome": "RB"}, {"quantidade": 33, "nome": "FC"}, {"quantidade": 1, "nome": "GC"}, {"quantidade": 6, "nome": "CA"}, {"quantidade": 12, "nome": "FF"}, {"quantidade": 3, "nome": "FD"}], "preco": "16.41", "partida_data": "01/11/2015", "variacao": "-0.63", "id": 84263, "media": "3.67", "pontos": "-2.40", "apelido": "Jemerson", "posicao": {"abreviacao": "ZAG", "id": 3, "nome": "Zagueiro"}, "partida_clube_visitante": {"mercado": 1, "slug": "corinthians", "abreviacao": "cor", "id": 264, "nome": "corinthians"}, "partida_clube_casa": {"mercado": 1, "slug": "atletico-mg", "abreviacao": "atl", "id": 282, "nome": "atl\u00e9tico-mg"}}, {"status": "Prov\u00e1vel", "foto": "http://s.glbimg.com/es/sde/f/2015/01/15/4dd216e88c47ce4a7a7500c80b1d5fec_FORMATO.png", "clube": {"mercado": 1, "slug": "cruzeiro", "abreviacao": "cru", "id": 283, "nome": "cruzeiro"}, "status_id": 7, "jogos": 31, "scout": [{"quantidade": 10, "nome": "SG"}, {"quantidade": 4, "nome": "FS"}, {"quantidade": 11, "nome": "PE"}, {"quantidade": 2, "nome": "CA"}, {"quantidade": 44, "nome": "DD"}, {"quantidade": 29, "nome": "GS"}], "preco": "16.03", "partida_data": "31/10/2015", "variacao": "2.87", "id": 37656, "media": "3.84", "pontos": "20.00", "apelido": "F\u00e1bio", "posicao": {"abreviacao": "GOL", "id": 1, "nome": "Goleiro"}, "partida_clube_visitante": {"mercado": 1, "slug": "cruzeiro", "abreviacao": "cru", "id": 283, "nome": "cruzeiro"}, "partida_clube_casa": {"mercado": 1, "slug": "avai", "abreviacao": "ava", "id": 314, "nome": "ava\u00ed"}}, {"status": "Prov\u00e1vel", "foto": "http://s.glbimg.com/es/sde/f/2015/07/22/2c9514fd5023d965a420791e2c87ff6f_FORMATO.jpeg", "clube": {"mercado": 1, "slug": "sport", "abreviacao": "spo", "id": 292, "nome": "sport"}, "status_id": 7, "jogos": 20, "scout": [{"quantidade": 24, "nome": "FS"}, {"quantidade": 37, "nome": "PE"}, {"quantidade": 1, "nome": "A"}, {"quantidade": 5, "nome": "G"}, {"quantidade": 3, "nome": "I"}, {"quantidade": 13, "nome": "RB"}, {"quantidade": 3, "nome": "FC"}, {"quantidade": 6, "nome": "FF"}, {"quantidade": 8, "nome": "FD"}], "preco": "16.02", "partida_data": "31/10/2015", "variacao": "-1.62", "id": 74140, "media": "3.87", "pontos": "-0.60", "apelido": "\u00c9lber", "posicao": {"abreviacao": "MEI", "id": 4, "nome": "Meia"}, "partida_clube_visitante": {"mercado": 1, "slug": "sport", "abreviacao": "spo", "id": 292, "nome": "sport"}, "partida_clube_casa": {"mercado": 1, "slug": "sao-paulo", "abreviacao": "sao", "id": 276, "nome": "s\u00e3o paulo"}}, {"status": "Nulo", "foto": "http://s.glbimg.com/es/sde/f/2015/07/17/371d0ff2365a1dd7732d0c880dce77a5_FORMATO.jpeg", "clube": {"mercado": 1, "slug": "palmeiras", "abreviacao": "pal", "id": 275, "nome": "palmeiras"}, "status_id": 6, "jogos": 25, "scout": [{"quantidade": 53, "nome": "FS"}, {"quantidade": 98, "nome": "PE"}, {"quantidade": 7, "nome": "A"}, {"quantidade": 8, "nome": "G"}, {"quantidade": 14, "nome": "I"}, {"quantidade": 29, "nome": "RB"}, {"quantidade": 19, "nome": "FC"}, {"quantidade": 5, "nome": "CA"}, {"quantidade": 9, "nome": "FF"}, {"quantidade": 14, "nome": "FD"}], "preco": "15.93", "partida_data": "01/11/2015", "variacao": "-1.02", "id": 68920, "media": "5.57", "pontos": "0.20", "apelido": "Dudu", "posicao": {"abreviacao": "ATA", "id": 5, "nome": "Atacante"}, "partida_clube_visitante": {"mercado": 1, "slug": "palmeiras", "abreviacao": "pal", "id": 275, "nome": "palmeiras"}, "partida_clube_casa": {"mercado": 1, "slug": "santos", "abreviacao": "san", "id": 277, "nome": "santos"}}, {"status": "Nulo", "foto": "http://s.glbimg.com/es/sde/f/2014/02/10/c03cf7c6a76a9f385687f2011abc8a18_FORMATO.jpeg", "clube": {"mercado": 1, "slug": "joinville", "abreviacao": "jec", "id": 317, "nome": "joinville"}, "status_id": 6, "jogos": 6, "scout": [{"quantidade": 1, "nome": "SG"}, {"quantidade": 2, "nome": "FS"}, {"quantidade": 9, "nome": "PE"}, {"quantidade": 12, "nome": "DD"}, {"quantidade": 9, "nome": "GS"}], "preco": "15.92", "partida_data": "31/10/2015", "variacao": "0.00", "id": 72731, "media": "3.55", "pontos": "0.00", "apelido": "Oliveira", "posicao": {"abreviacao": "GOL", "id": 1, "nome": "Goleiro"}, "partida_clube_visitante": {"mercado": 1, "slug": "joinville", "abreviacao": "jec", "id": 317, "nome": "joinville"}, "partida_clube_casa": {"mercado": 1, "slug": "ponte-preta", "abreviacao": "pon", "id": 303, "nome": "ponte preta"}}, {"status": "Prov\u00e1vel", "foto": "http://s.glbimg.com/es/sde/f/2015/10/22/b96113d5486979e1ee3ae4cbd7d8dd32_FORMATO.png", "clube": {"mercado": 1, "slug": "atletico-mg", "abreviacao": "atl", "id": 282, "nome": "atl\u00e9tico-mg"}, "status_id": 7, "jogos": 20, "scout": [{"quantidade": 18, "nome": "FS"}, {"quantidade": 48, "nome": "PE"}, {"quantidade": 4, "nome": "A"}, {"quantidade": 3, "nome": "FT"}, {"quantidade": 4, "nome": "G"}, {"quantidade": 4, "nome": "I"}, {"quantidade": 7, "nome": "RB"}, {"quantidade": 22, "nome": "FC"}, {"quantidade": 2, "nome": "CA"}, {"quantidade": 11, "nome": "FF"}, {"quantidade": 8, "nome": "FD"}], "preco": "15.67", "partida_data": "01/11/2015", "variacao": "-0.38", "id": 69240, "media": "3.39", "pontos": "0.10", "apelido": "D\u00e1tolo", "posicao": {"abreviacao": "MEI", "id": 4, "nome": "Meia"}, "partida_clube_visitante": {"mercado": 1, "slug": "corinthians", "abreviacao": "cor", "id": 264, "nome": "corinthians"}, "partida_clube_casa": {"mercado": 1, "slug": "atletico-mg", "abreviacao": "atl", "id": 282, "nome": "atl\u00e9tico-mg"}}, {"status": "Nulo", "foto": null, "clube": {"mercado": 1, "slug": "avai", "abreviacao": "ava", "id": 314, "nome": "ava\u00ed"}, "status_id": 6, "jogos": 11, "scout": [{"quantidade": 11, "nome": "FS"}, {"quantidade": 23, "nome": "PE"}, {"quantidade": 1, "nome": "A"}, {"quantidade": 1, "nome": "FT"}, {"quantidade": 4, "nome": "G"}, {"quantidade": 3, "nome": "I"}, {"quantidade": 7, "nome": "RB"}, {"quantidade": 15, "nome": "FC"}, {"quantidade": 1, "nome": "PP"}, {"quantidade": 4, "nome": "FF"}, {"quantidade": 8, "nome": "FD"}], "preco": "15.55", "partida_data": "31/10/2015", "variacao": "0.00", "id": 53865, "media": "4.48", "pontos": "0.00", "apelido": "L\u00e9o Gamalho", "posicao": {"abreviacao": "ATA", "id": 5, "nome": "Atacante"}, "partida_clube_visitante": {"mercado": 1, "slug": "cruzeiro", "abreviacao": "cru", "id": 283, "nome": "cruzeiro"}, "partida_clube_casa": {"mercado": 1, "slug": "avai", "abreviacao": "ava", "id": 314, "nome": "ava\u00ed"}}, {"status": "Prov\u00e1vel", "foto": "http://s.glbimg.com/es/sde/f/2015/07/22/d224c07392733f3a82d095999c62c8d7_FORMATO.jpeg", "clube": {"mercado": 1, "slug": "coritiba", "abreviacao": "cor", "id": 294, "nome": "coritiba"}, "status_id": 7, "jogos": 24, "scout": [{"quantidade": 19, "nome": "FS"}, {"quantidade": 28, "nome": "PE"}, {"quantidade": 2, "nome": "A"}, {"quantidade": 1, "nome": "FT"}, {"quantidade": 2, "nome": "G"}, {"quantidade": 14, "nome": "I"}, {"quantidade": 7, "nome": "RB"}, {"quantidade": 23, "nome": "FC"}, {"quantidade": 2, "nome": "CA"}, {"quantidade": 12, "nome": "FF"}, {"quantidade": 11, "nome": "FD"}], "preco": "15.50", "partida_data": "31/10/2015", "variacao": "0.00", "id": 82456, "media": "1.66", "pontos": "0.00", "apelido": "Rafhael Lucas", "posicao": {"abreviacao": "ATA", "id": 5, "nome": "Atacante"}, "partida_clube_visitante": {"mercado": 1, "slug": "figueirense", "abreviacao": "fig", "id": 316, "nome": "figueirense"}, "partida_clube_casa": {"mercado": 1, "slug": "coritiba", "abreviacao": "cor", "id": 294, "nome": "coritiba"}}, {"status": "Prov\u00e1vel", "foto": "http://s.glbimg.com/es/sde/f/2015/08/21/289c79d9922ae54d15ef46fe8467f5b7_FORMATO.jpeg", "clube": {"mercado": 1, "slug": "fluminense", "abreviacao": "flu", "id": 266, "nome": "fluminense"}, "status_id": 7, "jogos": 19, "scout": [{"quantidade": 6, "nome": "SG"}, {"quantidade": 13, "nome": "FS"}, {"quantidade": 23, "nome": "PE"}, {"quantidade": 1, "nome": "A"}, {"quantidade": 3, "nome": "I"}, {"quantidade": 20, "nome": "RB"}, {"quantidade": 17, "nome": "FC"}, {"quantidade": 2, "nome": "GC"}, {"quantidade": 4, "nome": "CA"}, {"quantidade": 2, "nome": "FF"}, {"quantidade": 2, "nome": "FD"}], "preco": "15.44", "partida_data": "01/11/2015", "variacao": "-0.37", "id": 80538, "media": "2.22", "pontos": "0.20", "apelido": "Marlon", "posicao": {"abreviacao": "ZAG", "id": 3, "nome": "Zagueiro"}, "partida_clube_visitante": {"mercado": 1, "slug": "fluminense", "abreviacao": "flu", "id": 266, "nome": "fluminense"}, "partida_clube_casa": {"mercado": 1, "slug": "vasco", "abreviacao": "vas", "id": 267, "nome": "vasco"}}, {"status": "Prov\u00e1vel", "foto": "http://s.glbimg.com/es/sde/f/2011/09/22/ad514544585c3c1aa38f551c7aba52f1_FORMATO.jpeg", "clube": {"mercado": 1, "slug": "santos", "abreviacao": "san", "id": 277, "nome": "santos"}, "status_id": 7, "jogos": 21, "scout": [{"quantidade": 34, "nome": "FS"}, {"quantidade": 54, "nome": "PE"}, {"quantidade": 2, "nome": "A"}, {"quantidade": 4, "nome": "G"}, {"quantidade": 7, "nome": "I"}, {"quantidade": 18, "nome": "RB"}, {"quantidade": 26, "nome": "FC"}, {"quantidade": 3, "nome": "CA"}, {"quantidade": 1, "nome": "CV"}, {"quantidade": 18, "nome": "FF"}, {"quantidade": 11, "nome": "FD"}], "preco": "15.43", "partida_data": "01/11/2015", "variacao": "-0.41", "id": 73896, "media": "3.31", "pontos": "-0.50", "apelido": "Geuv\u00e2nio", "posicao": {"abreviacao": "ATA", "id": 5, "nome": "Atacante"}, "partida_clube_visitante": {"mercado": 1, "slug": "palmeiras", "abreviacao": "pal", "id": 275, "nome": "palmeiras"}, "partida_clube_casa": {"mercado": 1, "slug": "santos", "abreviacao": "san", "id": 277, "nome": "santos"}}]}