{"rodada_id": 33, "page": {"atual": "7", "total": "42"}, "atleta": [{"status": "D\u00favida", "foto": "http://s.glbimg.com/es/sde/f/2015/01/15/fb895d7e0fa058558dc45451c0029868_FORMATO.jpeg", "clube": {"mercado": 1, "slug": "internacional", "abreviacao": "int", "id": 285, "nome": "internacional"}, "status_id": 2, "jogos": 21, "scout": [{"quantidade": 46, "nome": "FS"}, {"quantidade": 75, "nome": "PE"}, {"quantidade": 2, "nome": "A"}, {"quantidade": 1, "nome": "FT"}, {"quantidade": 1, "nome": "G"}, {"quantidade": 4, "nome": "I"}, {"quantidade": 20, "nome": "RB"}, {"quantidade": 14, "nome": "FC"}, {"quantidade": 3, "nome": "CA"}, {"quantidade": 10, "nome": "FF"}, {"quantidade": 10, "nome": "FD"}], "preco": "11.28", "partida_data": "01/11/2015", "variacao": "-0.12", "id": 38219, "media": "2.75", "pontos": "-0.60", "apelido": "Alex", "posicao": {"abreviacao": "MEI", "id": 4, "nome": "Meia"}, "partida_clube_visitante": {"mercado": 1, "slug": "internacional", "abreviacao": "int", "id": 285, "nome": "internacional"}, "partida_clube_casa": {"mercado": 1, "slug": "goias", "abreviacao": "goi", "id": 290, "nome": "goi\u00e1s"}}, {"status": "Prov\u00e1vel", "foto": "http://s.glbimg.com/es/sde/f/2015/05/07/5c4327c9c16d80eec8bef248ade36ddd_FORMATO.jpeg", "clube": {"mercado": 1, "slug": "ponte-preta", "abreviacao": "pon", "id": 303, "nome": "ponte preta"}, "status_id": 7, "jogos": 24, "scout": [{"quantidade": 12, "nome": "FS"}, {"quantidade": 21, "nome": "PE"}, {"quantidade": 5, "nome": "G"}, {"quantidade": 13, "nome": "I"}, {"quantidade": 6, "nome": "RB"}, {"quantidade": 19, "nome": "FC"}, {"quantidade": 2, "nome": "CA"}, {"quantidade": 1, "nome": "PP"}, {"quantidade": 16, "nome": "FF"}, {"quantidade": 9, "nome": "FD"}], "preco": "11.27", "partida_data": "31/10/2015", "variacao": "0.06", "id": 37941, "media": "1.95", "pontos": "0.00", "apelido": "Borges", "posicao": {"abreviacao": "ATA", "id": 5, "nome": "Atacante"}, "partida_clube_visitante": {"mercado": 1, "slug": "joinville", "abreviacao": "jec", "id": 317, "nome": "joinville"}, "partida_clube_casa": {"mercado": 1, "slug": "ponte-preta", "abreviacao": "pon", "id": 303, "nome": "ponte preta"}}, {"status": "Prov\u00e1vel", "foto": "http://s.glbimg.com/es/sde/f/2015/07/22/72b33a5afe958ab60662c3ba95f6a92d_FORMATO.jpeg", "clube": {"mercado": 1, "slug": "chapecoense", "abreviacao": "cha", "id": 315, "nome": "chapecoense"}, "status_id": 7, "jogos": 30, "scout": [{"quantidade": 11, "nome": "SG"}, {"quantidade": 35, "nome": "FS"}, {"quantidade": 131, "nome": "PE"}, {"quantidade": 1, "nome": "A"}, {"quantidade": 1, "nome": "FT"}, {"quantidade": 2, "nome": "I"}, {"quantidade": 49, "nome": "RB"}, {"quantidade": 45, "nome": "FC"}, {"quantidade": 5, "nome": "CA"}, {"quantidade": 8, "nome": "FF"}, {"quantidade": 2, "nome": "FD"}], "preco": "11.24", "partida_data": "01/11/2015", "variacao": "0.67", "id": 69782, "media": "3.29", "pontos": "5.90", "apelido": "Dener Assun\u00e7\u00e3o", "posicao": {"abreviacao": "LAT", "id": 2, "nome": "Lateral"}, "partida_clube_visitante": {"mercado": 1, "slug": "atletico-pr", "abreviacao": "atl", "id": 293, "nome": "atl\u00e9tico-pr"}, "partida_clube_casa": {"mercado": 1, "slug": "chapecoense", "abreviacao": "cha", "id": 315, "nome": "chapecoense"}}, {"status": "Nulo", "foto": "http://s.glbimg.com/es/sde/f/2015/07/22/c88f3aaf2d8f39fe781b5cfe3f10ca3c_FORMATO.jpeg", "clube": {"mercado": 1, "slug": "chapecoense", "abreviacao": "cha", "id": 315, "nome": "chapecoense"}, "status_id": 6, "jogos": 29, "scout": [{"quantidade": 39, "nome": "FS"}, {"quantidade": 60, "nome": "PE"}, {"quantidade": 1, "nome": "G"}, {"quantidade": 34, "nome": "RB"}, {"quantidade": 24, "nome": "FC"}, {"quantidade": 4, "nome": "CA"}, {"quantidade": 3, "nome": "FF"}], "preco": "11.23", "partida_data": "01/11/2015", "variacao": "0.00", "id": 50313, "media": "1.70", "pontos": "0.00", "apelido": "Elicarlos", "posicao": {"abreviacao": "MEI", "id": 4, "nome": "Meia"}, "partida_clube_visitante": {"mercado": 1, "slug": "atletico-pr", "abreviacao": "atl", "id": 293, "nome": "atl\u00e9tico-pr"}, "partida_clube_casa": {"mercado": 1, "slug": "chapecoense", "abreviacao": "cha", "id": 315, "nome": "chapecoense"}}, {"status": "Nulo", "foto": "http://s.glbimg.com/es/sde/f/2010/11/12/3b213032cd0541bee60fde6a920647ad_FORMATO.jpeg", "clube": {"mercado": 1, "slug": "santos", "abreviacao": "san", "id": 277, "nome": "santos"}, "status_id": 6, "jogos": 26, "scout": [{"quantidade": 10, "nome": "SG"}, {"quantidade": 11, "nome": "FS"}, {"quantidade": 95, "nome": "PE"}, {"quantidade": 1, "nome": "A"}, {"quantidade": 2, "nome": "G"}, {"quantidade": 2, "nome": "I"}, {"quantidade": 41, "nome": "RB"}, {"quantidade": 15, "nome": "FC"}, {"quantidade": 6, "nome": "CA"}, {"quantidade": 2, "nome": "CV"}, {"quantidade": 5, "nome": "FF"}, {"quantidade": 1, "nome": "FD"}], "preco": "11.19", "partida_data": "01/11/2015", "variacao": "0.00", "id": 50317, "media": "3.54", "pontos": "0.00", "apelido": "David Braz", "posicao": {"abreviacao": "ZAG", "id": 3, "nome": "Zagueiro"}, "partida_clube_visitante": {"mercado": 1, "slug": "palmeiras", "abreviacao": "pal", "id": 275, "nome": "palmeiras"}, "partida_clube_casa": {"mercado": 1, "slug": "santos", "abreviacao": "san", "id": 277, "nome": "santos"}}, {"status": "Suspenso", "foto": "http://s.glbimg.com/es/sde/f/2015/10/21/41425f25ed62f02f6434b029a792636d_FORMATO.png", "clube": {"mercado": 1, "slug": "flamengo", "abreviacao": "fla", "id": 262, "nome": "flamengo"}, "status_id": 3, "jogos": 21, "scout": [{"quantidade": 65, "nome": "FS"}, {"quantidade": 75, "nome": "PE"}, {"quantidade": 1, "nome": "A"}, {"quantidade": 2, "nome": "FT"}, {"quantidade": 5, "nome": "G"}, {"quantidade": 5, "nome": "I"}, {"quantidade": 16, "nome": "RB"}, {"quantidade": 36, "nome": "FC"}, {"quantidade": 7, "nome": "CA"}, {"quantidade": 20, "nome": "FF"}, {"quantidade": 6, "nome": "FD"}], "preco": "11.10", "partida_data": "01/11/2015", "variacao": "0.00", "id": 68744, "media": "3.56", "pontos": "0.00", "apelido": "Emerson", "posicao": {"abreviacao": "ATA", "id": 5, "nome": "Atacante"}, "partida_clube_visitante": {"mercado": 1, "slug": "flamengo", "abreviacao": "fla", "id": 262, "nome": "flamengo"}, "partida_clube_casa": {"mercado": 1, "slug": "gremio", "abreviacao": "gre", "id": 284, "nome": "gr\u00eamio"}}, {"status": "Nulo", "foto": "http://s.glbimg.com/es/sde/f/2014/12/16/576380269e478afdb444a68b66d0ad9c_FORMATO.jpeg", "clube": {"mercado": 1, "slug": "palmeiras", "abreviacao": "pal", "id": 275, "nome": "palmeiras"}, "status_id": 6, "jogos": 25, "scout": [{"quantidade": 8, "nome": "SG"}, {"quantidade": 26, "nome": "FS"}, {"quantidade": 68, "nome": "PE"}, {"quantidade": 3, "nome": "A"}, {"quantidade": 2, "nome": "G"}, {"quantidade": 4, "nome": "I"}, {"quantidade": 29, "nome": "RB"}, {"quantidade": 57, "nome": "FC"}, {"quantidade": 9, "nome": "CA"}, {"quantidade": 5, "nome": "FF"}, {"quantidade": 5, "nome": "FD"}], "preco": "11.09", "partida_data": "01/11/2015", "variacao": "0.00", "id": 50362, "media": "2.91", "pontos": "0.00", "apelido": "Lucas", "posicao": {"abreviacao": "LAT", "id": 2, "nome": "Lateral"}, "partida_clube_visitante": {"mercado": 1, "slug": "palmeiras", "abreviacao": "pal", "id": 275, "nome": "palmeiras"}, "partida_clube_casa": {"mercado": 1, "slug": "santos", "abreviacao": "san", "id": 277, "nome": "santos"}}, {"status": "Nulo", "foto": "http://s.glbimg.com/es/sde/f/2014/04/03/46ab368630dfdcdd052087a135d43b89_FORMATO.jpeg", "clube": {"mercado": 1, "slug": "sport", "abreviacao": "spo", "id": 292, "nome": "sport"}, "status_id": 6, "jogos": 10, "scout": [{"quantidade": 3, "nome": "SG"}, {"quantidade": 10, "nome": "FS"}, {"quantidade": 39, "nome": "PE"}, {"quantidade": 1, "nome": "G"}, {"quantidade": 4, "nome": "I"}, {"quantidade": 16, "nome": "RB"}, {"quantidade": 12, "nome": "FC"}, {"quantidade": 1, "nome": "CA"}, {"quantidade": 2, "nome": "FF"}, {"quantidade": 3, "nome": "FD"}], "preco": "11.09", "partida_data": "31/10/2015", "variacao": "0.00", "id": 82128, "media": "3.78", "pontos": "0.00", "apelido": "Ferrugem", "posicao": {"abreviacao": "LAT", "id": 2, "nome": "Lateral"}, "partida_clube_visitante": {"mercado": 1, "slug": "sport", "abreviacao": "spo", "id": 292, "nome": "sport"}, "partida_clube_casa": {"mercado": 1, "slug": "sao-paulo", "abreviacao": "sao", "id": 276, "nome": "s\u00e3o paulo"}}, {"status": "Nulo", "foto": "http://s.glbimg.com/es/sde/f/2015/07/21/b9a3c00d750745e464fe87b78e758a58_FORMATO.jpeg", "clube": {"mercado": 1, "slug": "fluminense", "abreviacao": "flu", "id": 266, "nome": "fluminense"}, "status_id": 6, "jogos": 26, "scout": [{"quantidade": 50, "nome": "FS"}, {"quantidade": 59, "nome": "PE"}, {"quantidade": 3, "nome": "A"}, {"quantidade": 10, "nome": "I"}, {"quantidade": 18, "nome": "RB"}, {"quantidade": 29, "nome": "FC"}, {"quantidade": 4, "nome": "CA"}, {"quantidade": 9, "nome": "FF"}, {"quantidade": 7, "nome": "FD"}], "preco": "11.03", "partida_data": "01/11/2015", "variacao": "0.09", "id": 89256, "media": "1.47", "pontos": "0.50", "apelido": "Gerson", "posicao": {"abreviacao": "MEI", "id": 4, "nome": "Meia"}, "partida_clube_visitante": {"mercado": 1, "slug": "fluminense", "abreviacao": "flu", "id": 266, "nome": "fluminense"}, "partida_clube_casa": {"mercado": 1, "slug": "vasco", "abreviacao": "vas", "id": 267, "nome": "vasco"}}, {"status": "Contundido", "foto": "http://s.glbimg.com/es/sde/f/2015/01/15/5075f5c1cba922fe5fe28315b83b02a4_FORMATO.png", "clube": {"mercado": 1, "slug": "cruzeiro", "abreviacao": "cru", "id": 283, "nome": "cruzeiro"}, "status_id": 5, "jogos": 20, "scout": [{"quantidade": 24, "nome": "FS"}, {"quantidade": 54, "nome": "PE"}, {"quantidade": 4, "nome": "A"}, {"quantidade": 1, "nome": "G"}, {"quantidade": 6, "nome": "I"}, {"quantidade": 13, "nome": "RB"}, {"quantidade": 6, "nome": "FC"}, {"quantidade": 14, "nome": "FF"}, {"quantidade": 4, "nome": "FD"}], "preco": "10.92", "partida_data": "31/10/2015", "variacao": "-0.15", "id": 60788, "media": "2.68", "pontos": "1.50", "apelido": "Marquinhos", "posicao": {"abreviacao": "ATA", "id": 5, "nome": "Atacante"}, "partida_clube_visitante": {"mercado": 1, "slug": "cruzeiro", "abreviacao": "cru", "id": 283, "nome": "cruzeiro"}, "partida_clube_casa": {"mercado": 1, "slug": "avai", "abreviacao": "ava", "id": 314, "nome": "ava\u00ed"}}, {"status": "Prov\u00e1vel", "foto": "http://s.glbimg.com/es/sde/f/2015/01/15/038f0bb872b7b2a508b6f0808d6a1fdd_FORMATO.png", "clube": {"mercado": 1, "slug": "cruzeiro", "abreviacao": "cru", "id": 283, "nome": "cruzeiro"}, "status_id": 7, "jogos": 30, "scout": [{"quantidade": 9, "nome": "SG"}, {"quantidade": 22, "nome": "FS"}, {"quantidade": 67, "nome": "PE"}, {"quantidade": 2, "nome": "A"}, {"quantidade": 1, "nome": "G"}, {"quantidade": 1, "nome": "I"}, {"quantidade": 38, "nome": "RB"}, {"quantidade": 29, "nome": "FC"}, {"quantidade": 3, "nome": "CA"}, {"quantidade": 11, "nome": "FF"}, {"quantidade": 2, "nome": "FD"}], "preco": "10.92", "partida_data": "31/10/2015", "variacao": "0.00", "id": 69014, "media": "3.57", "pontos": "0.00", "apelido": "Manoel", "posicao": {"abreviacao": "ZAG", "id": 3, "nome": "Zagueiro"}, "partida_clube_visitante": {"mercado": 1, "slug": "cruzeiro", "abreviacao": "cru", "id": 283, "nome": "cruzeiro"}, "partida_clube_casa": {"mercado": 1, "slug": "avai", "abreviacao": "ava", "id": 314, "nome": "ava\u00ed"}}, {"status": "Prov\u00e1vel", "foto": "http://s.glbimg.com/es/sde/f/2010/11/17/dc125f0aa1d1d2f1708793bc891bef12_FORMATO.jpeg", "clube": {"mercado": 1, "slug": "figueirense", "abreviacao": "fig", "id": 316, "nome": "figueirense"}, "status_id": 7, "jogos": 18, "scout": [{"quantidade": 4, "nome": "SG"}, {"quantidade": 12, "nome": "FS"}, {"quantidade": 40, "nome": "PE"}, {"quantidade": 27, "nome": "RB"}, {"quantidade": 23, "nome": "FC"}, {"quantidade": 7, "nome": "CA"}, {"quantidade": 5, "nome": "FF"}], "preco": "10.86", "partida_data": "31/10/2015", "variacao": "-0.33", "id": 38394, "media": "2.10", "pontos": "2.90", "apelido": "Thiago Heleno", "posicao": {"abreviacao": "ZAG", "id": 3, "nome": "Zagueiro"}, "partida_clube_visitante": {"mercado": 1, "slug": "figueirense", "abreviacao": "fig", "id": 316, "nome": "figueirense"}, "partida_clube_casa": {"mercado": 1, "slug": "coritiba", "abreviacao": "cor", "id": 294, "nome": "coritiba"}}, {"status": "Prov\u00e1vel", "foto": "http://s.glbimg.com/es/sde/f/2010/11/12/71377f94cc5c56199d7cd9be06cfd2a1_FORMATO.jpeg", "clube": {"mercado": 1, "slug": "gremio", "abreviacao": "gre", "id": 284, "nome": "gr\u00eamio"}, "status_id": 7, "jogos": 27, "scout": [{"quantidade": 12, "nome": "SG"}, {"quantidade": 34, "nome": "FS"}, {"quantidade": 124, "nome": "PE"}, {"quantidade": 2, "nome": "A"}, {"quantidade": 2, "nome": "FT"}, {"quantidade": 2, "nome": "G"}, {"quantidade": 4, "nome": "I"}, {"quantidade": 29, "nome": "RB"}, {"quantidade": 32, "nome": "FC"}, {"quantidade": 7, "nome": "CA"}, {"quantidade": 13, "nome": "FF"}, {"quantidade": 10, "nome": "FD"}], "preco": "10.79", "partida_data": "01/11/2015", "variacao": "-0.27", "id": 68821, "media": "4.03", "pontos": "2.30", "apelido": "Rafael Galhardo", "posicao": {"abreviacao": "LAT", "id": 2, "nome": "Lateral"}, "partida_clube_visitante": {"mercado": 1, "slug": "flamengo", "abreviacao": "fla", "id": 262, "nome": "flamengo"}, "partida_clube_casa": {"mercado": 1, "slug": "gremio", "abreviacao": "gre", "id": 284, "nome": "gr\u00eamio"}}, {"status": "Prov\u00e1vel", "foto": "http://s.glbimg.com/es/sde/f/2015/05/29/d3b8abf00a9823a2c0fb29092150d3ce_FORMATO.jpeg", "clube": {"mercado": 1, "slug": "goias", "abreviacao": "goi", "id": 290, "nome": "goi\u00e1s"}, "status_id": 7, "jogos": 26, "scout": [{"quantidade": 36, "nome": "FS"}, {"quantidade": 44, "nome": "PE"}, {"quantidade": 1, "nome": "A"}, {"quantidade": 71, "nome": "RB"}, {"quantidade": 37, "nome": "FC"}, {"quantidade": 8, "nome": "CA"}, {"quantidade": 6, "nome": "FF"}, {"quantidade": 2, "nome": "FD"}], "preco": "10.77", "partida_data": "01/11/2015", "variacao": "-0.85", "id": 83433, "media": "3.94", "pontos": "1.40", "apelido": "Patrick", "posicao": {"abreviacao": "MEI", "id": 4, "nome": "Meia"}, "partida_clube_visitante": {"mercado": 1, "slug": "internacional", "abreviacao": "int", "id": 285, "nome": "internacional"}, "partida_clube_casa": {"mercado": 1, "slug": "goias", "abreviacao": "goi", "id": 290, "nome": "goi\u00e1s"}}, {"status": "Prov\u00e1vel", "foto": "http://s.glbimg.com/es/sde/f/2015/10/23/ff25189dab92b8ce3731b215d3f751c1_FORMATO.png", "clube": {"mercado": 1, "slug": "atletico-pr", "abreviacao": "atl", "id": 293, "nome": "atl\u00e9tico-pr"}, "status_id": 7, "jogos": 26, "scout": [{"quantidade": 27, "nome": "FS"}, {"quantidade": 58, "nome": "PE"}, {"quantidade": 1, "nome": "A"}, {"quantidade": 83, "nome": "RB"}, {"quantidade": 39, "nome": "FC"}, {"quantidade": 7, "nome": "CA"}, {"quantidade": 12, "nome": "FF"}, {"quantidade": 9, "nome": "FD"}], "preco": "10.75", "partida_data": "01/11/2015", "variacao": "-0.65", "id": 82463, "media": "4.84", "pontos": "-1.50", "apelido": "Ot\u00e1vio ", "posicao": {"abreviacao": "MEI", "id": 4, "nome": "Meia"}, "partida_clube_visitante": {"mercado": 1, "slug": "atletico-pr", "abreviacao": "atl", "id": 293, "nome": "atl\u00e9tico-pr"}, "partida_clube_casa": {"mercado": 1, "slug": "chapecoense", "abreviacao": "cha", "id": 315, "nome": "chapecoense"}}, {"status": "Nulo", "foto": "http://s.glbimg.com/es/sde/f/2010/12/30/804ea225337148abcf3d897835d66983_FORMATO.jpeg", "clube": {"mercado": 1, "slug": "internacional", "abreviacao": "int", "id": 285, "nome": "internacional"}, "status_id": 6, "jogos": 8, "scout": [{"quantidade": 3, "nome": "SG"}, {"quantidade": 5, "nome": "FS"}, {"quantidade": 13, "nome": "PE"}, {"quantidade": 1, "nome": "I"}, {"quantidade": 5, "nome": "RB"}, {"quantidade": 8, "nome": "FC"}, {"quantidade": 2, "nome": "CA"}, {"quantidade": 5, "nome": "FF"}, {"quantidade": 2, "nome": "FD"}], "preco": "10.74", "partida_data": "01/11/2015", "variacao": "1.04", "id": 36540, "media": "2.38", "pontos": "7.10", "apelido": "Juan", "posicao": {"abreviacao": "ZAG", "id": 3, "nome": "Zagueiro"}, "partida_clube_visitante": {"mercado": 1, "slug": "internacional", "abreviacao": "int", "id": 285, "nome": "internacional"}, "partida_clube_casa": {"mercado": 1, "slug": "goias", "abreviacao": "goi", "id": 290, "nome": "goi\u00e1s"}}, {"status": "Prov\u00e1vel", "foto": "http://s.glbimg.com/es/sde/f/2015/08/21/1b9f0d03cb94150c3a255605cf60f3af_FORMATO.jpeg", "clube": {"mercado": 1, "slug": "goias", "abreviacao": "goi", "id": 290, "nome": "goi\u00e1s"}, "status_id": 7, "jogos": 26, "scout": [{"quantidade": 9, "nome": "SG"}, {"quantidade": 16, "nome": "FS"}, {"quantidade": 49, "nome": "PE"}, {"quantidade": 33, "nome": "RB"}, {"quantidade": 37, "nome": "FC"}, {"quantidade": 3, "nome": "CA"}, {"quantidade": 1, "nome": "CV"}, {"quantidade": 2, "nome": "FF"}, {"quantidade": 1, "nome": "FD"}], "preco": "10.71", "partida_data": "01/11/2015", "variacao": "0.27", "id": 85399, "media": "2.58", "pontos": "5.20", "apelido": "Felipe Macedo", "posicao": {"abreviacao": "ZAG", "id": 3, "nome": "Zagueiro"}, "partida_clube_visitante": {"mercado": 1, "slug": "internacional", "abreviacao": "int", "id": 285, "nome": "internacional"}, "partida_clube_casa": {"mercado": 1, "slug": "goias", "abreviacao": "goi", "id": 290, "nome": "goi\u00e1s"}}, {"status": "Nulo", "foto": "http://s.glbimg.com/es/sde/f/2015/01/30/854f523778fdef6b6e39758a3c691083_FORMATO.png", "clube": {"mercado": 1, "slug": "ponte-preta", "abreviacao": "pon", "id": 303, "nome": "ponte preta"}, "status_id": 6, "jogos": 27, "scout": [{"quantidade": 34, "nome": "FS"}, {"quantidade": 41, "nome": "PE"}, {"quantidade": 1, "nome": "A"}, {"quantidade": 1, "nome": "FT"}, {"quantidade": 2, "nome": "G"}, {"quantidade": 3, "nome": "I"}, {"quantidade": 15, "nome": "RB"}, {"quantidade": 26, "nome": "FC"}, {"quantidade": 4, "nome": "CA"}, {"quantidade": 1, "nome": "CV"}, {"quantidade": 17, "nome": "FF"}, {"quantidade": 8, "nome": "FD"}], "preco": "10.69", "partida_data": "31/10/2015", "variacao": "0.00", "id": 72204, "media": "1.75", "pontos": "0.00", "apelido": "Diego Oliveira", "posicao": {"abreviacao": "ATA", "id": 5, "nome": "Atacante"}, "partida_clube_visitante": {"mercado": 1, "slug": "joinville", "abreviacao": "jec", "id": 317, "nome": "joinville"}, "partida_clube_casa": {"mercado": 1, "slug": "ponte-preta", "abreviacao": "pon", "id": 303, "nome": "ponte preta"}}, {"status": "Prov\u00e1vel", "foto": "http://s.glbimg.com/es/sde/f/2015/01/19/4d21e9468610c33ac3086cce8f0afa08_FORMATO.jpeg", "clube": {"mercado": 1, "slug": "santos", "abreviacao": "san", "id": 277, "nome": "santos"}, "status_id": 7, "jogos": 22, "scout": [{"quantidade": 15, "nome": "FS"}, {"quantidade": 39, "nome": "PE"}, {"quantidade": 34, "nome": "RB"}, {"quantidade": 13, "nome": "FC"}, {"quantidade": 3, "nome": "FF"}, {"quantidade": 1, "nome": "FD"}], "preco": "10.67", "partida_data": "01/11/2015", "variacao": "0.30", "id": 38908, "media": "2.28", "pontos": "3.90", "apelido": "Renato", "posicao": {"abreviacao": "MEI", "id": 4, "nome": "Meia"}, "partida_clube_visitante": {"mercado": 1, "slug": "palmeiras", "abreviacao": "pal", "id": 275, "nome": "palmeiras"}, "partida_clube_casa": {"mercado": 1, "slug": "santos", "abreviacao": "san", "id": 277, "nome": "santos"}}, {"status": "Contundido", "foto": "http://s.glbimg.com/es/sde/f/2015/10/23/7038e1a920f625883a7f2e7518d5bc83_FORMATO.png", "clube": {"mercado": 1, "slug": "atletico-pr", "abreviacao": "atl", "id": 293, "nome": "atl\u00e9tico-pr"}, "status_id": 5, "jogos": 11, "scout": [{"quantidade": 12, "nome": "FS"}, {"quantidade": 17, "nome": "PE"}, {"quantidade": 21, "nome": "RB"}, {"quantidade": 12, "nome": "FC"}, {"quantidade": 3, "nome": "FF"}], "preco": "10.61", "partida_data": "01/11/2015", "variacao": "0.00", "id": 69018, "media": "2.96", "pontos": "0.00", "apelido": "Deivid", "posicao": {"abreviacao": "MEI", "id": 4, "nome": "Meia"}, "partida_clube_visitante": {"mercado": 1, "slug": "atletico-pr", "abreviacao": "atl", "id": 293, "nome": "atl\u00e9tico-pr"}, "partida_clube_casa": {"mercado": 1, "slug": "chapecoense", "abreviacao": "cha", "id": 315, "nome": "chapecoense"}}]}