{"rodada_id": 24, "page": {"atual": "5", "total": "42"}, "atleta": [{"status": "Suspenso", "foto": "http://s.glbimg.com/es/sde/f/2014/12/16/576380269e478afdb444a68b66d0ad9c_FORMATO.jpeg", "clube": {"mercado": 1, "slug": "palmeiras", "abreviacao": "pal", "id": 275, "nome": "palmeiras"}, "status_id": 3, "jogos": 19, "scout": [{"quantidade": 7, "nome": "SG"}, {"quantidade": 18, "nome": "FS"}, {"quantidade": 50, "nome": "PE"}, {"quantidade": 2, "nome": "A"}, {"quantidade": 2, "nome": "G"}, {"quantidade": 4, "nome": "I"}, {"quantidade": 22, "nome": "RB"}, {"quantidade": 45, "nome": "FC"}, {"quantidade": 9, "nome": "CA"}, {"quantidade": 3, "nome": "FF"}, {"quantidade": 3, "nome": "FD"}], "preco": "12.87", "partida_data": "09/09/2015", "variacao": "2.44", "id": 50362, "media": "2.90", "pontos": "15.30", "apelido": "Lucas", "posicao": {"abreviacao": "LAT", "id": 2, "nome": "Lateral"}, "partida_clube_visitante": {"mercado": 1, "slug": "palmeiras", "abreviacao": "pal", "id": 275, "nome": "palmeiras"}, "partida_clube_casa": {"mercado": 1, "slug": "internacional", "abreviacao": "int", "id": 285, "nome": "internacional"}}, {"status": "Suspenso", "foto": "http://s.glbimg.com/es/sde/f/2015/03/04/9c6ee759e763f6466b3961ff27672c53_FORMATO.png", "clube": {"mercado": 1, "slug": "atletico-pr", "abreviacao": "atl", "id": 293, "nome": "atl\u00e9tico-pr"}, "status_id": 3, "jogos": 15, "scout": [{"quantidade": 17, "nome": "FS"}, {"quantidade": 23, "nome": "PE"}, {"quantidade": 2, "nome": "A"}, {"quantidade": 3, "nome": "G"}, {"quantidade": 1, "nome": "I"}, {"quantidade": 12, "nome": "RB"}, {"quantidade": 9, "nome": "FC"}, {"quantidade": 2, "nome": "CA"}, {"quantidade": 1, "nome": "CV"}, {"quantidade": 8, "nome": "FF"}, {"quantidade": 14, "nome": "FD"}], "preco": "12.87", "partida_data": "09/09/2015", "variacao": "-1.75", "id": 83266, "media": "4.09", "pontos": "-4.40", "apelido": "Marcos Guilherme ", "posicao": {"abreviacao": "MEI", "id": 4, "nome": "Meia"}, "partida_clube_visitante": {"mercado": 1, "slug": "atletico-pr", "abreviacao": "atl", "id": 293, "nome": "atl\u00e9tico-pr"}, "partida_clube_casa": {"mercado": 1, "slug": "figueirense", "abreviacao": "fig", "id": 316, "nome": "figueirense"}}, {"status": "Prov\u00e1vel", "foto": "http://s.glbimg.com/es/sde/f/2015/01/15/c51c9f87a1dbe235f48af581ae110ea7_FORMATO.jpeg", "clube": {"mercado": 1, "slug": "internacional", "abreviacao": "int", "id": 285, "nome": "internacional"}, "status_id": 7, "jogos": 11, "scout": [{"quantidade": 13, "nome": "FS"}, {"quantidade": 33, "nome": "PE"}, {"quantidade": 1, "nome": "A"}, {"quantidade": 2, "nome": "FT"}, {"quantidade": 2, "nome": "G"}, {"quantidade": 9, "nome": "RB"}, {"quantidade": 3, "nome": "FC"}, {"quantidade": 2, "nome": "CA"}, {"quantidade": 3, "nome": "FF"}, {"quantidade": 7, "nome": "FD"}], "preco": "12.86", "partida_data": "09/09/2015", "variacao": "-2.08", "id": 70360, "media": "3.95", "pontos": "0.50", "apelido": "Eduardo Sasha", "posicao": {"abreviacao": "ATA", "id": 5, "nome": "Atacante"}, "partida_clube_visitante": {"mercado": 1, "slug": "palmeiras", "abreviacao": "pal", "id": 275, "nome": "palmeiras"}, "partida_clube_casa": {"mercado": 1, "slug": "internacional", "abreviacao": "int", "id": 285, "nome": "internacional"}}, {"status": "Prov\u00e1vel", "foto": "http://s.glbimg.com/es/sde/f/2012/12/12/b0f39c4bff820b2978caecf8ce1a15d7_FORMATO.jpeg", "clube": {"mercado": 1, "slug": "fluminense", "abreviacao": "flu", "id": 266, "nome": "fluminense"}, "status_id": 7, "jogos": 21, "scout": [], "preco": "12.83", "partida_data": "09/09/2015", "variacao": "0.19", "id": 62137, "media": "3.26", "pontos": "1.75", "apelido": "Enderson Moreira", "posicao": {"abreviacao": "TEC", "id": 6, "nome": "T\u00e9cnico"}, "partida_clube_visitante": {"mercado": 1, "slug": "fluminense", "abreviacao": "flu", "id": 266, "nome": "fluminense"}, "partida_clube_casa": {"mercado": 1, "slug": "coritiba", "abreviacao": "cor", "id": 294, "nome": "coritiba"}}, {"status": "Nulo", "foto": "http://s.glbimg.com/es/sde/f/2015/01/15/5075f5c1cba922fe5fe28315b83b02a4_FORMATO.png", "clube": {"mercado": 1, "slug": "cruzeiro", "abreviacao": "cru", "id": 283, "nome": "cruzeiro"}, "status_id": 6, "jogos": 15, "scout": [{"quantidade": 20, "nome": "FS"}, {"quantidade": 38, "nome": "PE"}, {"quantidade": 4, "nome": "A"}, {"quantidade": 1, "nome": "G"}, {"quantidade": 5, "nome": "I"}, {"quantidade": 11, "nome": "RB"}, {"quantidade": 6, "nome": "FC"}, {"quantidade": 13, "nome": "FF"}, {"quantidade": 3, "nome": "FD"}], "preco": "12.83", "partida_data": "10/09/2015", "variacao": "1.95", "id": 60788, "media": "3.45", "pontos": "10.20", "apelido": "Marquinhos", "posicao": {"abreviacao": "ATA", "id": 5, "nome": "Atacante"}, "partida_clube_visitante": {"mercado": 1, "slug": "cruzeiro", "abreviacao": "cru", "id": 283, "nome": "cruzeiro"}, "partida_clube_casa": {"mercado": 1, "slug": "flamengo", "abreviacao": "fla", "id": 262, "nome": "flamengo"}}, {"status": "Prov\u00e1vel", "foto": "http://s.glbimg.com/es/sde/f/2015/01/15/e10eade248b6bbd4e5f3e191aa89ab13_FORMATO.jpeg", "clube": {"mercado": 1, "slug": "corinthians", "abreviacao": "cor", "id": 264, "nome": "corinthians"}, "status_id": 7, "jogos": 7, "scout": [{"quantidade": 3, "nome": "SG"}, {"quantidade": 5, "nome": "FS"}, {"quantidade": 15, "nome": "PE"}, {"quantidade": 1, "nome": "A"}, {"quantidade": 1, "nome": "FT"}, {"quantidade": 6, "nome": "RB"}, {"quantidade": 6, "nome": "FC"}, {"quantidade": 2, "nome": "CA"}, {"quantidade": 1, "nome": "FD"}], "preco": "12.71", "partida_data": "09/09/2015", "variacao": "0.00", "id": 38523, "media": "3.67", "pontos": "0.00", "apelido": "Ed\u00edlson", "posicao": {"abreviacao": "LAT", "id": 2, "nome": "Lateral"}, "partida_clube_visitante": {"mercado": 1, "slug": "gremio", "abreviacao": "gre", "id": 284, "nome": "gr\u00eamio"}, "partida_clube_casa": {"mercado": 1, "slug": "corinthians", "abreviacao": "cor", "id": 264, "nome": "corinthians"}}, {"status": "Prov\u00e1vel", "foto": "http://s.glbimg.com/es/sde/f/2015/05/07/b2ad43cd7bb4c6e55f5ed6b16b8f2680_FORMATO.jpeg", "clube": {"mercado": 1, "slug": "ponte-preta", "abreviacao": "pon", "id": 303, "nome": "ponte preta"}, "status_id": 7, "jogos": 17, "scout": [{"quantidade": 43, "nome": "FS"}, {"quantidade": 74, "nome": "PE"}, {"quantidade": 3, "nome": "A"}, {"quantidade": 1, "nome": "FT"}, {"quantidade": 3, "nome": "G"}, {"quantidade": 4, "nome": "I"}, {"quantidade": 14, "nome": "RB"}, {"quantidade": 16, "nome": "FC"}, {"quantidade": 7, "nome": "CA"}, {"quantidade": 1, "nome": "CV"}, {"quantidade": 14, "nome": "FF"}, {"quantidade": 16, "nome": "FD"}], "preco": "12.62", "partida_data": "09/09/2015", "variacao": "0.00", "id": 80949, "media": "3.67", "pontos": "0.00", "apelido": "Biro Biro", "posicao": {"abreviacao": "ATA", "id": 5, "nome": "Atacante"}, "partida_clube_visitante": {"mercado": 1, "slug": "vasco", "abreviacao": "vas", "id": 267, "nome": "vasco"}, "partida_clube_casa": {"mercado": 1, "slug": "ponte-preta", "abreviacao": "pon", "id": 303, "nome": "ponte preta"}}, {"status": "Prov\u00e1vel", "foto": "http://s.glbimg.com/es/sde/f/2015/07/22/f77c9001c5a8da532159ed358f02269c_FORMATO.png", "clube": {"mercado": 1, "slug": "atletico-pr", "abreviacao": "atl", "id": 293, "nome": "atl\u00e9tico-pr"}, "status_id": 7, "jogos": 21, "scout": [{"quantidade": 9, "nome": "SG"}, {"quantidade": 8, "nome": "FS"}, {"quantidade": 42, "nome": "PE"}, {"quantidade": 1, "nome": "FT"}, {"quantidade": 1, "nome": "G"}, {"quantidade": 2, "nome": "I"}, {"quantidade": 23, "nome": "RB"}, {"quantidade": 27, "nome": "FC"}, {"quantidade": 6, "nome": "CA"}, {"quantidade": 2, "nome": "FF"}], "preco": "12.44", "partida_data": "09/09/2015", "variacao": "0.16", "id": 50427, "media": "2.93", "pontos": "5.60", "apelido": "Kadu", "posicao": {"abreviacao": "ZAG", "id": 3, "nome": "Zagueiro"}, "partida_clube_visitante": {"mercado": 1, "slug": "atletico-pr", "abreviacao": "atl", "id": 293, "nome": "atl\u00e9tico-pr"}, "partida_clube_casa": {"mercado": 1, "slug": "figueirense", "abreviacao": "fig", "id": 316, "nome": "figueirense"}}, {"status": "Prov\u00e1vel", "foto": "http://s.glbimg.com/es/sde/f/2015/06/30/a409f5e3db66cbec894885dc6ac11c7f_FORMATO.jpeg", "clube": {"mercado": 1, "slug": "flamengo", "abreviacao": "fla", "id": 262, "nome": "flamengo"}, "status_id": 7, "jogos": 17, "scout": [{"quantidade": 53, "nome": "FS"}, {"quantidade": 62, "nome": "PE"}, {"quantidade": 1, "nome": "A"}, {"quantidade": 2, "nome": "FT"}, {"quantidade": 4, "nome": "G"}, {"quantidade": 4, "nome": "I"}, {"quantidade": 14, "nome": "RB"}, {"quantidade": 25, "nome": "FC"}, {"quantidade": 5, "nome": "CA"}, {"quantidade": 17, "nome": "FF"}, {"quantidade": 6, "nome": "FD"}], "preco": "12.38", "partida_data": "10/09/2015", "variacao": "1.90", "id": 68744, "media": "4.07", "pontos": "10.10", "apelido": "Emerson", "posicao": {"abreviacao": "ATA", "id": 5, "nome": "Atacante"}, "partida_clube_visitante": {"mercado": 1, "slug": "cruzeiro", "abreviacao": "cru", "id": 283, "nome": "cruzeiro"}, "partida_clube_casa": {"mercado": 1, "slug": "flamengo", "abreviacao": "fla", "id": 262, "nome": "flamengo"}}, {"status": "Prov\u00e1vel", "foto": "http://s.glbimg.com/es/sde/f/2015/01/15/2e301da99b00b363e36f5878fef4976b_FORMATO.png", "clube": {"mercado": 1, "slug": "cruzeiro", "abreviacao": "cru", "id": 283, "nome": "cruzeiro"}, "status_id": 7, "jogos": 18, "scout": [{"quantidade": 29, "nome": "FS"}, {"quantidade": 47, "nome": "PE"}, {"quantidade": 1, "nome": "FT"}, {"quantidade": 1, "nome": "G"}, {"quantidade": 1, "nome": "I"}, {"quantidade": 37, "nome": "RB"}, {"quantidade": 20, "nome": "FC"}, {"quantidade": 4, "nome": "CA"}, {"quantidade": 10, "nome": "FF"}, {"quantidade": 5, "nome": "FD"}], "preco": "12.32", "partida_data": "10/09/2015", "variacao": "0.03", "id": 37694, "media": "3.78", "pontos": "1.30", "apelido": "Henrique", "posicao": {"abreviacao": "MEI", "id": 4, "nome": "Meia"}, "partida_clube_visitante": {"mercado": 1, "slug": "cruzeiro", "abreviacao": "cru", "id": 283, "nome": "cruzeiro"}, "partida_clube_casa": {"mercado": 1, "slug": "flamengo", "abreviacao": "fla", "id": 262, "nome": "flamengo"}}, {"status": "Prov\u00e1vel", "foto": "http://s.glbimg.com/es/sde/f/2011/08/10/28d44e5a03389161427795b15a3acaf7_FORMATO.jpeg", "clube": {"mercado": 1, "slug": "palmeiras", "abreviacao": "pal", "id": 275, "nome": "palmeiras"}, "status_id": 7, "jogos": 20, "scout": [], "preco": "12.27", "partida_data": "09/09/2015", "variacao": "0.41", "id": 62136, "media": "3.90", "pontos": "4.40", "apelido": "Marcelo Oliveira", "posicao": {"abreviacao": "TEC", "id": 6, "nome": "T\u00e9cnico"}, "partida_clube_visitante": {"mercado": 1, "slug": "palmeiras", "abreviacao": "pal", "id": 275, "nome": "palmeiras"}, "partida_clube_casa": {"mercado": 1, "slug": "internacional", "abreviacao": "int", "id": 285, "nome": "internacional"}}, {"status": "Prov\u00e1vel", "foto": "http://s.glbimg.com/es/sde/f/2012/09/09/7ed7876d86d249681ff06534b51c377d_FORMATO.jpeg", "clube": {"mercado": 1, "slug": "cruzeiro", "abreviacao": "cru", "id": 283, "nome": "cruzeiro"}, "status_id": 7, "jogos": 1, "scout": [], "preco": "12.10", "partida_data": "10/09/2015", "variacao": "2.17", "id": 37281, "media": "8.07", "pontos": "8.07", "apelido": "Mano Menezes", "posicao": {"abreviacao": "TEC", "id": 6, "nome": "T\u00e9cnico"}, "partida_clube_visitante": {"mercado": 1, "slug": "cruzeiro", "abreviacao": "cru", "id": 283, "nome": "cruzeiro"}, "partida_clube_casa": {"mercado": 1, "slug": "flamengo", "abreviacao": "fla", "id": 262, "nome": "flamengo"}}, {"status": "Prov\u00e1vel", "foto": "http://s.glbimg.com/es/sde/f/2015/05/29/d3b8abf00a9823a2c0fb29092150d3ce_FORMATO.jpeg", "clube": {"mercado": 1, "slug": "goias", "abreviacao": "goi", "id": 290, "nome": "goi\u00e1s"}, "status_id": 7, "jogos": 18, "scout": [{"quantidade": 27, "nome": "FS"}, {"quantidade": 24, "nome": "PE"}, {"quantidade": 60, "nome": "RB"}, {"quantidade": 25, "nome": "FC"}, {"quantidade": 4, "nome": "CA"}, {"quantidade": 5, "nome": "FF"}, {"quantidade": 1, "nome": "FD"}], "preco": "12.09", "partida_data": "10/09/2015", "variacao": "-0.08", "id": 83433, "media": "5.13", "pontos": "7.90", "apelido": "Patrick", "posicao": {"abreviacao": "MEI", "id": 4, "nome": "Meia"}, "partida_clube_visitante": {"mercado": 1, "slug": "sport", "abreviacao": "spo", "id": 292, "nome": "sport"}, "partida_clube_casa": {"mercado": 1, "slug": "goias", "abreviacao": "goi", "id": 290, "nome": "goi\u00e1s"}}, {"status": "Prov\u00e1vel", "foto": "http://s.glbimg.com/es/sde/f/2015/06/04/762a61acf454f9a7cd44e808234a29be_FORMATO.jpeg", "clube": {"mercado": 1, "slug": "atletico-pr", "abreviacao": "atl", "id": 293, "nome": "atl\u00e9tico-pr"}, "status_id": 7, "jogos": 23, "scout": [], "preco": "12.05", "partida_data": "09/09/2015", "variacao": "-0.52", "id": 86486, "media": "3.52", "pontos": "1.69", "apelido": "Milton Mendes", "posicao": {"abreviacao": "TEC", "id": 6, "nome": "T\u00e9cnico"}, "partida_clube_visitante": {"mercado": 1, "slug": "atletico-pr", "abreviacao": "atl", "id": 293, "nome": "atl\u00e9tico-pr"}, "partida_clube_casa": {"mercado": 1, "slug": "figueirense", "abreviacao": "fig", "id": 316, "nome": "figueirense"}}, {"status": "Prov\u00e1vel", "foto": "http://s.glbimg.com/es/sde/f/2015/07/22/041aac0109ebd216904ff03d98154bf2_FORMATO.jpeg", "clube": {"mercado": 1, "slug": "sport", "abreviacao": "spo", "id": 292, "nome": "sport"}, "status_id": 7, "jogos": 23, "scout": [{"quantidade": 7, "nome": "SG"}, {"quantidade": 7, "nome": "FS"}, {"quantidade": 65, "nome": "PE"}, {"quantidade": 4, "nome": "I"}, {"quantidade": 20, "nome": "RB"}, {"quantidade": 1, "nome": "FC"}, {"quantidade": 2, "nome": "FF"}, {"quantidade": 3, "nome": "FD"}], "preco": "12.04", "partida_data": "10/09/2015", "variacao": "-0.38", "id": 38100, "media": "2.39", "pontos": "1.40", "apelido": "Durval", "posicao": {"abreviacao": "ZAG", "id": 3, "nome": "Zagueiro"}, "partida_clube_visitante": {"mercado": 1, "slug": "sport", "abreviacao": "spo", "id": 292, "nome": "sport"}, "partida_clube_casa": {"mercado": 1, "slug": "goias", "abreviacao": "goi", "id": 290, "nome": "goi\u00e1s"}}, {"status": "Contundido", "foto": "http://s.glbimg.com/es/sde/f/2010/11/12/0d756cda1f29b47e379325b85c09faba_FORMATO.jpeg", "clube": {"mercado": 1, "slug": "cruzeiro", "abreviacao": "cru", "id": 283, "nome": "cruzeiro"}, "status_id": 5, "jogos": 0, "scout": [], "preco": "12.00", "partida_data": "10/09/2015", "variacao": "0.00", "id": 60819, "media": "0.00", "pontos": "0.00", "apelido": "Ded\u00e9", "posicao": {"abreviacao": "ZAG", "id": 3, "nome": "Zagueiro"}, "partida_clube_visitante": {"mercado": 1, "slug": "cruzeiro", "abreviacao": "cru", "id": 283, "nome": "cruzeiro"}, "partida_clube_casa": {"mercado": 1, "slug": "flamengo", "abreviacao": "fla", "id": 262, "nome": "flamengo"}}, {"status": "Prov\u00e1vel", "foto": "http://s.glbimg.com/es/sde/f/2015/07/21/bd81e9f0b60e7b7c67db7970bfe22872_FORMATO.jpeg", "clube": {"mercado": 1, "slug": "chapecoense", "abreviacao": "cha", "id": 315, "nome": "chapecoense"}, "status_id": 7, "jogos": 16, "scout": [{"quantidade": 20, "nome": "FS"}, {"quantidade": 61, "nome": "PE"}, {"quantidade": 2, "nome": "A"}, {"quantidade": 1, "nome": "G"}, {"quantidade": 8, "nome": "I"}, {"quantidade": 13, "nome": "RB"}, {"quantidade": 9, "nome": "FC"}, {"quantidade": 11, "nome": "FF"}, {"quantidade": 5, "nome": "FD"}], "preco": "11.94", "partida_data": "09/09/2015", "variacao": "0.05", "id": 62009, "media": "2.25", "pontos": "1.30", "apelido": "Camilo", "posicao": {"abreviacao": "MEI", "id": 4, "nome": "Meia"}, "partida_clube_visitante": {"mercado": 1, "slug": "chapecoense", "abreviacao": "cha", "id": 315, "nome": "chapecoense"}, "partida_clube_casa": {"mercado": 1, "slug": "joinville", "abreviacao": "jec", "id": 317, "nome": "joinville"}}, {"status": "Prov\u00e1vel", "foto": "http://s.glbimg.com/es/sde/f/2015/03/23/651aa4b2e78db19ac0a073898ddb98b6_FORMATO.jpeg", "clube": {"mercado": 1, "slug": "goias", "abreviacao": "goi", "id": 290, "nome": "goi\u00e1s"}, "status_id": 7, "jogos": 12, "scout": [{"quantidade": 10, "nome": "FS"}, {"quantidade": 20, "nome": "PE"}, {"quantidade": 1, "nome": "A"}, {"quantidade": 1, "nome": "FT"}, {"quantidade": 5, "nome": "G"}, {"quantidade": 3, "nome": "I"}, {"quantidade": 10, "nome": "RB"}, {"quantidade": 5, "nome": "FC"}, {"quantidade": 2, "nome": "CA"}, {"quantidade": 2, "nome": "FF"}, {"quantidade": 4, "nome": "FD"}], "preco": "11.90", "partida_data": "10/09/2015", "variacao": "0.42", "id": 84848, "media": "5.16", "pontos": "2.40", "apelido": "Erik", "posicao": {"abreviacao": "ATA", "id": 5, "nome": "Atacante"}, "partida_clube_visitante": {"mercado": 1, "slug": "sport", "abreviacao": "spo", "id": 292, "nome": "sport"}, "partida_clube_casa": {"mercado": 1, "slug": "goias", "abreviacao": "goi", "id": 290, "nome": "goi\u00e1s"}}, {"status": "D\u00favida", "foto": "http://s.glbimg.com/es/sde/f/2011/10/06/dc475836b9488d7f2fc01443cc2e3509_FORMATO.jpeg", "clube": {"mercado": 1, "slug": "vasco", "abreviacao": "vas", "id": 267, "nome": "vasco"}, "status_id": 2, "jogos": 19, "scout": [{"quantidade": 5, "nome": "SG"}, {"quantidade": 28, "nome": "FS"}, {"quantidade": 65, "nome": "PE"}, {"quantidade": 1, "nome": "A"}, {"quantidade": 3, "nome": "I"}, {"quantidade": 13, "nome": "RB"}, {"quantidade": 15, "nome": "FC"}, {"quantidade": 4, "nome": "CA"}, {"quantidade": 1, "nome": "FF"}, {"quantidade": 1, "nome": "FD"}], "preco": "11.90", "partida_data": "09/09/2015", "variacao": "0.00", "id": 78077, "media": "1.66", "pontos": "0.00", "apelido": "Madson", "posicao": {"abreviacao": "LAT", "id": 2, "nome": "Lateral"}, "partida_clube_visitante": {"mercado": 1, "slug": "vasco", "abreviacao": "vas", "id": 267, "nome": "vasco"}, "partida_clube_casa": {"mercado": 1, "slug": "ponte-preta", "abreviacao": "pon", "id": 303, "nome": "ponte preta"}}, {"status": "Prov\u00e1vel", "foto": "http://s.glbimg.com/es/sde/f/2013/02/05/9c736de34cc5d64a67cd7049ed8da923_FORMATO.jpeg", "clube": {"mercado": 1, "slug": "gremio", "abreviacao": "gre", "id": 284, "nome": "gr\u00eamio"}, "status_id": 7, "jogos": 20, "scout": [], "preco": "11.90", "partida_data": "09/09/2015", "variacao": "-0.37", "id": 79437, "media": "3.69", "pontos": "3.20", "apelido": "Roger Machado ", "posicao": {"abreviacao": "TEC", "id": 6, "nome": "T\u00e9cnico"}, "partida_clube_visitante": {"mercado": 1, "slug": "gremio", "abreviacao": "gre", "id": 284, "nome": "gr\u00eamio"}, "partida_clube_casa": {"mercado": 1, "slug": "corinthians", "abreviacao": "cor", "id": 264, "nome": "corinthians"}}]}