{"rodada_id": 36, "page": {"atual": "3", "total": "42"}, "atleta": [{"status": "Nulo", "foto": "http://s.glbimg.com/es/sde/f/2015/10/07/aa1e28f4854ee602879ad433314ce9a5_FORMATO.jpeg", "clube": {"mercado": 1, "slug": "cruzeiro", "abreviacao": "cru", "id": 283, "nome": "cruzeiro"}, "status_id": 6, "jogos": 21, "scout": [{"quantidade": 27, "nome": "FS"}, {"quantidade": 54, "nome": "PE"}, {"quantidade": 1, "nome": "A"}, {"quantidade": 4, "nome": "G"}, {"quantidade": 3, "nome": "I"}, {"quantidade": 10, "nome": "RB"}, {"quantidade": 6, "nome": "FC"}, {"quantidade": 2, "nome": "CA"}, {"quantidade": 11, "nome": "FF"}, {"quantidade": 15, "nome": "FD"}], "preco": "15.43", "partida_data": "21/11/2015", "variacao": "0.00", "id": 87863, "media": "3.11", "pontos": "0.00", "apelido": "Arrascaeta", "posicao": {"abreviacao": "MEI", "id": 4, "nome": "Meia"}, "partida_clube_visitante": {"mercado": 1, "slug": "cruzeiro", "abreviacao": "cru", "id": 283, "nome": "cruzeiro"}, "partida_clube_casa": {"mercado": 1, "slug": "palmeiras", "abreviacao": "pal", "id": 275, "nome": "palmeiras"}}, {"status": "D\u00favida", "foto": "http://s.glbimg.com/es/sde/f/2015/10/28/f727f34836032875fa5eaa000743c601_FORMATO.jpeg", "clube": {"mercado": 1, "slug": "avai", "abreviacao": "ava", "id": 314, "nome": "ava\u00ed"}, "status_id": 2, "jogos": 12, "scout": [{"quantidade": 11, "nome": "FS"}, {"quantidade": 23, "nome": "PE"}, {"quantidade": 1, "nome": "A"}, {"quantidade": 1, "nome": "FT"}, {"quantidade": 4, "nome": "G"}, {"quantidade": 3, "nome": "I"}, {"quantidade": 7, "nome": "RB"}, {"quantidade": 15, "nome": "FC"}, {"quantidade": 1, "nome": "PP"}, {"quantidade": 4, "nome": "FF"}, {"quantidade": 9, "nome": "FD"}], "preco": "15.35", "partida_data": "22/11/2015", "variacao": "0.00", "id": 53865, "media": "4.19", "pontos": "0.00", "apelido": "L\u00e9o Gamalho", "posicao": {"abreviacao": "ATA", "id": 5, "nome": "Atacante"}, "partida_clube_visitante": {"mercado": 1, "slug": "avai", "abreviacao": "ava", "id": 314, "nome": "ava\u00ed"}, "partida_clube_casa": {"mercado": 1, "slug": "fluminense", "abreviacao": "flu", "id": 266, "nome": "fluminense"}}, {"status": "Contundido", "foto": "http://s.glbimg.com/es/sde/f/2015/07/21/30700915d9987dd132693f51e85e2d07_FORMATO.jpeg", "clube": {"mercado": 1, "slug": "fluminense", "abreviacao": "flu", "id": 266, "nome": "fluminense"}, "status_id": 5, "jogos": 31, "scout": [{"quantidade": 12, "nome": "FS"}, {"quantidade": 112, "nome": "PE"}, {"quantidade": 4, "nome": "G"}, {"quantidade": 43, "nome": "RB"}, {"quantidade": 27, "nome": "FC"}, {"quantidade": 4, "nome": "CA"}, {"quantidade": 19, "nome": "FF"}, {"quantidade": 9, "nome": "FD"}], "preco": "15.26", "partida_data": "22/11/2015", "variacao": "0.00", "id": 62047, "media": "2.53", "pontos": "0.00", "apelido": "Jean", "posicao": {"abreviacao": "MEI", "id": 4, "nome": "Meia"}, "partida_clube_visitante": {"mercado": 1, "slug": "avai", "abreviacao": "ava", "id": 314, "nome": "ava\u00ed"}, "partida_clube_casa": {"mercado": 1, "slug": "fluminense", "abreviacao": "flu", "id": 266, "nome": "fluminense"}}, {"status": "Prov\u00e1vel", "foto": "http://s.glbimg.com/es/sde/f/2015/10/09/1a81f07994626ed4cd04b1ec05ed5ef8_FORMATO.jpeg", "clube": {"mercado": 1, "slug": "sao-paulo", "abreviacao": "sao", "id": 276, "nome": "s\u00e3o paulo"}, "status_id": 7, "jogos": 31, "scout": [{"quantidade": 64, "nome": "FS"}, {"quantidade": 102, "nome": "PE"}, {"quantidade": 6, "nome": "A"}, {"quantidade": 2, "nome": "FT"}, {"quantidade": 9, "nome": "G"}, {"quantidade": 15, "nome": "I"}, {"quantidade": 24, "nome": "RB"}, {"quantidade": 19, "nome": "FC"}, {"quantidade": 4, "nome": "CA"}, {"quantidade": 15, "nome": "FF"}, {"quantidade": 19, "nome": "FD"}], "preco": "15.08", "partida_data": "22/11/2015", "variacao": "-1.09", "id": 49675, "media": "5.03", "pontos": "0.80", "apelido": "Alexandre Pato", "posicao": {"abreviacao": "ATA", "id": 5, "nome": "Atacante"}, "partida_clube_visitante": {"mercado": 1, "slug": "sao-paulo", "abreviacao": "sao", "id": 276, "nome": "s\u00e3o paulo"}, "partida_clube_casa": {"mercado": 1, "slug": "corinthians", "abreviacao": "cor", "id": 264, "nome": "corinthians"}}, {"status": "Prov\u00e1vel", "foto": "http://s.glbimg.com/es/sde/f/2015/10/28/f8fcf490587d372c0373d2a15ceab56d_FORMATO.jpeg", "clube": {"mercado": 1, "slug": "gremio", "abreviacao": "gre", "id": 284, "nome": "gr\u00eamio"}, "status_id": 7, "jogos": 33, "scout": [{"quantidade": 27, "nome": "FS"}, {"quantidade": 118, "nome": "PE"}, {"quantidade": 7, "nome": "A"}, {"quantidade": 6, "nome": "G"}, {"quantidade": 3, "nome": "I"}, {"quantidade": 32, "nome": "RB"}, {"quantidade": 24, "nome": "FC"}, {"quantidade": 12, "nome": "FF"}, {"quantidade": 9, "nome": "FD"}], "preco": "14.87", "partida_data": "22/11/2015", "variacao": "0.39", "id": 51548, "media": "3.63", "pontos": "3.60", "apelido": "Giuliano", "posicao": {"abreviacao": "MEI", "id": 4, "nome": "Meia"}, "partida_clube_visitante": {"mercado": 1, "slug": "gremio", "abreviacao": "gre", "id": 284, "nome": "gr\u00eamio"}, "partida_clube_casa": {"mercado": 1, "slug": "internacional", "abreviacao": "int", "id": 285, "nome": "internacional"}}, {"status": "Prov\u00e1vel", "foto": "http://s.glbimg.com/es/sde/f/2015/10/27/0ebf9b3fe7cadaa0bd01fad77fc81737_FORMATO.jpeg", "clube": {"mercado": 1, "slug": "sao-paulo", "abreviacao": "sao", "id": 276, "nome": "s\u00e3o paulo"}, "status_id": 7, "jogos": 28, "scout": [{"quantidade": 49, "nome": "FS"}, {"quantidade": 107, "nome": "PE"}, {"quantidade": 8, "nome": "A"}, {"quantidade": 1, "nome": "FT"}, {"quantidade": 2, "nome": "G"}, {"quantidade": 6, "nome": "I"}, {"quantidade": 41, "nome": "RB"}, {"quantidade": 36, "nome": "FC"}, {"quantidade": 5, "nome": "CA"}, {"quantidade": 1, "nome": "CV"}, {"quantidade": 16, "nome": "FF"}, {"quantidade": 8, "nome": "FD"}], "preco": "14.64", "partida_data": "22/11/2015", "variacao": "0.62", "id": 62977, "media": "3.74", "pontos": "4.00", "apelido": "Ganso", "posicao": {"abreviacao": "MEI", "id": 4, "nome": "Meia"}, "partida_clube_visitante": {"mercado": 1, "slug": "sao-paulo", "abreviacao": "sao", "id": 276, "nome": "s\u00e3o paulo"}, "partida_clube_casa": {"mercado": 1, "slug": "corinthians", "abreviacao": "cor", "id": 264, "nome": "corinthians"}}, {"status": "Prov\u00e1vel", "foto": "http://s.glbimg.com/es/sde/f/2015/10/26/877e023cd642b83f988b7e67e4add479_FORMATO.png", "clube": {"mercado": 1, "slug": "atletico-pr", "abreviacao": "atl", "id": 293, "nome": "atl\u00e9tico-pr"}, "status_id": 7, "jogos": 24, "scout": [{"quantidade": 24, "nome": "FS"}, {"quantidade": 47, "nome": "PE"}, {"quantidade": 4, "nome": "A"}, {"quantidade": 4, "nome": "G"}, {"quantidade": 4, "nome": "I"}, {"quantidade": 17, "nome": "RB"}, {"quantidade": 12, "nome": "FC"}, {"quantidade": 4, "nome": "CA"}, {"quantidade": 2, "nome": "CV"}, {"quantidade": 12, "nome": "FF"}, {"quantidade": 18, "nome": "FD"}], "preco": "14.61", "partida_data": "22/11/2015", "variacao": "2.26", "id": 83266, "media": "3.28", "pontos": "9.10", "apelido": "Marcos Guilherme ", "posicao": {"abreviacao": "MEI", "id": 4, "nome": "Meia"}, "partida_clube_visitante": {"mercado": 1, "slug": "atletico-pr", "abreviacao": "atl", "id": 293, "nome": "atl\u00e9tico-pr"}, "partida_clube_casa": {"mercado": 1, "slug": "sport", "abreviacao": "spo", "id": 292, "nome": "sport"}}, {"status": "Prov\u00e1vel", "foto": "http://s.glbimg.com/es/sde/f/2011/08/10/262ce37e4cce9e99302a33385da74127_FORMATO.jpeg", "clube": {"mercado": 1, "slug": "santos", "abreviacao": "san", "id": 277, "nome": "santos"}, "status_id": 7, "jogos": 23, "scout": [], "preco": "14.54", "partida_data": "22/11/2015", "variacao": "0.32", "id": 40990, "media": "4.61", "pontos": "4.36", "apelido": "Dorival J\u00fanior", "posicao": {"abreviacao": "TEC", "id": 6, "nome": "T\u00e9cnico"}, "partida_clube_visitante": {"mercado": 1, "slug": "santos", "abreviacao": "san", "id": 277, "nome": "santos"}, "partida_clube_casa": {"mercado": 1, "slug": "coritiba", "abreviacao": "cor", "id": 294, "nome": "coritiba"}}, {"status": "Contundido", "foto": "http://s.glbimg.com/es/sde/f/2015/10/27/0dfda89da2b015a900c132b200449dcd_FORMATO.png", "clube": {"mercado": 1, "slug": "santos", "abreviacao": "san", "id": 277, "nome": "santos"}, "status_id": 5, "jogos": 26, "scout": [{"quantidade": 10, "nome": "SG"}, {"quantidade": 9, "nome": "FS"}, {"quantidade": 78, "nome": "PE"}, {"quantidade": 5, "nome": "A"}, {"quantidade": 1, "nome": "G"}, {"quantidade": 1, "nome": "I"}, {"quantidade": 38, "nome": "RB"}, {"quantidade": 22, "nome": "FC"}, {"quantidade": 1, "nome": "CA"}, {"quantidade": 4, "nome": "FF"}, {"quantidade": 3, "nome": "FD"}], "preco": "14.42", "partida_data": "22/11/2015", "variacao": "0.00", "id": 70046, "media": "4.64", "pontos": "0.00", "apelido": "Victor Ferraz", "posicao": {"abreviacao": "LAT", "id": 2, "nome": "Lateral"}, "partida_clube_visitante": {"mercado": 1, "slug": "santos", "abreviacao": "san", "id": 277, "nome": "santos"}, "partida_clube_casa": {"mercado": 1, "slug": "coritiba", "abreviacao": "cor", "id": 294, "nome": "coritiba"}}, {"status": "Nulo", "foto": "http://s.glbimg.com/es/sde/f/2015/10/27/6d63dcbc155f8321f296754b8001d03c_FORMATO.jpeg", "clube": {"mercado": 1, "slug": "palmeiras", "abreviacao": "pal", "id": 275, "nome": "palmeiras"}, "status_id": 6, "jogos": 28, "scout": [{"quantidade": 8, "nome": "SG"}, {"quantidade": 34, "nome": "FS"}, {"quantidade": 128, "nome": "PE"}, {"quantidade": 4, "nome": "A"}, {"quantidade": 1, "nome": "G"}, {"quantidade": 1, "nome": "I"}, {"quantidade": 59, "nome": "RB"}, {"quantidade": 31, "nome": "FC"}, {"quantidade": 9, "nome": "CA"}, {"quantidade": 10, "nome": "FF"}, {"quantidade": 6, "nome": "FD"}], "preco": "14.39", "partida_data": "21/11/2015", "variacao": "0.00", "id": 42145, "media": "4.51", "pontos": "0.00", "apelido": "Eg\u00eddio", "posicao": {"abreviacao": "LAT", "id": 2, "nome": "Lateral"}, "partida_clube_visitante": {"mercado": 1, "slug": "cruzeiro", "abreviacao": "cru", "id": 283, "nome": "cruzeiro"}, "partida_clube_casa": {"mercado": 1, "slug": "palmeiras", "abreviacao": "pal", "id": 275, "nome": "palmeiras"}}, {"status": "Prov\u00e1vel", "foto": "http://s.glbimg.com/es/sde/f/2015/10/28/912e1aede1cc3173f7ef6354026c9a5c_FORMATO.png", "clube": {"mercado": 1, "slug": "atletico-mg", "abreviacao": "atl", "id": 282, "nome": "atl\u00e9tico-mg"}, "status_id": 7, "jogos": 33, "scout": [{"quantidade": 10, "nome": "SG"}, {"quantidade": 6, "nome": "FS"}, {"quantidade": 26, "nome": "PE"}, {"quantidade": 2, "nome": "FC"}, {"quantidade": 2, "nome": "CA"}, {"quantidade": 36, "nome": "DD"}, {"quantidade": 2, "nome": "DP"}, {"quantidade": 39, "nome": "GS"}], "preco": "14.35", "partida_data": "22/11/2015", "variacao": "-1.63", "id": 52950, "media": "2.53", "pontos": "1.00", "apelido": "Victor", "posicao": {"abreviacao": "GOL", "id": 1, "nome": "Goleiro"}, "partida_clube_visitante": {"mercado": 1, "slug": "goias", "abreviacao": "goi", "id": 290, "nome": "goi\u00e1s"}, "partida_clube_casa": {"mercado": 1, "slug": "atletico-mg", "abreviacao": "atl", "id": 282, "nome": "atl\u00e9tico-mg"}}, {"status": "Prov\u00e1vel", "foto": "http://s.glbimg.com/es/sde/f/2015/10/28/523c1eb8afc905768b8dd56bc853cfe8_FORMATO.png", "clube": {"mercado": 1, "slug": "atletico-mg", "abreviacao": "atl", "id": 282, "nome": "atl\u00e9tico-mg"}, "status_id": 7, "jogos": 19, "scout": [{"quantidade": 5, "nome": "SG"}, {"quantidade": 14, "nome": "FS"}, {"quantidade": 98, "nome": "PE"}, {"quantidade": 2, "nome": "A"}, {"quantidade": 1, "nome": "G"}, {"quantidade": 1, "nome": "I"}, {"quantidade": 43, "nome": "RB"}, {"quantidade": 34, "nome": "FC"}, {"quantidade": 5, "nome": "CA"}, {"quantidade": 1, "nome": "CV"}, {"quantidade": 3, "nome": "FF"}, {"quantidade": 5, "nome": "FD"}], "preco": "14.25", "partida_data": "22/11/2015", "variacao": "0.19", "id": 63013, "media": "3.60", "pontos": "3.40", "apelido": "Marcos Rocha", "posicao": {"abreviacao": "LAT", "id": 2, "nome": "Lateral"}, "partida_clube_visitante": {"mercado": 1, "slug": "goias", "abreviacao": "goi", "id": 290, "nome": "goi\u00e1s"}, "partida_clube_casa": {"mercado": 1, "slug": "atletico-mg", "abreviacao": "atl", "id": 282, "nome": "atl\u00e9tico-mg"}}, {"status": "Suspenso", "foto": "http://s.glbimg.com/es/sde/f/2015/10/28/8f91b5722a1c70daf2c91d706d3c347a_FORMATO.png", "clube": {"mercado": 1, "slug": "atletico-mg", "abreviacao": "atl", "id": 282, "nome": "atl\u00e9tico-mg"}, "status_id": 3, "jogos": 27, "scout": [{"quantidade": 10, "nome": "SG"}, {"quantidade": 29, "nome": "FS"}, {"quantidade": 68, "nome": "PE"}, {"quantidade": 1, "nome": "A"}, {"quantidade": 1, "nome": "FT"}, {"quantidade": 2, "nome": "G"}, {"quantidade": 5, "nome": "I"}, {"quantidade": 36, "nome": "RB"}, {"quantidade": 35, "nome": "FC"}, {"quantidade": 6, "nome": "CA"}, {"quantidade": 1, "nome": "CV"}, {"quantidade": 12, "nome": "FF"}, {"quantidade": 7, "nome": "FD"}], "preco": "14.22", "partida_data": "22/11/2015", "variacao": "0.00", "id": 68925, "media": "4.01", "pontos": "0.00", "apelido": "Leonardo Silva", "posicao": {"abreviacao": "ZAG", "id": 3, "nome": "Zagueiro"}, "partida_clube_visitante": {"mercado": 1, "slug": "goias", "abreviacao": "goi", "id": 290, "nome": "goi\u00e1s"}, "partida_clube_casa": {"mercado": 1, "slug": "atletico-mg", "abreviacao": "atl", "id": 282, "nome": "atl\u00e9tico-mg"}}, {"status": "Prov\u00e1vel", "foto": "http://s.glbimg.com/es/sde/f/2015/05/01/72c39d55711a506400e8229d3d83c022_FORMATO.jpeg", "clube": {"mercado": 1, "slug": "sao-paulo", "abreviacao": "sao", "id": 276, "nome": "s\u00e3o paulo"}, "status_id": 7, "jogos": 27, "scout": [{"quantidade": 10, "nome": "FS"}, {"quantidade": 112, "nome": "PE"}, {"quantidade": 1, "nome": "FT"}, {"quantidade": 7, "nome": "G"}, {"quantidade": 14, "nome": "I"}, {"quantidade": 20, "nome": "RB"}, {"quantidade": 22, "nome": "FC"}, {"quantidade": 4, "nome": "CA"}, {"quantidade": 30, "nome": "FF"}, {"quantidade": 6, "nome": "FD"}], "preco": "14.22", "partida_data": "22/11/2015", "variacao": "1.88", "id": 37607, "media": "2.43", "pontos": "10.10", "apelido": "Michel Bastos", "posicao": {"abreviacao": "MEI", "id": 4, "nome": "Meia"}, "partida_clube_visitante": {"mercado": 1, "slug": "sao-paulo", "abreviacao": "sao", "id": 276, "nome": "s\u00e3o paulo"}, "partida_clube_casa": {"mercado": 1, "slug": "corinthians", "abreviacao": "cor", "id": 264, "nome": "corinthians"}}, {"status": "Prov\u00e1vel", "foto": "http://s.glbimg.com/es/sde/f/2015/05/07/1af5521fa723ebef986d5fe572a1d338_FORMATO.jpeg", "clube": {"mercado": 1, "slug": "ponte-preta", "abreviacao": "pon", "id": 303, "nome": "ponte preta"}, "status_id": 7, "jogos": 32, "scout": [{"quantidade": 56, "nome": "FS"}, {"quantidade": 95, "nome": "PE"}, {"quantidade": 1, "nome": "A"}, {"quantidade": 3, "nome": "G"}, {"quantidade": 80, "nome": "RB"}, {"quantidade": 92, "nome": "FC"}, {"quantidade": 11, "nome": "CA"}, {"quantidade": 4, "nome": "FF"}, {"quantidade": 2, "nome": "FD"}], "preco": "14.21", "partida_data": "22/11/2015", "variacao": "-0.49", "id": 42213, "media": "3.15", "pontos": "-1.40", "apelido": "Fernando Bob", "posicao": {"abreviacao": "MEI", "id": 4, "nome": "Meia"}, "partida_clube_visitante": {"mercado": 1, "slug": "ponte-preta", "abreviacao": "pon", "id": 303, "nome": "ponte preta"}, "partida_clube_casa": {"mercado": 1, "slug": "flamengo", "abreviacao": "fla", "id": 262, "nome": "flamengo"}}, {"status": "Contundido", "foto": "http://s.glbimg.com/es/sde/f/2015/01/08/377e71ac6d5204647e71ae143e5d7b6b_FORMATO.jpeg", "clube": {"mercado": 1, "slug": "fluminense", "abreviacao": "flu", "id": 266, "nome": "fluminense"}, "status_id": 5, "jogos": 12, "scout": [{"quantidade": 5, "nome": "SG"}, {"quantidade": 7, "nome": "FS"}, {"quantidade": 36, "nome": "PE"}, {"quantidade": 1, "nome": "I"}, {"quantidade": 17, "nome": "RB"}, {"quantidade": 11, "nome": "FC"}, {"quantidade": 1, "nome": "CV"}, {"quantidade": 3, "nome": "FF"}, {"quantidade": 2, "nome": "FD"}], "preco": "14.15", "partida_data": "22/11/2015", "variacao": "0.00", "id": 72097, "media": "3.31", "pontos": "0.00", "apelido": "Giovanni", "posicao": {"abreviacao": "LAT", "id": 2, "nome": "Lateral"}, "partida_clube_visitante": {"mercado": 1, "slug": "avai", "abreviacao": "ava", "id": 314, "nome": "ava\u00ed"}, "partida_clube_casa": {"mercado": 1, "slug": "fluminense", "abreviacao": "flu", "id": 266, "nome": "fluminense"}}, {"status": "Prov\u00e1vel", "foto": "http://s.glbimg.com/es/sde/f/2015/04/10/ce0c621e3622e200f1d115e9bacc39db_FORMATO.jpeg", "clube": {"mercado": 1, "slug": "goias", "abreviacao": "goi", "id": 290, "nome": "goi\u00e1s"}, "status_id": 7, "jogos": 30, "scout": [{"quantidade": 75, "nome": "FS"}, {"quantidade": 73, "nome": "PE"}, {"quantidade": 6, "nome": "A"}, {"quantidade": 6, "nome": "G"}, {"quantidade": 14, "nome": "I"}, {"quantidade": 29, "nome": "RB"}, {"quantidade": 53, "nome": "FC"}, {"quantidade": 10, "nome": "CA"}, {"quantidade": 1, "nome": "CV"}, {"quantidade": 27, "nome": "FF"}, {"quantidade": 24, "nome": "FD"}], "preco": "14.12", "partida_data": "22/11/2015", "variacao": "-0.04", "id": 90285, "media": "4.26", "pontos": "2.50", "apelido": "Bruno Henrique", "posicao": {"abreviacao": "ATA", "id": 5, "nome": "Atacante"}, "partida_clube_visitante": {"mercado": 1, "slug": "goias", "abreviacao": "goi", "id": 290, "nome": "goi\u00e1s"}, "partida_clube_casa": {"mercado": 1, "slug": "atletico-mg", "abreviacao": "atl", "id": 282, "nome": "atl\u00e9tico-mg"}}, {"status": "Prov\u00e1vel", "foto": "http://s.glbimg.com/es/sde/f/2015/05/07/b2ad43cd7bb4c6e55f5ed6b16b8f2680_FORMATO.jpeg", "clube": {"mercado": 1, "slug": "ponte-preta", "abreviacao": "pon", "id": 303, "nome": "ponte preta"}, "status_id": 7, "jogos": 28, "scout": [{"quantidade": 69, "nome": "FS"}, {"quantidade": 115, "nome": "PE"}, {"quantidade": 5, "nome": "A"}, {"quantidade": 1, "nome": "FT"}, {"quantidade": 7, "nome": "G"}, {"quantidade": 4, "nome": "I"}, {"quantidade": 25, "nome": "RB"}, {"quantidade": 23, "nome": "FC"}, {"quantidade": 8, "nome": "CA"}, {"quantidade": 1, "nome": "CV"}, {"quantidade": 23, "nome": "FF"}, {"quantidade": 25, "nome": "FD"}], "preco": "14.08", "partida_data": "22/11/2015", "variacao": "0.51", "id": 80949, "media": "4.76", "pontos": "4.00", "apelido": "Biro Biro", "posicao": {"abreviacao": "ATA", "id": 5, "nome": "Atacante"}, "partida_clube_visitante": {"mercado": 1, "slug": "ponte-preta", "abreviacao": "pon", "id": 303, "nome": "ponte preta"}, "partida_clube_casa": {"mercado": 1, "slug": "flamengo", "abreviacao": "fla", "id": 262, "nome": "flamengo"}}, {"status": "Prov\u00e1vel", "foto": "http://s.glbimg.com/es/sde/f/2015/10/22/3aaddad5017c229f4be217aaa4c590aa_FORMATO.png", "clube": {"mercado": 1, "slug": "atletico-mg", "abreviacao": "atl", "id": 282, "nome": "atl\u00e9tico-mg"}, "status_id": 7, "jogos": 20, "scout": [{"quantidade": 5, "nome": "SG"}, {"quantidade": 12, "nome": "FS"}, {"quantidade": 64, "nome": "PE"}, {"quantidade": 5, "nome": "A"}, {"quantidade": 2, "nome": "G"}, {"quantidade": 17, "nome": "I"}, {"quantidade": 28, "nome": "RB"}, {"quantidade": 18, "nome": "FC"}, {"quantidade": 2, "nome": "CA"}, {"quantidade": 1, "nome": "CV"}, {"quantidade": 9, "nome": "FF"}, {"quantidade": 8, "nome": "FD"}], "preco": "14.07", "partida_data": "22/11/2015", "variacao": "-0.23", "id": 60969, "media": "4.40", "pontos": "3.90", "apelido": "Patric", "posicao": {"abreviacao": "LAT", "id": 2, "nome": "Lateral"}, "partida_clube_visitante": {"mercado": 1, "slug": "goias", "abreviacao": "goi", "id": 290, "nome": "goi\u00e1s"}, "partida_clube_casa": {"mercado": 1, "slug": "atletico-mg", "abreviacao": "atl", "id": 282, "nome": "atl\u00e9tico-mg"}}, {"status": "Nulo", "foto": "http://s.glbimg.com/es/sde/f/2015/10/27/8fd05b0c45186652587b0b474b38b216_FORMATO.png", "clube": {"mercado": 1, "slug": "sport", "abreviacao": "spo", "id": 292, "nome": "sport"}, "status_id": 6, "jogos": 32, "scout": [{"quantidade": 31, "nome": "FS"}, {"quantidade": 124, "nome": "PE"}, {"quantidade": 2, "nome": "A"}, {"quantidade": 1, "nome": "G"}, {"quantidade": 1, "nome": "I"}, {"quantidade": 65, "nome": "RB"}, {"quantidade": 60, "nome": "FC"}, {"quantidade": 7, "nome": "CA"}, {"quantidade": 16, "nome": "FF"}, {"quantidade": 5, "nome": "FD"}], "preco": "14.06", "partida_data": "22/11/2015", "variacao": "0.00", "id": 68834, "media": "2.45", "pontos": "0.00", "apelido": "Rithely", "posicao": {"abreviacao": "MEI", "id": 4, "nome": "Meia"}, "partida_clube_visitante": {"mercado": 1, "slug": "atletico-pr", "abreviacao": "atl", "id": 293, "nome": "atl\u00e9tico-pr"}, "partida_clube_casa": {"mercado": 1, "slug": "sport", "abreviacao": "spo", "id": 292, "nome": "sport"}}]}