{"rodada_id": 24, "page": {"atual": "15", "total": "42"}, "atleta": [{"status": "Nulo", "foto": "http://s.glbimg.com/es/sde/f/2015/01/15/6933c33dcc7a49494150522628b10abc_FORMATO.jpeg", "clube": {"mercado": 1, "slug": "cruzeiro", "abreviacao": "cru", "id": 283, "nome": "cruzeiro"}, "status_id": 6, "jogos": 13, "scout": [{"quantidade": 2, "nome": "SG"}, {"quantidade": 17, "nome": "FS"}, {"quantidade": 48, "nome": "PE"}, {"quantidade": 2, "nome": "I"}, {"quantidade": 12, "nome": "RB"}, {"quantidade": 20, "nome": "FC"}, {"quantidade": 5, "nome": "CA"}, {"quantidade": 1, "nome": "CV"}, {"quantidade": 2, "nome": "FF"}, {"quantidade": 4, "nome": "FD"}], "preco": "6.72", "partida_data": "10/09/2015", "variacao": "0.56", "id": 49674, "media": "0.30", "pontos": "-0.30", "apelido": "Fabr\u00edcio", "posicao": {"abreviacao": "LAT", "id": 2, "nome": "Lateral"}, "partida_clube_visitante": {"mercado": 1, "slug": "cruzeiro", "abreviacao": "cru", "id": 283, "nome": "cruzeiro"}, "partida_clube_casa": {"mercado": 1, "slug": "flamengo", "abreviacao": "fla", "id": 262, "nome": "flamengo"}}, {"status": "Prov\u00e1vel", "foto": "http://s.glbimg.com/es/sde/f/2015/07/21/6173f1d830bd09c60fe858abaf3ded5b_FORMATO.jpeg", "clube": {"mercado": 1, "slug": "ponte-preta", "abreviacao": "pon", "id": 303, "nome": "ponte preta"}, "status_id": 7, "jogos": 2, "scout": [{"quantidade": 1, "nome": "SG"}, {"quantidade": 3, "nome": "FS"}, {"quantidade": 3, "nome": "PE"}, {"quantidade": 3, "nome": "FC"}, {"quantidade": 1, "nome": "FD"}], "preco": "6.71", "partida_data": "09/09/2015", "variacao": "1.10", "id": 72039, "media": "2.55", "pontos": "5.50", "apelido": "Ferron", "posicao": {"abreviacao": "ZAG", "id": 3, "nome": "Zagueiro"}, "partida_clube_visitante": {"mercado": 1, "slug": "vasco", "abreviacao": "vas", "id": 267, "nome": "vasco"}, "partida_clube_casa": {"mercado": 1, "slug": "ponte-preta", "abreviacao": "pon", "id": 303, "nome": "ponte preta"}}, {"status": "Prov\u00e1vel", "foto": "http://s.glbimg.com/es/sde/f/2015/01/15/e08a8adae1c92224a79182dd9772b0f6_FORMATO.jpeg", "clube": {"mercado": 1, "slug": "joinville", "abreviacao": "jec", "id": 317, "nome": "joinville"}, "status_id": 7, "jogos": 17, "scout": [{"quantidade": 7, "nome": "SG"}, {"quantidade": 5, "nome": "FS"}, {"quantidade": 15, "nome": "PE"}, {"quantidade": 27, "nome": "DD"}, {"quantidade": 16, "nome": "GS"}], "preco": "6.70", "partida_data": "10/09/2015", "variacao": "-0.20", "id": 71724, "media": "4.82", "pontos": "7.90", "apelido": "Agenor", "posicao": {"abreviacao": "GOL", "id": 1, "nome": "Goleiro"}, "partida_clube_visitante": {"mercado": 1, "slug": "chapecoense", "abreviacao": "cha", "id": 315, "nome": "chapecoense"}, "partida_clube_casa": {"mercado": 1, "slug": "joinville", "abreviacao": "jec", "id": 317, "nome": "joinville"}}, {"status": "Prov\u00e1vel", "foto": "http://s.glbimg.com/es/sde/f/2015/07/21/92328dcdab821b691ba61793a12f4f58_FORMATO.jpeg", "clube": {"mercado": 1, "slug": "atletico-pr", "abreviacao": "atl", "id": 293, "nome": "atl\u00e9tico-pr"}, "status_id": 7, "jogos": 10, "scout": [{"quantidade": 5, "nome": "SG"}, {"quantidade": 10, "nome": "FS"}, {"quantidade": 37, "nome": "PE"}, {"quantidade": 1, "nome": "G"}, {"quantidade": 13, "nome": "RB"}, {"quantidade": 13, "nome": "FC"}, {"quantidade": 4, "nome": "CA"}, {"quantidade": 3, "nome": "FF"}, {"quantidade": 1, "nome": "FD"}], "preco": "6.69", "partida_data": "09/09/2015", "variacao": "0.49", "id": 86764, "media": "3.76", "pontos": "4.80", "apelido": "Sidcley", "posicao": {"abreviacao": "LAT", "id": 2, "nome": "Lateral"}, "partida_clube_visitante": {"mercado": 1, "slug": "atletico-pr", "abreviacao": "atl", "id": 293, "nome": "atl\u00e9tico-pr"}, "partida_clube_casa": {"mercado": 1, "slug": "figueirense", "abreviacao": "fig", "id": 316, "nome": "figueirense"}}, {"status": "Contundido", "foto": "http://s.glbimg.com/es/sde/f/2015/07/22/d9c19fb2d3b1395f0be10e733f882701_FORMATO.png", "clube": {"mercado": 1, "slug": "atletico-pr", "abreviacao": "atl", "id": 293, "nome": "atl\u00e9tico-pr"}, "status_id": 5, "jogos": 7, "scout": [{"quantidade": 4, "nome": "FS"}, {"quantidade": 11, "nome": "PE"}, {"quantidade": 1, "nome": "A"}, {"quantidade": 2, "nome": "I"}, {"quantidade": 2, "nome": "RB"}, {"quantidade": 2, "nome": "FC"}, {"quantidade": 2, "nome": "FF"}, {"quantidade": 1, "nome": "FD"}], "preco": "6.65", "partida_data": "09/09/2015", "variacao": "0.00", "id": 38525, "media": "1.07", "pontos": "0.00", "apelido": "Cl\u00e9o", "posicao": {"abreviacao": "ATA", "id": 5, "nome": "Atacante"}, "partida_clube_visitante": {"mercado": 1, "slug": "atletico-pr", "abreviacao": "atl", "id": 293, "nome": "atl\u00e9tico-pr"}, "partida_clube_casa": {"mercado": 1, "slug": "figueirense", "abreviacao": "fig", "id": 316, "nome": "figueirense"}}, {"status": "Nulo", "foto": "http://s.glbimg.com/es/sde/f/2014/03/13/bba22672579a58d4c2233fe07c7078f3_FORMATO.jpeg", "clube": {"mercado": 1, "slug": "gremio", "abreviacao": "gre", "id": 284, "nome": "gr\u00eamio"}, "status_id": 6, "jogos": 4, "scout": [{"quantidade": 3, "nome": "FS"}, {"quantidade": 5, "nome": "PE"}, {"quantidade": 1, "nome": "G"}, {"quantidade": 3, "nome": "RB"}, {"quantidade": 3, "nome": "FF"}, {"quantidade": 2, "nome": "FD"}], "preco": "6.63", "partida_data": "09/09/2015", "variacao": "1.80", "id": 86757, "media": "4.30", "pontos": "13.10", "apelido": "Everton", "posicao": {"abreviacao": "ATA", "id": 5, "nome": "Atacante"}, "partida_clube_visitante": {"mercado": 1, "slug": "gremio", "abreviacao": "gre", "id": 284, "nome": "gr\u00eamio"}, "partida_clube_casa": {"mercado": 1, "slug": "corinthians", "abreviacao": "cor", "id": 264, "nome": "corinthians"}}, {"status": "Nulo", "foto": "http://s.glbimg.com/es/sde/f/2015/07/22/1f84da649fbd0a95baa6434003f934c5_FORMATO.jpeg", "clube": {"mercado": 1, "slug": "goias", "abreviacao": "goi", "id": 290, "nome": "goi\u00e1s"}, "status_id": 6, "jogos": 10, "scout": [{"quantidade": 4, "nome": "SG"}, {"quantidade": 8, "nome": "FS"}, {"quantidade": 32, "nome": "PE"}, {"quantidade": 1, "nome": "I"}, {"quantidade": 14, "nome": "RB"}, {"quantidade": 14, "nome": "FC"}, {"quantidade": 4, "nome": "CA"}, {"quantidade": 1, "nome": "FD"}], "preco": "6.61", "partida_data": "10/09/2015", "variacao": "0.00", "id": 82764, "media": "2.36", "pontos": "0.00", "apelido": "Rafael Forster", "posicao": {"abreviacao": "LAT", "id": 2, "nome": "Lateral"}, "partida_clube_visitante": {"mercado": 1, "slug": "sport", "abreviacao": "spo", "id": 292, "nome": "sport"}, "partida_clube_casa": {"mercado": 1, "slug": "goias", "abreviacao": "goi", "id": 290, "nome": "goi\u00e1s"}}, {"status": "Contundido", "foto": "http://s.glbimg.com/es/sde/f/2014/02/10/c56fdcacfeec412fb96b8d3a8d23491d_FORMATO.jpeg", "clube": {"mercado": 1, "slug": "joinville", "abreviacao": "jec", "id": 317, "nome": "joinville"}, "status_id": 5, "jogos": 18, "scout": [{"quantidade": 19, "nome": "FS"}, {"quantidade": 35, "nome": "PE"}, {"quantidade": 2, "nome": "A"}, {"quantidade": 1, "nome": "I"}, {"quantidade": 16, "nome": "RB"}, {"quantidade": 9, "nome": "FC"}, {"quantidade": 1, "nome": "CA"}, {"quantidade": 10, "nome": "FF"}, {"quantidade": 5, "nome": "FD"}], "preco": "6.61", "partida_data": "10/09/2015", "variacao": "0.00", "id": 86890, "media": "2.28", "pontos": "0.00", "apelido": "William Popp", "posicao": {"abreviacao": "ATA", "id": 5, "nome": "Atacante"}, "partida_clube_visitante": {"mercado": 1, "slug": "chapecoense", "abreviacao": "cha", "id": 315, "nome": "chapecoense"}, "partida_clube_casa": {"mercado": 1, "slug": "joinville", "abreviacao": "jec", "id": 317, "nome": "joinville"}}, {"status": "Nulo", "foto": "http://s.glbimg.com/es/sde/f/2015/07/21/9ef895d8c95a1f8240a9e0f4c2b301bb_FORMATO.jpeg", "clube": {"mercado": 1, "slug": "palmeiras", "abreviacao": "pal", "id": 275, "nome": "palmeiras"}, "status_id": 6, "jogos": 10, "scout": [{"quantidade": 12, "nome": "FS"}, {"quantidade": 22, "nome": "PE"}, {"quantidade": 3, "nome": "A"}, {"quantidade": 6, "nome": "RB"}, {"quantidade": 12, "nome": "FC"}, {"quantidade": 3, "nome": "CA"}, {"quantidade": 4, "nome": "FF"}, {"quantidade": 7, "nome": "FD"}], "preco": "6.60", "partida_data": "09/09/2015", "variacao": "0.00", "id": 71549, "media": "2.25", "pontos": "0.00", "apelido": "Kelvin", "posicao": {"abreviacao": "ATA", "id": 5, "nome": "Atacante"}, "partida_clube_visitante": {"mercado": 1, "slug": "palmeiras", "abreviacao": "pal", "id": 275, "nome": "palmeiras"}, "partida_clube_casa": {"mercado": 1, "slug": "internacional", "abreviacao": "int", "id": 285, "nome": "internacional"}}, {"status": "Nulo", "foto": "http://s.glbimg.com/es/sde/f/2014/09/05/e891eae1305013f05d120f398a6e5309_FORMATO.jpeg", "clube": {"mercado": 1, "slug": "internacional", "abreviacao": "int", "id": 285, "nome": "internacional"}, "status_id": 6, "jogos": 13, "scout": [{"quantidade": 8, "nome": "SG"}, {"quantidade": 6, "nome": "PE"}, {"quantidade": 1, "nome": "FC"}, {"quantidade": 2, "nome": "CA"}, {"quantidade": 17, "nome": "DD"}, {"quantidade": 14, "nome": "GS"}], "preco": "6.54", "partida_data": "09/09/2015", "variacao": "0.00", "id": 82896, "media": "4.37", "pontos": "0.00", "apelido": "Alisson", "posicao": {"abreviacao": "GOL", "id": 1, "nome": "Goleiro"}, "partida_clube_visitante": {"mercado": 1, "slug": "palmeiras", "abreviacao": "pal", "id": 275, "nome": "palmeiras"}, "partida_clube_casa": {"mercado": 1, "slug": "internacional", "abreviacao": "int", "id": 285, "nome": "internacional"}}, {"status": "Nulo", "foto": "http://s.glbimg.com/es/sde/f/2015/01/15/0141d097c80c9cdff17b50f7839922d9_FORMATO.jpeg", "clube": {"mercado": 1, "slug": "flamengo", "abreviacao": "fla", "id": 262, "nome": "flamengo"}, "status_id": 6, "jogos": 4, "scout": [{"quantidade": 3, "nome": "FS"}, {"quantidade": 18, "nome": "PE"}, {"quantidade": 5, "nome": "RB"}, {"quantidade": 3, "nome": "FC"}, {"quantidade": 1, "nome": "FF"}, {"quantidade": 1, "nome": "FD"}], "preco": "6.53", "partida_data": "10/09/2015", "variacao": "0.00", "id": 50453, "media": "1.20", "pontos": "0.00", "apelido": "Anderson Pico", "posicao": {"abreviacao": "LAT", "id": 2, "nome": "Lateral"}, "partida_clube_visitante": {"mercado": 1, "slug": "cruzeiro", "abreviacao": "cru", "id": 283, "nome": "cruzeiro"}, "partida_clube_casa": {"mercado": 1, "slug": "flamengo", "abreviacao": "fla", "id": 262, "nome": "flamengo"}}, {"status": "Contundido", "foto": "http://s.glbimg.com/es/sde/f/2015/07/22/af25b4e6e00d5e49f725249cc00a1a0d_FORMATO.png", "clube": {"mercado": 1, "slug": "santos", "abreviacao": "san", "id": 277, "nome": "santos"}, "status_id": 5, "jogos": 2, "scout": [{"quantidade": 1, "nome": "FS"}, {"quantidade": 1, "nome": "PE"}, {"quantidade": 3, "nome": "RB"}, {"quantidade": 4, "nome": "FC"}], "preco": "6.50", "partida_data": "09/09/2015", "variacao": "0.00", "id": 50417, "media": "1.65", "pontos": "0.00", "apelido": "Valencia", "posicao": {"abreviacao": "MEI", "id": 4, "nome": "Meia"}, "partida_clube_visitante": {"mercado": 1, "slug": "sao-paulo", "abreviacao": "sao", "id": 276, "nome": "s\u00e3o paulo"}, "partida_clube_casa": {"mercado": 1, "slug": "santos", "abreviacao": "san", "id": 277, "nome": "santos"}}, {"status": "Nulo", "foto": "http://s.glbimg.com/es/sde/f/2015/07/22/2c82c52707a05eff00972ce7ffe0c370_FORMATO.jpeg", "clube": {"mercado": 1, "slug": "gremio", "abreviacao": "gre", "id": 284, "nome": "gr\u00eamio"}, "status_id": 6, "jogos": 13, "scout": [{"quantidade": 9, "nome": "FS"}, {"quantidade": 2, "nome": "PE"}, {"quantidade": 1, "nome": "G"}, {"quantidade": 2, "nome": "I"}, {"quantidade": 5, "nome": "RB"}, {"quantidade": 4, "nome": "FC"}, {"quantidade": 2, "nome": "CA"}, {"quantidade": 3, "nome": "FF"}, {"quantidade": 3, "nome": "FD"}], "preco": "6.50", "partida_data": "09/09/2015", "variacao": "0.00", "id": 83028, "media": "1.41", "pontos": "0.00", "apelido": "Braian Rodr\u00edguez", "posicao": {"abreviacao": "ATA", "id": 5, "nome": "Atacante"}, "partida_clube_visitante": {"mercado": 1, "slug": "gremio", "abreviacao": "gre", "id": 284, "nome": "gr\u00eamio"}, "partida_clube_casa": {"mercado": 1, "slug": "corinthians", "abreviacao": "cor", "id": 264, "nome": "corinthians"}}, {"status": "Prov\u00e1vel", "foto": "http://s.glbimg.com/es/sde/f/2015/07/22/9263451baf0fde02fdbb975c2ef1bcb0_FORMATO.jpeg", "clube": {"mercado": 1, "slug": "avai", "abreviacao": "ava", "id": 314, "nome": "ava\u00ed"}, "status_id": 7, "jogos": 11, "scout": [{"quantidade": 19, "nome": "FS"}, {"quantidade": 19, "nome": "PE"}, {"quantidade": 1, "nome": "FT"}, {"quantidade": 12, "nome": "RB"}, {"quantidade": 13, "nome": "FC"}, {"quantidade": 2, "nome": "FF"}], "preco": "6.50", "partida_data": "09/09/2015", "variacao": "0.45", "id": 63020, "media": "2.05", "pontos": "3.50", "apelido": "Tinga", "posicao": {"abreviacao": "MEI", "id": 4, "nome": "Meia"}, "partida_clube_visitante": {"mercado": 1, "slug": "avai", "abreviacao": "ava", "id": 314, "nome": "ava\u00ed"}, "partida_clube_casa": {"mercado": 1, "slug": "atletico-mg", "abreviacao": "atl", "id": 282, "nome": "atl\u00e9tico-mg"}}, {"status": "Contundido", "foto": "http://s.glbimg.com/es/sde/f/2015/07/21/03c20621c58a86487fe00c1bd35aa00c_FORMATO.jpeg", "clube": {"mercado": 1, "slug": "coritiba", "abreviacao": "cor", "id": 294, "nome": "coritiba"}, "status_id": 5, "jogos": 7, "scout": [{"quantidade": 4, "nome": "FS"}, {"quantidade": 8, "nome": "PE"}, {"quantidade": 1, "nome": "G"}, {"quantidade": 4, "nome": "I"}, {"quantidade": 9, "nome": "RB"}, {"quantidade": 3, "nome": "FC"}, {"quantidade": 1, "nome": "CA"}, {"quantidade": 4, "nome": "FF"}, {"quantidade": 3, "nome": "FD"}], "preco": "6.47", "partida_data": "09/09/2015", "variacao": "0.00", "id": 82640, "media": "3.31", "pontos": "0.00", "apelido": "Paulinho", "posicao": {"abreviacao": "ATA", "id": 5, "nome": "Atacante"}, "partida_clube_visitante": {"mercado": 1, "slug": "fluminense", "abreviacao": "flu", "id": 266, "nome": "fluminense"}, "partida_clube_casa": {"mercado": 1, "slug": "coritiba", "abreviacao": "cor", "id": 294, "nome": "coritiba"}}, {"status": "Prov\u00e1vel", "foto": "http://s.glbimg.com/es/sde/f/2011/08/11/a8a17e81e417365dc8c50c6b57a430c9_FORMATO.jpeg", "clube": {"mercado": 1, "slug": "figueirense", "abreviacao": "fig", "id": 316, "nome": "figueirense"}, "status_id": 7, "jogos": 18, "scout": [{"quantidade": 3, "nome": "SG"}, {"quantidade": 11, "nome": "FS"}, {"quantidade": 61, "nome": "PE"}, {"quantidade": 41, "nome": "RB"}, {"quantidade": 30, "nome": "FC"}, {"quantidade": 6, "nome": "CA"}, {"quantidade": 5, "nome": "FF"}], "preco": "6.46", "partida_data": "09/09/2015", "variacao": "0.00", "id": 77529, "media": "2.69", "pontos": "0.00", "apelido": "Leandro Silva", "posicao": {"abreviacao": "LAT", "id": 2, "nome": "Lateral"}, "partida_clube_visitante": {"mercado": 1, "slug": "atletico-pr", "abreviacao": "atl", "id": 293, "nome": "atl\u00e9tico-pr"}, "partida_clube_casa": {"mercado": 1, "slug": "figueirense", "abreviacao": "fig", "id": 316, "nome": "figueirense"}}, {"status": "Prov\u00e1vel", "foto": "http://s.glbimg.com/es/sde/f/2010/11/12/838d17bd4f79621009710f2aade60801_FORMATO.jpeg", "clube": {"mercado": 1, "slug": "atletico-mg", "abreviacao": "atl", "id": 282, "nome": "atl\u00e9tico-mg"}, "status_id": 7, "jogos": 19, "scout": [{"quantidade": 28, "nome": "FS"}, {"quantidade": 47, "nome": "PE"}, {"quantidade": 1, "nome": "A"}, {"quantidade": 27, "nome": "RB"}, {"quantidade": 10, "nome": "FC"}, {"quantidade": 3, "nome": "CA"}, {"quantidade": 6, "nome": "FF"}, {"quantidade": 2, "nome": "FD"}], "preco": "6.42", "partida_data": "09/09/2015", "variacao": "0.17", "id": 60784, "media": "2.42", "pontos": "-0.40", "apelido": "Rafael Carioca", "posicao": {"abreviacao": "MEI", "id": 4, "nome": "Meia"}, "partida_clube_visitante": {"mercado": 1, "slug": "avai", "abreviacao": "ava", "id": 314, "nome": "ava\u00ed"}, "partida_clube_casa": {"mercado": 1, "slug": "atletico-mg", "abreviacao": "atl", "id": 282, "nome": "atl\u00e9tico-mg"}}, {"status": "Nulo", "foto": "http://s.glbimg.com/es/sde/f/2015/04/10/64bed6d1e79f2b7b70ae3818f3a6020d_FORMATO.jpeg", "clube": {"mercado": 1, "slug": "goias", "abreviacao": "goi", "id": 290, "nome": "goi\u00e1s"}, "status_id": 6, "jogos": 7, "scout": [{"quantidade": 3, "nome": "SG"}, {"quantidade": 6, "nome": "FS"}, {"quantidade": 20, "nome": "PE"}, {"quantidade": 2, "nome": "I"}, {"quantidade": 4, "nome": "RB"}, {"quantidade": 5, "nome": "FC"}], "preco": "6.38", "partida_data": "10/09/2015", "variacao": "0.00", "id": 90916, "media": "2.19", "pontos": "0.00", "apelido": "Everton", "posicao": {"abreviacao": "LAT", "id": 2, "nome": "Lateral"}, "partida_clube_visitante": {"mercado": 1, "slug": "sport", "abreviacao": "spo", "id": 292, "nome": "sport"}, "partida_clube_casa": {"mercado": 1, "slug": "goias", "abreviacao": "goi", "id": 290, "nome": "goi\u00e1s"}}, {"status": "Nulo", "foto": "http://s.glbimg.com/es/sde/f/2012/07/23/6fae8ea391edc6139a3de9bd3865c71c_FORMATO.jpeg", "clube": {"mercado": 1, "slug": "atletico-mg", "abreviacao": "atl", "id": 282, "nome": "atl\u00e9tico-mg"}, "status_id": 6, "jogos": 17, "scout": [{"quantidade": 7, "nome": "SG"}, {"quantidade": 7, "nome": "FS"}, {"quantidade": 53, "nome": "PE"}, {"quantidade": 2, "nome": "A"}, {"quantidade": 1, "nome": "I"}, {"quantidade": 15, "nome": "RB"}, {"quantidade": 24, "nome": "FC"}, {"quantidade": 4, "nome": "CA"}, {"quantidade": 8, "nome": "FF"}, {"quantidade": 2, "nome": "FD"}], "preco": "6.36", "partida_data": "09/09/2015", "variacao": "0.00", "id": 79826, "media": "2.67", "pontos": "0.00", "apelido": "Douglas Santos", "posicao": {"abreviacao": "LAT", "id": 2, "nome": "Lateral"}, "partida_clube_visitante": {"mercado": 1, "slug": "avai", "abreviacao": "ava", "id": 314, "nome": "ava\u00ed"}, "partida_clube_casa": {"mercado": 1, "slug": "atletico-mg", "abreviacao": "atl", "id": 282, "nome": "atl\u00e9tico-mg"}}, {"status": "Nulo", "foto": "http://s.glbimg.com/es/sde/f/2012/05/24/3bc801f6cc7a45341aa2fbb00b30937d_FORMATO.png", "clube": {"mercado": 1, "slug": "flamengo", "abreviacao": "fla", "id": 262, "nome": "flamengo"}, "status_id": 6, "jogos": 10, "scout": [{"quantidade": 6, "nome": "SG"}, {"quantidade": 12, "nome": "FS"}, {"quantidade": 31, "nome": "PE"}, {"quantidade": 1, "nome": "I"}, {"quantidade": 5, "nome": "RB"}, {"quantidade": 10, "nome": "FC"}, {"quantidade": 1, "nome": "CA"}, {"quantidade": 2, "nome": "FF"}, {"quantidade": 2, "nome": "FD"}], "preco": "6.35", "partida_data": "10/09/2015", "variacao": "0.00", "id": 72334, "media": "3.12", "pontos": "0.00", "apelido": "Ayrton", "posicao": {"abreviacao": "LAT", "id": 2, "nome": "Lateral"}, "partida_clube_visitante": {"mercado": 1, "slug": "cruzeiro", "abreviacao": "cru", "id": 283, "nome": "cruzeiro"}, "partida_clube_casa": {"mercado": 1, "slug": "flamengo", "abreviacao": "fla", "id": 262, "nome": "flamengo"}}]}