{"rodada_id": 24, "page": {"atual": "31", "total": "42"}, "atleta": [{"status": "Contundido", "foto": "http://s.glbimg.com/es/sde/f/2015/07/21/0a830f7696227ba3245fbc3b99abbbbb_FORMATO.jpeg", "clube": {"mercado": 1, "slug": "figueirense", "abreviacao": "fig", "id": 316, "nome": "figueirense"}, "status_id": 5, "jogos": 12, "scout": [{"quantidade": 15, "nome": "FS"}, {"quantidade": 25, "nome": "PE"}, {"quantidade": 1, "nome": "FT"}, {"quantidade": 3, "nome": "G"}, {"quantidade": 6, "nome": "I"}, {"quantidade": 24, "nome": "FC"}, {"quantidade": 4, "nome": "CA"}, {"quantidade": 2, "nome": "FF"}, {"quantidade": 4, "nome": "FD"}], "preco": "2.68", "partida_data": "09/09/2015", "variacao": "0.00", "id": 78967, "media": "0.83", "pontos": "0.00", "apelido": "Dudu", "posicao": {"abreviacao": "ATA", "id": 5, "nome": "Atacante"}, "partida_clube_visitante": {"mercado": 1, "slug": "atletico-pr", "abreviacao": "atl", "id": 293, "nome": "atl\u00e9tico-pr"}, "partida_clube_casa": {"mercado": 1, "slug": "figueirense", "abreviacao": "fig", "id": 316, "nome": "figueirense"}}, {"status": "Nulo", "foto": "http://s.glbimg.com/es/sde/f/2014/07/23/7b0c4d7e5c6bacc19cda92a86704f756_FORMATO.jpeg", "clube": {"mercado": 1, "slug": "ponte-preta", "abreviacao": "pon", "id": 303, "nome": "ponte preta"}, "status_id": 6, "jogos": 15, "scout": [{"quantidade": 23, "nome": "FS"}, {"quantidade": 32, "nome": "PE"}, {"quantidade": 1, "nome": "A"}, {"quantidade": 5, "nome": "I"}, {"quantidade": 6, "nome": "RB"}, {"quantidade": 16, "nome": "FC"}, {"quantidade": 3, "nome": "CA"}, {"quantidade": 6, "nome": "FF"}, {"quantidade": 4, "nome": "FD"}], "preco": "2.67", "partida_data": "09/09/2015", "variacao": "-0.05", "id": 80381, "media": "0.59", "pontos": "0.00", "apelido": "Cesinha", "posicao": {"abreviacao": "ATA", "id": 5, "nome": "Atacante"}, "partida_clube_visitante": {"mercado": 1, "slug": "vasco", "abreviacao": "vas", "id": 267, "nome": "vasco"}, "partida_clube_casa": {"mercado": 1, "slug": "ponte-preta", "abreviacao": "pon", "id": 303, "nome": "ponte preta"}}, {"status": "Nulo", "foto": "http://s.glbimg.com/es/sde/f/2015/07/21/821408451ae72cb2a52a19e9d7977f1e_FORMATO.jpeg", "clube": {"mercado": 1, "slug": "santos", "abreviacao": "san", "id": 277, "nome": "santos"}, "status_id": 6, "jogos": 7, "scout": [{"quantidade": 2, "nome": "FS"}, {"quantidade": 2, "nome": "PE"}, {"quantidade": 1, "nome": "RB"}, {"quantidade": 3, "nome": "FC"}, {"quantidade": 1, "nome": "CA"}, {"quantidade": 1, "nome": "FD"}], "preco": "2.66", "partida_data": "09/09/2015", "variacao": "-0.02", "id": 73085, "media": "-0.06", "pontos": "-0.30", "apelido": "Leandro", "posicao": {"abreviacao": "ATA", "id": 5, "nome": "Atacante"}, "partida_clube_visitante": {"mercado": 1, "slug": "sao-paulo", "abreviacao": "sao", "id": 276, "nome": "s\u00e3o paulo"}, "partida_clube_casa": {"mercado": 1, "slug": "santos", "abreviacao": "san", "id": 277, "nome": "santos"}}, {"status": "Prov\u00e1vel", "foto": "http://s.glbimg.com/es/sde/f/2015/07/21/fae2860da3f680e2c8caab05162dc701_FORMATO.jpeg", "clube": {"mercado": 1, "slug": "coritiba", "abreviacao": "cor", "id": 294, "nome": "coritiba"}, "status_id": 7, "jogos": 18, "scout": [{"quantidade": 13, "nome": "FS"}, {"quantidade": 49, "nome": "PE"}, {"quantidade": 28, "nome": "RB"}, {"quantidade": 33, "nome": "FC"}, {"quantidade": 6, "nome": "CA"}, {"quantidade": 1, "nome": "FF"}, {"quantidade": 2, "nome": "FD"}], "preco": "2.64", "partida_data": "09/09/2015", "variacao": "0.00", "id": 56102, "media": "0.75", "pontos": "0.00", "apelido": "Jo\u00e3o Paulo", "posicao": {"abreviacao": "MEI", "id": 4, "nome": "Meia"}, "partida_clube_visitante": {"mercado": 1, "slug": "fluminense", "abreviacao": "flu", "id": 266, "nome": "fluminense"}, "partida_clube_casa": {"mercado": 1, "slug": "coritiba", "abreviacao": "cor", "id": 294, "nome": "coritiba"}}, {"status": "Contundido", "foto": "http://s.glbimg.com/es/sde/f/2014/05/27/02664f25edc26d8e079b2c3497a1b25c_FORMATO.jpeg", "clube": {"mercado": 1, "slug": "sao-paulo", "abreviacao": "sao", "id": 276, "nome": "s\u00e3o paulo"}, "status_id": 5, "jogos": 10, "scout": [{"quantidade": 3, "nome": "SG"}, {"quantidade": 4, "nome": "FS"}, {"quantidade": 31, "nome": "PE"}, {"quantidade": 1, "nome": "A"}, {"quantidade": 9, "nome": "RB"}, {"quantidade": 5, "nome": "FC"}, {"quantidade": 1, "nome": "FD"}], "preco": "2.61", "partida_data": "09/09/2015", "variacao": "0.00", "id": 84554, "media": "2.65", "pontos": "0.00", "apelido": "Luc\u00e3o", "posicao": {"abreviacao": "ZAG", "id": 3, "nome": "Zagueiro"}, "partida_clube_visitante": {"mercado": 1, "slug": "sao-paulo", "abreviacao": "sao", "id": 276, "nome": "s\u00e3o paulo"}, "partida_clube_casa": {"mercado": 1, "slug": "santos", "abreviacao": "san", "id": 277, "nome": "santos"}}, {"status": "Nulo", "foto": "http://s.glbimg.com/es/sde/f/2015/01/15/30aaaef598223cfedbbd9b5a3f7af19b_FORMATO.jpeg", "clube": {"mercado": 1, "slug": "flamengo", "abreviacao": "fla", "id": 262, "nome": "flamengo"}, "status_id": 6, "jogos": 8, "scout": [{"quantidade": 3, "nome": "SG"}, {"quantidade": 4, "nome": "FS"}, {"quantidade": 19, "nome": "PE"}, {"quantidade": 1, "nome": "I"}, {"quantidade": 6, "nome": "RB"}, {"quantidade": 11, "nome": "FC"}, {"quantidade": 1, "nome": "CA"}, {"quantidade": 1, "nome": "FD"}], "preco": "2.60", "partida_data": "10/09/2015", "variacao": "0.00", "id": 78895, "media": "1.81", "pontos": "0.00", "apelido": "Marcelo", "posicao": {"abreviacao": "ZAG", "id": 3, "nome": "Zagueiro"}, "partida_clube_visitante": {"mercado": 1, "slug": "cruzeiro", "abreviacao": "cru", "id": 283, "nome": "cruzeiro"}, "partida_clube_casa": {"mercado": 1, "slug": "flamengo", "abreviacao": "fla", "id": 262, "nome": "flamengo"}}, {"status": "Nulo", "foto": "http://s.glbimg.com/es/sde/f/2015/01/27/6b0409c0465c8582f706c14dd47f5da3_FORMATO.jpeg", "clube": {"mercado": 1, "slug": "avai", "abreviacao": "ava", "id": 314, "nome": "ava\u00ed"}, "status_id": 6, "jogos": 6, "scout": [{"quantidade": 1, "nome": "SG"}, {"quantidade": 3, "nome": "FS"}, {"quantidade": 5, "nome": "PE"}, {"quantidade": 2, "nome": "I"}, {"quantidade": 3, "nome": "RB"}, {"quantidade": 10, "nome": "FC"}, {"quantidade": 2, "nome": "CA"}, {"quantidade": 1, "nome": "FD"}], "preco": "2.60", "partida_data": "09/09/2015", "variacao": "0.00", "id": 62976, "media": "0.18", "pontos": "0.00", "apelido": "Everton Silva", "posicao": {"abreviacao": "LAT", "id": 2, "nome": "Lateral"}, "partida_clube_visitante": {"mercado": 1, "slug": "avai", "abreviacao": "ava", "id": 314, "nome": "ava\u00ed"}, "partida_clube_casa": {"mercado": 1, "slug": "atletico-mg", "abreviacao": "atl", "id": 282, "nome": "atl\u00e9tico-mg"}}, {"status": "Nulo", "foto": "http://s.glbimg.com/es/sde/f/2015/07/22/3b3a1c733c4d5cd5d0e205a5611f41b9_FORMATO.jpeg", "clube": {"mercado": 1, "slug": "atletico-pr", "abreviacao": "atl", "id": 293, "nome": "atl\u00e9tico-pr"}, "status_id": 6, "jogos": 4, "scout": [{"quantidade": 4, "nome": "SG"}, {"quantidade": 2, "nome": "FS"}, {"quantidade": 5, "nome": "PE"}, {"quantidade": 1, "nome": "I"}, {"quantidade": 3, "nome": "RB"}, {"quantidade": 3, "nome": "FC"}, {"quantidade": 1, "nome": "CA"}, {"quantidade": 1, "nome": "FF"}], "preco": "2.60", "partida_data": "09/09/2015", "variacao": "0.23", "id": 68907, "media": "5.33", "pontos": "5.40", "apelido": "Wellington", "posicao": {"abreviacao": "ZAG", "id": 3, "nome": "Zagueiro"}, "partida_clube_visitante": {"mercado": 1, "slug": "atletico-pr", "abreviacao": "atl", "id": 293, "nome": "atl\u00e9tico-pr"}, "partida_clube_casa": {"mercado": 1, "slug": "figueirense", "abreviacao": "fig", "id": 316, "nome": "figueirense"}}, {"status": "Contundido", "foto": "http://s.glbimg.com/es/sde/f/2012/01/10/527014933357907e1231bc3e79c3ba57_FORMATO.jpeg", "clube": {"mercado": 1, "slug": "sao-paulo", "abreviacao": "sao", "id": 276, "nome": "s\u00e3o paulo"}, "status_id": 5, "jogos": 3, "scout": [{"quantidade": 1, "nome": "SG"}, {"quantidade": 2, "nome": "FS"}, {"quantidade": 3, "nome": "PE"}, {"quantidade": 1, "nome": "FC"}, {"quantidade": 1, "nome": "CA"}], "preco": "2.54", "partida_data": "09/09/2015", "variacao": "0.00", "id": 50408, "media": "0.87", "pontos": "0.00", "apelido": "Breno", "posicao": {"abreviacao": "ZAG", "id": 3, "nome": "Zagueiro"}, "partida_clube_visitante": {"mercado": 1, "slug": "sao-paulo", "abreviacao": "sao", "id": 276, "nome": "s\u00e3o paulo"}, "partida_clube_casa": {"mercado": 1, "slug": "santos", "abreviacao": "san", "id": 277, "nome": "santos"}}, {"status": "Nulo", "foto": "http://s.glbimg.com/es/sde/f/2015/07/22/9f1c244467159b0ec8d2fcf68d872b1b_FORMATO.jpeg", "clube": {"mercado": 1, "slug": "gremio", "abreviacao": "gre", "id": 284, "nome": "gr\u00eamio"}, "status_id": 6, "jogos": 5, "scout": [{"quantidade": 1, "nome": "SG"}, {"quantidade": 4, "nome": "FS"}, {"quantidade": 13, "nome": "PE"}, {"quantidade": 4, "nome": "RB"}, {"quantidade": 6, "nome": "FC"}, {"quantidade": 1, "nome": "CA"}, {"quantidade": 1, "nome": "FD"}], "preco": "2.48", "partida_data": "09/09/2015", "variacao": "0.00", "id": 82639, "media": "1.18", "pontos": "0.00", "apelido": "Marcelo Hermes", "posicao": {"abreviacao": "LAT", "id": 2, "nome": "Lateral"}, "partida_clube_visitante": {"mercado": 1, "slug": "gremio", "abreviacao": "gre", "id": 284, "nome": "gr\u00eamio"}, "partida_clube_casa": {"mercado": 1, "slug": "corinthians", "abreviacao": "cor", "id": 264, "nome": "corinthians"}}, {"status": "Nulo", "foto": "http://s.glbimg.com/es/sde/f/2015/07/22/3db764fe3f61b078a790245fad6a1ae0_FORMATO.jpeg", "clube": {"mercado": 1, "slug": "chapecoense", "abreviacao": "cha", "id": 315, "nome": "chapecoense"}, "status_id": 6, "jogos": 1, "scout": [{"quantidade": 3, "nome": "FS"}, {"quantidade": 3, "nome": "PE"}, {"quantidade": 2, "nome": "RB"}, {"quantidade": 4, "nome": "FC"}, {"quantidade": 1, "nome": "CA"}], "preco": "2.47", "partida_data": "10/09/2015", "variacao": "0.00", "id": 71885, "media": "0.00", "pontos": "0.00", "apelido": "Tiago Costa", "posicao": {"abreviacao": "LAT", "id": 2, "nome": "Lateral"}, "partida_clube_visitante": {"mercado": 1, "slug": "chapecoense", "abreviacao": "cha", "id": 315, "nome": "chapecoense"}, "partida_clube_casa": {"mercado": 1, "slug": "joinville", "abreviacao": "jec", "id": 317, "nome": "joinville"}}, {"status": "Nulo", "foto": "http://s.glbimg.com/es/sde/f/2015/07/22/8bb3a14b5b148d6b95b63c4e70b6e9cf_FORMATO.jpeg", "clube": {"mercado": 1, "slug": "atletico-mg", "abreviacao": "atl", "id": 282, "nome": "atl\u00e9tico-mg"}, "status_id": 6, "jogos": 8, "scout": [{"quantidade": 4, "nome": "FS"}, {"quantidade": 19, "nome": "PE"}, {"quantidade": 2, "nome": "I"}, {"quantidade": 7, "nome": "RB"}, {"quantidade": 6, "nome": "FC"}, {"quantidade": 2, "nome": "CA"}, {"quantidade": 1, "nome": "FF"}], "preco": "2.45", "partida_data": "09/09/2015", "variacao": "-0.36", "id": 72871, "media": "0.11", "pontos": "-4.50", "apelido": "C\u00e1rdenas", "posicao": {"abreviacao": "MEI", "id": 4, "nome": "Meia"}, "partida_clube_visitante": {"mercado": 1, "slug": "avai", "abreviacao": "ava", "id": 314, "nome": "ava\u00ed"}, "partida_clube_casa": {"mercado": 1, "slug": "atletico-mg", "abreviacao": "atl", "id": 282, "nome": "atl\u00e9tico-mg"}}, {"status": "Prov\u00e1vel", "foto": "http://s.glbimg.com/es/sde/f/2014/03/13/42ffb41a84e7b8bef1811c67e8444ac9_FORMATO.jpeg", "clube": {"mercado": 1, "slug": "internacional", "abreviacao": "int", "id": 285, "nome": "internacional"}, "status_id": 7, "jogos": 4, "scout": [{"quantidade": 2, "nome": "SG"}, {"quantidade": 1, "nome": "FS"}, {"quantidade": 11, "nome": "PE"}, {"quantidade": 1, "nome": "I"}, {"quantidade": 4, "nome": "RB"}, {"quantidade": 5, "nome": "FC"}, {"quantidade": 1, "nome": "CA"}], "preco": "2.44", "partida_data": "09/09/2015", "variacao": "-0.88", "id": 85591, "media": "2.25", "pontos": "-0.60", "apelido": "Artur", "posicao": {"abreviacao": "LAT", "id": 2, "nome": "Lateral"}, "partida_clube_visitante": {"mercado": 1, "slug": "palmeiras", "abreviacao": "pal", "id": 275, "nome": "palmeiras"}, "partida_clube_casa": {"mercado": 1, "slug": "internacional", "abreviacao": "int", "id": 285, "nome": "internacional"}}, {"status": "Nulo", "foto": "http://s.glbimg.com/es/sde/f/2015/03/04/65599e78159d7ce59ae3ee7ff6095475_FORMATO.png", "clube": {"mercado": 1, "slug": "atletico-pr", "abreviacao": "atl", "id": 293, "nome": "atl\u00e9tico-pr"}, "status_id": 6, "jogos": 7, "scout": [{"quantidade": 6, "nome": "FS"}, {"quantidade": 11, "nome": "PE"}, {"quantidade": 1, "nome": "A"}, {"quantidade": 4, "nome": "I"}, {"quantidade": 2, "nome": "RB"}, {"quantidade": 7, "nome": "FC"}, {"quantidade": 1, "nome": "CA"}, {"quantidade": 1, "nome": "FF"}, {"quantidade": 2, "nome": "FD"}], "preco": "2.44", "partida_data": "09/09/2015", "variacao": "-0.19", "id": 90406, "media": "0.47", "pontos": "0.20", "apelido": "Crysan", "posicao": {"abreviacao": "ATA", "id": 5, "nome": "Atacante"}, "partida_clube_visitante": {"mercado": 1, "slug": "atletico-pr", "abreviacao": "atl", "id": 293, "nome": "atl\u00e9tico-pr"}, "partida_clube_casa": {"mercado": 1, "slug": "figueirense", "abreviacao": "fig", "id": 316, "nome": "figueirense"}}, {"status": "Prov\u00e1vel", "foto": "http://s.glbimg.com/es/sde/f/2013/07/12/04f5dd8b2ccc5df6e2bd0f5c19c41d09_FORMATO.jpeg", "clube": {"mercado": 1, "slug": "figueirense", "abreviacao": "fig", "id": 316, "nome": "figueirense"}, "status_id": 7, "jogos": 9, "scout": [{"quantidade": 5, "nome": "FS"}, {"quantidade": 33, "nome": "PE"}, {"quantidade": 17, "nome": "RB"}, {"quantidade": 22, "nome": "FC"}, {"quantidade": 1, "nome": "CA"}, {"quantidade": 2, "nome": "FF"}], "preco": "2.43", "partida_data": "09/09/2015", "variacao": "0.21", "id": 84887, "media": "1.10", "pontos": "-1.30", "apelido": "Dener", "posicao": {"abreviacao": "MEI", "id": 4, "nome": "Meia"}, "partida_clube_visitante": {"mercado": 1, "slug": "atletico-pr", "abreviacao": "atl", "id": 293, "nome": "atl\u00e9tico-pr"}, "partida_clube_casa": {"mercado": 1, "slug": "figueirense", "abreviacao": "fig", "id": 316, "nome": "figueirense"}}, {"status": "Contundido", "foto": "http://s.glbimg.com/es/sde/f/2015/07/22/3329f2421da514131cfe07e7cc6a3441_FORMATO.jpeg", "clube": {"mercado": 1, "slug": "avai", "abreviacao": "ava", "id": 314, "nome": "ava\u00ed"}, "status_id": 5, "jogos": 5, "scout": [{"quantidade": 3, "nome": "FS"}, {"quantidade": 8, "nome": "PE"}, {"quantidade": 1, "nome": "A"}, {"quantidade": 1, "nome": "I"}, {"quantidade": 1, "nome": "RB"}, {"quantidade": 6, "nome": "FC"}, {"quantidade": 2, "nome": "CA"}, {"quantidade": 3, "nome": "FD"}], "preco": "2.42", "partida_data": "09/09/2015", "variacao": "0.00", "id": 81772, "media": "0.26", "pontos": "0.00", "apelido": "Tau\u00e3", "posicao": {"abreviacao": "ATA", "id": 5, "nome": "Atacante"}, "partida_clube_visitante": {"mercado": 1, "slug": "avai", "abreviacao": "ava", "id": 314, "nome": "ava\u00ed"}, "partida_clube_casa": {"mercado": 1, "slug": "atletico-mg", "abreviacao": "atl", "id": 282, "nome": "atl\u00e9tico-mg"}}, {"status": "Prov\u00e1vel", "foto": "http://s.glbimg.com/es/sde/f/2015/08/21/aebe0fd566f272f3cc97a24247e9bff2_FORMATO.jpeg", "clube": {"mercado": 1, "slug": "atletico-pr", "abreviacao": "atl", "id": 293, "nome": "atl\u00e9tico-pr"}, "status_id": 7, "jogos": 4, "scout": [{"quantidade": 5, "nome": "FS"}, {"quantidade": 9, "nome": "PE"}, {"quantidade": 1, "nome": "G"}, {"quantidade": 2, "nome": "I"}, {"quantidade": 1, "nome": "RB"}, {"quantidade": 3, "nome": "FC"}, {"quantidade": 1, "nome": "CA"}, {"quantidade": 3, "nome": "FF"}, {"quantidade": 3, "nome": "FD"}], "preco": "2.42", "partida_data": "09/09/2015", "variacao": "-0.74", "id": 86842, "media": "2.52", "pontos": "-2.20", "apelido": "Ewandro", "posicao": {"abreviacao": "ATA", "id": 5, "nome": "Atacante"}, "partida_clube_visitante": {"mercado": 1, "slug": "atletico-pr", "abreviacao": "atl", "id": 293, "nome": "atl\u00e9tico-pr"}, "partida_clube_casa": {"mercado": 1, "slug": "figueirense", "abreviacao": "fig", "id": 316, "nome": "figueirense"}}, {"status": "Prov\u00e1vel", "foto": "http://s.glbimg.com/es/sde/f/2015/07/22/55c31f663fb24d5ad503d451800658ff_FORMATO.jpeg", "clube": {"mercado": 1, "slug": "avai", "abreviacao": "ava", "id": 314, "nome": "ava\u00ed"}, "status_id": 7, "jogos": 15, "scout": [{"quantidade": 3, "nome": "SG"}, {"quantidade": 11, "nome": "FS"}, {"quantidade": 39, "nome": "PE"}, {"quantidade": 1, "nome": "A"}, {"quantidade": 15, "nome": "RB"}, {"quantidade": 13, "nome": "FC"}, {"quantidade": 1, "nome": "GC"}, {"quantidade": 4, "nome": "CA"}, {"quantidade": 1, "nome": "CV"}, {"quantidade": 4, "nome": "FF"}, {"quantidade": 2, "nome": "FD"}], "preco": "2.38", "partida_data": "09/09/2015", "variacao": "0.78", "id": 79702, "media": "1.25", "pontos": "1.50", "apelido": "Antonio Carlos ", "posicao": {"abreviacao": "ZAG", "id": 3, "nome": "Zagueiro"}, "partida_clube_visitante": {"mercado": 1, "slug": "avai", "abreviacao": "ava", "id": 314, "nome": "ava\u00ed"}, "partida_clube_casa": {"mercado": 1, "slug": "atletico-mg", "abreviacao": "atl", "id": 282, "nome": "atl\u00e9tico-mg"}}, {"status": "Nulo", "foto": "http://s.glbimg.com/es/sde/f/2010/11/12/e3ba09721616aef6e872a3b9fc3fa30b_FORMATO.jpeg", "clube": {"mercado": 1, "slug": "santos", "abreviacao": "san", "id": 277, "nome": "santos"}, "status_id": 6, "jogos": 6, "scout": [{"quantidade": 2, "nome": "FS"}, {"quantidade": 10, "nome": "PE"}, {"quantidade": 1, "nome": "G"}, {"quantidade": 3, "nome": "RB"}, {"quantidade": 2, "nome": "FC"}, {"quantidade": 1, "nome": "FF"}, {"quantidade": 1, "nome": "FD"}], "preco": "2.38", "partida_data": "09/09/2015", "variacao": "0.00", "id": 70018, "media": "1.97", "pontos": "0.00", "apelido": "Nilson", "posicao": {"abreviacao": "ATA", "id": 5, "nome": "Atacante"}, "partida_clube_visitante": {"mercado": 1, "slug": "sao-paulo", "abreviacao": "sao", "id": 276, "nome": "s\u00e3o paulo"}, "partida_clube_casa": {"mercado": 1, "slug": "santos", "abreviacao": "san", "id": 277, "nome": "santos"}}, {"status": "Nulo", "foto": "http://s.glbimg.com/es/sde/f/2013/08/27/db481323c390baee4113e883ea86a874_FORMATO.jpeg", "clube": {"mercado": 1, "slug": "goias", "abreviacao": "goi", "id": 290, "nome": "goi\u00e1s"}, "status_id": 6, "jogos": 1, "scout": [], "preco": "2.37", "partida_data": "10/09/2015", "variacao": "0.00", "id": 84997, "media": "0.00", "pontos": "0.00", "apelido": "Paulo", "posicao": {"abreviacao": "ATA", "id": 5, "nome": "Atacante"}, "partida_clube_visitante": {"mercado": 1, "slug": "sport", "abreviacao": "spo", "id": 292, "nome": "sport"}, "partida_clube_casa": {"mercado": 1, "slug": "goias", "abreviacao": "goi", "id": 290, "nome": "goi\u00e1s"}}]}