{"rodada_id": 21, "page": {"atual": "3", "total": "42"}, "atleta": [{"status": "D\u00favida", "foto": "http://s.glbimg.com/es/sde/f/2015/01/11/01da4b0a95552b04135e7959acb9bb3f_FORMATO.jpeg", "clube": {"mercado": 1, "slug": "cruzeiro", "abreviacao": "cru", "id": 283, "nome": "cruzeiro"}, "status_id": 2, "jogos": 12, "scout": [{"quantidade": 16, "nome": "FS"}, {"quantidade": 33, "nome": "PE"}, {"quantidade": 1, "nome": "A"}, {"quantidade": 2, "nome": "G"}, {"quantidade": 1, "nome": "I"}, {"quantidade": 6, "nome": "RB"}, {"quantidade": 2, "nome": "FC"}, {"quantidade": 6, "nome": "FF"}, {"quantidade": 4, "nome": "FD"}], "preco": "15.53", "partida_data": "30/08/2015", "variacao": "-0.19", "id": 87863, "media": "3.00", "pontos": "0.20", "apelido": "Arrascaeta", "posicao": {"abreviacao": "MEI", "id": 4, "nome": "Meia"}, "partida_clube_visitante": {"mercado": 1, "slug": "santos", "abreviacao": "san", "id": 277, "nome": "santos"}, "partida_clube_casa": {"mercado": 1, "slug": "cruzeiro", "abreviacao": "cru", "id": 283, "nome": "cruzeiro"}}, {"status": "Suspenso", "foto": "http://s.glbimg.com/es/sde/f/2015/01/15/b6638a6437c396b5b2bdd03017093973_FORMATO.jpeg", "clube": {"mercado": 1, "slug": "flamengo", "abreviacao": "fla", "id": 262, "nome": "flamengo"}, "status_id": 3, "jogos": 18, "scout": [{"quantidade": 4, "nome": "SG"}, {"quantidade": 23, "nome": "FS"}, {"quantidade": 55, "nome": "PE"}, {"quantidade": 1, "nome": "FT"}, {"quantidade": 1, "nome": "G"}, {"quantidade": 37, "nome": "RB"}, {"quantidade": 20, "nome": "FC"}, {"quantidade": 3, "nome": "CA"}, {"quantidade": 6, "nome": "FF"}, {"quantidade": 4, "nome": "FD"}], "preco": "15.29", "partida_data": "30/08/2015", "variacao": "-1.13", "id": 68958, "media": "4.54", "pontos": "3.50", "apelido": "Wallace", "posicao": {"abreviacao": "ZAG", "id": 3, "nome": "Zagueiro"}, "partida_clube_visitante": {"mercado": 1, "slug": "flamengo", "abreviacao": "fla", "id": 262, "nome": "flamengo"}, "partida_clube_casa": {"mercado": 1, "slug": "sport", "abreviacao": "spo", "id": 292, "nome": "sport"}}, {"status": "Prov\u00e1vel", "foto": "http://s.glbimg.com/es/sde/f/2015/07/17/371d0ff2365a1dd7732d0c880dce77a5_FORMATO.jpeg", "clube": {"mercado": 1, "slug": "palmeiras", "abreviacao": "pal", "id": 275, "nome": "palmeiras"}, "status_id": 7, "jogos": 18, "scout": [{"quantidade": 37, "nome": "FS"}, {"quantidade": 73, "nome": "PE"}, {"quantidade": 5, "nome": "A"}, {"quantidade": 4, "nome": "G"}, {"quantidade": 12, "nome": "I"}, {"quantidade": 23, "nome": "RB"}, {"quantidade": 12, "nome": "FC"}, {"quantidade": 2, "nome": "CA"}, {"quantidade": 8, "nome": "FF"}, {"quantidade": 9, "nome": "FD"}], "preco": "15.27", "partida_data": "30/08/2015", "variacao": "-2.41", "id": 68920, "media": "5.07", "pontos": "0.50", "apelido": "Dudu", "posicao": {"abreviacao": "ATA", "id": 5, "nome": "Atacante"}, "partida_clube_visitante": {"mercado": 1, "slug": "joinville", "abreviacao": "jec", "id": 317, "nome": "joinville"}, "partida_clube_casa": {"mercado": 1, "slug": "palmeiras", "abreviacao": "pal", "id": 275, "nome": "palmeiras"}}, {"status": "Prov\u00e1vel", "foto": "http://s.glbimg.com/es/sde/f/2014/04/25/b242f518d23fd421cb59b6e4bec8eddd_FORMATO.jpeg", "clube": {"mercado": 1, "slug": "atletico-mg", "abreviacao": "atl", "id": 282, "nome": "atl\u00e9tico-mg"}, "status_id": 7, "jogos": 18, "scout": [], "preco": "15.13", "partida_data": "30/08/2015", "variacao": "0.33", "id": 40025, "media": "4.01", "pontos": "3.12", "apelido": "Levir Culpi", "posicao": {"abreviacao": "TEC", "id": 6, "nome": "T\u00e9cnico"}, "partida_clube_visitante": {"mercado": 1, "slug": "atletico-mg", "abreviacao": "atl", "id": 282, "nome": "atl\u00e9tico-mg"}, "partida_clube_casa": {"mercado": 1, "slug": "fluminense", "abreviacao": "flu", "id": 266, "nome": "fluminense"}}, {"status": "Nulo", "foto": "http://s.glbimg.com/es/sde/f/2015/02/10/845ba1bbd2da053140f09308fa588c9f_FORMATO.jpeg", "clube": {"mercado": 1, "slug": "cruzeiro", "abreviacao": "cru", "id": 283, "nome": "cruzeiro"}, "status_id": 6, "jogos": 13, "scout": [{"quantidade": 34, "nome": "FS"}, {"quantidade": 32, "nome": "PE"}, {"quantidade": 38, "nome": "RB"}, {"quantidade": 30, "nome": "FC"}, {"quantidade": 7, "nome": "CA"}, {"quantidade": 1, "nome": "CV"}, {"quantidade": 2, "nome": "FF"}], "preco": "15.03", "partida_data": "30/08/2015", "variacao": "0.00", "id": 54424, "media": "3.03", "pontos": "0.00", "apelido": "Willians", "posicao": {"abreviacao": "MEI", "id": 4, "nome": "Meia"}, "partida_clube_visitante": {"mercado": 1, "slug": "santos", "abreviacao": "san", "id": 277, "nome": "santos"}, "partida_clube_casa": {"mercado": 1, "slug": "cruzeiro", "abreviacao": "cru", "id": 283, "nome": "cruzeiro"}}, {"status": "Prov\u00e1vel", "foto": "http://s.glbimg.com/es/sde/f/2014/12/26/816ccbfa7b740065274c797f19f131f4_FORMATO.jpeg", "clube": {"mercado": 1, "slug": "palmeiras", "abreviacao": "pal", "id": 275, "nome": "palmeiras"}, "status_id": 7, "jogos": 18, "scout": [{"quantidade": 7, "nome": "SG"}, {"quantidade": 21, "nome": "FS"}, {"quantidade": 92, "nome": "PE"}, {"quantidade": 4, "nome": "A"}, {"quantidade": 1, "nome": "G"}, {"quantidade": 1, "nome": "I"}, {"quantidade": 41, "nome": "RB"}, {"quantidade": 19, "nome": "FC"}, {"quantidade": 6, "nome": "CA"}, {"quantidade": 7, "nome": "FF"}, {"quantidade": 5, "nome": "FD"}], "preco": "14.87", "partida_data": "30/08/2015", "variacao": "0.31", "id": 42145, "media": "5.76", "pontos": "1.80", "apelido": "Eg\u00eddio", "posicao": {"abreviacao": "LAT", "id": 2, "nome": "Lateral"}, "partida_clube_visitante": {"mercado": 1, "slug": "joinville", "abreviacao": "jec", "id": 317, "nome": "joinville"}, "partida_clube_casa": {"mercado": 1, "slug": "palmeiras", "abreviacao": "pal", "id": 275, "nome": "palmeiras"}}, {"status": "Prov\u00e1vel", "foto": "http://s.glbimg.com/es/sde/f/2010/11/18/b3e6172d45114c685fbf0891c15bc041_FORMATO.jpeg", "clube": {"mercado": 1, "slug": "vasco", "abreviacao": "vas", "id": 267, "nome": "vasco"}, "status_id": 7, "jogos": 17, "scout": [{"quantidade": 18, "nome": "FS"}, {"quantidade": 22, "nome": "PE"}, {"quantidade": 45, "nome": "RB"}, {"quantidade": 35, "nome": "FC"}, {"quantidade": 6, "nome": "CA"}, {"quantidade": 1, "nome": "CV"}, {"quantidade": 3, "nome": "FF"}], "preco": "14.87", "partida_data": "29/08/2015", "variacao": "0.94", "id": 50533, "media": "2.75", "pontos": "2.60", "apelido": "Gui\u00f1azu", "posicao": {"abreviacao": "MEI", "id": 4, "nome": "Meia"}, "partida_clube_visitante": {"mercado": 1, "slug": "figueirense", "abreviacao": "fig", "id": 316, "nome": "figueirense"}, "partida_clube_casa": {"mercado": 1, "slug": "vasco", "abreviacao": "vas", "id": 267, "nome": "vasco"}}, {"status": "Prov\u00e1vel", "foto": "http://s.glbimg.com/es/sde/f/2015/03/23/651aa4b2e78db19ac0a073898ddb98b6_FORMATO.jpeg", "clube": {"mercado": 1, "slug": "goias", "abreviacao": "goi", "id": 290, "nome": "goi\u00e1s"}, "status_id": 7, "jogos": 9, "scout": [{"quantidade": 7, "nome": "FS"}, {"quantidade": 16, "nome": "PE"}, {"quantidade": 1, "nome": "A"}, {"quantidade": 1, "nome": "FT"}, {"quantidade": 5, "nome": "G"}, {"quantidade": 3, "nome": "I"}, {"quantidade": 9, "nome": "RB"}, {"quantidade": 5, "nome": "FC"}, {"quantidade": 2, "nome": "CA"}, {"quantidade": 2, "nome": "FF"}, {"quantidade": 3, "nome": "FD"}], "preco": "14.83", "partida_data": "30/08/2015", "variacao": "-0.10", "id": 84848, "media": "6.55", "pontos": "19.40", "apelido": "Erik", "posicao": {"abreviacao": "ATA", "id": 5, "nome": "Atacante"}, "partida_clube_visitante": {"mercado": 1, "slug": "goias", "abreviacao": "goi", "id": 290, "nome": "goi\u00e1s"}, "partida_clube_casa": {"mercado": 1, "slug": "atletico-pr", "abreviacao": "atl", "id": 293, "nome": "atl\u00e9tico-pr"}}, {"status": "Nulo", "foto": "http://s.glbimg.com/es/sde/f/2015/01/15/019bbc188c2e2411511da2836f6e7674_FORMATO.png", "clube": {"mercado": 1, "slug": "cruzeiro", "abreviacao": "cru", "id": 283, "nome": "cruzeiro"}, "status_id": 6, "jogos": 14, "scout": [{"quantidade": 21, "nome": "FS"}, {"quantidade": 36, "nome": "PE"}, {"quantidade": 1, "nome": "A"}, {"quantidade": 7, "nome": "I"}, {"quantidade": 22, "nome": "RB"}, {"quantidade": 16, "nome": "FC"}, {"quantidade": 4, "nome": "CA"}, {"quantidade": 13, "nome": "FF"}, {"quantidade": 8, "nome": "FD"}], "preco": "14.79", "partida_data": "30/08/2015", "variacao": "0.22", "id": 42116, "media": "2.84", "pontos": "-0.30", "apelido": "Willian", "posicao": {"abreviacao": "ATA", "id": 5, "nome": "Atacante"}, "partida_clube_visitante": {"mercado": 1, "slug": "santos", "abreviacao": "san", "id": 277, "nome": "santos"}, "partida_clube_casa": {"mercado": 1, "slug": "cruzeiro", "abreviacao": "cru", "id": 283, "nome": "cruzeiro"}}, {"status": "Contundido", "foto": "http://s.glbimg.com/es/sde/f/2015/05/01/67504eda1a5f8728a743715d11e9bf88_FORMATO.jpeg", "clube": {"mercado": 1, "slug": "sao-paulo", "abreviacao": "sao", "id": 276, "nome": "s\u00e3o paulo"}, "status_id": 5, "jogos": 13, "scout": [{"quantidade": 16, "nome": "FS"}, {"quantidade": 19, "nome": "PE"}, {"quantidade": 1, "nome": "A"}, {"quantidade": 3, "nome": "FT"}, {"quantidade": 3, "nome": "G"}, {"quantidade": 11, "nome": "I"}, {"quantidade": 3, "nome": "RB"}, {"quantidade": 22, "nome": "FC"}, {"quantidade": 5, "nome": "CA"}, {"quantidade": 1, "nome": "CV"}, {"quantidade": 9, "nome": "FF"}, {"quantidade": 5, "nome": "FD"}], "preco": "14.76", "partida_data": "29/08/2015", "variacao": "0.00", "id": 37919, "media": "2.06", "pontos": "0.00", "apelido": "Luis Fabiano", "posicao": {"abreviacao": "ATA", "id": 5, "nome": "Atacante"}, "partida_clube_visitante": {"mercado": 1, "slug": "ponte-preta", "abreviacao": "pon", "id": 303, "nome": "ponte preta"}, "partida_clube_casa": {"mercado": 1, "slug": "sao-paulo", "abreviacao": "sao", "id": 276, "nome": "s\u00e3o paulo"}}, {"status": "Prov\u00e1vel", "foto": "http://s.glbimg.com/es/sde/f/2015/01/15/1d705846e0bc0da2a28a6850e56941d7_FORMATO.jpeg", "clube": {"mercado": 1, "slug": "sao-paulo", "abreviacao": "sao", "id": 276, "nome": "s\u00e3o paulo"}, "status_id": 7, "jogos": 17, "scout": [{"quantidade": 28, "nome": "FS"}, {"quantidade": 48, "nome": "PE"}, {"quantidade": 3, "nome": "A"}, {"quantidade": 1, "nome": "FT"}, {"quantidade": 7, "nome": "G"}, {"quantidade": 10, "nome": "I"}, {"quantidade": 9, "nome": "RB"}, {"quantidade": 8, "nome": "FC"}, {"quantidade": 2, "nome": "CA"}, {"quantidade": 6, "nome": "FF"}, {"quantidade": 8, "nome": "FD"}], "preco": "14.63", "partida_data": "29/08/2015", "variacao": "-0.56", "id": 49675, "media": "5.21", "pontos": "1.80", "apelido": "Alexandre Pato", "posicao": {"abreviacao": "ATA", "id": 5, "nome": "Atacante"}, "partida_clube_visitante": {"mercado": 1, "slug": "ponte-preta", "abreviacao": "pon", "id": 303, "nome": "ponte preta"}, "partida_clube_casa": {"mercado": 1, "slug": "sao-paulo", "abreviacao": "sao", "id": 276, "nome": "s\u00e3o paulo"}}, {"status": "Prov\u00e1vel", "foto": "http://s.glbimg.com/es/sde/f/2012/08/23/047598f70a31b0d68a5ad537b072e83d_FORMATO.jpeg", "clube": {"mercado": 1, "slug": "vasco", "abreviacao": "vas", "id": 267, "nome": "vasco"}, "status_id": 7, "jogos": 8, "scout": [{"quantidade": 2, "nome": "SG"}, {"quantidade": 10, "nome": "FS"}, {"quantidade": 32, "nome": "PE"}, {"quantidade": 11, "nome": "RB"}, {"quantidade": 11, "nome": "FC"}, {"quantidade": 3, "nome": "CA"}, {"quantidade": 2, "nome": "FF"}, {"quantidade": 1, "nome": "FD"}], "preco": "14.58", "partida_data": "29/08/2015", "variacao": "0.00", "id": 80692, "media": "1.87", "pontos": "0.00", "apelido": "Luan", "posicao": {"abreviacao": "ZAG", "id": 3, "nome": "Zagueiro"}, "partida_clube_visitante": {"mercado": 1, "slug": "figueirense", "abreviacao": "fig", "id": 316, "nome": "figueirense"}, "partida_clube_casa": {"mercado": 1, "slug": "vasco", "abreviacao": "vas", "id": 267, "nome": "vasco"}}, {"status": "Contundido", "foto": "http://s.glbimg.com/es/sde/f/2015/07/22/5776f844811c61088b33383c3d1eed2b_FORMATO.jpeg", "clube": {"mercado": 1, "slug": "goias", "abreviacao": "goi", "id": 290, "nome": "goi\u00e1s"}, "status_id": 5, "jogos": 18, "scout": [{"quantidade": 24, "nome": "FS"}, {"quantidade": 88, "nome": "PE"}, {"quantidade": 4, "nome": "A"}, {"quantidade": 5, "nome": "G"}, {"quantidade": 2, "nome": "I"}, {"quantidade": 14, "nome": "RB"}, {"quantidade": 7, "nome": "FC"}, {"quantidade": 2, "nome": "CA"}, {"quantidade": 1, "nome": "PP"}, {"quantidade": 8, "nome": "FF"}, {"quantidade": 16, "nome": "FD"}], "preco": "14.48", "partida_data": "30/08/2015", "variacao": "0.00", "id": 50295, "media": "4.39", "pontos": "0.00", "apelido": "Felipe Menezes", "posicao": {"abreviacao": "MEI", "id": 4, "nome": "Meia"}, "partida_clube_visitante": {"mercado": 1, "slug": "goias", "abreviacao": "goi", "id": 290, "nome": "goi\u00e1s"}, "partida_clube_casa": {"mercado": 1, "slug": "atletico-pr", "abreviacao": "atl", "id": 293, "nome": "atl\u00e9tico-pr"}}, {"status": "Prov\u00e1vel", "foto": "http://s.glbimg.com/es/sde/f/2015/04/30/684e9871264f8f0e79933c6939dd1a03_FORMATO.jpeg", "clube": {"mercado": 1, "slug": "internacional", "abreviacao": "int", "id": 285, "nome": "internacional"}, "status_id": 7, "jogos": 16, "scout": [{"quantidade": 16, "nome": "FS"}, {"quantidade": 50, "nome": "PE"}, {"quantidade": 1, "nome": "A"}, {"quantidade": 4, "nome": "G"}, {"quantidade": 1, "nome": "I"}, {"quantidade": 14, "nome": "RB"}, {"quantidade": 10, "nome": "FC"}, {"quantidade": 2, "nome": "CA"}, {"quantidade": 14, "nome": "FF"}, {"quantidade": 4, "nome": "FD"}], "preco": "14.45", "partida_data": "30/08/2015", "variacao": "0.00", "id": 78435, "media": "3.64", "pontos": "1.10", "apelido": "Vitinho", "posicao": {"abreviacao": "ATA", "id": 5, "nome": "Atacante"}, "partida_clube_visitante": {"mercado": 1, "slug": "internacional", "abreviacao": "int", "id": 285, "nome": "internacional"}, "partida_clube_casa": {"mercado": 1, "slug": "avai", "abreviacao": "ava", "id": 314, "nome": "ava\u00ed"}}, {"status": "Prov\u00e1vel", "foto": "http://s.glbimg.com/es/sde/f/2010/11/18/1bd21a428532b4f8d7260bb2dc873e93_FORMATO.jpeg", "clube": {"mercado": 1, "slug": "gremio", "abreviacao": "gre", "id": 284, "nome": "gr\u00eamio"}, "status_id": 7, "jogos": 19, "scout": [{"quantidade": 12, "nome": "FS"}, {"quantidade": 62, "nome": "PE"}, {"quantidade": 6, "nome": "A"}, {"quantidade": 4, "nome": "G"}, {"quantidade": 1, "nome": "I"}, {"quantidade": 16, "nome": "RB"}, {"quantidade": 16, "nome": "FC"}, {"quantidade": 7, "nome": "FF"}, {"quantidade": 5, "nome": "FD"}], "preco": "14.32", "partida_data": "30/08/2015", "variacao": "-0.33", "id": 51548, "media": "4.12", "pontos": "-0.90", "apelido": "Giuliano", "posicao": {"abreviacao": "MEI", "id": 4, "nome": "Meia"}, "partida_clube_visitante": {"mercado": 1, "slug": "coritiba", "abreviacao": "cor", "id": 294, "nome": "coritiba"}, "partida_clube_casa": {"mercado": 1, "slug": "gremio", "abreviacao": "gre", "id": 284, "nome": "gr\u00eamio"}}, {"status": "Contundido", "foto": "http://s.glbimg.com/es/sde/f/2015/01/08/377e71ac6d5204647e71ae143e5d7b6b_FORMATO.jpeg", "clube": {"mercado": 1, "slug": "fluminense", "abreviacao": "flu", "id": 266, "nome": "fluminense"}, "status_id": 5, "jogos": 12, "scout": [{"quantidade": 5, "nome": "SG"}, {"quantidade": 7, "nome": "FS"}, {"quantidade": 36, "nome": "PE"}, {"quantidade": 1, "nome": "I"}, {"quantidade": 17, "nome": "RB"}, {"quantidade": 11, "nome": "FC"}, {"quantidade": 1, "nome": "CV"}, {"quantidade": 3, "nome": "FF"}, {"quantidade": 2, "nome": "FD"}], "preco": "14.15", "partida_data": "30/08/2015", "variacao": "0.00", "id": 72097, "media": "3.31", "pontos": "0.00", "apelido": "Giovanni", "posicao": {"abreviacao": "LAT", "id": 2, "nome": "Lateral"}, "partida_clube_visitante": {"mercado": 1, "slug": "atletico-mg", "abreviacao": "atl", "id": 282, "nome": "atl\u00e9tico-mg"}, "partida_clube_casa": {"mercado": 1, "slug": "fluminense", "abreviacao": "flu", "id": 266, "nome": "fluminense"}}, {"status": "Prov\u00e1vel", "foto": "http://s.glbimg.com/es/sde/f/2014/06/11/05620013b2996a6fefd6e5e46f2749f6_FORMATO.jpeg", "clube": {"mercado": 1, "slug": "atletico-mg", "abreviacao": "atl", "id": 282, "nome": "atl\u00e9tico-mg"}, "status_id": 7, "jogos": 18, "scout": [{"quantidade": 7, "nome": "SG"}, {"quantidade": 2, "nome": "FS"}, {"quantidade": 17, "nome": "PE"}, {"quantidade": 1, "nome": "CA"}, {"quantidade": 18, "nome": "DD"}, {"quantidade": 16, "nome": "GS"}], "preco": "14.14", "partida_data": "30/08/2015", "variacao": "-0.58", "id": 52950, "media": "2.82", "pontos": "-2.30", "apelido": "Victor", "posicao": {"abreviacao": "GOL", "id": 1, "nome": "Goleiro"}, "partida_clube_visitante": {"mercado": 1, "slug": "atletico-mg", "abreviacao": "atl", "id": 282, "nome": "atl\u00e9tico-mg"}, "partida_clube_casa": {"mercado": 1, "slug": "fluminense", "abreviacao": "flu", "id": 266, "nome": "fluminense"}}, {"status": "D\u00favida", "foto": "http://s.glbimg.com/es/sde/f/2015/03/04/9c6ee759e763f6466b3961ff27672c53_FORMATO.png", "clube": {"mercado": 1, "slug": "atletico-pr", "abreviacao": "atl", "id": 293, "nome": "atl\u00e9tico-pr"}, "status_id": 2, "jogos": 12, "scout": [{"quantidade": 13, "nome": "FS"}, {"quantidade": 18, "nome": "PE"}, {"quantidade": 2, "nome": "A"}, {"quantidade": 3, "nome": "G"}, {"quantidade": 1, "nome": "I"}, {"quantidade": 7, "nome": "RB"}, {"quantidade": 6, "nome": "FC"}, {"quantidade": 1, "nome": "CA"}, {"quantidade": 6, "nome": "FF"}, {"quantidade": 11, "nome": "FD"}], "preco": "14.13", "partida_data": "30/08/2015", "variacao": "-0.31", "id": 83266, "media": "4.71", "pontos": "2.10", "apelido": "Marcos Guilherme ", "posicao": {"abreviacao": "MEI", "id": 4, "nome": "Meia"}, "partida_clube_visitante": {"mercado": 1, "slug": "goias", "abreviacao": "goi", "id": 290, "nome": "goi\u00e1s"}, "partida_clube_casa": {"mercado": 1, "slug": "atletico-pr", "abreviacao": "atl", "id": 293, "nome": "atl\u00e9tico-pr"}}, {"status": "Prov\u00e1vel", "foto": "http://s.glbimg.com/es/sde/f/2010/11/19/fb04069f578db154f9cbea6066140e3d_FORMATO.jpeg", "clube": {"mercado": 1, "slug": "ponte-preta", "abreviacao": "pon", "id": 303, "nome": "ponte preta"}, "status_id": 7, "jogos": 18, "scout": [{"quantidade": 8, "nome": "SG"}, {"quantidade": 24, "nome": "FS"}, {"quantidade": 58, "nome": "PE"}, {"quantidade": 2, "nome": "A"}, {"quantidade": 4, "nome": "I"}, {"quantidade": 23, "nome": "RB"}, {"quantidade": 27, "nome": "FC"}, {"quantidade": 3, "nome": "CA"}, {"quantidade": 4, "nome": "FF"}, {"quantidade": 3, "nome": "FD"}], "preco": "14.10", "partida_data": "29/08/2015", "variacao": "0.06", "id": 52674, "media": "3.77", "pontos": "4.10", "apelido": "Gilson", "posicao": {"abreviacao": "LAT", "id": 2, "nome": "Lateral"}, "partida_clube_visitante": {"mercado": 1, "slug": "ponte-preta", "abreviacao": "pon", "id": 303, "nome": "ponte preta"}, "partida_clube_casa": {"mercado": 1, "slug": "sao-paulo", "abreviacao": "sao", "id": 276, "nome": "s\u00e3o paulo"}}, {"status": "Nulo", "foto": "http://s.glbimg.com/es/sde/f/2014/06/08/763dc2538c2a60b12c1cf2bbe131aec2_FORMATO.jpeg", "clube": {"mercado": 1, "slug": "palmeiras", "abreviacao": "pal", "id": 275, "nome": "palmeiras"}, "status_id": 6, "jogos": 4, "scout": [{"quantidade": 14, "nome": "FS"}, {"quantidade": 23, "nome": "PE"}, {"quantidade": 2, "nome": "I"}, {"quantidade": 5, "nome": "RB"}, {"quantidade": 1, "nome": "FC"}, {"quantidade": 2, "nome": "CA"}, {"quantidade": 3, "nome": "FF"}, {"quantidade": 3, "nome": "FD"}], "preco": "14.07", "partida_data": "30/08/2015", "variacao": "0.00", "id": 38435, "media": "2.05", "pontos": "0.00", "apelido": "Valdivia", "posicao": {"abreviacao": "MEI", "id": 4, "nome": "Meia"}, "partida_clube_visitante": {"mercado": 1, "slug": "joinville", "abreviacao": "jec", "id": 317, "nome": "joinville"}, "partida_clube_casa": {"mercado": 1, "slug": "palmeiras", "abreviacao": "pal", "id": 275, "nome": "palmeiras"}}]}